1-gram,documents,total freq,avg
cancer,2210.0,57111.0,27.8737556561086
tumor,892.0,11842.0,14.958520179372195
cell,859.0,10147.0,13.451688009313155
therapy,705.0,6773.0,10.058156028368794
drug,1541.0,2090.0,3.959766385463984
year,748.0,5430.0,8.012032085561497
child,333.0,4710.0,14.633633633633634
breast,438.0,3685.0,10.61187214611872
high,644.0,3832.0,6.554347826086956
disease,684.0,3957.0,5.998538011695906
chemotherapy,422.0,3449.0,8.92654028436019
radiation,291.0,3126.0,11.835051546391751
gene,363.0,2902.0,9.12121212121212
variant,81.0,2858.0,40.23456790123457
survivor,201.0,2323.0,13.890547263681592
datum,656.0,2563.0,4.253048780487805
blood,386.0,2275.0,7.119170984455959
lymphoma,173.0,1776.0,15.433526011560694
time,624.0,2643.0,4.235576923076923
stage,371.0,2474.0,7.078167115902965
woman,292.0,1620.0,8.763698630136986
surgery,337.0,2258.0,7.397626112759644
syndrome,166.0,2152.0,14.590361445783133
rate,363.0,2099.0,6.647382920110193
pediatric,213.0,2140.0,11.192488262910798
age,335.0,1817.0,7.104477611940299
low,465.0,1753.0,4.763440860215054
test,441.0,2162.0,5.015873015873016
lung,393.0,909.0,5.549618320610687
factor,402.0,1887.0,5.402985074626866
adult,392.0,1823.0,5.50765306122449
analysis,376.0,1748.0,5.542553191489362
prevention,842.0,572.0,2.4501187648456058
mutation,282.0,2052.0,7.276595744680851
tissue,387.0,1388.0,5.294573643410852
diagnosis,428.0,1795.0,4.623831775700935
body,370.0,1654.0,5.27027027027027
symptom,253.0,1939.0,7.664031620553359
small,451.0,1481.0,4.228381374722838
screening,681.0,-487.0,2.709251101321586
thyroid,102.0,1156.0,17.91176470588235
rare,359.0,1300.0,5.022284122562674
carcinoma,153.0,1222.0,11.601307189542483
advanced,373.0,1431.0,4.638069705093834
brain,276.0,1035.0,6.126811594202898
large,498.0,775.0,3.35140562248996
response,419.0,1616.0,3.856801909307876
young,281.0,1263.0,5.690391459074733
oncology,417.0,1361.0,3.8321342925659474
development,456.0,1588.0,3.482456140350877
old,742.0,1575.0,2.1226415094339623
death,308.0,1224.0,4.993506493506493
immune,326.0,1487.0,4.711656441717792
lymph,125.0,981.0,12.104
leukemia,177.0,1152.0,8.519774011299434
protein,361.0,1286.0,4.14404432132964
positive,229.0,771.0,6.462882096069869
long,410.0,1478.0,3.604878048780488
prognosis,639.0,352.0,2.291079812206573
outcome,296.0,1432.0,4.837837837837838
prostate,184.0,1112.0,7.483695652173913
molecular,312.0,1355.0,4.342948717948718
bone,156.0,1218.0,8.666666666666666
colorectal,204.0,1089.0,6.485294117647059
support,427.0,1320.0,3.091334894613583
genomic,210.0,1289.0,6.138095238095239
inhibitor,252.0,971.0,5.103174603174603
testing,265.0,1274.0,4.807547169811321
award,126.0,1266.0,10.047619047619047
incidence,179.0,945.0,7.055865921787709
team,437.0,1252.0,2.864988558352403
immunotherapy,331.0,1110.0,3.7673716012084593
metastatic,254.0,548.0,4.889763779527559
area,388.0,928.0,3.154639175257732
option,337.0,996.0,3.614243323442136
number,433.0,1183.0,2.7321016166281757
model,288.0,1178.0,4.090277777777778
multiple,297.0,1150.0,3.872053872053872
investigator,422.0,1067.0,2.6966824644549763
dose,186.0,979.0,6.080645161290323
clin,53.0,890.0,21.339622641509436
human,391.0,846.0,2.887468030690537
medicine,504.0,936.0,2.2142857142857144
liver,611.0,-327.0,1.7970540098199672
man,171.0,832.0,6.415204678362573
dna,245.0,1081.0,4.412244897959184
fusion,62.0,1079.0,17.403225806451612
metastasis,155.0,623.0,6.95483870967742
phase,252.0,1071.0,4.25
loss,158.0,1063.0,6.727848101265823
grade,124.0,674.0,8.57258064516129
hodgkin,76.0,673.0,13.907894736842104
detection,677.0,-1279.0,1.5553914327917282
participant,277.0,1023.0,3.693140794223827
community,387.0,1018.0,2.6304909560723515
alteration,138.0,1002.0,7.260869565217392
hormone,149.0,399.0,6.704697986577181
sample,295.0,998.0,3.383050847457627
skin,183.0,778.0,5.431693989071039
example,427.0,977.0,2.288056206088993
negative,159.0,420.0,6.10062893081761
potential,460.0,966.0,2.1
median,173.0,381.0,5.456647398843931
activity,360.0,943.0,2.6194444444444445
opportunity,332.0,931.0,2.8042168674698797
quality,291.0,931.0,3.1993127147766325
day,302.0,925.0,3.062913907284768
normal,258.0,922.0,3.5736434108527133
expression,140.0,915.0,6.535714285714286
target,327.0,913.0,2.7920489296636086
adolescent,114.0,572.0,7.964912280701754
growth,293.0,620.0,3.088737201365188
melanoma,164.0,903.0,5.5060975609756095
ovarian,160.0,681.0,5.625
problem,279.0,893.0,3.2007168458781363
great,293.0,737.0,3.0409556313993176
single,262.0,886.0,3.381679389312977
tobacco,112.0,880.0,7.857142857142857
project,260.0,874.0,3.3615384615384616
pathogenic,24.0,473.0,36.41666666666666
genetics,842.0,-3089.0,1.03562945368171
history,218.0,869.0,3.986238532110092
sarcoma,104.0,155.0,8.278846153846153
pain,192.0,860.0,4.479166666666667
benefit,350.0,857.0,2.4485714285714284
impact,301.0,843.0,2.8006644518272426
person,256.0,841.0,3.28515625
experience,277.0,839.0,3.0288808664259927
application,173.0,839.0,4.84971098265896
additional,381.0,822.0,2.15748031496063
form,346.0,607.0,2.3554913294797686
management,172.0,815.0,4.738372093023256
chromosome,75.0,399.0,10.773333333333332
node,92.0,272.0,8.73913043478261
lynch,23.0,513.0,34.04347826086956
malignant,115.0,591.0,6.8
chronic,144.0,663.0,5.423611111111111
neck,120.0,511.0,6.458333333333333
mortality,139.0,453.0,5.539568345323741
cohort,122.0,582.0,6.311475409836065
addition,392.0,769.0,1.961734693877551
overall,302.0,769.0,2.54635761589404
transplant,90.0,-166.0,8.533333333333333
function,193.0,766.0,3.9689119170984455
fat,567.0,-651.0,1.3350970017636683
receptor,151.0,131.0,5.0
difference,243.0,755.0,3.1069958847736627
hpv,102.0,469.0,7.372549019607843
biopsy,157.0,750.0,4.777070063694268
thing,151.0,745.0,4.933774834437086
lymphoblastic,55.0,386.0,13.49090909090909
head,193.0,477.0,3.839378238341969
goal,310.0,733.0,2.3645161290322583
aml,43.0,666.0,16.906976744186046
infection,203.0,724.0,3.5665024630541877
agent,208.0,713.0,3.4278846153846154
stem,114.0,-223.0,6.2368421052631575
neuroendocrine,34.0,54.0,20.88235294117647
significant,188.0,707.0,3.76063829787234
progress,361.0,693.0,1.919667590027701
feature,188.0,687.0,3.654255319148936
procedure,151.0,683.0,4.52317880794702
similar,274.0,682.0,2.489051094890511
pathway,154.0,679.0,4.409090909090909
well,334.0,678.0,2.029940119760479
prognostic,42.0,667.0,15.88095238095238
marrow,78.0,527.0,8.474358974358974
initiative,245.0,433.0,2.693877551020408
challenge,267.0,414.0,2.4681647940074907
point,238.0,659.0,2.76890756302521
new,620.0,658.0,1.0612903225806452
heart,132.0,649.0,4.916666666666667
endocrine,51.0,644.0,12.627450980392156
mechanism,247.0,639.0,2.587044534412956
strategy,291.0,635.0,2.18213058419244
tool,254.0,629.0,2.4763779527559056
hospital,241.0,420.0,2.6016597510373445
pancreatic,131.0,418.0,4.755725190839694
finding,314.0,622.0,1.980891719745223
glioma,55.0,231.0,11.272727272727272
university,293.0,618.0,2.1092150170648463
physical,192.0,618.0,3.21875
imaging,196.0,18.0,3.1377551020408165
advance,317.0,611.0,1.9274447949526812
practice,215.0,611.0,2.841860465116279
subtype,111.0,606.0,5.45945945945946
line,210.0,433.0,2.8666666666666667
cognitive,57.0,397.0,10.543859649122806
exposure,125.0,596.0,4.768
future,361.0,594.0,1.6454293628808865
crc,9.0,592.0,65.77777777777777
status,151.0,419.0,3.913907284768212
adjuvant,86.0,589.0,6.848837209302325
palliative,111.0,582.0,5.243243243243243
placebo,73.0,380.0,7.945205479452055
plan,268.0,492.0,2.16044776119403
initial,245.0,578.0,2.359183673469388
recurrent,97.0,577.0,5.948453608247423
cost,169.0,576.0,3.408284023668639
lesion,90.0,574.0,6.377777777777778
depression,42.0,574.0,13.666666666666666
series,190.0,261.0,3.0210526315789474
key,300.0,569.0,1.8966666666666667
oncologist,174.0,568.0,3.264367816091954
week,215.0,566.0,2.632558139534884
grief,11.0,560.0,50.90909090909091
phillip,537.0,-836.0,1.0409683426443204
world,225.0,558.0,2.48
cns,44.0,429.0,12.659090909090908
recurrence,133.0,556.0,4.180451127819549
able,269.0,553.0,2.0557620817843865
assessment,130.0,552.0,4.246153846153846
lot,148.0,541.0,3.655405405405405
iii,103.0,541.0,5.252427184466019
surgical,110.0,536.0,4.872727272727273
wilm,18.0,536.0,29.77777777777778
physician,191.0,533.0,2.7905759162303663
organ,171.0,529.0,3.0935672514619883
genome,156.0,267.0,3.391025641025641
good,319.0,320.0,1.6489028213166144
issue,231.0,526.0,2.277056277056277
prevalence,113.0,525.0,4.646017699115045
major,244.0,525.0,2.151639344262295
gastrointestinal,105.0,-135.0,4.961904761904762
smoking,110.0,521.0,4.736363636363636
annual,242.0,434.0,2.152892561983471
poor,135.0,518.0,3.837037037037037
vaccine,99.0,518.0,5.232323232323233
method,205.0,517.0,2.521951219512195
table,99.0,515.0,5.202020202020202
arm,111.0,515.0,4.63963963963964
kidney,129.0,451.0,3.937984496124031
field,189.0,498.0,2.634920634920635
hospice,24.0,491.0,20.45833333333333
complete,221.0,490.0,2.2171945701357467
white,177.0,20.0,2.76271186440678
resistance,151.0,489.0,3.23841059602649
therapeutic,228.0,488.0,2.1403508771929824
cigarette,69.0,482.0,6.985507246376812
cervical,115.0,480.0,4.173913043478261
association,117.0,479.0,4.094017094017094
increase,203.0,478.0,2.354679802955665
black,95.0,477.0,5.021052631578947
scan,127.0,477.0,3.755905511811024
criterion,114.0,342.0,4.184210526315789
period,214.0,476.0,2.2242990654205608
familial,30.0,254.0,15.833333333333334
genetic,211.0,292.0,2.2369668246445498
braf,40.0,208.0,11.8
antibody,115.0,471.0,4.095652173913043
reduction,158.0,470.0,2.9746835443037973
institution,173.0,391.0,2.6705202312138727
polyposis,14.0,240.0,32.92857142857143
relapse,73.0,460.0,6.301369863013699
oral,101.0,240.0,4.534653465346534
healthy,222.0,456.0,2.054054054054054
chest,71.0,453.0,6.380281690140845
characteristic,152.0,452.0,2.973684210526316
size,168.0,452.0,2.6904761904761907
present,166.0,452.0,2.7228915662650603
sleep,31.0,449.0,14.483870967741936
central,142.0,321.0,3.1619718309859155
lab,153.0,449.0,2.934640522875817
aggressive,187.0,448.0,2.3957219251336896
colon,114.0,447.0,3.9210526315789473
pembrolizumab,83.0,445.0,5.36144578313253
soft,95.0,-216.0,4.684210526315789
right,134.0,443.0,3.3059701492537314
country,200.0,168.0,2.21
germline,40.0,40.0,11.025
gland,70.0,124.0,6.257142857142857
disorder,94.0,438.0,4.659574468085107
classification,64.0,437.0,6.828125
united,231.0,437.0,1.891774891774892
gastric,45.0,435.0,9.666666666666666
myeloid,80.0,373.0,5.425
medulloblastoma,34.0,434.0,12.764705882352942
overview,160.0,248.0,2.68125
percent,117.0,424.0,3.623931623931624
her2,48.0,130.0,8.791666666666666
presence,116.0,422.0,3.6379310344827593
measure,180.0,420.0,2.333333333333333
score,65.0,417.0,6.415384615384616
active,208.0,417.0,2.0048076923076925
carrier,24.0,416.0,17.333333333333332
total,132.0,313.0,3.143939393939394
diagnostic,138.0,414.0,3.0
biomarker,165.0,414.0,2.5090909090909093
stomach,84.0,412.0,4.904761904761905
toxicity,108.0,409.0,3.787037037037037
novel,175.0,408.0,2.3314285714285714
public,205.0,408.0,1.9902439024390244
transplantation,35.0,260.0,11.628571428571428
spread,152.0,403.0,2.651315789473684
region,110.0,258.0,3.654545454545455
neuroblastoma,44.0,399.0,9.068181818181818
parent,90.0,398.0,4.422222222222223
lead,291.0,397.0,1.3642611683848798
need,233.0,394.0,1.6909871244635193
burden,154.0,393.0,2.551948051948052
provider,135.0,393.0,2.911111111111111
decade,239.0,392.0,1.6401673640167365
panel,138.0,281.0,2.840579710144928
collaboration,216.0,392.0,1.8148148148148149
female,90.0,391.0,4.344444444444444
discussion,136.0,389.0,2.860294117647059
malignancy,103.0,388.0,3.766990291262136
step,235.0,387.0,1.646808510638298
biological,167.0,387.0,2.317365269461078
prospective,88.0,385.0,4.375
deletion,19.0,382.0,20.105263157894736
pattern,127.0,381.0,3.0
abnormality,49.0,379.0,7.73469387755102
kind,140.0,378.0,2.7
picture,81.0,82.0,4.666666666666667
anxiety,49.0,375.0,7.653061224489796
concern,175.0,375.0,2.142857142857143
course,148.0,373.0,2.52027027027027
ability,235.0,373.0,1.5872340425531914
clear,187.0,211.0,1.9946524064171125
rearrangement,23.0,372.0,16.17391304347826
severe,126.0,369.0,2.9285714285714284
favorable,39.0,369.0,9.461538461538462
bladder,91.0,368.0,4.043956043956044
bad,162.0,368.0,2.271604938271605
adverse,79.0,367.0,4.6455696202531644
budget,99.0,279.0,3.696969696969697
failure,74.0,366.0,4.945945945945946
limited,146.0,365.0,2.5
cluster,35.0,365.0,10.428571428571429
improvement,170.0,362.0,2.1294117647058823
pediatr,31.0,-112.0,11.64516129032258
branch,221.0,213.0,1.6289592760180995
male,86.0,358.0,4.162790697674419
workshop,79.0,357.0,4.518987341772152
efficacy,140.0,357.0,2.55
data,181.0,357.0,1.9723756906077348
hereditary,49.0,122.0,7.26530612244898
staging,56.0,66.0,6.303571428571429
big,149.0,351.0,2.355704697986577
strong,191.0,350.0,1.8324607329842928
vessel,100.0,350.0,3.5
talk,162.0,350.0,2.1604938271604937
solid,124.0,349.0,2.814516129032258
distress,42.0,349.0,8.30952380952381
nasopharyngeal,31.0,349.0,11.258064516129032
late,189.0,170.0,1.835978835978836
alk,35.0,347.0,9.914285714285716
frequency,60.0,347.0,5.783333333333333
idea,168.0,346.0,2.0595238095238093
previous,190.0,346.0,1.8210526315789477
episode,41.0,345.0,8.414634146341463
cumulative,29.0,25.0,11.827586206896552
resection,44.0,343.0,7.795454545454546
retrospective,59.0,343.0,5.813559322033898
range,155.0,342.0,2.206451612903226
diarrhea,82.0,341.0,4.158536585365853
surg,36.0,337.0,9.36111111111111
rhabdomyosarcoma,28.0,150.0,12.035714285714286
germ,28.0,-410.0,12.0
precision,145.0,334.0,2.303448275862069
early,211.0,333.0,1.5781990521327014
financial,81.0,331.0,4.08641975308642
damage,132.0,330.0,2.5
virus,86.0,330.0,3.8372093023255816
amplification,22.0,330.0,15.0
polyp,23.0,329.0,14.304347826086955
cavity,52.0,-7.0,6.326923076923077
self,93.0,329.0,3.5376344086021505
cycle,88.0,328.0,3.727272727272727
clinic,141.0,328.0,2.326241134751773
pet,61.0,325.0,5.327868852459017
tamoxifen,21.0,325.0,15.476190476190476
genet,15.0,324.0,21.6
regimen,105.0,324.0,3.085714285714286
discovery,160.0,323.0,2.01875
ph.d,183.0,323.0,1.7650273224043715
distant,61.0,235.0,5.295081967213115
knowledge,195.0,323.0,1.6564102564102563
place,162.0,323.0,1.9938271604938271
abnormal,100.0,322.0,3.22
short,147.0,321.0,2.183673469387755
neoplasm,45.0,319.0,7.088888888888889
trend,130.0,318.0,2.4461538461538463
chance,162.0,97.0,1.962962962962963
complication,80.0,317.0,3.9625
fap,6.0,317.0,52.833333333333336
meta,46.0,-19.0,6.891304347826087
hsct,9.0,315.0,35.0
few,159.0,313.0,1.9685534591194969
personal,122.0,313.0,2.565573770491804
phenotype,42.0,313.0,7.452380952380952
tumour,36.0,313.0,8.694444444444445
difficult,184.0,312.0,1.6956521739130437
colleague,219.0,312.0,1.4246575342465753
smoke,48.0,311.0,6.479166666666667
interest,172.0,310.0,1.802325581395349
subsequent,70.0,310.0,4.428571428571429
critical,201.0,310.0,1.5422885572139304
marker,110.0,308.0,2.8
location,117.0,82.0,2.623931623931624
myeloma,66.0,307.0,4.651515151515151
focus,195.0,307.0,1.5743589743589743
prior,161.0,306.0,1.9006211180124224
mri,92.0,44.0,3.315217391304348
school,111.0,304.0,2.7387387387387387
video,112.0,302.0,2.696428571428572
onset,58.0,301.0,5.189655172413793
relative,69.0,301.0,4.36231884057971
likely,172.0,300.0,1.744186046511628
local,113.0,299.0,2.646017699115044
eye,57.0,297.0,5.2105263157894735
bowel,41.0,297.0,7.2439024390243905
gvhd,7.0,296.0,42.285714285714285
medication,83.0,296.0,3.566265060240964
design,127.0,296.0,2.3307086614173227
reason,179.0,295.0,1.6480446927374302
preference,37.0,295.0,7.972972972972973
complex,144.0,294.0,2.0416666666666665
relationship,107.0,292.0,2.7289719626168223
profile,89.0,292.0,3.2808988764044944
choice,139.0,292.0,2.1007194244604315
distinct,103.0,291.0,2.825242718446602
engl,43.0,-7.0,6.767441860465116
endometrial,40.0,290.0,7.25
special,157.0,290.0,1.8471337579617837
tomography,75.0,-52.0,3.8533333333333335
subgroup,64.0,289.0,4.515625
moonshot,99.0,289.0,2.919191919191919
renal,46.0,-21.0,6.260869565217392
hot,42.0,288.0,6.857142857142857
nausea,103.0,287.0,2.786407766990292
medullary,25.0,-385.0,11.44
benign,70.0,285.0,4.071428571428571
translocation,16.0,285.0,17.8125
translational,179.0,181.0,1.5865921787709498
hematopoietic,21.0,107.0,13.523809523809524
molecule,149.0,284.0,1.906040268456376
repair,64.0,282.0,4.40625
nature,128.0,281.0,2.1953125
ret,18.0,93.0,15.555555555555555
value,98.0,279.0,2.846938775510204
fatigue,106.0,278.0,2.6226415094339623
registry,71.0,277.0,3.9014084507042255
little,128.0,277.0,2.1640625
deficiency,30.0,189.0,9.2
today,141.0,275.0,1.950354609929078
refractory,66.0,275.0,4.166666666666667
sex,75.0,275.0,3.6666666666666665
nervous,87.0,147.0,3.160919540229885
regional,51.0,-253.0,5.352941176470588
relevant,143.0,272.0,1.902097902097902
adenoma,21.0,270.0,12.857142857142858
presentation,99.0,269.0,2.717171717171717
carcinoid,14.0,268.0,19.142857142857142
nerve,87.0,267.0,3.0689655172413794
cellular,143.0,267.0,1.867132867132867
muscle,107.0,266.0,2.485981308411215
cisplatin,45.0,265.0,5.888888888888889
hope,182.0,265.0,1.456043956043956
light,90.0,264.0,2.933333333333333
dysfunction,36.0,264.0,7.333333333333333
share,143.0,263.0,1.8391608391608392
significance,52.0,262.0,5.038461538461538
substance,88.0,261.0,2.965909090909091
appropriate,128.0,261.0,2.0390625
testicular,37.0,260.0,7.027027027027027
weight,99.0,260.0,2.6262626262626263
ray,73.0,260.0,3.5616438356164384
story,137.0,259.0,1.8905109489051093
spine,69.0,-398.0,3.739130434782609
methylation,34.0,257.0,7.558823529411764
functional,72.0,256.0,3.555555555555556
structure,125.0,256.0,2.048
microenvironment,103.0,255.0,2.4757281553398056
int,40.0,-334.0,6.375
counseling,65.0,254.0,3.907692307692308
energy,103.0,254.0,2.466019417475728
cranial,23.0,-16.0,11.043478260869565
host,93.0,108.0,2.7311827956989245
scale,102.0,253.0,2.480392156862745
remission,73.0,252.0,3.452054794520548
nivolumab,66.0,252.0,3.8181818181818175
spiritual,20.0,252.0,12.6
harm,101.0,251.0,2.485148514851485
irradiation,18.0,149.0,13.944444444444445
unique,145.0,250.0,1.7241379310344829
flash,24.0,250.0,10.416666666666666
activation,59.0,249.0,4.220338983050848
influence,106.0,249.0,2.349056603773585
like,77.0,249.0,3.2337662337662336
behavior,87.0,248.0,2.8505747126436782
fluid,56.0,248.0,4.428571428571429
diagnose,92.0,248.0,2.6956521739130435
impairment,24.0,248.0,10.333333333333334
company,121.0,248.0,2.049586776859504
systematic,61.0,-88.0,4.065573770491803
adenomatous,12.0,26.0,20.58333333333333
half,131.0,247.0,1.8854961832061068
cog,21.0,9.0,11.714285714285714
safety,118.0,246.0,2.0847457627118646
mycn,5.0,245.0,49.0
characterization,74.0,245.0,3.310810810810811
effusion,11.0,57.0,22.272727272727277
student,75.0,244.0,3.2533333333333334
conversation,115.0,244.0,2.121739130434783
insight,172.0,244.0,1.4186046511627908
generation,121.0,244.0,2.0165289256198347
systemic,94.0,243.0,2.5851063829787235
squamous,59.0,-310.0,4.11864406779661
rna,77.0,242.0,3.142857142857143
phone,68.0,242.0,3.5588235294117645
particular,151.0,242.0,1.6026490066225163
unknown,73.0,241.0,3.3013698630136985
act,113.0,241.0,2.1327433628318584
psychological,40.0,241.0,6.025
frequent,84.0,240.0,2.857142857142857
radiotherapy,43.0,239.0,5.558139534883721
skill,79.0,239.0,3.0253164556962027
specialist,112.0,239.0,2.133928571428572
candidate,93.0,238.0,2.5591397849462365
pulmonary,26.0,238.0,9.153846153846152
lack,122.0,238.0,1.9508196721311477
histology,39.0,236.0,6.051282051282051
exercise,65.0,236.0,3.630769230769231
protocol,80.0,236.0,2.95
secondary,63.0,235.0,3.73015873015873
block,135.0,235.0,1.7407407407407407
perspective,116.0,235.0,2.0258620689655173
broad,182.0,234.0,1.2857142857142858
abdominal,37.0,233.0,6.297297297297297
kinase,58.0,-82.0,4.017241379310345
collaborative,133.0,232.0,1.744360902255639
cardiac,29.0,232.0,8.0
final,81.0,232.0,2.8641975308641974
applicant,39.0,231.0,5.923076923076923
income,80.0,-43.0,2.8875
nicotine,26.0,231.0,8.884615384615385
resistant,94.0,230.0,2.4468085106382977
alcohol,61.0,230.0,3.7704918032786887
stress,76.0,229.0,3.013157894736842
surface,108.0,229.0,2.1203703703703702
ratio,47.0,229.0,4.872340425531915
anaplastic,30.0,-81.0,7.6
statistic,100.0,228.0,2.28
invasive,81.0,228.0,2.814814814814815
diet,81.0,228.0,2.814814814814815
doxorubicin,43.0,228.0,5.3023255813953485
effectiveness,119.0,228.0,1.915966386554622
transition,78.0,227.0,2.91025641025641
harmful,71.0,227.0,3.197183098591549
somatic,42.0,226.0,5.380952380952381
space,81.0,225.0,2.7777777777777777
regiman,79.0,224.0,2.835443037974684
importance,138.0,223.0,1.615942028985507
mouth,84.0,222.0,2.642857142857143
involvement,37.0,222.0,6.0
red,93.0,-96.0,2.376344086021505
working,116.0,220.0,1.896551724137931
trastuzumab,26.0,220.0,8.461538461538462
requirement,75.0,220.0,2.933333333333333
natural,106.0,219.0,2.0660377358490565
supplement,77.0,219.0,2.844155844155844
technique,109.0,218.0,2.0
papillary,20.0,-46.0,10.9
scholar,45.0,217.0,4.822222222222222
phd,52.0,217.0,4.173076923076923
degree,89.0,216.0,2.426966292134832
external,82.0,-183.0,2.6341463414634148
anthracycline,24.0,216.0,9.0
wide,118.0,216.0,1.8305084745762712
book,53.0,216.0,4.075471698113208
observation,71.0,216.0,3.0422535211267605
close,143.0,215.0,1.5034965034965035
season,29.0,214.0,7.379310344827586
topic,120.0,214.0,1.7833333333333334
follicular,29.0,-6.0,7.379310344827586
survey,78.0,214.0,2.743589743589744
gct,3.0,213.0,71.0
cytogenetic,18.0,213.0,11.833333333333334
esophageal,53.0,213.0,4.018867924528302
landscape,62.0,213.0,3.435483870967742
exam,73.0,213.0,2.9178082191780823
cyclophosphamide,27.0,212.0,7.851851851851852
comparison,74.0,212.0,2.864864864864865
class,96.0,212.0,2.208333333333333
spinal,37.0,-177.0,5.72972972972973
computer,81.0,212.0,2.617283950617284
surgeon,93.0,211.0,2.2688172043010755
smoker,52.0,210.0,4.038461538461538
average,105.0,210.0,2.0
committee,93.0,210.0,2.2580645161290325
antidepressant,13.0,209.0,16.076923076923077
friend,75.0,209.0,2.786666666666666
microscope,71.0,209.0,2.943661971830986
safe,139.0,208.0,1.4964028776978415
consortium,94.0,208.0,2.2127659574468086
antigen,72.0,208.0,2.888888888888889
decrease,104.0,207.0,1.9903846153846156
eligible,107.0,206.0,1.925233644859813
mentor,45.0,206.0,4.5777777777777775
msi,13.0,205.0,15.76923076923077
cure,92.0,205.0,2.2282608695652173
setting,114.0,205.0,1.7982456140350878
enzyme,101.0,204.0,2.01980198019802
session,77.0,204.0,2.6493506493506493
partnership,114.0,204.0,1.7894736842105263
metabolism,61.0,203.0,3.3278688524590163
sensitive,95.0,203.0,2.136842105263158
double,52.0,3.0,3.9038461538461537
pfs,19.0,202.0,10.63157894736842
interested,89.0,201.0,2.258426966292135
estimate,78.0,200.0,2.5641025641025643
inflammatory,51.0,128.0,3.92156862745098
conference,77.0,200.0,2.5974025974025974
peripheral,60.0,200.0,3.333333333333333
thymic,11.0,-308.0,18.181818181818183
hiv,54.0,199.0,3.685185185185185
cord,46.0,-190.0,4.326086956521739
behavioral,69.0,-5.0,2.8840579710144927
vitamin,39.0,198.0,5.076923076923077
president,73.0,197.0,2.698630136986301
mediastinal,17.0,-47.0,11.588235294117649
illness,58.0,197.0,3.396551724137931
european,63.0,196.0,3.111111111111111
neoadjuvant,37.0,196.0,5.297297297297297
intensity,56.0,196.0,3.5
figure,77.0,196.0,2.5454545454545454
cardiovascular,29.0,196.0,6.758620689655173
planning,80.0,196.0,2.45
eur,42.0,196.0,4.666666666666667
duration,88.0,195.0,2.215909090909091
barrier,96.0,195.0,2.03125
embryonal,12.0,195.0,16.25
hard,116.0,195.0,1.6810344827586208
ccss,4.0,194.0,48.5
chromosomal,27.0,194.0,7.185185185185185
paper,81.0,193.0,2.382716049382716
emotional,55.0,193.0,3.5090909090909093
pituitary,24.0,193.0,8.041666666666666
situ,45.0,107.0,4.288888888888889
implication,85.0,192.0,2.2588235294117647
guide,116.0,192.0,1.6551724137931034
chief,137.0,192.0,1.4014598540145986
african,66.0,191.0,2.893939393939394
understanding,129.0,190.0,1.4728682170542635
direct,118.0,190.0,1.6101694915254237
useful,95.0,189.0,1.9894736842105265
variety,128.0,189.0,1.4765625
partial,94.0,188.0,2.0
leader,134.0,188.0,1.4029850746268655
nurse,94.0,188.0,2.0
computational,70.0,187.0,2.6714285714285717
mass,73.0,187.0,2.5616438356164384
mental,48.0,187.0,3.8958333333333335
tube,72.0,187.0,2.5972222222222223
professor,73.0,187.0,2.5616438356164384
ependymoma,27.0,186.0,6.888888888888889
obesity,63.0,185.0,2.9365079365079363
detail,145.0,185.0,1.2758620689655171
pregnancy,32.0,185.0,5.78125
sinus,16.0,-151.0,11.5625
machine,70.0,184.0,2.628571428571429
postmenopausal,23.0,184.0,8.0
interval,43.0,183.0,4.255813953488372
vein,39.0,183.0,4.6923076923076925
adenocarcinoma,48.0,183.0,3.8125
real,111.0,182.0,1.6396396396396395
academic,91.0,182.0,2.0
infant,28.0,182.0,6.5
mean,72.0,182.0,2.5277777777777777
pathology,83.0,182.0,2.1927710843373496
excess,36.0,182.0,5.055555555555555
sporadic,21.0,181.0,8.619047619047619
needle,71.0,181.0,2.5492957746478875
consistent,79.0,181.0,2.2911392405063293
upper,53.0,181.0,3.4150943396226414
variation,62.0,180.0,2.903225806451613
liquid,61.0,179.0,2.9344262295081966
genomics,80.0,179.0,2.2375
adrenocortical,27.0,179.0,6.62962962962963
pathologist,86.0,179.0,2.081395348837209
sensitivity,56.0,179.0,3.196428571428572
religious,15.0,178.0,11.866666666666667
volume,43.0,178.0,4.1395348837209305
environment,105.0,178.0,1.6952380952380952
copy,46.0,177.0,3.847826086956522
tract,63.0,177.0,2.8095238095238093
obstruction,20.0,177.0,8.85
joint,92.0,177.0,1.923913043478261
consideration,94.0,176.0,1.872340425531915
cooperative,85.0,176.0,2.070588235294118
colonoscopy,17.0,176.0,10.352941176470589
nearby,78.0,176.0,2.2564102564102564
memory,47.0,175.0,3.723404255319149
intensive,72.0,175.0,2.430555555555556
flt3,9.0,175.0,19.444444444444443
net,30.0,175.0,5.833333333333333
decline,51.0,175.0,3.431372549019608
identification,59.0,174.0,2.949152542372881
examination,52.0,174.0,3.3461538461538463
biomedical,80.0,174.0,2.175
apc,10.0,174.0,17.4
subset,49.0,174.0,3.5510204081632653
exciting,117.0,173.0,1.4786324786324787
performance,56.0,173.0,3.0892857142857144
pylorus,11.0,172.0,15.636363636363637
aid,67.0,172.0,2.567164179104477
delivery,96.0,172.0,1.7916666666666667
success,120.0,171.0,1.425
signal,83.0,171.0,2.060240963855421
classic,30.0,171.0,5.7
position,96.0,171.0,1.78125
abl1,4.0,171.0,42.75
radioactive,48.0,171.0,3.5625
regular,113.0,170.0,1.5044247787610618
travel,75.0,170.0,2.2666666666666666
priority,113.0,170.0,1.5044247787610618
fertility,33.0,170.0,5.151515151515151
pericardial,6.0,170.0,28.33333333333333
internal,72.0,170.0,2.361111111111111
constipation,28.0,169.0,6.035714285714286
related,147.0,169.0,1.1496598639455782
attention,73.0,169.0,2.315068493150685
rhabdoid,19.0,-55.0,8.842105263157896
hearing,27.0,168.0,6.222222222222222
hour,67.0,168.0,2.5074626865671643
sure,86.0,167.0,1.941860465116279
journal,115.0,167.0,1.4521739130434783
index,38.0,167.0,4.394736842105263
lifetime,53.0,-21.0,3.150943396226415
estrogen,36.0,167.0,4.638888888888889
predictor,30.0,167.0,5.566666666666666
extent,90.0,167.0,1.855555555555556
thymoma,7.0,-341.0,23.857142857142858
attack,114.0,-44.0,1.456140350877193
removal,75.0,166.0,2.2133333333333334
expertise,117.0,166.0,1.4188034188034189
duodenal,9.0,166.0,18.444444444444443
graft,22.0,20.0,7.545454545454546
gain,48.0,166.0,3.458333333333333
racial,75.0,166.0,2.2133333333333334
neuro,54.0,19.0,3.074074074074074
diverse,116.0,166.0,1.4310344827586208
predisposition,28.0,165.0,5.892857142857143
material,95.0,165.0,1.736842105263158
reaction,68.0,165.0,2.426470588235294
instruction,38.0,164.0,4.315789473684211
salivary,18.0,-150.0,9.11111111111111
domain,38.0,163.0,4.289473684210527
hispanic,46.0,163.0,3.5434782608695654
description,65.0,22.0,2.507692307692308
substantial,121.0,163.0,1.3471074380165289
interview,88.0,162.0,1.8409090909090908
vaccination,42.0,162.0,3.857142857142857
profiling,48.0,162.0,3.375
eol,3.0,162.0,54.0
bilateral,28.0,162.0,5.785714285714286
discus,109.0,161.0,1.4770642201834865
proposal,81.0,38.0,1.9876543209876545
know,98.0,161.0,1.6428571428571428
glucose,36.0,161.0,4.472222222222222
advocate,103.0,161.0,1.5631067961165048
aspect,92.0,161.0,1.75
induction,31.0,161.0,5.193548387096774
objective,77.0,160.0,2.0779220779220777
screen,97.0,160.0,1.649484536082474
note,99.0,159.0,1.606060606060606
brca,30.0,159.0,5.3
toxic,94.0,159.0,1.6914893617021276
r00,15.0,159.0,10.6
commitment,89.0,159.0,1.7865168539325842
vascular,35.0,159.0,4.542857142857143
implementation,87.0,158.0,1.8160919540229885
conventional,56.0,158.0,2.821428571428572
acid,62.0,158.0,2.548387096774193
oncogene,35.0,158.0,4.514285714285714
multi,85.0,158.0,1.8588235294117648
animal,93.0,158.0,1.6989247311827955
pleural,15.0,-31.0,10.466666666666669
innovative,115.0,156.0,1.3565217391304347
recipient,44.0,156.0,3.5454545454545454
engineering,51.0,156.0,3.0588235294117645
parp,24.0,156.0,6.5
mastectomy,19.0,156.0,8.210526315789474
percentage,83.0,156.0,1.879518072289157
magnetic,72.0,-442.0,2.1527777777777777
edge,56.0,37.0,2.767857142857143
secondhand,18.0,155.0,8.61111111111111
brentuximab,20.0,155.0,7.75
superior,37.0,-115.0,4.1891891891891895
limitation,89.0,155.0,1.7415730337078652
eligibility,60.0,155.0,2.583333333333333
thank,53.0,155.0,2.9245283018867925
stromal,43.0,-84.0,3.581395348837209
task,78.0,154.0,1.9743589743589745
highlight,113.0,154.0,1.3628318584070795
cohosh,4.0,154.0,38.5
resonance,71.0,-443.0,2.1690140845070425
randomized,54.0,153.0,2.833333333333333
correlation,46.0,153.0,3.3260869565217392
ebv,14.0,153.0,10.928571428571429
burkitt,16.0,153.0,9.5625
validation,59.0,152.0,2.5762711864406778
visual,107.0,152.0,1.4205607476635511
beta,34.0,152.0,4.470588235294118
concept,91.0,152.0,1.6703296703296704
signature,42.0,152.0,3.619047619047619
bacteria,35.0,152.0,4.342857142857143
inflammation,80.0,151.0,1.8875
allogeneic,18.0,151.0,8.38888888888889
experiment,95.0,151.0,1.5894736842105264
susceptibility,31.0,151.0,4.870967741935484
crchd,24.0,151.0,6.291666666666667
easy,97.0,151.0,1.556701030927835
chemical,69.0,150.0,2.1739130434782608
retinoblastoma,15.0,150.0,10.0
path,62.0,150.0,2.419354838709677
ultrasound,48.0,150.0,3.125
atlas,68.0,-112.0,2.2058823529411766
monoclonal,54.0,150.0,2.7777777777777777
abdomen,53.0,150.0,2.830188679245283
difficulty,72.0,150.0,2.083333333333333
med,45.0,149.0,3.311111111111111
confidence,63.0,149.0,2.365079365079365
dyspnea,14.0,149.0,10.642857142857142
college,72.0,148.0,2.055555555555556
foundation,90.0,148.0,1.6444444444444444
enlarge,82.0,148.0,1.804878048780488
routine,82.0,148.0,1.804878048780488
helpful,93.0,148.0,1.5913978494623655
daily,74.0,148.0,2.0
middle,91.0,-127.0,1.6153846153846154
replacement,35.0,-65.0,4.2
pathol,21.0,147.0,7.0
m.p.h,89.0,147.0,1.651685393258427
prediction,47.0,146.0,3.106382978723404
tip,79.0,146.0,1.8481012658227849
metabolic,41.0,146.0,3.5609756097560976
opioid,18.0,146.0,8.11111111111111
contrast,75.0,146.0,1.9466666666666668
rapid,92.0,145.0,1.576086956521739
remove,78.0,78.0,1.858974358974359
background,95.0,145.0,1.5263157894736843
race,69.0,144.0,2.0869565217391304
extension,36.0,144.0,4.0
rectum,36.0,144.0,4.0
postdoctoral,48.0,143.0,2.9791666666666665
entity,24.0,143.0,5.958333333333333
multicenter,43.0,143.0,3.3255813953488373
aim,88.0,143.0,1.625
concurrent,21.0,142.0,6.761904761904762
blind,32.0,-58.0,4.4375
awareness,82.0,142.0,1.7317073170731707
bcr,10.0,142.0,14.2
distinctive,11.0,141.0,12.818181818181818
proportion,62.0,141.0,2.274193548387097
institutional,58.0,141.0,2.431034482758621
carboplatin,30.0,141.0,4.7
symposium,45.0,141.0,3.1333333333333333
extra,66.0,141.0,2.136363636363636
mole,19.0,141.0,7.421052631578948
power,80.0,141.0,1.7625
pre,73.0,141.0,1.9315068493150684
interesting,58.0,141.0,2.431034482758621
k99,30.0,140.0,4.666666666666667
v600e,12.0,-124.0,11.666666666666666
structural,53.0,140.0,2.641509433962264
business,55.0,140.0,2.5454545454545454
morbidity,39.0,139.0,3.5641025641025643
situation,84.0,139.0,1.6547619047619049
steroid,44.0,139.0,3.159090909090909
regulation,62.0,139.0,2.2419354838709675
ethnic,65.0,139.0,2.1384615384615384
rectal,27.0,139.0,5.148148148148148
era,68.0,139.0,2.044117647058824
aged,46.0,138.0,3.0
kaposi,17.0,138.0,8.117647058823529
maintenance,48.0,138.0,2.875
flow,57.0,138.0,2.421052631578948
pressure,69.0,138.0,2.0
belief,55.0,137.0,2.4909090909090907
opinion,53.0,137.0,2.5849056603773586
associated,43.0,137.0,3.186046511627907
residual,39.0,137.0,3.5128205128205128
referral,56.0,137.0,2.446428571428572
epigenetic,34.0,137.0,4.029411764705882
investigation,72.0,137.0,1.9027777777777777
driver,69.0,137.0,1.9855072463768115
beam,46.0,-132.0,2.9782608695652173
sequence,59.0,136.0,2.305084745762712
cessation,43.0,136.0,3.1627906976744184
longitudinal,27.0,136.0,5.037037037037037
insomnia,8.0,136.0,17.0
radiat,12.0,-453.0,11.333333333333334
phy,14.0,-454.0,9.642857142857142
preoperative,20.0,135.0,6.75
teratoma,4.0,135.0,33.75
severity,40.0,135.0,3.375
origin,56.0,135.0,2.4107142857142856
predictive,46.0,135.0,2.9347826086956523
chordoma,11.0,135.0,12.272727272727272
successful,85.0,135.0,1.588235294117647
subject,62.0,135.0,2.177419354838709
allele,16.0,135.0,8.4375
tcga,37.0,134.0,3.6216216216216215
psychosocial,26.0,134.0,5.153846153846154
alive,86.0,134.0,1.558139534883721
ccdi,15.0,134.0,8.933333333333334
variable,49.0,133.0,2.7142857142857144
abvd,3.0,133.0,44.333333333333336
bereavement,8.0,132.0,16.5
fellowship,60.0,132.0,2.2
wall,51.0,132.0,2.588235294117647
cross,54.0,132.0,2.4444444444444446
indication,64.0,132.0,2.0625
extensive,66.0,132.0,2.0
production,83.0,132.0,1.5903614457831323
f99,26.0,132.0,5.076923076923077
platinum,38.0,132.0,3.473684210526316
bleomycin,12.0,131.0,10.916666666666666
majority,81.0,131.0,1.617283950617284
neurocognitive,5.0,131.0,26.2
request,67.0,130.0,1.9402985074626864
k00,26.0,130.0,5.0
intermediate,36.0,130.0,3.611111111111111
dietary,30.0,130.0,4.333333333333333
conduct,107.0,130.0,1.2149532710280373
selection,64.0,130.0,2.03125
glioblastoma,49.0,129.0,2.63265306122449
innovation,81.0,129.0,1.5925925925925926
essential,94.0,129.0,1.372340425531915
mutant,37.0,129.0,3.4864864864864864
spectrum,52.0,129.0,2.480769230769231
urinary,32.0,129.0,4.03125
rest,69.0,129.0,1.8695652173913044
hand,91.0,128.0,1.4065934065934067
fund,74.0,127.0,1.7162162162162162
count,63.0,127.0,2.015873015873016
consequence,69.0,127.0,1.8405797101449275
trouble,55.0,127.0,2.309090909090909
sense,82.0,127.0,1.548780487804878
separate,77.0,127.0,1.6493506493506491
birth,46.0,127.0,2.760869565217391
pleuropulmonary,11.0,127.0,11.545454545454543
absence,45.0,127.0,2.8222222222222224
recovery,58.0,-94.0,2.189655172413793
thought,67.0,126.0,1.8805970149253728
optimal,74.0,126.0,1.7027027027027026
schedule,69.0,126.0,1.826086956521739
vomiting,49.0,126.0,2.571428571428572
blue,62.0,14.0,2.0161290322580645
neuropathol,4.0,125.0,31.25
blastoma,11.0,125.0,11.363636363636363
complicated,35.0,125.0,3.571428571428572
start,89.0,125.0,1.404494382022472
adrenal,29.0,125.0,4.310344827586207
infusion,65.0,125.0,1.9230769230769231
aberration,18.0,125.0,6.944444444444445
genotype,23.0,124.0,5.391304347826087
rural,42.0,124.0,2.952380952380953
modality,35.0,124.0,3.5428571428571427
fiscal,70.0,124.0,1.7714285714285714
ovary,31.0,124.0,4.0
vedotin,16.0,124.0,7.75
kid,44.0,123.0,2.7954545454545454
environmental,70.0,123.0,1.7571428571428571
length,69.0,123.0,1.7826086956521738
nodule,30.0,123.0,4.1
donor,23.0,123.0,5.3478260869565215
anti,60.0,123.0,2.05
tyrosine,37.0,-192.0,3.324324324324324
spirituality,15.0,123.0,8.2
extracranial,8.0,-50.0,15.375
announcement,56.0,123.0,2.196428571428572
entire,80.0,122.0,1.525
stable,68.0,122.0,1.7941176470588236
regulatory,57.0,122.0,2.1403508771929824
break,82.0,121.0,1.475609756097561
tp53,11.0,121.0,11.0
jude,21.0,-86.0,5.761904761904762
matter,78.0,121.0,1.551282051282051
direction,81.0,121.0,1.4938271604938271
precursor,29.0,77.0,4.172413793103448
moderate,37.0,121.0,3.27027027027027
menopause,20.0,121.0,6.05
likelihood,58.0,121.0,2.086206896551724
base,67.0,121.0,1.8059701492537317
promise,86.0,121.0,1.4069767441860466
multidisciplinary,68.0,120.0,1.7647058823529411
crlf2,4.0,120.0,30.0
nasal,12.0,-216.0,10.0
istock,118.0,120.0,1.0169491525423728
match,54.0,120.0,2.2222222222222223
bit,36.0,119.0,3.305555555555556
intestinal,28.0,119.0,4.25
evolution,62.0,119.0,1.9193548387096773
fever,62.0,119.0,1.9193548387096773
histological,28.0,119.0,4.25
turn,39.0,119.0,3.051282051282051
transcription,22.0,119.0,5.409090909090909
hepatitis,22.0,119.0,5.409090909090909
leukaemia,7.0,119.0,17.0
ibrutinib,19.0,118.0,6.2105263157894735
basal,25.0,118.0,4.72
possibility,89.0,118.0,1.3258426966292134
preventive,60.0,117.0,1.95
paclitaxel,15.0,117.0,7.8
account,82.0,9.0,1.4268292682926829
dimension,17.0,117.0,6.882352941176471
infrastructure,69.0,117.0,1.6956521739130437
inferior,17.0,117.0,6.882352941176471
pheochromocytoma,8.0,116.0,14.5
autologous,17.0,116.0,6.823529411764706
suicide,7.0,116.0,16.571428571428573
ikzf1,3.0,116.0,38.66666666666666
participation,60.0,116.0,1.9333333333333331
force,66.0,116.0,1.7575757575757576
etoposide,28.0,115.0,4.107142857142857
wilms,6.0,115.0,19.166666666666668
deep,75.0,115.0,1.5333333333333334
baseline,30.0,115.0,3.8333333333333335
injury,27.0,114.0,4.222222222222222
advantage,82.0,114.0,1.3902439024390243
pandemic,33.0,114.0,3.4545454545454546
advisory,76.0,-117.0,1.5
density,18.0,114.0,6.333333333333333
elevated,36.0,114.0,3.1666666666666665
intestine,42.0,114.0,2.7142857142857144
docetaxel,16.0,113.0,7.0625
preclinical,69.0,113.0,1.6376811594202898
gemcitabine,19.0,31.0,5.947368421052632
pineal,14.0,113.0,8.071428571428571
hypertension,21.0,113.0,5.380952380952381
piece,70.0,113.0,1.6142857142857143
thyroidectomy,10.0,113.0,11.3
imatinib,31.0,109.0,3.645161290322581
suppressor,34.0,113.0,3.323529411764706
persistent,52.0,113.0,2.173076923076923
bias,32.0,112.0,3.5
underwent,36.0,112.0,3.111111111111111
core,59.0,112.0,1.8983050847457628
compound,48.0,112.0,2.333333333333333
anemia,58.0,92.0,1.9310344827586208
array,33.0,112.0,3.393939393939394
triple,41.0,112.0,2.731707317073171
job,61.0,112.0,1.836065573770492
device,53.0,112.0,2.1132075471698117
minority,58.0,112.0,1.9310344827586208
rfa,23.0,111.0,4.826086956521739
urine,37.0,111.0,3.0
hypothyroidism,20.0,111.0,5.55
myelodysplastic,30.0,111.0,3.7
speed,48.0,111.0,2.3125
gut,29.0,111.0,3.827586206896552
intraocular,11.0,81.0,10.090909090909092
mammogram,22.0,111.0,5.045454545454546
principal,71.0,110.0,1.5492957746478873
endoscopic,17.0,110.0,6.470588235294118
dexamethasone,21.0,109.0,5.238095238095238
appointment,64.0,110.0,1.71875
lip,24.0,109.0,4.541666666666667
face,76.0,109.0,1.4342105263157894
senior,81.0,109.0,1.345679012345679
graduate,34.0,109.0,3.2058823529411766
microsatellite,19.0,-63.0,5.7368421052631575
live,74.0,109.0,1.472972972972973
tnm,11.0,109.0,9.909090909090908
atypical,26.0,109.0,4.1923076923076925
advocacy,49.0,108.0,2.204081632653061
nuclear,55.0,108.0,1.963636363636364
responsible,72.0,108.0,1.5
dependent,54.0,108.0,2.0
contribution,67.0,108.0,1.611940298507463
enrollment,61.0,108.0,1.7704918032786885
disturbance,14.0,107.0,7.642857142857143
minimal,49.0,107.0,2.183673469387755
agreement,68.0,107.0,1.5735294117647058
kmt2a,3.0,107.0,35.666666666666664
premature,23.0,106.0,4.608695652173913
notice,59.0,106.0,1.7966101694915255
administrative,50.0,106.0,2.12
immature,22.0,106.0,4.818181818181818
sound,49.0,106.0,2.163265306122449
thin,47.0,106.0,2.25531914893617
adjustment,29.0,106.0,3.655172413793104
mesothelioma,11.0,105.0,9.545454545454543
industry,45.0,105.0,2.333333333333333
hcmi,9.0,105.0,11.666666666666666
hum,12.0,105.0,8.75
department,70.0,105.0,1.5
true,76.0,105.0,1.381578947368421
hepatoblastoma,5.0,105.0,21.0
proteomic,29.0,105.0,3.6206896551724137
intramural,54.0,105.0,1.9444444444444444
transfer,54.0,105.0,1.9444444444444444
unilateral,16.0,105.0,6.5625
facilitate,74.0,105.0,1.4189189189189189
neuropathy,31.0,105.0,3.3870967741935485
conditioning,10.0,104.0,10.4
metab,12.0,104.0,8.666666666666666
sharing,65.0,104.0,1.6
drive,83.0,104.0,1.2530120481927711
etv6,4.0,104.0,26.0
axillary,6.0,104.0,17.333333333333332
cholesterol,15.0,104.0,6.933333333333334
salary,31.0,104.0,3.3548387096774195
heterogeneity,34.0,103.0,3.0294117647058822
pilot,52.0,103.0,1.9807692307692308
computed,56.0,103.0,1.8392857142857144
unfavorable,17.0,103.0,6.0588235294117645
egfr,40.0,103.0,2.575
shh,7.0,103.0,14.714285714285714
manifestation,19.0,103.0,5.421052631578948
daratumumab,14.0,103.0,7.357142857142857
desmoid,13.0,103.0,7.923076923076923
methotrexate,16.0,103.0,6.4375
instability,29.0,103.0,3.5517241379310347
meningioma,14.0,102.0,7.285714285714286
consultation,31.0,102.0,3.290322580645161
oropharyngeal,29.0,102.0,3.5172413793103448
statistical,71.0,102.0,1.4366197183098592
idh,15.0,102.0,6.8
rituximab,21.0,102.0,4.857142857142857
dicer1,4.0,102.0,25.5
deficit,11.0,102.0,9.272727272727272
duplication,21.0,101.0,4.809523809523809
formation,62.0,101.0,1.6290322580645162
vision,59.0,101.0,1.7118644067796611
gastroenterology,11.0,101.0,9.181818181818182
artificial,51.0,101.0,1.9803921568627447
brief,73.0,100.0,1.36986301369863
somatostatin,12.0,100.0,8.333333333333334
respiratory,33.0,100.0,3.0303030303030303
sexual,31.0,100.0,3.225806451612903
spotlight,66.0,100.0,1.5151515151515151
r01,27.0,100.0,3.703703703703704
learning,65.0,100.0,1.5384615384615383
gist,16.0,100.0,6.25
integrative,48.0,100.0,2.083333333333333
night,39.0,100.0,2.5641025641025643
equivalent,41.0,-112.0,2.4390243902439024
mutational,27.0,99.0,3.6666666666666665
green,48.0,-177.0,2.0625
locus,12.0,99.0,8.25
manual,16.0,99.0,6.1875
parathyroid,7.0,99.0,14.142857142857142
paranasal,8.0,99.0,12.375
uncommon,33.0,99.0,3.0
nut,21.0,99.0,4.714285714285714
intelligence,43.0,99.0,2.302325581395349
lifestyle,39.0,99.0,2.5384615384615383
facility,51.0,98.0,1.9215686274509804
seq,14.0,98.0,7.0
select,56.0,98.0,1.75
dye,35.0,98.0,2.8
sufficient,65.0,98.0,1.5076923076923077
introduction,54.0,98.0,1.8148148148148149
cbt,9.0,98.0,10.88888888888889
cytokine,31.0,97.0,3.129032258064516
protection,45.0,97.0,2.1555555555555554
osteosarcoma,12.0,97.0,8.083333333333334
olaparib,17.0,97.0,5.705882352941177
symptomatic,20.0,97.0,4.85
aya,17.0,97.0,5.705882352941177
depressive,12.0,97.0,8.083333333333334
bloodstream,56.0,97.0,1.7321428571428572
nanoparticle,22.0,97.0,4.409090909090909
hydrochloride,24.0,96.0,4.0
gap,72.0,96.0,1.3333333333333333
law,48.0,96.0,2.0
making,34.0,96.0,2.823529411764706
layer,40.0,96.0,2.4
pathological,17.0,96.0,5.647058823529412
gdc,20.0,96.0,4.8
nutrition,39.0,96.0,2.4615384615384617
north,53.0,96.0,1.8113207547169807
dataset,45.0,96.0,2.1333333333333333
midline,22.0,96.0,4.363636363636363
invasion,27.0,95.0,3.5185185185185186
esophagus,37.0,95.0,2.5675675675675675
oxygen,41.0,95.0,2.317073170731707
mission,60.0,95.0,1.5833333333333333
sort,40.0,95.0,2.375
speciman,39.0,95.0,2.435897435897436
fulvestrant,4.0,95.0,23.75
centimeter,14.0,95.0,6.785714285714286
sir,3.0,95.0,31.666666666666668
plasma,30.0,94.0,3.1333333333333333
interactive,59.0,94.0,1.5932203389830508
hepatic,18.0,94.0,5.222222222222222
modification,47.0,94.0,2.0
proton,21.0,94.0,4.476190476190476
false,42.0,94.0,2.238095238095238
kit,25.0,94.0,3.76
consumption,22.0,94.0,4.2727272727272725
autoimmune,27.0,94.0,3.4814814814814814
measurement,43.0,94.0,2.186046511627907
lymphoid,28.0,94.0,3.357142857142857
interim,35.0,94.0,2.685714285714285
diffuse,31.0,94.0,3.032258064516129
german,18.0,94.0,5.222222222222222
initiation,46.0,94.0,2.0434782608695654
instance,72.0,94.0,1.3055555555555556
usual,41.0,94.0,2.292682926829268
availability,72.0,94.0,1.3055555555555556
mismatch,19.0,93.0,4.894736842105263
developmental,51.0,93.0,1.8235294117647056
penetrance,14.0,-71.0,6.642857142857143
abemaciclib,10.0,35.0,9.3
mind,68.0,93.0,1.3676470588235294
chair,51.0,93.0,1.8235294117647056
grand,26.0,93.0,3.576923076923077
dissection,20.0,93.0,4.65
atezolizumab,29.0,93.0,3.206896551724138
lymphocyte,30.0,93.0,3.1
gross,19.0,93.0,4.894736842105263
undergone,39.0,93.0,2.3846153846153846
menopausal,16.0,93.0,5.8125
appendix,13.0,60.0,7.153846153846154
mixed,37.0,92.0,2.4864864864864864
movement,44.0,92.0,2.090909090909091
clue,69.0,92.0,1.3333333333333333
ductal,30.0,92.0,3.066666666666667
track,62.0,92.0,1.4838709677419355
oliver,22.0,92.0,4.181818181818182
anticancer,56.0,92.0,1.6428571428571428
lmic,15.0,92.0,6.133333333333334
ccg,40.0,91.0,2.275
abiraterone,13.0,91.0,7.0
hyperparathyroidism,4.0,91.0,22.75
meaningful,70.0,-140.0,1.3
nf1,16.0,91.0,5.6875
assistance,50.0,91.0,1.82
progressive,35.0,91.0,2.6
mineral,15.0,91.0,6.066666666666666
wnt,6.0,91.0,15.166666666666666
epithelial,48.0,91.0,1.8958333333333333
monitoring,58.0,91.0,1.5689655172413792
covid-19,28.0,91.0,3.25
informatic,32.0,90.0,2.8125
membrane,46.0,90.0,1.9565217391304348
venetoclax,14.0,90.0,6.428571428571429
simple,65.0,90.0,1.3846153846153846
room,62.0,90.0,1.4516129032258065
digestive,47.0,90.0,1.9148936170212767
durvalumab,11.0,90.0,8.181818181818182
hemangioma,4.0,90.0,22.5
assay,49.0,90.0,1.836734693877551
echo,27.0,90.0,3.333333333333333
mild,48.0,89.0,1.8541666666666667
unusual,64.0,89.0,1.390625
contralateral,15.0,-129.0,5.933333333333334
diversity,57.0,89.0,1.5614035087719298
culture,52.0,89.0,1.7115384615384617
emergency,33.0,89.0,2.696969696969697
papillomavirus,58.0,89.0,1.5344827586206895
feeling,40.0,89.0,2.225
suppression,27.0,88.0,3.259259259259259
mapk,9.0,88.0,9.77777777777778
workforce,42.0,88.0,2.095238095238096
alpha,29.0,88.0,3.034482758620689
millimeter,7.0,88.0,12.571428571428571
property,47.0,88.0,1.872340425531915
paediatric,22.0,88.0,4.0
assess,60.0,88.0,1.4666666666666666
fecal,11.0,88.0,8.0
perception,24.0,88.0,3.6666666666666665
nodal,16.0,88.0,5.5
balance,62.0,88.0,1.4193548387096775
postdoc,21.0,88.0,4.190476190476191
gender,28.0,88.0,3.142857142857143
capacity,46.0,88.0,1.9130434782608696
stroke,24.0,88.0,3.6666666666666665
applicable,64.0,87.0,1.359375
ewing,17.0,87.0,5.117647058823529
toxin,31.0,87.0,2.806451612903226
healthcare,66.0,87.0,1.318181818181818
executive,40.0,87.0,2.175
word,58.0,87.0,1.5
inhibition,38.0,87.0,2.289473684210526
excision,26.0,87.0,3.3461538461538463
gonadal,9.0,86.0,9.555555555555555
suppl,32.0,86.0,2.6875
message,56.0,86.0,1.5357142857142858
mature,18.0,86.0,4.777777777777778
protective,35.0,86.0,2.4571428571428573
bind,65.0,-179.0,1.323076923076923
histone,19.0,86.0,4.526315789473684
cancerous,60.0,86.0,1.4333333333333331
exon,16.0,86.0,5.375
reproductive,30.0,86.0,2.8666666666666667
associate,61.0,86.0,1.4098360655737705
emission,40.0,85.0,2.125
uptake,39.0,85.0,2.1794871794871797
look,61.0,85.0,1.3934426229508197
pd-1,37.0,85.0,2.2972972972972974
seminar,31.0,-78.0,2.7419354838709675
building,67.0,85.0,1.2686567164179106
resolution,41.0,85.0,2.073170731707317
equity,44.0,85.0,1.9318181818181817
emotion,44.0,85.0,1.9318181818181817
box,38.0,84.0,2.210526315789474
kill,56.0,84.0,1.5
ready,55.0,84.0,1.5272727272727271
oncogenic,27.0,84.0,3.111111111111111
europe,57.0,84.0,1.4736842105263157
guest,26.0,84.0,3.230769230769231
music,29.0,84.0,2.896551724137931
wave,40.0,84.0,2.1
men2a,6.0,84.0,14.0
counselor,45.0,84.0,1.8666666666666667
girl,31.0,84.0,2.7096774193548385
delay,49.0,84.0,1.7142857142857142
county,12.0,84.0,7.0
adolescence,30.0,84.0,2.8
polymorphism,16.0,84.0,5.25
instrument,41.0,83.0,2.024390243902439
hair,20.0,83.0,4.15
mentorship,25.0,83.0,3.32
mrna,16.0,83.0,5.1875
calcium,29.0,83.0,2.862068965517241
paraganglioma,7.0,83.0,11.857142857142858
sibling,15.0,83.0,5.533333333333333
universal,22.0,83.0,3.772727272727273
margin,19.0,83.0,4.368421052631579
unclear,48.0,83.0,1.7291666666666667
trametinib,20.0,83.0,4.15
serum,22.0,83.0,3.772727272727273
extramural,58.0,83.0,1.4310344827586208
hormonal,32.0,83.0,2.59375
rehabilitation,45.0,83.0,1.8444444444444448
hypothesis,58.0,83.0,1.4310344827586208
citizen,36.0,83.0,2.305555555555556
aromatase,13.0,82.0,6.307692307692308
web,52.0,-166.0,1.5769230769230769
immediate,56.0,82.0,1.4642857142857142
psychooncology,14.0,82.0,5.857142857142857
outstanding,40.0,82.0,2.05
principle,48.0,82.0,1.7083333333333333
mammography,17.0,82.0,4.823529411764706
springer,14.0,82.0,5.857142857142857
observational,41.0,82.0,2.0
sequencing,44.0,82.0,1.8636363636363635
code,43.0,82.0,1.9069767441860463
ribociclib,12.0,81.0,6.75
officer,65.0,81.0,1.2461538461538462
hypothalamic,6.0,81.0,13.5
absolute,15.0,81.0,5.4
intake,25.0,81.0,3.24
thinking,43.0,81.0,1.8837209302325584
minute,48.0,81.0,1.6875
ajcc,8.0,81.0,10.125
worker,62.0,81.0,1.3064516129032258
traditional,60.0,81.0,1.35
microbiome,27.0,81.0,3.0
helicobacter,9.0,81.0,9.0
determinant,39.0,81.0,2.076923076923077
gynecologic,37.0,81.0,2.189189189189189
market,31.0,80.0,2.5806451612903225
posterior,9.0,80.0,8.88888888888889
processing,36.0,80.0,2.2222222222222223
submission,42.0,80.0,1.9047619047619049
letrozole,9.0,80.0,8.88888888888889
k01,29.0,80.0,2.7586206896551726
dense,23.0,-88.0,3.4782608695652173
round,42.0,80.0,1.9047619047619049
overexpression,12.0,80.0,6.666666666666667
alliance,39.0,80.0,2.051282051282051
sentinel,12.0,79.0,6.583333333333333
antibiotic,26.0,79.0,3.0384615384615383
nonpolyposis,5.0,79.0,15.8
microscopy,35.0,-7.0,2.257142857142857
limit,58.0,79.0,1.362068965517241
congenital,8.0,79.0,9.875
endpoint,40.0,79.0,1.975
america,33.0,79.0,2.393939393939394
stool,17.0,79.0,4.647058823529412
representative,64.0,79.0,1.234375
appendiceal,7.0,79.0,11.285714285714286
inactivation,11.0,79.0,7.181818181818182
questionnaire,40.0,79.0,1.975
k27,3.0,79.0,26.33333333333333
myeloproliferative,5.0,78.0,15.6
synthetic,36.0,78.0,2.1666666666666665
androgen,19.0,78.0,4.105263157894737
numerous,55.0,78.0,1.4181818181818182
comparative,28.0,78.0,2.7857142857142856
radical,29.0,78.0,2.689655172413793
return,66.0,78.0,1.181818181818182
dynamic,55.0,78.0,1.4181818181818182
mrd,7.0,78.0,11.142857142857142
private,59.0,78.0,1.3220338983050848
excellent,36.0,78.0,2.1666666666666665
targeted,56.0,78.0,1.3928571428571428
preliminary,52.0,78.0,1.5
comparable,29.0,78.0,2.689655172413793
occurrence,27.0,78.0,2.888888888888889
receipt,25.0,-187.0,3.12
stratification,24.0,78.0,3.25
letter,33.0,77.0,2.333333333333333
pertuzumab,6.0,77.0,12.833333333333334
chemistry,45.0,77.0,1.711111111111111
color,39.0,77.0,1.9743589743589745
dog,11.0,77.0,7.0
positron,40.0,77.0,1.925
pelvic,16.0,77.0,4.8125
anastrozole,5.0,77.0,15.4
attitude,20.0,77.0,3.85
translation,37.0,77.0,2.081081081081081
faculty,40.0,77.0,1.925
beneficial,48.0,77.0,1.6041666666666667
serotonin,11.0,76.0,6.909090909090909
infantile,9.0,76.0,8.444444444444445
asymptomatic,27.0,76.0,2.814814814814815
insufficiency,10.0,76.0,7.6
stigma,17.0,76.0,4.470588235294118
airway,20.0,76.0,3.8
nutrient,33.0,76.0,2.303030303030303
slow,60.0,76.0,1.2666666666666666
exceptional,23.0,76.0,3.3043478260869565
genitourinary,28.0,31.0,2.7142857142857144
curative,49.0,76.0,1.5510204081632653
dominant,14.0,76.0,5.428571428571429
rash,50.0,76.0,1.52
indolent,17.0,76.0,4.470588235294118
ethnicity,40.0,76.0,1.9
typical,39.0,76.0,1.948717948717949
amin,8.0,76.0,9.5
indicator,41.0,75.0,1.829268292682927
shrink,54.0,75.0,1.3888888888888888
colectomy,4.0,75.0,18.75
peritoneal,32.0,75.0,2.34375
nanci,7.0,75.0,10.714285714285714
voice,42.0,75.0,1.7857142857142858
van,19.0,75.0,3.947368421052632
infectious,51.0,75.0,1.4705882352941178
launch,53.0,75.0,1.4150943396226414
challenging,62.0,75.0,1.2096774193548387
moment,46.0,75.0,1.6304347826086956
slide,41.0,75.0,1.829268292682927
biochemical,19.0,75.0,3.947368421052632
directive,12.0,75.0,6.25
breath,38.0,75.0,1.973684210526316
virtual,50.0,75.0,1.5
couple,36.0,75.0,2.083333333333333
fit,46.0,75.0,1.6304347826086956
lump,28.0,75.0,2.6785714285714284
nih.gov,71.0,75.0,1.056338028169014
finasteride,3.0,75.0,25.0
shape,46.0,74.0,1.608695652173913
throat,38.0,74.0,1.947368421052632
cultural,26.0,74.0,2.8461538461538463
mypart,21.0,74.0,3.523809523809524
mood,28.0,74.0,2.642857142857143
withdrawal,22.0,74.0,3.363636363636364
concentration,35.0,74.0,2.1142857142857143
nationwide,41.0,74.0,1.804878048780488
nevus,15.0,74.0,4.933333333333334
untreated,41.0,74.0,1.804878048780488
neurological,19.0,74.0,3.8947368421052633
iiib,14.0,73.0,5.214285714285714
laryngeal,15.0,73.0,4.866666666666666
lineage,14.0,73.0,5.214285714285714
selective,32.0,73.0,2.28125
k12,7.0,73.0,10.428571428571429
capecitabine,11.0,73.0,6.636363636363637
legal,53.0,73.0,1.3773584905660377
viral,34.0,73.0,2.147058823529412
postoperative,15.0,73.0,4.866666666666666
completion,29.0,73.0,2.5172413793103448
nilotinib,10.0,73.0,7.3
sodium,20.0,73.0,3.65
premenopausal,14.0,73.0,5.214285714285714
glioneuronal,4.0,73.0,18.25
selumetinib,16.0,73.0,4.5625
platelet,31.0,73.0,2.3548387096774195
seizure,22.0,73.0,3.3181818181818183
foreign,42.0,73.0,1.738095238095238
adjacent,32.0,73.0,2.28125
headache,46.0,73.0,1.5869565217391304
manner,48.0,72.0,1.5
investment,45.0,72.0,1.6
scanner,30.0,72.0,2.4
collaborator,46.0,72.0,1.565217391304348
etiology,35.0,72.0,2.057142857142857
trainee,26.0,72.0,2.769230769230769
alveolar,15.0,72.0,4.8
unit,37.0,72.0,1.945945945945946
taxane,10.0,72.0,7.2
k08,7.0,72.0,10.285714285714286
vice,33.0,72.0,2.1818181818181817
specificity,22.0,72.0,3.272727272727273
neutropenia,34.0,72.0,2.117647058823529
solution,60.0,72.0,1.2
dm1,6.0,72.0,12.0
slot,56.0,72.0,1.2857142857142858
mtc,5.0,-139.0,14.4
cough,28.0,72.0,2.571428571428572
game,37.0,72.0,1.945945945945946
delirium,10.0,72.0,7.2
unable,52.0,72.0,1.3846153846153846
sorafenib,14.0,71.0,5.071428571428571
arch,27.0,71.0,2.6296296296296298
rathmell,12.0,71.0,5.916666666666667
kra,23.0,71.0,3.0869565217391304
fatal,53.0,71.0,1.339622641509434
cava,5.0,71.0,14.2
uveal,13.0,71.0,5.461538461538462
cover,55.0,71.0,1.290909090909091
height,9.0,71.0,7.888888888888889
item,33.0,71.0,2.1515151515151514
shift,58.0,71.0,1.2241379310344829
summer,39.0,71.0,1.8205128205128205
definitive,52.0,71.0,1.3653846153846154
locoregional,10.0,70.0,7.0
prophylactic,20.0,70.0,3.5
promoter,11.0,70.0,6.363636363636363
boy,22.0,70.0,3.1818181818181817
portion,61.0,70.0,1.147540983606557
fine,48.0,70.0,1.4583333333333333
aspirin,18.0,70.0,3.888888888888889
cytotoxic,32.0,70.0,2.1875
leg,34.0,70.0,2.0588235294117645
dental,13.0,70.0,5.384615384615385
htan,11.0,70.0,6.363636363636363
palliat,10.0,70.0,7.0
weak,46.0,69.0,1.5
journey,41.0,69.0,1.6829268292682926
alectinib,13.0,69.0,5.307692307692308
manufacturer,54.0,69.0,1.2777777777777777
quantitative,38.0,69.0,1.8157894736842104
puberty,10.0,69.0,6.9
air,35.0,69.0,1.9714285714285715
listener,20.0,69.0,3.45
discipline,46.0,69.0,1.5
fold,23.0,69.0,3.0
overdiagnosis,28.0,69.0,2.4642857142857144
brca2,30.0,69.0,2.3
query,65.0,69.0,1.0615384615384615
psychotherapy,12.0,69.0,5.75
utility,45.0,69.0,1.5333333333333334
commun,12.0,69.0,5.75
nctn,20.0,69.0,3.45
careful,45.0,69.0,1.5333333333333334
sectional,14.0,68.0,4.857142857142857
cml,11.0,68.0,6.181818181818182
ask,37.0,68.0,1.837837837837838
anal,24.0,68.0,2.833333333333333
mesylate,23.0,68.0,2.9565217391304346
continued,59.0,68.0,1.152542372881356
watchful,17.0,68.0,4.0
aware,51.0,68.0,1.3333333333333333
relation,36.0,68.0,1.8888888888888888
accessible,58.0,68.0,1.1724137931034482
drink,20.0,68.0,3.4
fraction,30.0,18.0,2.2666666666666666
nucleotide,16.0,68.0,4.25
conclusion,53.0,68.0,1.2830188679245282
probe,28.0,68.0,2.4285714285714284
autosomal,11.0,68.0,6.181818181818182
valuable,59.0,68.0,1.152542372881356
biallelic,6.0,68.0,11.333333333333334
lobe,17.0,-66.0,3.941176470588236
terminal,25.0,67.0,2.68
pancrea,30.0,67.0,2.2333333333333334
composition,26.0,67.0,2.576923076923077
pharmaceutical,54.0,67.0,1.2407407407407407
ribbon,24.0,67.0,2.7916666666666665
hematology,45.0,67.0,1.488888888888889
nose,22.0,67.0,3.0454545454545454
exemestane,4.0,67.0,16.75
ptc,6.0,67.0,11.166666666666666
lymphocytic,36.0,67.0,1.8611111111111112
robust,53.0,67.0,1.2641509433962264
classical,14.0,67.0,4.785714285714286
precancer,26.0,67.0,2.576923076923077
fluorouracil,17.0,67.0,3.941176470588236
hyperplasia,17.0,67.0,3.941176470588236
agonist,19.0,-77.0,3.526315789473684
palbociclib,10.0,67.0,6.7
recording,29.0,67.0,2.310344827586207
exome,25.0,67.0,2.68
visualization,25.0,67.0,2.68
optic,14.0,67.0,4.785714285714286
osimertinib,13.0,-144.0,5.153846153846154
enhance,52.0,67.0,1.2884615384615383
pnet,11.0,66.0,6.0
actionable,30.0,66.0,2.2
hardship,12.0,66.0,5.5
bereaved,6.0,66.0,11.0
complexity,50.0,66.0,1.32
spindle,5.0,66.0,13.2
crizotinib,21.0,66.0,3.142857142857143
africa,28.0,66.0,2.357142857142857
engagement,44.0,66.0,1.5
tumorigenesis,23.0,66.0,2.869565217391304
dysplastic,12.0,66.0,5.5
economic,30.0,66.0,2.2
vena,5.0,66.0,13.2
pelvis,29.0,66.0,2.2758620689655173
responder,24.0,66.0,2.75
unrelated,18.0,66.0,3.6666666666666665
cssi,16.0,66.0,4.125
interdisciplinary,31.0,66.0,2.129032258064516
distribution,34.0,66.0,1.9411764705882355
comorbiditie,15.0,66.0,4.4
defect,31.0,66.0,2.129032258064516
cdc,28.0,66.0,2.357142857142857
electronic,41.0,66.0,1.6097560975609757
integration,40.0,66.0,1.65
join,47.0,65.0,1.3829787234042554
yield,31.0,65.0,2.096774193548387
algorithm,29.0,65.0,2.2413793103448274
corticosteroid,17.0,65.0,3.823529411764706
deputy,52.0,65.0,1.25
permanent,40.0,65.0,1.625
pcr,11.0,65.0,5.909090909090909
operation,49.0,65.0,1.326530612244898
magnitude,31.0,65.0,2.096774193548387
love,31.0,65.0,2.096774193548387
fish,21.0,65.0,3.095238095238096
dark,21.0,65.0,3.095238095238096
dfs,5.0,65.0,13.0
immunohistochemistry,20.0,65.0,3.25
aug,29.0,65.0,2.2413793103448274
diaphragm,12.0,65.0,5.416666666666667
differentiation,21.0,-129.0,3.095238095238096
demographic,39.0,65.0,1.6666666666666667
appearance,38.0,65.0,1.7105263157894737
cebpa,3.0,65.0,21.666666666666668
transformation,39.0,65.0,1.6666666666666667
french,21.0,65.0,3.095238095238096
diabetes,19.0,64.0,3.3684210526315788
scope,45.0,64.0,1.4222222222222225
supratentorial,6.0,64.0,10.666666666666666
precancerous,43.0,64.0,1.4883720930232558
hazard,29.0,64.0,2.206896551724138
hybridization,16.0,64.0,4.0
salvage,13.0,64.0,4.923076923076923
functioning,17.0,64.0,3.764705882352941
lenalidomide,13.0,64.0,4.923076923076923
aspiration,38.0,64.0,1.6842105263157894
mantle,17.0,64.0,3.764705882352941
angle,49.0,64.0,1.3061224489795915
mark,38.0,64.0,1.6842105263157894
detectable,33.0,64.0,1.9393939393939397
third,41.0,64.0,1.5609756097560976
myc,13.0,64.0,4.923076923076923
boost,27.0,64.0,2.3703703703703702
sun,20.0,64.0,3.2
quit,20.0,64.0,3.2
validity,18.0,64.0,3.555555555555556
clonal,19.0,64.0,3.3684210526315788
macrophage,18.0,64.0,3.555555555555556
epidemic,21.0,64.0,3.0476190476190474
dual,25.0,64.0,2.56
segment,40.0,63.0,1.575
transcriptional,16.0,63.0,3.9375
cup,10.0,63.0,6.3
pipeline,40.0,63.0,1.575
promyelocytic,5.0,63.0,12.6
asian,37.0,63.0,1.7027027027027026
weekly,37.0,63.0,1.7027027027027026
fear,35.0,63.0,1.8
lesson,46.0,63.0,1.3695652173913044
smokeless,16.0,63.0,3.9375
mll,5.0,63.0,12.6
keytruda,53.0,63.0,1.1886792452830188
powerful,50.0,63.0,1.26
octreotide,12.0,63.0,5.25
fruit,27.0,63.0,2.333333333333333
ccr,38.0,63.0,1.6578947368421053
heavy,32.0,62.0,1.9375
prednisone,17.0,62.0,3.647058823529412
pharmacological,12.0,62.0,5.166666666666667
imat,13.0,62.0,4.769230769230769
pten,11.0,62.0,5.636363636363637
bright,37.0,62.0,1.6756756756756757
rule,38.0,62.0,1.631578947368421
dissemination,41.0,62.0,1.5121951219512195
pineoblastoma,6.0,62.0,10.333333333333334
sugar,36.0,62.0,1.7222222222222223
contract,38.0,62.0,1.631578947368421
enhancer,8.0,62.0,7.75
impaction,3.0,62.0,20.666666666666668
responsibility,53.0,62.0,1.169811320754717
rich,44.0,62.0,1.4090909090909092
campus,39.0,62.0,1.5897435897435896
hospitalization,16.0,62.0,3.875
linkage,21.0,62.0,2.952380952380953
asia,26.0,62.0,2.3846153846153846
prophylaxis,6.0,62.0,10.333333333333334
switch,29.0,61.0,2.103448275862069
breathing,29.0,61.0,2.103448275862069
idh1,12.0,61.0,5.083333333333333
jones,29.0,61.0,2.103448275862069
suicidal,4.0,61.0,15.25
conjugate,26.0,61.0,2.3461538461538463
laser,19.0,61.0,3.210526315789474
artery,16.0,61.0,3.8125
amazing,27.0,61.0,2.259259259259259
ill,17.0,61.0,3.588235294117647
catalog,20.0,61.0,3.05
hematol,22.0,61.0,2.772727272727273
jama,54.0,-38.0,1.1296296296296295
pathogenesis,18.0,61.0,3.388888888888889
sweat,18.0,61.0,3.388888888888889
ifosfamide,11.0,61.0,5.545454545454546
recognition,40.0,60.0,1.5
excited,37.0,60.0,1.6216216216216215
relief,24.0,60.0,2.5
nccn,13.0,60.0,4.615384615384615
sbir,16.0,60.0,3.75
specialized,45.0,60.0,1.3333333333333333
fight,52.0,60.0,1.1538461538461535
adherence,23.0,60.0,2.608695652173913
qol,7.0,60.0,8.571428571428571
intergroup,11.0,60.0,5.454545454545454
gamma,18.0,60.0,3.333333333333333
iodine,19.0,60.0,3.1578947368421053
juvenile,9.0,60.0,6.666666666666667
lenvatinib,8.0,60.0,7.5
epidermal,19.0,60.0,3.1578947368421053
rodriguez,29.0,60.0,2.0689655172413794
hepatocellular,17.0,60.0,3.5294117647058822
predominant,16.0,60.0,3.75
multicentre,15.0,60.0,4.0
skull,21.0,60.0,2.857142857142857
addiction,24.0,60.0,2.5
odd,27.0,60.0,2.2222222222222223
fundamental,49.0,60.0,1.2244897959183674
veteran,25.0,59.0,2.36
accuracy,33.0,59.0,1.7878787878787878
tmem,3.0,59.0,19.666666666666668
couch,8.0,59.0,7.375
card,33.0,59.0,1.7878787878787878
spleen,18.0,59.0,3.2777777777777777
webinar,36.0,59.0,1.6388888888888888
software,30.0,59.0,1.9666666666666663
framework,40.0,59.0,1.475
satisfaction,11.0,59.0,5.363636363636363
practical,49.0,59.0,1.2040816326530612
ncorp,28.0,59.0,2.107142857142857
esmo,16.0,59.0,3.6875
erg,3.0,59.0,19.666666666666668
water,30.0,59.0,1.9666666666666663
assistant,36.0,59.0,1.6388888888888888
geographic,40.0,59.0,1.475
modest,50.0,59.0,1.18
transcript,28.0,59.0,2.107142857142857
modeling,29.0,59.0,2.034482758620689
tandem,11.0,58.0,5.2727272727272725
build,53.0,58.0,1.0943396226415094
undergo,38.0,58.0,1.5263157894736843
ipsilateral,5.0,58.0,11.6
multigene,9.0,58.0,6.444444444444445
dramatic,52.0,58.0,1.1153846153846154
psychiatric,8.0,58.0,7.25
monitor,47.0,58.0,1.2340425531914894
focal,15.0,58.0,3.8666666666666663
dinutuximab,6.0,58.0,9.666666666666666
nasopharynx,6.0,58.0,9.666666666666666
mother,34.0,58.0,1.7058823529411764
art,43.0,58.0,1.3488372093023255
investigational,43.0,58.0,1.3488372093023255
twitter,28.0,58.0,2.071428571428572
inclusion,45.0,58.0,1.288888888888889
subcutaneous,18.0,58.0,3.2222222222222223
chain,19.0,58.0,3.0526315789473686
speaker,37.0,58.0,1.5675675675675675
booklet,29.0,58.0,2.0
bioinformatics,33.0,58.0,1.7575757575757576
hypermethylation,7.0,58.0,8.285714285714286
thick,11.0,57.0,5.181818181818182
radio,40.0,57.0,1.425
proliferation,32.0,57.0,1.78125
reduced,21.0,-93.0,2.7142857142857144
duct,28.0,57.0,2.0357142857142856
century,52.0,57.0,1.0961538461538465
busulfan,3.0,57.0,19.0
reliable,39.0,57.0,1.4615384615384617
brown,26.0,57.0,2.1923076923076925
metnet,11.0,57.0,5.181818181818182
improved,40.0,57.0,1.425
trigger,34.0,57.0,1.6764705882352942
discontinuation,18.0,57.0,3.1666666666666665
comfortable,37.0,57.0,1.5405405405405406
fall,45.0,57.0,1.2666666666666666
tremendous,49.0,57.0,1.163265306122449
unexpected,33.0,57.0,1.7272727272727273
unresectable,23.0,57.0,2.4782608695652173
promising,54.0,57.0,1.0555555555555556
crisis,28.0,56.0,2.0
connection,44.0,56.0,1.2727272727272727
low-,33.0,56.0,1.696969696969697
prevalent,32.0,56.0,1.75
reconstruction,13.0,56.0,4.307692307692308
uniform,37.0,56.0,1.5135135135135136
sensory,19.0,56.0,2.9473684210526314
spot,37.0,56.0,1.5135135135135136
ecosystem,22.0,56.0,2.5454545454545454
dceg,28.0,56.0,2.0
worry,29.0,56.0,1.9310344827586208
huge,41.0,56.0,1.3658536585365857
bacterial,23.0,56.0,2.4347826086956523
midostaurin,8.0,56.0,7.0
find,49.0,56.0,1.1428571428571428
sac,18.0,56.0,3.111111111111111
cabozantinib,9.0,56.0,6.222222222222222
injection,33.0,56.0,1.696969696969697
haematologica,5.0,56.0,11.2
reporting,34.0,56.0,1.6470588235294117
synovial,12.0,56.0,4.666666666666667
osteonecrosis,3.0,56.0,18.666666666666668
lens,29.0,56.0,1.9310344827586208
visa,18.0,55.0,3.055555555555556
outreach,35.0,55.0,1.5714285714285714
desire,25.0,55.0,2.2
subscribe,55.0,55.0,1.0
remarkable,47.0,55.0,1.1702127659574468
expectancy,20.0,55.0,2.75
apparent,33.0,55.0,1.6666666666666667
smarcb1,4.0,55.0,13.75
anticipatory,5.0,55.0,11.0
inheritance,15.0,55.0,3.6666666666666665
nsclc,20.0,55.0,2.75
psa,12.0,55.0,4.583333333333333
chemo,40.0,55.0,1.375
fallopian,26.0,55.0,2.1153846153846154
sclc,7.0,55.0,7.857142857142857
anterior,14.0,55.0,3.928571428571429
winslow,50.0,55.0,1.1
sequela,12.0,55.0,4.583333333333333
subjective,13.0,55.0,4.230769230769231
dimensional,32.0,55.0,1.71875
socioeconomic,29.0,55.0,1.896551724137931
deficient,19.0,55.0,2.8947368421052637
spatial,20.0,55.0,2.75
dabrafenib,17.0,55.0,3.235294117647059
painful,39.0,55.0,1.4102564102564104
continuous,33.0,55.0,1.6666666666666667
expectation,34.0,55.0,1.6176470588235294
colonic,8.0,55.0,6.875
ablation,14.0,55.0,3.928571428571429
fuel,30.0,55.0,1.8333333333333333
reality,41.0,54.0,1.3170731707317074
trajectory,30.0,54.0,1.8
drop,46.0,54.0,1.173913043478261
exclusive,14.0,54.0,3.857142857142857
academia,32.0,54.0,1.6875
interpretation,27.0,54.0,2.0
terese,49.0,54.0,1.1020408163265305
edition,25.0,54.0,2.16
widespread,35.0,54.0,1.542857142857143
swog,17.0,54.0,3.176470588235294
lethal,39.0,54.0,1.3846153846153846
sequential,15.0,54.0,3.6
fantastic,17.0,54.0,3.176470588235294
unnecessary,39.0,54.0,1.3846153846153846
lie,31.0,54.0,1.7419354838709675
tiny,45.0,54.0,1.2
dry,27.0,54.0,2.0
phenomenon,40.0,54.0,1.35
adulthood,13.0,54.0,4.153846153846154
shortness,29.0,54.0,1.862068965517241
chemoprevention,9.0,54.0,6.0
minor,25.0,54.0,2.16
jan,26.0,54.0,2.076923076923077
rev,19.0,54.0,2.8421052631578947
emphasis,41.0,54.0,1.3170731707317074
drs,41.0,54.0,1.3170731707317074
regulator,20.0,54.0,2.7
examine,43.0,54.0,1.255813953488372
tert,3.0,54.0,18.0
pneumonitis,13.0,53.0,4.076923076923077
sharpless,22.0,53.0,2.409090909090909
mobile,19.0,53.0,2.789473684210526
capsule,17.0,53.0,3.117647058823529
duodenum,6.0,53.0,8.833333333333334
responsive,30.0,53.0,1.7666666666666666
intense,38.0,53.0,1.394736842105263
psychologist,42.0,53.0,1.261904761904762
milestone,32.0,53.0,1.65625
finance,13.0,53.0,4.076923076923077
inadequate,26.0,53.0,2.0384615384615383
restriction,33.0,53.0,1.606060606060606
nov,37.0,53.0,1.4324324324324325
depth,36.0,53.0,1.4722222222222223
immunology,41.0,-9.0,1.2926829268292683
elimination,22.0,53.0,2.409090909090909
wild,14.0,53.0,3.7857142857142856
explore,46.0,53.0,1.1521739130434785
flat,24.0,53.0,2.208333333333333
adequate,37.0,53.0,1.4324324324324325
cutaneous,24.0,53.0,2.208333333333333
radiofrequency,4.0,-9.0,13.25
weakness,39.0,52.0,1.3333333333333333
transporter,7.0,52.0,7.428571428571429
religion,10.0,52.0,5.2
minimum,39.0,52.0,1.3333333333333333
fast,38.0,52.0,1.368421052631579
prescription,20.0,52.0,2.6
shrank,40.0,52.0,1.3
biospecimen,24.0,52.0,2.1666666666666665
histiocytosis,5.0,52.0,10.4
zhang,14.0,52.0,3.7142857142857135
quarter,46.0,52.0,1.1304347826086956
explanation,28.0,52.0,1.8571428571428568
indirect,35.0,52.0,1.4857142857142858
beckwith,5.0,52.0,10.4
vegetable,15.0,52.0,3.466666666666667
internet,19.0,52.0,2.736842105263158
youth,27.0,52.0,1.9259259259259256
native,35.0,52.0,1.4857142857142858
patient,49.0,52.0,1.0612244897959184
preservation,21.0,-121.0,2.4761904761904763
wiedemann,5.0,52.0,10.4
mitochondrion,10.0,52.0,5.2
vincristine,20.0,52.0,2.6
placeholder,52.0,52.0,1.0
epidemiol,16.0,52.0,3.25
cptac,10.0,52.0,5.2
transfusion,14.0,52.0,3.7142857142857135
serf,44.0,51.0,1.1590909090909092
tongue,12.0,51.0,4.25
oncolytic,11.0,51.0,4.636363636363637
cataract,9.0,51.0,5.666666666666667
correct,31.0,51.0,1.6451612903225807
strategic,31.0,51.0,1.6451612903225807
analogue,13.0,51.0,3.923076923076923
nccr,21.0,51.0,2.4285714285714284
gastroenterol,10.0,51.0,5.1
mirna,8.0,51.0,6.375
heterogeneous,21.0,51.0,2.4285714285714284
fracture,18.0,51.0,2.833333333333333
breakthrough,44.0,51.0,1.1590909090909092
teratoid,10.0,51.0,5.1
photodynamic,9.0,51.0,5.666666666666667
rise,37.0,51.0,1.3783783783783785
biosimilar,3.0,51.0,17.0
fair,23.0,51.0,2.217391304347826
explorer,29.0,51.0,1.7586206896551724
set,45.0,51.0,1.1333333333333333
supply,39.0,51.0,1.3076923076923077
library,27.0,51.0,1.8888888888888888
anatomy,34.0,50.0,1.4705882352941178
cerebrospinal,20.0,50.0,2.5
particle,28.0,50.0,1.7857142857142858
companion,31.0,50.0,1.6129032258064515
incomplete,36.0,50.0,1.3888888888888888
biologist,27.0,50.0,1.851851851851852
fam,7.0,50.0,7.142857142857143
adt,6.0,50.0,8.333333333333334
limb,13.0,50.0,3.8461538461538463
bogler,19.0,50.0,2.631578947368421
mol,14.0,50.0,3.571428571428572
intravenous,25.0,50.0,2.0
calcitonin,6.0,50.0,8.333333333333334
codon,6.0,50.0,8.333333333333334
fiber,26.0,50.0,1.9230769230769231
ther,22.0,-115.0,2.272727272727273
segmental,9.0,50.0,5.555555555555555
pneumonia,23.0,50.0,2.1739130434782608
think,25.0,50.0,2.0
catheter,17.0,50.0,2.9411764705882355
store,38.0,50.0,1.3157894736842106
outpatient,24.0,50.0,2.083333333333333
dialogue,28.0,50.0,1.7857142857142858
sep,19.0,50.0,2.631578947368421
repository,36.0,50.0,1.3888888888888888
crucial,39.0,50.0,1.2820512820512822
window,30.0,49.0,1.6333333333333333
dec,32.0,49.0,1.53125
intrinsic,23.0,49.0,2.130434782608696
blast,6.0,49.0,8.166666666666666
uterine,22.0,49.0,2.227272727272727
preparation,27.0,49.0,1.8148148148148149
avenue,41.0,49.0,1.195121951219512
door,27.0,49.0,1.8148148148148149
myeloablative,5.0,49.0,9.8
inotuzumab,7.0,49.0,7.0
myofibroblastic,9.0,49.0,5.444444444444445
revision,20.0,49.0,2.45
optional,20.0,49.0,2.45
appetite,29.0,49.0,1.6896551724137931
immunity,32.0,49.0,1.53125
ependymomas,7.0,49.0,7.0
advisor,33.0,49.0,1.4848484848484849
cll,14.0,49.0,3.5
undergraduate,20.0,49.0,2.45
epidemiological,36.0,49.0,1.3611111111111112
specimen,29.0,49.0,1.6896551724137931
independence,19.0,49.0,2.5789473684210527
foot,37.0,49.0,1.3243243243243243
serous,16.0,48.0,3.0
faq,37.0,48.0,1.2972972972972974
dmmr,10.0,48.0,4.8
ras,10.0,48.0,4.8
desmoplastic,10.0,48.0,4.8
define,24.0,48.0,2.0
cold,32.0,48.0,1.5
exception,27.0,48.0,1.7777777777777777
enteritis,4.0,48.0,12.0
house,31.0,48.0,1.5483870967741935
testosterone,16.0,48.0,3.0
achievement,28.0,48.0,1.7142857142857142
verbal,6.0,48.0,8.0
nra,11.0,48.0,4.363636363636363
commercial,35.0,48.0,1.3714285714285714
fusobacterium,5.0,48.0,9.6
opdivo,40.0,48.0,1.2
adv,13.0,48.0,3.692307692307693
vital,37.0,48.0,1.2972972972972974
jul,22.0,48.0,2.1818181818181817
later,29.0,48.0,1.6551724137931034
sponsor,16.0,48.0,3.0
esthesioneuroblastoma,4.0,48.0,12.0
upcoming,39.0,48.0,1.2307692307692308
radiopharmaceutical,6.0,48.0,8.0
atla,34.0,48.0,1.411764705882353
bortezomib,14.0,48.0,3.4285714285714284
polymerase,10.0,48.0,4.8
mar,37.0,48.0,1.2972972972972974
deal,39.0,48.0,1.2307692307692308
stat,14.0,48.0,3.4285714285714284
csf,12.0,48.0,4.0
junior,21.0,47.0,2.238095238095238
calm,8.0,47.0,5.875
armstrong,19.0,47.0,2.473684210526316
relevance,33.0,47.0,1.4242424242424243
sector,34.0,47.0,1.3823529411764706
dutch,11.0,47.0,4.2727272727272725
affordable,29.0,47.0,1.6206896551724137
bed,25.0,47.0,1.88
neuropsychological,3.0,47.0,15.666666666666666
icure,13.0,47.0,3.615384615384616
nursing,27.0,47.0,1.7407407407407407
fluorescent,24.0,47.0,1.9583333333333333
relaxation,16.0,47.0,2.9375
heterozygosity,8.0,47.0,5.875
offer,40.0,47.0,1.175
waiting,21.0,47.0,2.238095238095238
decitabine,8.0,47.0,5.875
uncertainty,35.0,47.0,1.3428571428571427
relieve,23.0,47.0,2.0434782608695654
psychiatry,8.0,47.0,5.875
fun,21.0,47.0,2.238095238095238
dysplasia,8.0,47.0,5.875
ultrasonography,13.0,47.0,3.615384615384616
thymus,17.0,47.0,2.764705882352941
concomitant,18.0,47.0,2.611111111111111
fossa,5.0,47.0,9.4
neutrophil,10.0,47.0,4.7
diameter,20.0,47.0,2.35
actual,33.0,47.0,1.4242424242424243
analyze,32.0,46.0,1.4375
overweight,12.0,46.0,3.8333333333333335
altered,18.0,46.0,2.555555555555556
mtor,13.0,46.0,3.5384615384615383
epidemiologic,27.0,46.0,1.7037037037037035
spontaneous,11.0,46.0,4.181818181818182
durable,28.0,46.0,1.6428571428571428
photon,10.0,46.0,4.6
patel,16.0,46.0,2.875
aacr,26.0,46.0,1.7692307692307692
accumulation,29.0,46.0,1.5862068965517242
fatty,16.0,46.0,2.875
iarc,18.0,46.0,2.555555555555556
feasibility,37.0,46.0,1.2432432432432432
pdac,6.0,46.0,7.666666666666667
proteogenomic,12.0,46.0,3.8333333333333335
speech,25.0,46.0,1.84
underlying,25.0,46.0,1.84
coordination,36.0,46.0,1.2777777777777777
pill,36.0,46.0,1.2777777777777777
contemporary,18.0,46.0,2.555555555555556
pan,21.0,46.0,2.1904761904761907
italian,23.0,46.0,2.0
everolimus,13.0,45.0,3.4615384615384617
assignment,25.0,45.0,1.8
antioxidant,8.0,45.0,5.625
blockade,19.0,45.0,2.3684210526315788
extreme,29.0,45.0,1.5517241379310345
hypopharyngeal,11.0,45.0,4.090909090909091
hematologic,26.0,45.0,1.7307692307692308
t32,24.0,45.0,1.875
volunteer,29.0,45.0,1.5517241379310345
nodular,10.0,45.0,4.5
determine,36.0,45.0,1.25
affected,22.0,45.0,2.0454545454545454
intrathecal,8.0,45.0,5.625
iib,11.0,45.0,4.090909090909091
tracheobronchial,7.0,45.0,6.428571428571429
chan,14.0,45.0,3.2142857142857144
daunorubicin,11.0,45.0,4.090909090909091
acceptable,34.0,45.0,1.3235294117647058
nlphl,4.0,45.0,11.25
pik3ca,13.0,45.0,3.4615384615384617
dedicated,39.0,45.0,1.1538461538461535
border,19.0,45.0,2.3684210526315788
throughput,24.0,45.0,1.875
comfort,16.0,45.0,2.8125
resuscitation,7.0,45.0,6.428571428571429
smith,20.0,45.0,2.25
mucosa,12.0,45.0,3.75
computerized,40.0,45.0,1.125
frame,20.0,45.0,2.25
cardiopulmonary,12.0,45.0,3.75
insulin,8.0,45.0,5.625
pregnant,18.0,45.0,2.5
k25,24.0,45.0,1.875
hpv16,6.0,45.0,7.5
supplementation,19.0,45.0,2.3684210526315788
mourning,3.0,45.0,15.0
endocrinol,8.0,45.0,5.625
kras,23.0,44.0,1.9130434782608696
chen,18.0,44.0,2.4444444444444446
habit,42.0,44.0,1.0476190476190477
welcome,33.0,44.0,1.3333333333333333
neuronal,11.0,44.0,4.0
astrocytoma,4.0,44.0,11.0
acceptance,23.0,44.0,1.9130434782608696
acetate,10.0,44.0,4.4
pancreas,22.0,44.0,2.0
comorbid,10.0,44.0,4.4
apl,4.0,44.0,11.0
illumina,6.0,44.0,7.333333333333333
portal,28.0,44.0,1.5714285714285714
formulation,20.0,44.0,2.2
theory,23.0,44.0,1.9130434782608696
protect,38.0,44.0,1.1578947368421053
excessive,25.0,44.0,1.76
cerebrovascular,3.0,44.0,14.666666666666666
curable,32.0,44.0,1.375
sne,3.0,44.0,14.666666666666666
wonderful,24.0,44.0,1.8333333333333333
utilization,15.0,44.0,2.933333333333333
metachronous,10.0,44.0,4.4
xerostomia,6.0,44.0,7.333333333333333
r25,25.0,44.0,1.76
maximum,26.0,44.0,1.6923076923076923
oct,26.0,44.0,1.6923076923076923
jaw,17.0,44.0,2.588235294117647
skeletal,16.0,44.0,2.75
vandetanib,6.0,44.0,7.333333333333333
prepubertal,4.0,44.0,11.0
junction,19.0,44.0,2.3157894736842106
left,32.0,44.0,1.375
sclerosis,15.0,44.0,2.933333333333333
prev,15.0,44.0,2.933333333333333
consecutive,19.0,44.0,2.3157894736842106
selpercatinib,10.0,44.0,4.4
bridge,36.0,44.0,1.2222222222222223
chimeric,21.0,44.0,2.095238095238096
ipilimumab,20.0,44.0,2.2
fnlcr,9.0,44.0,4.888888888888889
iia,10.0,44.0,4.4
deceased,7.0,43.0,6.142857142857143
pocket,24.0,43.0,1.7916666666666667
alt,4.0,43.0,10.75
u01,13.0,43.0,3.3076923076923075
city,26.0,43.0,1.6538461538461535
dexrazoxane,5.0,43.0,8.6
teen,26.0,43.0,1.6538461538461535
nsd1,3.0,43.0,14.333333333333334
plant,25.0,43.0,1.72
vulnerable,29.0,43.0,1.4827586206896552
undifferentiated,14.0,43.0,3.071428571428572
iron,9.0,43.0,4.777777777777778
mindfulness,9.0,43.0,4.777777777777778
money,28.0,43.0,1.5357142857142858
necrosis,17.0,43.0,2.5294117647058822
suspicious,24.0,43.0,1.7916666666666667
myelomonocytic,7.0,43.0,6.142857142857143
neurofibromatosis,17.0,43.0,2.5294117647058822
aging,22.0,43.0,1.9545454545454544
transcriptomic,21.0,43.0,2.0476190476190474
gleason,7.0,43.0,6.142857142857143
qualitative,22.0,43.0,1.9545454545454544
curriculum,16.0,43.0,2.6875
castration,10.0,43.0,4.3
endoscopy,9.0,43.0,4.777777777777778
faith,15.0,43.0,2.8666666666666667
sulindac,3.0,43.0,14.333333333333334
predoctoral,10.0,43.0,4.3
detect,36.0,43.0,1.1944444444444444
sudden,27.0,43.0,1.5925925925925926
acupuncture,14.0,43.0,3.071428571428572
audience,28.0,43.0,1.5357142857142858
regression,25.0,43.0,1.72
differential,21.0,43.0,2.0476190476190474
dctd,18.0,42.0,2.333333333333333
noncarrier,4.0,42.0,10.5
parameter,26.0,42.0,1.6153846153846154
downstream,19.0,42.0,2.210526315789474
aids,12.0,42.0,3.5
cyst,16.0,42.0,2.625
ctdna,6.0,42.0,7.0
stability,26.0,42.0,1.6153846153846154
fluorescence,15.0,42.0,2.8
meaning,21.0,42.0,2.0
equal,32.0,42.0,1.3125
caution,31.0,42.0,1.3548387096774193
resident,34.0,42.0,1.2352941176470589
harbor,23.0,42.0,1.826086956521739
nonmetastatic,16.0,42.0,2.625
radiologist,16.0,42.0,2.625
individualized,24.0,42.0,1.75
provision,29.0,42.0,1.4482758620689655
holiday,28.0,42.0,1.5
mibg,6.0,42.0,7.0
vast,38.0,42.0,1.105263157894737
identifie,17.0,42.0,2.4705882352941178
wish,21.0,42.0,2.0
reactive,21.0,42.0,2.0
beginning,31.0,42.0,1.3548387096774193
paradigm,24.0,42.0,1.75
read,28.0,42.0,1.5
maker,33.0,42.0,1.2727272727272727
immuno,19.0,42.0,2.210526315789474
infertility,18.0,42.0,2.333333333333333
craniopharyngioma,7.0,42.0,6.0
intern,16.0,42.0,2.625
fluoropyrimidine,7.0,42.0,6.0
testis,12.0,42.0,3.5
personnel,25.0,42.0,1.68
pace,34.0,42.0,1.2352941176470589
traumatic,13.0,42.0,3.230769230769231
bcor,3.0,41.0,13.666666666666666
inoperable,24.0,41.0,1.7083333333333333
urol,9.0,41.0,4.555555555555555
peptide,20.0,41.0,2.05
axis,9.0,41.0,4.555555555555555
meat,9.0,41.0,4.555555555555555
exosome,12.0,41.0,3.4166666666666665
sedation,7.0,41.0,5.857142857142857
brand,24.0,41.0,1.7083333333333333
persistence,14.0,41.0,2.9285714285714284
follicle,12.0,41.0,3.4166666666666665
ayas,8.0,41.0,5.125
tax,11.0,41.0,3.727272727272727
occult,18.0,41.0,2.2777777777777777
fibrosis,14.0,41.0,2.9285714285714284
histopathology,19.0,41.0,2.1578947368421053
determined,36.0,41.0,1.1388888888888888
infographic,31.0,41.0,1.3225806451612905
eortc,11.0,41.0,3.727272727272727
dacarbazine,9.0,41.0,4.555555555555555
pair,26.0,41.0,1.5769230769230769
lining,30.0,41.0,1.3666666666666667
potent,27.0,41.0,1.5185185185185186
rct,9.0,41.0,4.555555555555555
sunitinib,14.0,41.0,2.9285714285714284
dci,12.0,41.0,3.4166666666666665
syst,15.0,41.0,2.7333333333333334
reasonable,23.0,41.0,1.7826086956521738
immunization,8.0,41.0,5.125
uncertain,22.0,41.0,1.8636363636363635
citizenship,20.0,41.0,2.05
identical,29.0,41.0,1.4137931034482758
notable,32.0,41.0,1.28125
circulation,19.0,40.0,2.1052631578947367
advancement,29.0,40.0,1.3793103448275863
historical,26.0,40.0,1.5384615384615383
inhibit,30.0,40.0,1.3333333333333333
consolidation,16.0,40.0,2.5
chromatin,14.0,40.0,2.857142857142857
mellitus,7.0,40.0,5.714285714285714
specie,18.0,40.0,2.2222222222222223
practitioner,28.0,40.0,1.4285714285714286
hyperplastic,4.0,40.0,10.0
fsh,5.0,40.0,8.0
founder,12.0,40.0,3.333333333333333
indian,25.0,40.0,1.6
exploration,27.0,40.0,1.4814814814814814
experienced,34.0,40.0,1.1764705882352942
pathologic,16.0,40.0,2.5
eribulin,11.0,40.0,3.636363636363636
attempt,27.0,40.0,1.4814814814814814
disability,26.0,40.0,1.5384615384615383
melphalan,8.0,40.0,5.0
consumer,16.0,40.0,2.5
pml,3.0,40.0,13.333333333333334
telehealth,17.0,40.0,2.3529411764705883
theme,31.0,40.0,1.2903225806451613
ascertainment,5.0,40.0,8.0
editor,26.0,40.0,1.5384615384615383
physic,21.0,40.0,1.9047619047619049
vaginal,23.0,40.0,1.7391304347826086
vinblastine,13.0,40.0,3.076923076923077
electron,26.0,40.0,1.5384615384615383
immunohistochemical,11.0,40.0,3.636363636363636
f30,24.0,40.0,1.6666666666666667
compare,34.0,40.0,1.1764705882352942
standardized,20.0,40.0,2.0
scalp,12.0,40.0,3.333333333333333
disruption,27.0,40.0,1.4814814814814814
radiographic,18.0,40.0,2.2222222222222223
oophorectomy,12.0,39.0,3.25
haematopoietic,6.0,39.0,6.5
epithelioid,10.0,39.0,3.9
musculoskeletal,17.0,39.0,2.294117647058824
consent,25.0,39.0,1.56
jak,3.0,39.0,13.0
filter,26.0,39.0,1.5
absent,12.0,39.0,3.25
depressed,14.0,39.0,2.7857142857142856
hla,10.0,39.0,3.9
moxe,3.0,39.0,13.0
precise,32.0,39.0,1.21875
cat,31.0,39.0,1.2580645161290325
quick,33.0,39.0,1.181818181818182
expansion,30.0,39.0,1.3
hill,25.0,39.0,1.56
microscopic,20.0,39.0,1.95
atrx,4.0,39.0,9.75
infiltration,15.0,39.0,2.6
extracellular,24.0,39.0,1.625
iva,11.0,39.0,3.5454545454545454
controversial,25.0,39.0,1.56
mimic,27.0,39.0,1.4444444444444444
cochrane,16.0,39.0,2.4375
progressing,33.0,39.0,1.181818181818182
tolerate,30.0,39.0,1.3
exact,34.0,39.0,1.1470588235294117
master,23.0,39.0,1.6956521739130437
vesicle,17.0,39.0,2.294117647058824
chemotherapeutic,17.0,38.0,2.235294117647059
stakeholder,25.0,38.0,1.52
input,32.0,38.0,1.1875
metabolite,21.0,38.0,1.809523809523809
dave,8.0,38.0,4.75
brigatinib,5.0,38.0,7.6
download,25.0,38.0,1.52
ira,4.0,38.0,9.5
anger,13.0,38.0,2.923076923076923
poverty,22.0,38.0,1.7272727272727273
happy,25.0,38.0,1.52
modern,33.0,38.0,1.1515151515151516
stereotactic,12.0,38.0,3.1666666666666665
proof,37.0,38.0,1.027027027027027
searchable,9.0,38.0,4.222222222222222
pole,4.0,38.0,9.5
demonstration,21.0,38.0,1.809523809523809
dipg,7.0,38.0,5.428571428571429
coauthor,34.0,38.0,1.1176470588235294
grantee,29.0,38.0,1.3103448275862069
expensive,34.0,38.0,1.1176470588235294
bleeding,20.0,38.0,1.9
justification,23.0,38.0,1.6521739130434785
pod,10.0,38.0,3.8
spring,29.0,38.0,1.3103448275862069
magnet,32.0,38.0,1.1875
sick,26.0,38.0,1.4615384615384617
lateral,8.0,38.0,4.75
watch,16.0,38.0,2.375
feb,22.0,38.0,1.7272727272727273
surrogate,16.0,38.0,2.375
carcinogen,19.0,38.0,2.0
zone,10.0,38.0,3.8
eastern,26.0,38.0,1.4615384615384617
men4,3.0,38.0,12.666666666666666
film,26.0,38.0,1.4615384615384617
ideation,4.0,38.0,9.5
dotatate,7.0,38.0,5.428571428571429
cut,24.0,38.0,1.5833333333333333
interact,34.0,38.0,1.1176470588235294
labor,11.0,38.0,3.4545454545454546
hhs,12.0,38.0,3.1666666666666665
frederick,25.0,38.0,1.52
procarbazine,4.0,37.0,9.25
rigorous,35.0,37.0,1.0571428571428572
loh,9.0,37.0,4.111111111111111
biochemistry,25.0,37.0,1.48
feasible,31.0,37.0,1.1935483870967742
lactate,8.0,37.0,4.625
myelogenous,18.0,37.0,2.055555555555556
topical,11.0,37.0,3.363636363636364
clinicaltrials.gov,36.0,37.0,1.0277777777777777
karyotype,3.0,37.0,12.333333333333334
suggestion,29.0,37.0,1.2758620689655171
rai,3.0,37.0,12.333333333333334
attendee,22.0,37.0,1.681818181818182
csf3r,3.0,37.0,12.333333333333334
tsh,4.0,37.0,9.25
egg,20.0,37.0,1.85
chemoradiation,8.0,37.0,4.625
tooth,14.0,37.0,2.642857142857143
diabete,11.0,37.0,3.363636363636364
overlap,18.0,37.0,2.055555555555556
peace,13.0,37.0,2.8461538461538463
leiomyosarcoma,19.0,37.0,1.947368421052632
capability,19.0,37.0,1.947368421052632
impactful,23.0,37.0,1.608695652173913
pilocytic,3.0,37.0,12.333333333333334
biden,16.0,37.0,2.3125
park,24.0,37.0,1.5416666666666667
freedom,19.0,37.0,1.947368421052632
antitumor,24.0,37.0,1.5416666666666667
ncab,25.0,37.0,1.48
accomplishment,35.0,37.0,1.0571428571428572
compelling,29.0,37.0,1.2758620689655171
japanese,16.0,37.0,2.3125
pleasure,18.0,37.0,2.055555555555556
clinicopathologic,14.0,37.0,2.642857142857143
behalf,22.0,37.0,1.681818181818182
stop,31.0,37.0,1.1935483870967742
progenitor,9.0,36.0,4.0
amputation,6.0,36.0,6.0
incredible,15.0,36.0,2.4
pacific,18.0,36.0,2.0
nsabp,4.0,36.0,9.0
constitutional,6.0,36.0,6.0
stock,6.0,36.0,6.0
multivariable,8.0,36.0,4.5
carcinogenesis,20.0,36.0,1.8
phenotypic,13.0,36.0,2.769230769230769
supplemental,18.0,36.0,2.0
agenda,33.0,36.0,1.0909090909090908
liposarcoma,17.0,36.0,2.117647058823529
gingiva,3.0,36.0,12.0
divide,30.0,36.0,1.2
catecholamine,6.0,36.0,6.0
price,15.0,36.0,2.4
nucleus,26.0,36.0,1.3846153846153846
cryo,10.0,36.0,3.6
galindo,18.0,36.0,2.0
multifocal,11.0,36.0,3.272727272727273
micro,13.0,36.0,2.769230769230769
east,19.0,36.0,1.894736842105263
thickness,10.0,36.0,3.6
appropriation,5.0,36.0,7.2
fee,14.0,36.0,2.571428571428572
exchange,31.0,36.0,1.1612903225806452
erlotinib,14.0,36.0,2.571428571428572
spouse,19.0,36.0,1.894736842105263
promotion,19.0,36.0,1.894736842105263
seed,18.0,36.0,2.0
stent,5.0,36.0,7.2
optimistic,18.0,36.0,2.0
shrinkage,27.0,36.0,1.3333333333333333
recruitment,31.0,36.0,1.1612903225806452
pediatrician,19.0,36.0,1.894736842105263
probability,16.0,36.0,2.25
obstructive,13.0,36.0,2.769230769230769
prompt,20.0,36.0,1.8
telephone,20.0,36.0,1.8
neuroepithelial,4.0,36.0,9.0
loop,19.0,36.0,1.894736842105263
dpyd,3.0,36.0,12.0
dccp,22.0,36.0,1.6363636363636365
evaluate,31.0,36.0,1.1612903225806452
motor,9.0,36.0,4.0
dig,9.0,35.0,3.888888888888889
style,14.0,35.0,2.5
english,29.0,35.0,1.206896551724138
sunlight,23.0,35.0,1.5217391304347827
distal,11.0,35.0,3.1818181818181817
confirm,32.0,35.0,1.09375
k22,9.0,35.0,3.888888888888889
idh2,7.0,35.0,5.0
dosage,15.0,35.0,2.333333333333333
biospeciman,20.0,35.0,1.75
ileal,3.0,35.0,11.666666666666666
mechanical,13.0,35.0,2.6923076923076925
predominance,21.0,35.0,1.6666666666666667
lymphoproliferative,6.0,35.0,5.833333333333333
efficient,30.0,35.0,1.1666666666666667
similarity,22.0,35.0,1.5909090909090908
aortic,18.0,35.0,1.9444444444444444
piw,4.0,35.0,8.75
penile,12.0,35.0,2.9166666666666665
hutchinson,23.0,35.0,1.5217391304347827
outline,25.0,35.0,1.4
informational,28.0,35.0,1.25
endemic,12.0,35.0,2.9166666666666665
sub,27.0,35.0,1.2962962962962965
lobectomy,7.0,35.0,5.0
wong,16.0,35.0,2.1875
mllt1,3.0,35.0,11.666666666666666
opening,30.0,35.0,1.1666666666666667
progesterone,12.0,35.0,2.9166666666666665
inner,24.0,35.0,1.4583333333333333
axial,31.0,35.0,1.1290322580645162
passion,20.0,35.0,1.75
correlate,21.0,35.0,1.6666666666666667
bronchus,15.0,35.0,2.333333333333333
acting,20.0,35.0,1.75
catenin,5.0,35.0,7.0
sean,5.0,35.0,7.0
stream,27.0,35.0,1.2962962962962965
proto,7.0,35.0,5.0
valid,26.0,35.0,1.3461538461538465
impressive,33.0,35.0,1.0606060606060606
ward,30.0,35.0,1.1666666666666667
acalabrutinib,7.0,35.0,5.0
thompson,15.0,35.0,2.333333333333333
scenario,22.0,35.0,1.5909090909090908
heritable,8.0,35.0,4.375
peutz,3.0,35.0,11.666666666666666
mitochondrial,13.0,35.0,2.6923076923076925
attributable,17.0,35.0,2.0588235294117645
accomplish,31.0,34.0,1.096774193548387
mechanistic,26.0,34.0,1.3076923076923077
jegher,3.0,34.0,11.333333333333334
excellence,26.0,34.0,1.3076923076923077
workplace,12.0,34.0,2.833333333333333
error,24.0,34.0,1.4166666666666667
uterus,23.0,34.0,1.4782608695652173
respect,24.0,34.0,1.4166666666666667
trachea,10.0,34.0,3.4
circumstance,27.0,34.0,1.2592592592592593
engineer,21.0,34.0,1.619047619047619
tenure,23.0,34.0,1.4782608695652173
germinal,3.0,34.0,11.333333333333334
milk,17.0,34.0,2.0
lessen,26.0,34.0,1.3076923076923077
robinson,14.0,34.0,2.4285714285714284
merkel,13.0,34.0,2.6153846153846154
awardee,17.0,34.0,2.0
bttc,6.0,34.0,5.666666666666667
modifiable,12.0,34.0,2.833333333333333
palate,7.0,34.0,4.857142857142857
mid,20.0,34.0,1.7
dasatinib,12.0,34.0,2.833333333333333
temperature,18.0,34.0,1.8888888888888888
rep,16.0,34.0,2.125
pterygoid,3.0,34.0,11.333333333333334
random,24.0,34.0,1.4166666666666667
psychol,10.0,34.0,3.4
preferred,16.0,34.0,2.125
smart,25.0,34.0,1.36
primitive,9.0,34.0,3.7777777777777777
enroll,27.0,34.0,1.2592592592592593
nipple,7.0,34.0,4.857142857142857
leading,31.0,34.0,1.096774193548387
intellectual,15.0,34.0,2.2666666666666666
informed,24.0,34.0,1.4166666666666667
intent,18.0,34.0,1.8888888888888888
mathematical,19.0,34.0,1.7894736842105263
ulcer,18.0,34.0,1.8888888888888888
blocker,13.0,34.0,2.6153846153846154
band,14.0,34.0,2.4285714285714284
selenium,3.0,34.0,11.333333333333334
numbness,27.0,34.0,1.2592592592592593
usa.gov,34.0,34.0,1.0
hanlon,6.0,33.0,5.5
infancy,9.0,33.0,3.6666666666666665
foster,32.0,33.0,1.03125
immunoprevention,14.0,33.0,2.357142857142857
goserelin,7.0,33.0,4.714285714285714
tisagenlecleucel,12.0,33.0,2.75
men1,8.0,33.0,4.125
conjunction,32.0,33.0,1.03125
efficiency,20.0,33.0,1.65
ulceration,5.0,33.0,6.6
unmet,28.0,33.0,1.1785714285714286
teaching,18.0,33.0,1.8333333333333333
biologic,23.0,33.0,1.434782608695652
pursue,29.0,33.0,1.137931034482759
anatomical,14.0,33.0,2.357142857142857
restrictive,6.0,33.0,5.5
missense,6.0,33.0,5.5
secretion,12.0,33.0,2.75
bar,20.0,33.0,1.65
nciccgenomic,33.0,33.0,1.0
ligand,17.0,33.0,1.9411764705882355
radiology,21.0,33.0,1.5714285714285714
postpubertal,3.0,33.0,11.0
ihc,8.0,33.0,4.125
rhythm,14.0,33.0,2.357142857142857
geriatric,6.0,33.0,5.5
entry,24.0,33.0,1.375
prado,9.0,33.0,3.6666666666666665
favorite,23.0,33.0,1.434782608695652
gold,23.0,33.0,1.434782608695652
validate,27.0,33.0,1.2222222222222223
equipment,25.0,33.0,1.32
cipn,3.0,33.0,11.0
format,28.0,33.0,1.1785714285714286
methodology,16.0,33.0,2.0625
narrow,19.0,33.0,1.736842105263158
nonmalignant,10.0,33.0,3.3
defense,27.0,33.0,1.2222222222222223
fascinating,18.0,33.0,1.8333333333333333
ebrt,3.0,33.0,11.0
cutting,28.0,33.0,1.1785714285714286
elderly,22.0,33.0,1.5
discover,29.0,33.0,1.137931034482759
circadian,9.0,33.0,3.6666666666666665
immunoglobulin,9.0,33.0,3.6666666666666665
continuum,30.0,33.0,1.1
occurring,9.0,33.0,3.6666666666666665
localization,11.0,33.0,3.0
icu,4.0,33.0,8.25
vanderbilt,20.0,32.0,1.6
multimodal,16.0,32.0,2.0
api,10.0,32.0,3.2
forum,21.0,32.0,1.5238095238095235
brca1,19.0,32.0,1.6842105263157894
sttr,6.0,32.0,5.333333333333333
amino,17.0,32.0,1.8823529411764703
bulk,13.0,32.0,2.4615384615384617
microrna,11.0,32.0,2.909090909090909
susceptible,26.0,32.0,1.2307692307692308
aberrant,11.0,32.0,2.909090909090909
nmri,28.0,32.0,1.1428571428571428
od-23,24.0,32.0,1.3333333333333333
afp,3.0,32.0,10.666666666666666
removed,27.0,32.0,1.1851851851851851
nciicc,19.0,32.0,1.6842105263157894
latino,9.0,32.0,3.555555555555556
randomization,20.0,32.0,1.6
south,17.0,32.0,1.8823529411764703
adaptive,13.0,32.0,2.4615384615384617
ideal,25.0,32.0,1.28
cel,6.0,32.0,5.333333333333333
empirical,9.0,32.0,3.555555555555556
creative,23.0,32.0,1.391304347826087
leydig,4.0,32.0,8.0
unaffected,6.0,32.0,5.333333333333333
alnd,3.0,32.0,10.666666666666666
writing,21.0,32.0,1.5238095238095235
avoidance,13.0,32.0,2.4615384615384617
sperm,10.0,32.0,3.2
interferon,12.0,32.0,2.6666666666666665
asco,20.0,32.0,1.6
underserved,23.0,32.0,1.391304347826087
pi3k,12.0,32.0,2.6666666666666665
ecog,16.0,32.0,2.0
submit,23.0,32.0,1.391304347826087
alchemist,5.0,32.0,6.4
webpage,32.0,32.0,1.0
calorie,13.0,32.0,2.4615384615384617
disaster,10.0,32.0,3.2
artnet,4.0,32.0,8.0
fetal,11.0,32.0,2.909090909090909
gum,12.0,32.0,2.6666666666666665
frozen,17.0,32.0,1.8823529411764703
nonsmoker,11.0,32.0,2.909090909090909
morphology,10.0,32.0,3.2
accrual,22.0,32.0,1.4545454545454546
dividing,30.0,32.0,1.0666666666666669
intracranial,13.0,32.0,2.4615384615384617
dangerous,29.0,32.0,1.103448275862069
familiar,28.0,32.0,1.1428571428571428
wake,11.0,32.0,2.909090909090909
analytic,15.0,32.0,2.1333333333333333
wagr,4.0,32.0,8.0
pdf,23.0,32.0,1.391304347826087
targetable,15.0,32.0,2.1333333333333333
cooperation,26.0,32.0,1.2307692307692308
topotecan,7.0,32.0,4.571428571428571
curious,18.0,32.0,1.7777777777777777
imrt,10.0,32.0,3.2
synthesis,20.0,32.0,1.6
sustained,25.0,32.0,1.28
hypothalamus,4.0,32.0,8.0
scar,13.0,32.0,2.4615384615384617
ivb,11.0,32.0,2.909090909090909
cartilage,8.0,32.0,4.0
drainage,9.0,32.0,3.555555555555556
integrity,16.0,32.0,2.0
baby,15.0,32.0,2.1333333333333333
want,23.0,32.0,1.391304347826087
admission,15.0,32.0,2.1333333333333333
prominent,21.0,31.0,1.4761904761904765
infrequent,22.0,31.0,1.4090909090909092
proximal,10.0,31.0,3.1
frailty,4.0,31.0,7.75
autophagy,4.0,31.0,7.75
contribute,26.0,31.0,1.1923076923076923
prostatic,6.0,31.0,5.166666666666667
misconception,22.0,31.0,1.4090909090909092
tolerance,13.0,31.0,2.3846153846153846
apr,28.0,31.0,1.1071428571428572
therapist,20.0,31.0,1.55
heterozygous,7.0,31.0,4.428571428571429
inpatient,9.0,31.0,3.4444444444444446
retention,13.0,31.0,2.3846153846153846
par-23,4.0,31.0,7.75
radiological,13.0,31.0,2.3846153846153846
trust,20.0,31.0,1.55
timing,19.0,31.0,1.631578947368421
renewal,13.0,31.0,2.3846153846153846
teclistamab,3.0,31.0,10.333333333333334
desantis,16.0,31.0,1.9375
collaborate,27.0,31.0,1.148148148148148
nanotechnology,13.0,31.0,2.3846153846153846
niche,15.0,31.0,2.066666666666667
charge,27.0,31.0,1.148148148148148
lee,19.0,31.0,1.631578947368421
respondent,8.0,31.0,3.875
intact,26.0,31.0,1.1923076923076923
sadness,10.0,31.0,3.1
expense,20.0,31.0,1.55
trait,22.0,31.0,1.4090909090909092
personality,16.0,31.0,1.9375
hopeful,26.0,31.0,1.1923076923076923
leverage,28.0,31.0,1.1071428571428572
adamantinoma,3.0,31.0,10.333333333333334
expenditure,17.0,31.0,1.8235294117647056
suppress,27.0,31.0,1.148148148148148
palliation,10.0,31.0,3.1
endothelial,12.0,31.0,2.583333333333333
131i,4.0,31.0,7.75
p53,19.0,31.0,1.631578947368421
unlikely,23.0,31.0,1.3478260869565215
vivo,21.0,31.0,1.4761904761904765
abundant,21.0,31.0,1.4761904761904765
f31,24.0,31.0,1.2916666666666667
oxidative,11.0,31.0,2.8181818181818183
legislation,12.0,31.0,2.583333333333333
tired,20.0,31.0,1.55
jun,19.0,31.0,1.631578947368421
dehydrogenase,19.0,31.0,1.631578947368421
til,11.0,31.0,2.8181818181818183
areca,4.0,31.0,7.75
meditation,15.0,31.0,2.066666666666667
dozen,22.0,31.0,1.4090909090909092
rela,3.0,31.0,10.333333333333334
inclusive,15.0,31.0,2.066666666666667
metal,20.0,31.0,1.55
retroperitoneal,7.0,31.0,4.428571428571429
adoption,19.0,31.0,1.631578947368421
cryosurgery,8.0,31.0,3.875
p.m.,22.0,31.0,1.4090909090909092
insufficient,21.0,31.0,1.4761904761904765
mhc,6.0,30.0,5.0
saliva,19.0,30.0,1.5789473684210529
cloud,14.0,30.0,2.142857142857143
ocg,9.0,30.0,3.333333333333333
urgent,22.0,30.0,1.3636363636363635
neoantigen,7.0,30.0,4.285714285714286
distinction,19.0,30.0,1.5789473684210529
lumpectomy,11.0,30.0,2.727272727272727
monthly,28.0,30.0,1.0714285714285714
complement,23.0,30.0,1.3043478260869563
mediastinum,16.0,30.0,1.875
accelerate,30.0,30.0,1.0
offspring,4.0,30.0,7.5
route,27.0,30.0,1.1111111111111112
laxative,4.0,30.0,7.5
island,10.0,30.0,3.0
pxa,12.0,30.0,2.5
authority,21.0,30.0,1.4285714285714286
radiol,13.0,30.0,2.3076923076923075
asleep,3.0,30.0,10.0
bcl2,5.0,30.0,6.0
inst,12.0,30.0,2.5
judgment,16.0,30.0,1.875
collect,22.0,30.0,1.3636363636363635
winter,10.0,30.0,3.0
pcpt,4.0,30.0,7.5
organoid,18.0,30.0,1.6666666666666667
ssri,3.0,30.0,10.0
neurofibroma,11.0,30.0,2.727272727272727
monograph,18.0,30.0,1.6666666666666667
obese,11.0,30.0,2.727272727272727
clot,14.0,30.0,2.142857142857143
epithelium,13.0,30.0,2.3076923076923075
cervix,21.0,30.0,1.4285714285714286
outside,30.0,30.0,1.0
vorasidenib,3.0,30.0,10.0
mht,3.0,30.0,10.0
temporary,25.0,30.0,1.2
initiate,26.0,30.0,1.1538461538461535
root,15.0,30.0,2.0
dizziness,19.0,30.0,1.5789473684210529
compliance,16.0,30.0,1.875
cortical,7.0,30.0,4.285714285714286
killer,16.0,30.0,1.875
gemtuzumab,6.0,30.0,5.0
matrix,17.0,30.0,1.7647058823529411
semen,8.0,30.0,3.75
morning,16.0,30.0,1.875
cerebral,10.0,30.0,3.0
exhibit,19.0,30.0,1.5789473684210529
thursday,23.0,30.0,1.3043478260869563
wife,12.0,30.0,2.5
celecoxib,5.0,30.0,6.0
cdk4,5.0,30.0,6.0
haematol,4.0,30.0,7.5
unanswered,26.0,30.0,1.1538461538461535
axicabtagene,9.0,30.0,3.333333333333333
trap,14.0,30.0,2.142857142857143
lymphatic,20.0,30.0,1.5
lipid,17.0,30.0,1.7647058823529411
promote,27.0,30.0,1.1111111111111112
cyp2d6,4.0,30.0,7.5
tec,7.0,30.0,4.285714285714286
transdisciplinary,22.0,29.0,1.318181818181818
perfect,23.0,29.0,1.2608695652173914
terminology,18.0,29.0,1.6111111111111112
folk,15.0,29.0,1.9333333333333331
colitis,10.0,29.0,2.9
imbalance,17.0,29.0,1.7058823529411764
deprivation,13.0,29.0,2.230769230769231
trans,19.0,29.0,1.5263157894736843
firm,21.0,29.0,1.380952380952381
subtotal,9.0,29.0,3.2222222222222223
oga,6.0,29.0,4.833333333333333
smooth,17.0,29.0,1.7058823529411764
sustainable,23.0,29.0,1.2608695652173914
histopathological,11.0,29.0,2.636363636363636
file,20.0,29.0,1.45
meet,26.0,29.0,1.1153846153846154
worth,25.0,29.0,1.16
immunosuppression,21.0,29.0,1.380952380952381
icsn,3.0,29.0,9.666666666666666
pit,3.0,29.0,9.666666666666666
cardiomyopathy,4.0,29.0,7.25
deadline,24.0,29.0,1.2083333333333333
enterprise,23.0,29.0,1.2608695652173914
oxf,7.0,29.0,4.142857142857143
attainment,7.0,29.0,4.142857142857143
ultimate,27.0,29.0,1.0740740740740742
duke,14.0,29.0,2.071428571428572
western,17.0,29.0,1.7058823529411764
cooper,10.0,29.0,2.9
profound,21.0,29.0,1.380952380952381
avelumab,8.0,29.0,3.625
regard,19.0,29.0,1.5263157894736843
phosphorylation,11.0,29.0,2.636363636363636
thyroglobulin,3.0,29.0,9.666666666666666
urge,3.0,29.0,9.666666666666666
affinity,8.0,29.0,3.625
meal,14.0,29.0,2.071428571428572
salmonella,6.0,29.0,4.833333333333333
month,15.0,29.0,1.9333333333333331
juice,16.0,29.0,1.8125
dendritic,13.0,29.0,2.230769230769231
bisphosphonate,6.0,29.0,4.833333333333333
perlman,3.0,29.0,9.666666666666666
coll,15.0,29.0,1.9333333333333331
plaque,7.0,29.0,4.142857142857143
lobular,5.0,29.0,5.8
consistency,18.0,29.0,1.6111111111111112
mds,7.0,29.0,4.142857142857143
sct,4.0,29.0,7.25
peak,18.0,29.0,1.6111111111111112
party,14.0,29.0,2.071428571428572
ca-24,6.0,29.0,4.833333333333333
spirit,19.0,29.0,1.5263157894736843
contributor,26.0,29.0,1.1153846153846154
azacitidine,7.0,29.0,4.142857142857143
fli1,3.0,29.0,9.666666666666666
cimp,3.0,29.0,9.666666666666666
tar,5.0,29.0,5.8
repeat,19.0,29.0,1.5263157894736843
floor,9.0,29.0,3.2222222222222223
stopping,28.0,29.0,1.0357142857142858
immunophenotype,3.0,29.0,9.666666666666666
encounter,10.0,29.0,2.9
incurable,12.0,29.0,2.4166666666666665
descriptive,17.0,29.0,1.7058823529411764
rosette,3.0,29.0,9.666666666666666
apoptosis,20.0,29.0,1.45
nonmelanoma,21.0,29.0,1.380952380952381
employment,15.0,29.0,1.9333333333333331
ellison,9.0,29.0,3.2222222222222223
evident,22.0,29.0,1.318181818181818
soy,3.0,28.0,9.333333333333334
physiological,21.0,28.0,1.3333333333333333
deleterious,10.0,28.0,2.8
recombinant,10.0,28.0,2.8
tki,13.0,28.0,2.1538461538461537
occlusive,5.0,28.0,5.6
vasomotor,5.0,28.0,5.6
latin,11.0,28.0,2.5454545454545454
bph,5.0,28.0,5.6
dependence,13.0,28.0,2.1538461538461537
oncofertility,5.0,28.0,5.6
unprecedented,28.0,28.0,1.0
ceritinib,13.0,28.0,2.1538461538461537
honor,23.0,28.0,1.2173913043478262
outlook,22.0,28.0,1.2727272727272727
coronary,8.0,28.0,3.5
tuition,10.0,28.0,2.8
osteoporosis,10.0,28.0,2.8
temporal,11.0,28.0,2.5454545454545454
cordeiro,13.0,28.0,2.1538461538461537
pure,17.0,28.0,1.6470588235294117
output,14.0,28.0,2.0
neural,18.0,28.0,1.5555555555555556
hemorrhage,12.0,28.0,2.333333333333333
deadly,24.0,28.0,1.1666666666666667
gbm,4.0,28.0,7.0
fred,22.0,28.0,1.2727272727272727
cigarettes,8.0,28.0,3.5
verification,22.0,28.0,1.2727272727272727
competitive,22.0,28.0,1.2727272727272727
hamartoma,4.0,28.0,7.0
epirubicin,5.0,28.0,5.6
threat,24.0,28.0,1.1666666666666667
confusion,26.0,28.0,1.0769230769230769
accounting,24.0,28.0,1.1666666666666667
disrupt,25.0,28.0,1.12
blinatumomab,10.0,28.0,2.8
irinotecan,11.0,28.0,2.5454545454545454
mucosal,13.0,28.0,2.1538461538461537
father,23.0,28.0,1.2173913043478262
literacy,6.0,28.0,4.666666666666667
brigitte,4.0,28.0,7.0
involved,26.0,28.0,1.0769230769230769
modifier,14.0,28.0,2.0
harrison,4.0,28.0,7.0
incision,12.0,28.0,2.333333333333333
exploratory,20.0,28.0,1.4
informal,9.0,28.0,3.111111111111111
betel,5.0,28.0,5.6
tonsil,14.0,28.0,2.0
poster,18.0,28.0,1.5555555555555556
cytometry,10.0,28.0,2.8
barr,15.0,28.0,1.8666666666666667
ocular,9.0,28.0,3.111111111111111
noninvasive,19.0,28.0,1.4736842105263157
implant,14.0,28.0,2.0
clinicopathological,9.0,28.0,3.111111111111111
eradication,6.0,28.0,4.666666666666667
ide,11.0,28.0,2.5454545454545454
willing,20.0,28.0,1.4
ram,4.0,28.0,7.0
tell,22.0,28.0,1.2727272727272727
marginal,8.0,28.0,3.5
discomfort,18.0,28.0,1.5555555555555556
stressful,18.0,28.0,1.5555555555555556
acquisition,16.0,28.0,1.75
transient,14.0,28.0,2.0
gastroesophageal,13.0,28.0,2.1538461538461537
dormant,11.0,28.0,2.5454545454545454
cachexia,12.0,28.0,2.333333333333333
csbc,4.0,28.0,7.0
interventional,13.0,27.0,2.076923076923077
merit,23.0,27.0,1.173913043478261
rationale,24.0,27.0,1.125
phrase,14.0,27.0,1.9285714285714288
bfm,4.0,27.0,6.75
warrant,18.0,27.0,1.5
pro,20.0,27.0,1.35
destruction,19.0,27.0,1.4210526315789471
maternal,9.0,27.0,3.0
stone,16.0,27.0,1.6875
commission,7.0,27.0,3.857142857142857
grateful,22.0,27.0,1.2272727272727273
posttransplant,4.0,27.0,6.75
pharynx,12.0,27.0,2.25
scintigraphy,9.0,27.0,3.0
ancestry,15.0,27.0,1.8
radiosurgery,8.0,27.0,3.375
craniospinal,4.0,27.0,6.75
temozolomide,8.0,27.0,3.375
fringe,16.0,27.0,1.6875
exclusion,16.0,27.0,1.6875
affair,19.0,27.0,1.4210526315789471
serial,10.0,27.0,2.7
confirmation,17.0,27.0,1.588235294117647
venous,6.0,27.0,4.5
coffee,9.0,27.0,3.0
beverage,9.0,27.0,3.0
biotechnology,22.0,27.0,1.2272727272727273
astrazeneca,21.0,27.0,1.2857142857142858
coping,6.0,27.0,4.5
fashion,16.0,27.0,1.6875
duty,17.0,27.0,1.588235294117647
acrin,16.0,27.0,1.6875
teacher,14.0,27.0,1.9285714285714288
demonstrate,23.0,27.0,1.173913043478261
study,22.0,27.0,1.2272727272727273
baylor,15.0,27.0,1.8
1990,21.0,27.0,1.2857142857142858
trial,27.0,27.0,1.0
household,16.0,27.0,1.6875
lymphedema,12.0,27.0,2.25
commentary,23.0,27.0,1.173913043478261
overexpress,15.0,27.0,1.8
membership,16.0,27.0,1.6875
adrenalectomy,3.0,27.0,9.0
cbc,10.0,27.0,2.7
hip,19.0,27.0,1.4210526315789471
privilege,17.0,27.0,1.588235294117647
outer,18.0,27.0,1.5
homozygous,8.0,27.0,3.375
technological,23.0,27.0,1.173913043478261
neurosurgeon,14.0,27.0,1.9285714285714288
fdg,9.0,27.0,3.0
reverse,20.0,27.0,1.35
immunodeficiency,12.0,27.0,2.25
prize,9.0,27.0,3.0
benzodiazepine,4.0,27.0,6.75
variability,14.0,27.0,1.9285714285714288
photo,17.0,27.0,1.588235294117647
neuron,9.0,27.0,3.0
pubertal,3.0,27.0,9.0
edema,11.0,27.0,2.4545454545454546
wonder,18.0,27.0,1.5
duloxetine,7.0,27.0,3.857142857142857
extract,4.0,27.0,6.75
gabapentin,5.0,27.0,5.4
cd8,7.0,27.0,3.857142857142857
conformal,11.0,27.0,2.4545454545454546
randomised,9.0,27.0,3.0
pharmacology,18.0,26.0,1.4444444444444444
fragment,11.0,26.0,2.363636363636364
guilt,10.0,26.0,2.6
engage,24.0,26.0,1.0833333333333333
bevacizumab,15.0,26.0,1.7333333333333334
southern,14.0,26.0,1.8571428571428568
nomination,7.0,26.0,3.7142857142857135
periodic,21.0,26.0,1.238095238095238
zimmermann,5.0,26.0,5.2
documentation,20.0,26.0,1.3
cystic,11.0,26.0,2.363636363636364
interfere,23.0,26.0,1.1304347826086956
pdgfra,7.0,26.0,3.7142857142857135
gel,8.0,26.0,3.25
bench,20.0,26.0,1.3
varied,20.0,26.0,1.3
malt,7.0,26.0,3.7142857142857135
classified,12.0,26.0,2.1666666666666665
representation,20.0,26.0,1.3
citalopram,4.0,26.0,6.5
thiosulfate,6.0,26.0,4.333333333333333
fetus,7.0,26.0,3.7142857142857135
cdkn2a,7.0,26.0,3.7142857142857135
bill,20.0,26.0,1.3
insertion,5.0,26.0,5.2
transmission,17.0,26.0,1.5294117647058822
stuff,15.0,26.0,1.7333333333333334
cd19,12.0,26.0,2.1666666666666665
closeout,6.0,26.0,4.333333333333333
veno,5.0,26.0,5.2
parallel,25.0,26.0,1.04
noncancer,12.0,26.0,2.1666666666666665
larynx,8.0,26.0,3.25
dysregulation,12.0,26.0,2.1666666666666665
reuptake,5.0,26.0,5.2
ethical,17.0,26.0,1.5294117647058822
elevation,11.0,26.0,2.363636363636364
enable,18.0,26.0,1.4444444444444444
steering,18.0,26.0,1.4444444444444444
nonprofit,26.0,26.0,1.0
intersection,17.0,26.0,1.5294117647058822
doctoral,17.0,26.0,1.5294117647058822
r21,12.0,26.0,2.1666666666666665
danish,12.0,26.0,2.1666666666666665
rolapitant,6.0,26.0,4.333333333333333
reed,12.0,26.0,2.1666666666666665
toxicology,12.0,26.0,2.1666666666666665
r33,6.0,26.0,4.333333333333333
seibel,22.0,26.0,1.181818181818182
mixture,18.0,26.0,1.4444444444444444
sheath,7.0,26.0,3.7142857142857135
flexibility,19.0,26.0,1.368421052631579
patch,15.0,26.0,1.7333333333333334
quantity,21.0,26.0,1.238095238095238
tomosynthesis,3.0,26.0,8.666666666666666
iiic,6.0,26.0,4.333333333333333
farber,21.0,26.0,1.238095238095238
chaplain,5.0,26.0,5.2
maxillary,3.0,26.0,8.666666666666666
liaison,26.0,26.0,1.0
interstitial,9.0,26.0,2.888888888888889
11p15,3.0,26.0,8.666666666666666
foundational,18.0,26.0,1.4444444444444444
adaptation,19.0,26.0,1.368421052631579
parental,11.0,26.0,2.363636363636364
sonogram,17.0,26.0,1.5294117647058822
noninferiority,5.0,26.0,5.2
tcr,8.0,26.0,3.25
connective,19.0,26.0,1.368421052631579
apple,21.0,25.0,1.1904761904761905
obvious,21.0,25.0,1.1904761904761905
harmonization,6.0,25.0,4.166666666666667
cytarabine,12.0,25.0,2.083333333333333
underrepresented,19.0,25.0,1.3157894736842106
preventable,20.0,25.0,1.25
cricoid,3.0,25.0,8.333333333333334
caudal,3.0,25.0,8.333333333333334
epstein,17.0,25.0,1.4705882352941178
breakpoint,3.0,25.0,8.333333333333334
cetuximab,8.0,25.0,3.125
ezh2,3.0,25.0,8.333333333333334
hemoglobin,20.0,25.0,1.25
overtreatment,16.0,25.0,1.5625
clock,8.0,25.0,3.125
nhl,13.0,25.0,1.9230769230769231
backbone,12.0,25.0,2.083333333333333
recur,18.0,25.0,1.3888888888888888
express,24.0,25.0,1.0416666666666667
tablet,17.0,25.0,1.4705882352941178
legacy,15.0,25.0,1.6666666666666667
salt,12.0,25.0,2.083333333333333
extremity,8.0,25.0,3.125
monday,18.0,25.0,1.3888888888888888
mack,7.0,25.0,3.571428571428572
identity,19.0,25.0,1.3157894736842106
mentoring,13.0,25.0,1.9230769230769231
dream,24.0,25.0,1.0416666666666667
parenchymal,7.0,25.0,3.571428571428572
competition,12.0,25.0,2.083333333333333
bmc,18.0,25.0,1.3888888888888888
stroma,10.0,25.0,2.5
profit,22.0,25.0,1.1363636363636365
embolization,6.0,25.0,4.166666666666667
wire,15.0,25.0,1.6666666666666667
sore,17.0,25.0,1.4705882352941178
channel,17.0,25.0,1.4705882352941178
gynecol,11.0,25.0,2.272727272727273
prostatectomy,4.0,25.0,6.25
summit,13.0,25.0,1.9230769230769231
navigator,10.0,25.0,2.5
transcriptome,15.0,25.0,1.6666666666666667
symptomatology,6.0,25.0,4.166666666666667
hepatobiliary,5.0,25.0,5.0
darolutamide,4.0,25.0,6.25
pouch,5.0,25.0,5.0
scc,4.0,25.0,6.25
pappo,18.0,25.0,1.3888888888888888
brecht,15.0,25.0,1.6666666666666667
r61,5.0,25.0,5.0
align,22.0,25.0,1.1363636363636365
coli,8.0,25.0,3.125
hematologist,25.0,25.0,1.0
everyday,23.0,25.0,1.0869565217391304
tea,7.0,25.0,3.571428571428572
phosphate,11.0,25.0,2.272727272727273
rating,13.0,25.0,1.9230769230769231
organism,21.0,25.0,1.1904761904761905
die,22.0,25.0,1.1363636363636365
migration,14.0,25.0,1.7857142857142858
rat,10.0,25.0,2.5
ischemic,4.0,25.0,6.25
oncoarray,4.0,25.0,6.25
minimize,21.0,25.0,1.1904761904761905
encouraging,24.0,25.0,1.0416666666666667
wrong,22.0,25.0,1.1363636363636365
stipend,9.0,25.0,2.7777777777777777
inc,16.0,25.0,1.5625
singer,17.0,25.0,1.4705882352941178
timeline,18.0,25.0,1.3888888888888888
play,22.0,25.0,1.1363636363636365
opposite,14.0,25.0,1.7857142857142858
confer,9.0,25.0,2.7777777777777777
ros1,7.0,25.0,3.571428571428572
hyperthyroidism,8.0,25.0,3.125
proc,16.0,25.0,1.5625
encode,12.0,25.0,2.083333333333333
strap,6.0,25.0,4.166666666666667
analytical,18.0,25.0,1.3888888888888888
genital,17.0,25.0,1.4705882352941178
crispr,12.0,24.0,2.0
seminoma,5.0,24.0,4.8
brother,17.0,24.0,1.411764705882353
sister,19.0,24.0,1.263157894736842
proper,21.0,24.0,1.1428571428571428
prenatal,7.0,24.0,3.4285714285714284
icrp,3.0,24.0,8.0
exp,8.0,24.0,3.0
alter,22.0,24.0,1.0909090909090908
template,15.0,24.0,1.6
wood,13.0,24.0,1.8461538461538465
lapatinib,4.0,24.0,6.0
biliary,9.0,24.0,2.6666666666666665
tank,9.0,24.0,2.6666666666666665
timely,21.0,24.0,1.1428571428571428
controversy,16.0,24.0,1.5
pathophysiology,13.0,24.0,1.8461538461538465
omic,16.0,24.0,1.5
bulky,8.0,24.0,3.0
ews,4.0,24.0,6.0
incidental,8.0,24.0,3.0
gas,14.0,24.0,1.7142857142857142
rely,24.0,24.0,1.0
nofo,18.0,24.0,1.3333333333333333
attachment,12.0,24.0,2.0
provocative,12.0,24.0,2.0
dead,14.0,24.0,1.7142857142857142
cognition,6.0,24.0,4.0
narrative,12.0,24.0,2.0
cap,13.0,24.0,1.8461538461538465
synchronous,6.0,24.0,4.0
loprinzi,3.0,24.0,8.0
cytology,8.0,24.0,3.0
aggressiveness,18.0,24.0,1.3333333333333333
defective,13.0,24.0,1.8461538461538465
canadian,16.0,24.0,1.5
connections,24.0,24.0,1.0
bronchoscopy,6.0,24.0,4.0
vha,3.0,24.0,8.0
capture,21.0,24.0,1.1428571428571428
bendamustine,9.0,24.0,2.6666666666666665
nonsyndromic,4.0,24.0,6.0
angiocentric,3.0,24.0,8.0
cowden,3.0,24.0,8.0
oligodendroglioma,12.0,24.0,2.0
daughter,15.0,24.0,1.6
compartment,11.0,24.0,2.1818181818181817
brachytherapy,9.0,24.0,2.6666666666666665
inconsistent,12.0,24.0,2.0
drinking,9.0,24.0,2.6666666666666665
column,11.0,24.0,2.1818181818181817
flexible,14.0,24.0,1.7142857142857142
plexiform,9.0,24.0,2.6666666666666665
scrna,3.0,24.0,8.0
focused,22.0,24.0,1.0909090909090908
novo,7.0,24.0,3.4285714285714284
bmi,3.0,24.0,8.0
pink,17.0,24.0,1.411764705882353
inability,17.0,24.0,1.411764705882353
alanine,8.0,24.0,3.0
bronchial,10.0,24.0,2.4
psrc,5.0,24.0,4.8
quid,4.0,24.0,6.0
dosing,16.0,24.0,1.5
circle,17.0,24.0,1.411764705882353
visceral,10.0,24.0,2.4
administer,19.0,24.0,1.263157894736842
british,7.0,24.0,3.4285714285714284
carryover,4.0,24.0,6.0
zahir,9.0,24.0,2.6666666666666665
facial,14.0,24.0,1.7142857142857142
swollen,13.0,24.0,1.8461538461538465
calendar,20.0,24.0,1.2
subclonal,4.0,24.0,6.0
papilloma,10.0,24.0,2.4
recessive,6.0,23.0,3.8333333333333335
medulloepithelioma,3.0,23.0,7.666666666666667
occupational,17.0,23.0,1.3529411764705883
honest,13.0,23.0,1.7692307692307692
intra,9.0,23.0,2.555555555555556
afraid,19.0,23.0,1.2105263157894737
parotid,9.0,23.0,2.555555555555556
bronchiolitis,4.0,23.0,5.75
suitable,18.0,23.0,1.2777777777777777
inspirational,21.0,23.0,1.0952380952380951
puerto,11.0,23.0,2.090909090909091
street,10.0,23.0,2.3
ring,14.0,23.0,1.6428571428571428
funded,23.0,23.0,1.0
transformative,17.0,23.0,1.3529411764705883
sf424,20.0,23.0,1.15
friday,15.0,23.0,1.5333333333333334
bump,10.0,23.0,2.3
lifelong,14.0,23.0,1.6428571428571428
btk,8.0,23.0,2.875
sampling,10.0,23.0,2.3
presenter,15.0,23.0,1.5333333333333334
cardiotoxicity,7.0,23.0,3.2857142857142856
summarize,11.0,23.0,2.090909090909091
completeness,23.0,23.0,1.0
northwestern,17.0,23.0,1.3529411764705883
ear,14.0,23.0,1.6428571428571428
bypass,13.0,23.0,1.7692307692307692
fisher,8.0,23.0,2.875
pivotal,19.0,23.0,1.2105263157894737
abl,6.0,23.0,3.8333333333333335
tbel,5.0,23.0,4.6
disciplinary,16.0,23.0,1.4375
reversible,17.0,23.0,1.3529411764705883
bedtime,6.0,23.0,3.8333333333333335
prime,21.0,23.0,1.0952380952380951
cryotherapy,12.0,23.0,1.9166666666666667
centre,16.0,23.0,1.4375
investigate,23.0,23.0,1.0
chip,12.0,23.0,1.9166666666666667
debate,14.0,23.0,1.6428571428571428
tradition,9.0,23.0,2.555555555555556
r15,5.0,23.0,4.6
emtansine,14.0,23.0,1.6428571428571428
neighbor,13.0,23.0,1.7692307692307692
interference,11.0,23.0,2.090909090909091
venlafaxine,3.0,23.0,7.666666666666667
god,7.0,23.0,3.2857142857142856
massive,18.0,23.0,1.2777777777777777
pleomorphic,9.0,23.0,2.555555555555556
linkedin,8.0,23.0,2.875
conservation,5.0,23.0,4.6
pal,10.0,23.0,2.3
dehydration,13.0,23.0,1.7692307692307692
a.m.,15.0,23.0,1.5333333333333334
chek2,4.0,23.0,5.75
menthol,5.0,23.0,4.6
itcr,5.0,23.0,4.6
reading,17.0,23.0,1.3529411764705883
gonadotropin,8.0,23.0,2.875
navigation,8.0,23.0,2.875
retina,9.0,23.0,2.555555555555556
mode,17.0,23.0,1.3529411764705883
hear,19.0,23.0,1.2105263157894737
arsenic,14.0,23.0,1.6428571428571428
chemoradiotherapy,6.0,23.0,3.8333333333333335
biophysic,15.0,23.0,1.5333333333333334
hollow,15.0,23.0,1.5333333333333334
ambiguous,7.0,23.0,3.2857142857142856
clone,5.0,23.0,4.6
surprise,22.0,23.0,1.0454545454545454
ground,20.0,23.0,1.15
rescue,10.0,23.0,2.3
recall,14.0,22.0,1.5714285714285714
distinguish,18.0,22.0,1.2222222222222223
math,10.0,22.0,2.2
supervisor,8.0,22.0,2.75
eyelid,4.0,22.0,5.5
animation,18.0,22.0,1.2222222222222223
thoracic,12.0,22.0,1.8333333333333333
fox,12.0,22.0,1.8333333333333333
tubular,4.0,22.0,5.5
adhesion,14.0,22.0,1.5714285714285714
stimulation,16.0,22.0,1.375
creation,21.0,22.0,1.0476190476190477
schneider,6.0,22.0,3.6666666666666665
observed,13.0,22.0,1.6923076923076923
handful,22.0,22.0,1.0
stk11,3.0,22.0,7.333333333333333
considerable,19.0,22.0,1.1578947368421053
transform,15.0,22.0,1.4666666666666666
heat,21.0,22.0,1.0476190476190477
allocation,13.0,22.0,1.6923076923076923
regardless,19.0,22.0,1.1578947368421053
discov,5.0,22.0,4.4
mek,11.0,22.0,2.0
star,15.0,22.0,1.4666666666666666
combined,20.0,22.0,1.1
sinai,17.0,22.0,1.2941176470588236
monotherapy,11.0,22.0,2.0
bacterium,10.0,22.0,2.2
asp,8.0,22.0,2.75
breadth,19.0,22.0,1.1578947368421053
pericardium,3.0,22.0,7.333333333333333
aniridia,4.0,22.0,5.5
cardia,5.0,22.0,4.4
mercaptopurine,4.0,22.0,5.5
multinational,15.0,22.0,1.4666666666666666
neighboring,9.0,22.0,2.4444444444444446
finger,14.0,22.0,1.5714285714285714
nibib,8.0,22.0,2.75
nonpharmacological,6.0,22.0,3.6666666666666665
uridine,3.0,22.0,7.333333333333333
yellow,18.0,22.0,1.2222222222222223
jak2,3.0,22.0,7.333333333333333
biofilm,4.0,22.0,5.5
bcma,5.0,22.0,4.4
anxious,18.0,22.0,1.2222222222222223
educ,6.0,22.0,3.6666666666666665
trip,15.0,22.0,1.4666666666666666
widemann,7.0,22.0,3.142857142857143
inch,8.0,22.0,2.75
productivity,13.0,22.0,1.6923076923076923
fractionation,7.0,22.0,3.142857142857143
wbc,3.0,22.0,7.333333333333333
myb,3.0,22.0,7.333333333333333
infrared,4.0,22.0,5.5
pas,14.0,22.0,1.5714285714285714
mirtazapine,4.0,22.0,5.5
inactive,17.0,22.0,1.2941176470588236
bupropion,5.0,22.0,4.4
del,9.0,22.0,2.4444444444444446
council,17.0,22.0,1.2941176470588236
anomaly,5.0,22.0,4.4
oversight,13.0,22.0,1.6923076923076923
northern,18.0,22.0,1.2222222222222223
doi,8.0,22.0,2.75
dissertation,8.0,22.0,2.75
operative,9.0,22.0,2.4444444444444446
nonsense,5.0,22.0,4.4
mycosis,14.0,22.0,1.5714285714285714
employee,9.0,22.0,2.4444444444444446
trauma,16.0,22.0,1.375
raloxifene,6.0,22.0,3.6666666666666665
ileum,4.0,22.0,5.5
socket,5.0,22.0,4.4
wikimedia,22.0,22.0,1.0
invite,19.0,22.0,1.1578947368421053
shoulder,19.0,22.0,1.1578947368421053
residency,15.0,22.0,1.4666666666666666
immigrant,7.0,22.0,3.142857142857143
briefing,19.0,22.0,1.1578947368421053
portable,11.0,22.0,2.0
choi,12.0,22.0,1.8333333333333333
microbe,13.0,22.0,1.6923076923076923
extended,16.0,22.0,1.375
akt,9.0,22.0,2.4444444444444446
package,18.0,22.0,1.2222222222222223
smokefree,6.0,22.0,3.6666666666666665
ldh,8.0,22.0,2.75
tam,6.0,22.0,3.6666666666666665
coding,12.0,22.0,1.8333333333333333
rppr,5.0,22.0,4.4
nonsurgical,3.0,22.0,7.333333333333333
relat,7.0,22.0,3.142857142857143
hypercalcemia,9.0,21.0,2.333333333333333
inequity,12.0,21.0,1.75
cigar,9.0,21.0,2.333333333333333
equitable,18.0,21.0,1.1666666666666667
irrespective,8.0,21.0,2.625
methyltransferase,6.0,21.0,3.5
obligation,12.0,21.0,1.75
steady,19.0,21.0,1.105263157894737
caspian,3.0,21.0,7.0
pap,10.0,21.0,2.1
neurologic,13.0,21.0,1.6153846153846154
ventricular,8.0,21.0,2.625
analog,13.0,21.0,1.6153846153846154
conservative,12.0,21.0,1.75
pax3,3.0,21.0,7.0
comply,21.0,21.0,1.0
liu,10.0,21.0,2.1
busy,14.0,21.0,1.5
mammary,7.0,21.0,3.0
squibb,17.0,21.0,1.2352941176470589
housing,7.0,21.0,3.0
coordinating,13.0,21.0,1.6153846153846154
effect,16.0,21.0,1.3125
hematological,11.0,21.0,1.9090909090909087
fmtc,3.0,21.0,7.0
treatable,19.0,21.0,1.105263157894737
lymphadenectomy,8.0,21.0,2.625
ineffective,16.0,21.0,1.3125
win,11.0,21.0,1.9090909090909087
prc2,3.0,21.0,7.0
hemicolectomy,4.0,21.0,5.25
inside,13.0,21.0,1.6153846153846154
talented,16.0,21.0,1.3125
urothelial,11.0,21.0,1.9090909090909087
photoimmunotherapy,7.0,21.0,3.0
pretransplant,3.0,21.0,7.0
confirmatory,20.0,21.0,1.05
impaired,8.0,21.0,2.625
urethra,7.0,21.0,3.0
chow,7.0,21.0,3.0
adjunct,12.0,21.0,1.75
zollinger,5.0,21.0,4.2
deposit,15.0,21.0,1.4
tan,13.0,21.0,1.6153846153846154
neoplastic,15.0,21.0,1.4
informative,18.0,21.0,1.1666666666666667
audio,8.0,21.0,2.625
cip,6.0,21.0,3.5
opioids,9.0,21.0,2.333333333333333
concerned,21.0,21.0,1.0
makeup,17.0,21.0,1.2352941176470589
davy,12.0,21.0,1.75
asparaginase,5.0,21.0,4.2
moxetumomab,3.0,21.0,7.0
feed,14.0,21.0,1.5
southwestern,11.0,21.0,1.9090909090909087
atc,5.0,21.0,4.2
reminder,20.0,21.0,1.05
salpingo,8.0,21.0,2.625
chondrosarcoma,8.0,21.0,2.625
crosstalk,12.0,21.0,1.75
restaurant,8.0,21.0,2.625
echocardiography,5.0,21.0,4.2
demand,17.0,21.0,1.2352941176470589
quitline,7.0,21.0,3.0
buccal,3.0,21.0,7.0
pedigree,5.0,21.0,4.2
conflict,11.0,21.0,1.9090909090909087
reporter,8.0,21.0,2.625
modulator,13.0,21.0,1.6153846153846154
isoform,9.0,21.0,2.333333333333333
seattle,18.0,21.0,1.1666666666666667
worldwide,18.0,21.0,1.1666666666666667
llc,10.0,21.0,2.1
cutoff,10.0,21.0,2.1
triplet,7.0,21.0,3.0
prolonged,15.0,21.0,1.4
carcinogenic,13.0,21.0,1.6153846153846154
esteem,10.0,21.0,2.1
sander,6.0,21.0,3.5
distance,10.0,21.0,2.1
senescence,7.0,21.0,3.0
ciliary,3.0,21.0,7.0
-associated,6.0,21.0,3.5
mile,10.0,21.0,2.1
appendectomy,4.0,21.0,5.25
umbrella,15.0,21.0,1.4
son,18.0,21.0,1.1666666666666667
descent,17.0,21.0,1.2352941176470589
gpoh,7.0,21.0,3.0
hallmark,18.0,21.0,1.1666666666666667
multisystem,3.0,20.0,6.666666666666667
modal,7.0,20.0,2.857142857142857
struggle,12.0,20.0,1.6666666666666667
moderator,7.0,20.0,2.857142857142857
proteasome,7.0,20.0,2.857142857142857
latency,6.0,20.0,3.333333333333333
husband,11.0,20.0,1.818181818181818
weekend,20.0,20.0,1.0
motivation,14.0,20.0,1.4285714285714286
gadolinium,7.0,20.0,2.857142857142857
prepared,16.0,20.0,1.25
carbon,15.0,20.0,1.3333333333333333
flu,10.0,20.0,2.0
par-25,6.0,20.0,3.333333333333333
telomerase,4.0,20.0,5.0
paroxetine,5.0,20.0,4.0
coronavirus,5.0,20.0,4.0
surprised,19.0,20.0,1.0526315789473684
sept,13.0,20.0,1.5384615384615383
mammalian,15.0,20.0,1.3333333333333333
urology,15.0,20.0,1.3333333333333333
transport,12.0,20.0,1.6666666666666667
atlanta,20.0,20.0,1.0
anticholinergic,3.0,20.0,6.666666666666667
nice,15.0,20.0,1.3333333333333333
touch,17.0,20.0,1.1764705882352942
dish,17.0,20.0,1.1764705882352942
sale,12.0,20.0,1.6666666666666667
men2b,5.0,20.0,4.0
economy,12.0,20.0,1.6666666666666667
harris,12.0,20.0,1.6666666666666667
tough,17.0,20.0,1.1764705882352942
dana,17.0,20.0,1.1764705882352942
granuloma,4.0,20.0,5.0
secretory,10.0,20.0,2.0
autopsy,11.0,20.0,1.818181818181818
medal,9.0,20.0,2.2222222222222223
antagonist,11.0,20.0,1.818181818181818
unexplained,10.0,20.0,2.0
aaml0531,3.0,20.0,6.666666666666667
acad,10.0,20.0,2.0
inhibits,17.0,20.0,1.1764705882352942
addictive,9.0,20.0,2.2222222222222223
obama,14.0,20.0,1.4285714285714286
neonatal,5.0,20.0,4.0
excitement,18.0,20.0,1.1111111111111112
intention,11.0,20.0,1.818181818181818
testicle,13.0,20.0,1.5384615384615383
yoga,12.0,20.0,1.6666666666666667
yolk,4.0,20.0,5.0
clearance,11.0,20.0,1.818181818181818
infected,14.0,20.0,1.4285714285714286
talent,14.0,20.0,1.4285714285714286
concordance,11.0,20.0,1.818181818181818
orchiectomy,6.0,20.0,3.333333333333333
train,16.0,20.0,1.25
fibrous,12.0,20.0,1.6666666666666667
hypotension,8.0,20.0,2.5
ventilator,6.0,20.0,3.333333333333333
underway,20.0,20.0,1.0
radiother,8.0,20.0,2.5
dlbcl,13.0,20.0,1.5384615384615383
polygenic,6.0,20.0,3.333333333333333
sport,16.0,20.0,1.25
gefitinib,10.0,20.0,2.0
-mutant,9.0,20.0,2.2222222222222223
strict,9.0,20.0,2.2222222222222223
carfilzomib,10.0,20.0,2.0
coordinator,17.0,20.0,1.1764705882352942
placement,7.0,20.0,2.857142857142857
abundance,15.0,20.0,1.3333333333333333
camera,13.0,20.0,1.5384615384615383
lutetium,7.0,20.0,2.857142857142857
tkis,10.0,20.0,2.0
purple,14.0,20.0,1.4285714285714286
threshold,9.0,20.0,2.2222222222222223
receive,13.0,20.0,1.5384615384615383
accident,19.0,20.0,1.0526315789473684
prayer,4.0,20.0,5.0
testimony,4.0,20.0,5.0
wgs,5.0,20.0,4.0
gray,14.0,20.0,1.4285714285714286
mapping,11.0,20.0,1.818181818181818
trep,7.0,20.0,2.857142857142857
display,11.0,20.0,1.818181818181818
crossover,7.0,20.0,2.857142857142857
icon,3.0,20.0,6.666666666666667
communicate,17.0,20.0,1.1764705882352942
von,9.0,20.0,2.2222222222222223
mutat,6.0,20.0,3.333333333333333
neuroectodermal,4.0,20.0,5.0
korean,12.0,20.0,1.6666666666666667
craving,3.0,20.0,6.666666666666667
carotene,7.0,20.0,2.857142857142857
phosphatase,12.0,20.0,1.6666666666666667
impair,17.0,19.0,1.1176470588235294
adoptive,12.0,19.0,1.5833333333333333
hub,13.0,19.0,1.4615384615384617
geroscience,3.0,19.0,6.333333333333333
neuroma,3.0,19.0,6.333333333333333
intraperitoneal,9.0,19.0,2.111111111111111
anatomic,14.0,19.0,1.3571428571428572
computing,11.0,19.0,1.7272727272727273
prep,3.0,19.0,6.333333333333333
noncancerous,15.0,19.0,1.2666666666666666
instructor,7.0,19.0,2.7142857142857144
ureter,7.0,19.0,2.7142857142857144
yervoy,19.0,19.0,1.0
myth,19.0,19.0,1.0
anniversary,16.0,19.0,1.1875
lobule,5.0,19.0,3.8
subtle,10.0,19.0,1.9
mix,18.0,19.0,1.0555555555555556
walk,12.0,19.0,1.5833333333333333
goiter,11.0,19.0,1.7272727272727273
interpersonal,9.0,19.0,2.111111111111111
inventory,6.0,19.0,3.1666666666666665
married,13.0,19.0,1.4615384615384617
panobinostat,5.0,19.0,3.8
retropharyngeal,3.0,19.0,6.333333333333333
pipe,9.0,19.0,2.111111111111111
golf,5.0,19.0,3.8
orange,15.0,19.0,1.2666666666666666
rochester,14.0,19.0,1.3571428571428572
interplay,19.0,19.0,1.0
cortex,12.0,19.0,1.5833333333333333
mucus,12.0,19.0,1.5833333333333333
bile,14.0,19.0,1.3571428571428572
congestive,11.0,19.0,1.7272727272727273
nucleic,10.0,19.0,1.9
excisional,17.0,19.0,1.1176470588235294
ancillary,14.0,19.0,1.3571428571428572
motility,6.0,19.0,3.1666666666666665
tfe3,3.0,19.0,6.333333333333333
undergrad,9.0,19.0,2.111111111111111
microarray,8.0,19.0,2.375
evasion,9.0,19.0,2.111111111111111
deviate,19.0,19.0,1.0
devastating,15.0,19.0,1.2666666666666666
termination,6.0,19.0,3.1666666666666665
mucous,10.0,19.0,1.9
alert,16.0,19.0,1.1875
richard,11.0,19.0,1.7272727272727273
chapel,17.0,19.0,1.1176470588235294
nrsa,8.0,19.0,2.375
proliferative,10.0,19.0,1.9
drosha,3.0,19.0,6.333333333333333
mesenteric,6.0,19.0,3.1666666666666665
menstrual,9.0,19.0,2.111111111111111
lim,14.0,19.0,1.3571428571428572
sickle,11.0,19.0,1.7272727272727273
mouthwash,7.0,19.0,2.7142857142857144
alzheimer,10.0,19.0,1.9
identifiable,11.0,19.0,1.7272727272727273
astrocytic,4.0,19.0,4.75
reflect,19.0,19.0,1.0
csr,19.0,19.0,1.0
tebentafusp,4.0,19.0,4.75
contraceptive,9.0,19.0,2.111111111111111
cemiplimab,5.0,19.0,3.8
ciloleucel,9.0,19.0,2.111111111111111
globe,19.0,19.0,1.0
mentee,10.0,19.0,1.9
cool,11.0,19.0,1.7272727272727273
cd30,8.0,19.0,2.375
raw,8.0,19.0,2.375
subsidy,5.0,19.0,3.8
pralsetinib,6.0,19.0,3.1666666666666665
boundary,15.0,19.0,1.2666666666666666
consultant,18.0,19.0,1.0555555555555556
nonsteroidal,4.0,19.0,4.75
keyword,6.0,19.0,3.1666666666666665
nciccrraretumor,18.0,19.0,1.0555555555555556
retinoic,9.0,19.0,2.111111111111111
choroid,6.0,19.0,3.1666666666666665
r50,4.0,19.0,4.75
tucatinib,4.0,19.0,4.75
coordinate,17.0,19.0,1.1176470588235294
residence,18.0,19.0,1.0555555555555556
church,7.0,19.0,2.7142857142857144
tony,5.0,19.0,3.8
lumbar,9.0,19.0,2.111111111111111
assumption,16.0,19.0,1.1875
impossible,18.0,19.0,1.0555555555555556
rico,10.0,19.0,1.9
potassium,7.0,19.0,2.7142857142857144
ctd²,3.0,19.0,6.333333333333333
gardner,9.0,19.0,2.111111111111111
sole,14.0,19.0,1.3571428571428572
dormancy,7.0,19.0,2.7142857142857144
hypoparathyroidism,4.0,19.0,4.75
architecture,19.0,19.0,1.0
cheek,10.0,19.0,1.9
unstable,6.0,19.0,3.1666666666666665
acceleration,12.0,19.0,1.5833333333333333
novartis,14.0,19.0,1.3571428571428572
netw,12.0,19.0,1.5833333333333333
histologic,15.0,19.0,1.2666666666666666
bio,12.0,19.0,1.5833333333333333
childbirth,8.0,19.0,2.375
nat,7.0,19.0,2.7142857142857144
angiosarcoma,4.0,19.0,4.75
deny,4.0,19.0,4.75
identify,18.0,19.0,1.0555555555555556
widget,4.0,19.0,4.75
popular,15.0,19.0,1.2666666666666666
causal,15.0,19.0,1.2666666666666666
survive,19.0,19.0,1.0
prospect,16.0,18.0,1.125
hoarseness,12.0,18.0,1.5
irregular,10.0,18.0,1.8
pump,10.0,18.0,1.8
oar,4.0,18.0,4.5
shock,16.0,18.0,1.125
asxl1,3.0,18.0,6.0
arrow,11.0,18.0,1.6363636363636365
princess,5.0,18.0,3.6
retrovirus,6.0,18.0,3.0
dialysis,7.0,18.0,2.571428571428572
müller,11.0,18.0,1.6363636363636365
hint,17.0,18.0,1.0588235294117647
sad,8.0,18.0,2.25
manufacturing,12.0,18.0,1.5
legislative,8.0,18.0,2.25
pin,7.0,18.0,2.571428571428572
hcg,5.0,18.0,3.6
friedman,9.0,18.0,2.0
ophthalmologist,18.0,18.0,1.0
sjcrh,3.0,18.0,6.0
documentary,10.0,18.0,1.8
thoracentesis,5.0,18.0,3.6
incident,7.0,18.0,2.571428571428572
rem,4.0,18.0,4.5
aminotransferase,6.0,18.0,3.0
satellite,6.0,18.0,3.0
magnification,8.0,18.0,2.25
machen,3.0,18.0,6.0
defibrotide,4.0,18.0,4.5
hypogonadism,4.0,18.0,4.5
bispecific,8.0,18.0,2.25
absorption,9.0,18.0,2.0
manufacture,18.0,18.0,1.0
dtc,6.0,18.0,3.0
strain,14.0,18.0,1.2857142857142858
ethic,8.0,18.0,2.25
cdk,4.0,18.0,4.5
suggestive,10.0,18.0,1.8
snuff,6.0,18.0,3.0
tolerability,9.0,18.0,2.0
chart,16.0,18.0,1.125
norepinephrine,7.0,18.0,2.571428571428572
pax,3.0,18.0,6.0
nur,5.0,18.0,3.6
comorbidity,7.0,18.0,2.571428571428572
isolation,14.0,18.0,1.2857142857142858
usefulness,14.0,18.0,1.2857142857142858
trade,16.0,18.0,1.125
optimism,13.0,18.0,1.3846153846153846
mobility,11.0,18.0,1.6363636363636365
tmb,4.0,18.0,4.5
morphologic,9.0,18.0,2.0
produce,18.0,18.0,1.0
enhancement,14.0,18.0,1.2857142857142858
apply,11.0,18.0,1.6363636363636365
showing,18.0,18.0,1.0
protease,7.0,18.0,2.571428571428572
expand,16.0,18.0,1.125
hold,17.0,18.0,1.0588235294117647
islet,7.0,18.0,2.571428571428572
discrimination,8.0,18.0,2.25
amusing,18.0,18.0,1.0
uncover,10.0,18.0,1.8
peritoneum,7.0,18.0,2.571428571428572
anecdotal,13.0,18.0,1.3846153846153846
replication,16.0,18.0,1.125
fax,15.0,18.0,1.2
obliterans,3.0,18.0,6.0
reflection,12.0,18.0,1.5
ntrk,8.0,18.0,2.25
sexuality,14.0,18.0,1.2857142857142858
marketing,10.0,18.0,1.8
zip,4.0,18.0,4.5
treatment,17.0,18.0,1.0588235294117647
horizon,15.0,18.0,1.2
paternal,6.0,18.0,3.0
unclassifiable,3.0,18.0,6.0
subscale,9.0,18.0,2.0
bold,12.0,18.0,1.5
uspstf,6.0,18.0,3.0
transitional,6.0,18.0,3.0
overcome,16.0,18.0,1.125
reach,17.0,18.0,1.0588235294117647
capable,17.0,18.0,1.0588235294117647
accepted,18.0,18.0,1.0
optimize,18.0,18.0,1.0
folate,9.0,18.0,2.0
hughes,13.0,18.0,1.3846153846153846
splicing,10.0,18.0,1.8
hunger,11.0,18.0,1.6363636363636365
composite,7.0,18.0,2.571428571428572
classifier,8.0,18.0,2.25
patent,10.0,18.0,1.8
create,12.0,18.0,1.5
incisional,14.0,18.0,1.2857142857142858
ivc,4.0,18.0,4.5
bilirubin,4.0,18.0,4.5
raise,18.0,18.0,1.0
fresh,17.0,18.0,1.0588235294117647
invade,8.0,18.0,2.25
bug,10.0,18.0,1.8
crazy,11.0,18.0,1.6363636363636365
investor,3.0,18.0,6.0
quiz,9.0,18.0,2.0
aerobic,7.0,18.0,2.571428571428572
topoisomerase,7.0,18.0,2.571428571428572
mitoxantrone,6.0,18.0,3.0
anastomosis,3.0,18.0,6.0
nomenclature,8.0,18.0,2.25
thorough,13.0,18.0,1.3846153846153846
slight,15.0,18.0,1.2
magnesium,8.0,18.0,2.25
enucleation,3.0,18.0,6.0
broken,10.0,18.0,1.8
hellman,6.0,18.0,3.0
predict,17.0,18.0,1.0588235294117647
damaging,12.0,18.0,1.5
embryonic,6.0,18.0,3.0
commissioner,15.0,18.0,1.2
fna,9.0,18.0,2.0
curve,16.0,18.0,1.125
visible,15.0,18.0,1.2
agnostic,8.0,18.0,2.25
dis,7.0,18.0,2.571428571428572
palpable,11.0,18.0,1.6363636363636365
separation,9.0,17.0,1.8888888888888888
shah,13.0,17.0,1.3076923076923077
gastritis,8.0,17.0,2.125
proxy,9.0,17.0,1.8888888888888888
serology,5.0,17.0,3.4
mystery,8.0,17.0,2.125
hra,5.0,17.0,3.4
robbin,17.0,17.0,1.0
stature,3.0,17.0,5.666666666666667
ferrari,15.0,17.0,1.1333333333333333
leptomeningeal,3.0,17.0,5.666666666666667
leisure,3.0,17.0,5.666666666666667
merck,9.0,17.0,1.8888888888888888
movie,11.0,17.0,1.5454545454545454
ventilation,8.0,17.0,2.125
secure,14.0,17.0,1.2142857142857142
hijacking,4.0,17.0,4.25
ucla,12.0,17.0,1.4166666666666667
reserve,7.0,17.0,2.4285714285714284
dgcr8,3.0,17.0,5.666666666666667
vary,15.0,17.0,1.1333333333333333
illustrate,13.0,17.0,1.3076923076923077
olaratumab,4.0,17.0,4.25
pharmacokinetic,12.0,17.0,1.4166666666666667
deviation,9.0,17.0,1.8888888888888888
emergent,10.0,17.0,1.7
mueller,9.0,17.0,1.8888888888888888
obstetric,6.0,17.0,2.833333333333333
vinorelbine,4.0,17.0,4.25
stevens,6.0,17.0,2.833333333333333
chromogranin,6.0,17.0,2.833333333333333
radioiodine,3.0,17.0,5.666666666666667
imts,3.0,17.0,5.666666666666667
glucocorticoid,5.0,17.0,3.4
thiopurine,3.0,17.0,5.666666666666667
visualize,16.0,17.0,1.0625
counsel,13.0,17.0,1.3076923076923077
jewish,7.0,17.0,2.4285714285714284
resectable,9.0,17.0,1.8888888888888888
cytoplasmic,3.0,17.0,5.666666666666667
nordic,8.0,17.0,2.125
latent,8.0,17.0,2.125
incontinence,7.0,17.0,2.4285714285714284
serosa,4.0,17.0,4.25
vertebral,3.0,17.0,5.666666666666667
meshinchi,3.0,17.0,5.666666666666667
arpa,5.0,17.0,3.4
liposomal,10.0,17.0,1.7
multivariate,12.0,17.0,1.4166666666666667
lifecycle,15.0,17.0,1.1333333333333333
bay,8.0,17.0,2.125
viable,16.0,17.0,1.0625
scholarship,9.0,17.0,1.8888888888888888
berzosertib,5.0,17.0,3.4
fungoide,13.0,17.0,1.3076923076923077
betrnet,3.0,17.0,5.666666666666667
lopez,9.0,17.0,1.8888888888888888
drash,4.0,17.0,4.25
gurney,4.0,17.0,4.25
den,7.0,17.0,2.4285714285714284
ascite,9.0,17.0,1.8888888888888888
attache,13.0,17.0,1.3076923076923077
rank,12.0,17.0,1.4166666666666667
chtn,3.0,17.0,5.666666666666667
-positive,11.0,17.0,1.5454545454545454
denosumab,5.0,17.0,3.4
prone,12.0,17.0,1.4166666666666667
publishing,11.0,17.0,1.5454545454545454
extranodal,7.0,17.0,2.4285714285714284
motivated,13.0,17.0,1.3076923076923077
v600,9.0,17.0,1.8888888888888888
snp,8.0,17.0,2.125
fan,15.0,17.0,1.1333333333333333
gordon,4.0,17.0,4.25
wedge,6.0,17.0,2.833333333333333
dinah,13.0,17.0,1.3076923076923077
unselected,4.0,17.0,4.25
soc,10.0,17.0,1.7
cascade,7.0,17.0,2.4285714285714284
yearly,11.0,17.0,1.5454545454545454
marina,6.0,17.0,2.833333333333333
transit,3.0,17.0,5.666666666666667
infarction,6.0,17.0,2.833333333333333
primordial,3.0,17.0,5.666666666666667
tman,4.0,17.0,4.25
curtis,10.0,17.0,1.7
oncotarget,10.0,17.0,1.7
anus,14.0,17.0,1.2142857142857142
enasidenib,3.0,17.0,5.666666666666667
posttreatment,10.0,17.0,1.7
anorexia,10.0,17.0,1.7
bony,8.0,17.0,2.125
worried,15.0,17.0,1.1333333333333333
pob,4.0,17.0,4.25
ritual,5.0,17.0,3.4
craniofacial,5.0,17.0,3.4
proud,14.0,17.0,1.2142857142857142
epigenomic,11.0,17.0,1.5454545454545454
schultz,8.0,17.0,2.125
physiology,15.0,17.0,1.1333333333333333
ned,10.0,17.0,1.7
establishment,16.0,17.0,1.0625
postchemotherapy,8.0,17.0,2.125
characterized,9.0,17.0,1.8888888888888888
mediator,6.0,17.0,2.833333333333333
abramson,14.0,17.0,1.2142857142857142
metabolomic,11.0,17.0,1.5454545454545454
stimulus,10.0,17.0,1.7
extend,17.0,17.0,1.0
operable,6.0,17.0,2.833333333333333
cpg,5.0,17.0,3.4
incorporation,8.0,17.0,2.125
tailor,17.0,17.0,1.0
monohydrate,3.0,17.0,5.666666666666667
ca-25,4.0,17.0,4.25
describe,16.0,17.0,1.0625
lecture,12.0,17.0,1.4166666666666667
palmer,7.0,17.0,2.4285714285714284
overwhelming,16.0,17.0,1.0625
surprising,17.0,17.0,1.0
basket,7.0,17.0,2.4285714285714284
chakraborty,3.0,17.0,5.666666666666667
ectodermal,8.0,17.0,2.125
idp,3.0,17.0,5.666666666666667
conformance,17.0,17.0,1.0
audit,6.0,17.0,2.833333333333333
ctnnb1,3.0,17.0,5.666666666666667
shield,10.0,17.0,1.7
atrophy,11.0,17.0,1.5454545454545454
giant,11.0,17.0,1.5454545454545454
trunk,6.0,17.0,2.833333333333333
interpreter,3.0,17.0,5.666666666666667
gps,17.0,17.0,1.0
neurosurgery,8.0,17.0,2.125
trimester,4.0,17.0,4.25
botanical,3.0,16.0,5.333333333333333
hole,14.0,16.0,1.1428571428571428
bedside,15.0,16.0,1.0666666666666669
vocal,9.0,16.0,1.7777777777777777
gatta,16.0,16.0,1.0
stiff,7.0,16.0,2.2857142857142856
butow,4.0,16.0,4.0
krailo,16.0,16.0,1.0
manageable,16.0,16.0,1.0
metaiodobenzylguanidine,5.0,16.0,3.2
secret,10.0,16.0,1.6
capstone,5.0,16.0,3.2
senescent,4.0,16.0,4.0
ann,11.0,16.0,1.4545454545454546
grad,6.0,16.0,2.6666666666666665
myocardial,5.0,16.0,3.2
heerema,3.0,16.0,5.333333333333333
unger,8.0,16.0,2.0
degradation,10.0,16.0,1.6
equation,8.0,16.0,2.0
dependency,12.0,16.0,1.3333333333333333
hopelessness,3.0,16.0,5.333333333333333
merchant,3.0,16.0,5.333333333333333
sternberg,8.0,16.0,2.0
pui,3.0,16.0,5.333333333333333
funny,11.0,16.0,1.4545454545454546
watson,10.0,16.0,1.6
laparoscopic,5.0,16.0,3.2
healing,11.0,16.0,1.4545454545454546
domestic,14.0,16.0,1.1428571428571428
sensation,11.0,16.0,1.4545454545454546
heartbeat,14.0,16.0,1.1428571428571428
tremelimumab,8.0,16.0,2.0
lean,8.0,16.0,2.0
imperative,13.0,16.0,1.2307692307692308
fate,11.0,16.0,1.4545454545454546
antiemetic,7.0,16.0,2.2857142857142856
uniparental,4.0,16.0,4.0
leave,14.0,16.0,1.1428571428571428
tree,11.0,16.0,1.4545454545454546
palpation,8.0,16.0,2.0
linear,12.0,16.0,1.3333333333333333
road,14.0,16.0,1.1428571428571428
labeling,12.0,16.0,1.3333333333333333
balanced,15.0,16.0,1.0666666666666669
frontal,6.0,16.0,2.6666666666666665
auditing,7.0,16.0,2.2857142857142856
pathogen,8.0,16.0,2.0
solitary,8.0,16.0,2.0
endoscope,8.0,16.0,2.0
california,15.0,16.0,1.0666666666666669
otorhinolaryngol,6.0,16.0,2.6666666666666665
bronchu,5.0,16.0,3.2
brake,13.0,16.0,1.2307692307692308
hematopoiesis,7.0,16.0,2.2857142857142856
underscore,14.0,16.0,1.1428571428571428
connected,11.0,16.0,1.4545454545454546
town,12.0,16.0,1.3333333333333333
existence,11.0,16.0,1.4545454545454546
asthma,9.0,16.0,1.7777777777777777
lichen,3.0,16.0,5.333333333333333
truth,13.0,16.0,1.2307692307692308
missing,16.0,16.0,1.0
indoor,8.0,16.0,2.0
covid,10.0,16.0,1.6
pigment,7.0,16.0,2.2857142857142856
siop,5.0,16.0,3.2
schmidt,7.0,16.0,2.2857142857142856
tuberous,9.0,16.0,1.7777777777777777
milligram,6.0,16.0,2.6666666666666665
nail,8.0,16.0,2.0
bean,13.0,16.0,1.2307692307692308
nephroblastoma,4.0,16.0,4.0
tech,10.0,16.0,1.6
conflicting,9.0,16.0,1.7777777777777777
cohen,9.0,16.0,1.7777777777777777
prevertebral,3.0,16.0,5.333333333333333
eiap,10.0,16.0,1.6
lar,4.0,16.0,4.0
tomorrow,12.0,16.0,1.3333333333333333
endosc,4.0,16.0,4.0
clarification,13.0,16.0,1.2307692307692308
gonzalez,9.0,16.0,1.7777777777777777
scientist,10.0,16.0,1.6
tailorx,8.0,16.0,2.0
king,14.0,16.0,1.1428571428571428
overload,3.0,16.0,5.333333333333333
grant.gov,16.0,16.0,1.0
shortage,15.0,16.0,1.0666666666666669
min,12.0,16.0,1.3333333333333333
mgmt,5.0,16.0,3.2
trioxide,7.0,16.0,2.2857142857142856
waste,13.0,16.0,1.2307692307692308
costly,13.0,16.0,1.2307692307692308
memo,16.0,16.0,1.0
overwhelmed,14.0,16.0,1.1428571428571428
zhao,15.0,16.0,1.0666666666666669
chinese,11.0,16.0,1.4545454545454546
leuk,5.0,16.0,3.2
tricyclic,3.0,16.0,5.333333333333333
rie,6.0,16.0,2.6666666666666665
emerge,13.0,16.0,1.2307692307692308
alien,12.0,16.0,1.3333333333333333
worsen,14.0,16.0,1.1428571428571428
biennial,8.0,16.0,2.0
montefiore,5.0,16.0,3.2
attractive,14.0,16.0,1.1428571428571428
stricture,4.0,16.0,4.0
pontine,8.0,16.0,2.0
diamond,6.0,16.0,2.6666666666666665
tuesday,7.0,16.0,2.2857142857142856
intraoperative,5.0,16.0,3.2
ice,9.0,16.0,1.7777777777777777
responsiveness,11.0,16.0,1.4545454545454546
tmist,3.0,16.0,5.333333333333333
jemal,16.0,16.0,1.0
generate,12.0,16.0,1.3333333333333333
mitotic,11.0,16.0,1.4545454545454546
hurdle,16.0,16.0,1.0
combo,12.0,16.0,1.3333333333333333
-negative,10.0,16.0,1.6
heterogenous,8.0,16.0,2.0
itt,3.0,16.0,5.333333333333333
integrate,14.0,16.0,1.1428571428571428
egleston,16.0,16.0,1.0
ritchey,16.0,16.0,1.0
age-,6.0,16.0,2.6666666666666665
lady,10.0,15.0,1.5
propranolol,4.0,15.0,3.75
il3,3.0,15.0,5.0
gathering,14.0,15.0,1.0714285714285714
near,12.0,15.0,1.25
rivera,6.0,15.0,2.5
ccsk,5.0,15.0,3.0
morphological,10.0,15.0,1.5
pharmacogenetic,5.0,15.0,3.0
capocaccia,15.0,15.0,1.0
botta,15.0,15.0,1.0
rarecarenet,15.0,15.0,1.0
splenectomy,3.0,15.0,5.0
intragenic,3.0,15.0,5.0
nonrelapse,3.0,15.0,5.0
balloon,6.0,15.0,2.5
wallgren,3.0,15.0,5.0
lethality,6.0,15.0,2.5
holistic,14.0,15.0,1.0714285714285714
checklist,12.0,15.0,1.25
entrectinib,7.0,15.0,2.142857142857143
generative,4.0,15.0,3.75
weber,5.0,15.0,3.0
silver,15.0,15.0,1.0
bruera,4.0,15.0,3.75
compromise,12.0,15.0,1.25
larotrectinib,8.0,15.0,1.875
learner,4.0,15.0,3.75
nerv,7.0,15.0,2.142857142857143
erectile,7.0,15.0,2.142857142857143
multidimensional,9.0,15.0,1.6666666666666667
maturation,12.0,15.0,1.25
tuberculosis,7.0,15.0,2.142857142857143
seminal,7.0,15.0,2.142857142857143
hotspot,3.0,15.0,5.0
xp11,3.0,15.0,5.0
incremental,7.0,15.0,2.142857142857143
telemedicine,5.0,15.0,3.0
erk,3.0,15.0,5.0
discontinue,10.0,15.0,1.5
pfister,3.0,15.0,5.0
potato,7.0,15.0,2.142857142857143
player,10.0,15.0,1.5
nab,3.0,15.0,5.0
beneficiary,5.0,15.0,3.0
cereal,10.0,15.0,1.5
epidermis,4.0,15.0,3.75
continuity,6.0,15.0,2.5
secrete,10.0,15.0,1.5
isolated,9.0,15.0,1.6666666666666667
inherent,14.0,15.0,1.0714285714285714
existential,5.0,15.0,3.0
license,9.0,15.0,1.6666666666666667
walsh,9.0,15.0,1.6666666666666667
omission,5.0,15.0,3.0
sirolimus,4.0,15.0,3.75
vigorous,9.0,15.0,1.6666666666666667
wan,9.0,15.0,1.6666666666666667
embryo,11.0,15.0,1.3636363636363635
kaplan,8.0,15.0,1.875
subclone,6.0,15.0,2.5
gardasil,8.0,15.0,1.875
motion,11.0,15.0,1.3636363636363635
measurable,13.0,15.0,1.1538461538461535
groin,8.0,15.0,1.875
neurotransmitter,8.0,15.0,1.875
gastrin,3.0,15.0,5.0
recommend,14.0,15.0,1.0714285714285714
unchanged,12.0,15.0,1.25
leukemic,5.0,15.0,3.0
trimble,9.0,15.0,1.6666666666666667
meyer,7.0,15.0,2.142857142857143
understand,14.0,15.0,1.0714285714285714
hairy,7.0,15.0,2.142857142857143
fistula,7.0,15.0,2.142857142857143
counter,11.0,15.0,1.3636363636363635
spending,12.0,15.0,1.25
implement,13.0,15.0,1.1538461538461535
par-24,7.0,15.0,2.142857142857143
neurol,6.0,15.0,2.5
u24,10.0,15.0,1.5
hampel,4.0,15.0,3.75
developer,12.0,15.0,1.25
chase,7.0,15.0,2.142857142857143
fuchs,3.0,15.0,5.0
nosi,6.0,15.0,2.5
≥10,5.0,15.0,3.0
posttherapy,4.0,15.0,3.75
counterpart,13.0,15.0,1.1538461538461535
nutritional,11.0,15.0,1.3636363636363635
rarity,14.0,15.0,1.0714285714285714
vol,13.0,15.0,1.1538461538461535
hypnosis,7.0,15.0,2.142857142857143
globulin,5.0,15.0,3.0
additive,10.0,15.0,1.5
mount,12.0,15.0,1.25
landmark,12.0,15.0,1.25
granular,9.0,15.0,1.6666666666666667
mph,11.0,15.0,1.3636363636363635
interruption,12.0,15.0,1.25
bulletin,6.0,15.0,2.5
cytoplasm,11.0,15.0,1.3636363636363635
biophysical,13.0,15.0,1.1538461538461535
span,15.0,15.0,1.0
hydrogen,4.0,15.0,3.75
sweet,12.0,15.0,1.25
schwartz,9.0,15.0,1.6666666666666667
authorization,6.0,15.0,2.5
manage,15.0,15.0,1.0
realistic,13.0,15.0,1.1538461538461535
glutamine,5.0,15.0,3.0
govitecan,3.0,15.0,5.0
starting,15.0,15.0,1.0
abuse,10.0,15.0,1.5
rfas,6.0,15.0,2.5
geller,7.0,15.0,2.142857142857143
alternate,13.0,15.0,1.1538461538461535
emory,14.0,15.0,1.0714285714285714
1980,13.0,15.0,1.1538461538461535
tab,4.0,15.0,3.75
handle,13.0,15.0,1.1538461538461535
court,4.0,15.0,3.75
quadrivalent,5.0,15.0,3.0
tag,10.0,15.0,1.5
langerhan,3.0,15.0,5.0
aggregate,14.0,15.0,1.0714285714285714
saharan,10.0,15.0,1.5
operating,12.0,15.0,1.25
enzalutamide,8.0,15.0,1.875
invaluable,14.0,15.0,1.0714285714285714
justice,12.0,15.0,1.25
tyr,3.0,15.0,5.0
nob,8.0,15.0,1.875
facr,15.0,15.0,1.0
tnf,5.0,15.0,3.0
creatinine,4.0,15.0,3.75
plastic,13.0,15.0,1.1538461538461535
subclinical,5.0,15.0,3.0
carlos,15.0,15.0,1.0
battery,11.0,15.0,1.3636363636363635
remote,9.0,15.0,1.6666666666666667
congressional,11.0,15.0,1.3636363636363635
plasticity,12.0,14.0,1.1666666666666667
frustration,9.0,14.0,1.5555555555555556
warm,12.0,14.0,1.1666666666666667
multicentric,7.0,14.0,2.0
problematic,13.0,14.0,1.0769230769230769
caring,11.0,14.0,1.2727272727272727
shave,4.0,14.0,3.5
mskcc,8.0,14.0,1.75
serm,5.0,14.0,2.8
islander,13.0,14.0,1.0769230769230769
geriatr,6.0,14.0,2.333333333333333
adam,10.0,14.0,1.4
debt,9.0,14.0,1.5555555555555556
hr+/her2-,4.0,14.0,3.5
hall,11.0,14.0,1.2727272727272727
doublet,3.0,14.0,4.666666666666667
panic,4.0,14.0,3.5
uninterrupted,9.0,14.0,1.5555555555555556
valve,6.0,14.0,2.333333333333333
imfinzi,7.0,14.0,2.0
toll,12.0,14.0,1.1666666666666667
staining,7.0,14.0,2.0
dsm-5,4.0,14.0,3.5
walker,7.0,14.0,2.0
regulate,13.0,14.0,1.0769230769230769
width,6.0,14.0,2.333333333333333
gynecological,7.0,14.0,2.0
nsf,5.0,14.0,2.8
automatic,9.0,14.0,1.5555555555555556
reductase,5.0,14.0,2.8
penetration,4.0,14.0,3.5
chicken,7.0,14.0,2.0
tazemetostat,5.0,14.0,2.8
stay,8.0,14.0,1.75
ruxolitinib,4.0,14.0,3.5
arrest,8.0,14.0,1.75
respective,12.0,14.0,1.1666666666666667
gynecology,6.0,14.0,2.333333333333333
influential,10.0,14.0,1.4
turner,10.0,14.0,1.4
cream,6.0,14.0,2.333333333333333
persist,12.0,14.0,1.1666666666666667
atr,4.0,14.0,3.5
strand,11.0,14.0,1.2727272727272727
suite,11.0,14.0,1.2727272727272727
metric,9.0,14.0,1.5555555555555556
minicircle,3.0,14.0,4.666666666666667
homolog,5.0,14.0,2.8
propensity,10.0,14.0,1.4
rice,11.0,14.0,1.2727272727272727
optical,12.0,14.0,1.1666666666666667
cosmetic,6.0,14.0,2.333333333333333
monarch,3.0,14.0,4.666666666666667
straight,11.0,14.0,1.2727272727272727
attorney,4.0,14.0,3.5
oropharynx,4.0,14.0,3.5
module,9.0,14.0,1.5555555555555556
enthusiasm,14.0,14.0,1.0
pack,8.0,14.0,1.75
flavor,9.0,14.0,1.5555555555555556
recombination,8.0,14.0,1.75
flush,4.0,14.0,3.5
morehouse,6.0,14.0,2.333333333333333
neuroendocrinology,4.0,14.0,3.5
strange,12.0,14.0,1.1666666666666667
sharma,9.0,14.0,1.5555555555555556
microdeletion,3.0,14.0,4.666666666666667
recognize,14.0,14.0,1.0
discharge,5.0,14.0,2.8
begin,13.0,14.0,1.0769230769230769
constituent,5.0,14.0,2.8
glial,5.0,14.0,2.8
confident,14.0,14.0,1.0
baker,7.0,14.0,2.0
courtesy,11.0,14.0,1.2727272727272727
cern,3.0,14.0,4.666666666666667
club,5.0,14.0,2.8
siteman,4.0,14.0,3.5
mimetic,3.0,14.0,4.666666666666667
accountability,12.0,14.0,1.1666666666666667
doc,5.0,14.0,2.8
complaint,7.0,14.0,2.0
stewart,6.0,14.0,2.333333333333333
pay,13.0,14.0,1.0769230769230769
doe,5.0,14.0,2.8
dome,10.0,14.0,1.4
dermatology,8.0,14.0,1.75
union,12.0,14.0,1.1666666666666667
noncardia,3.0,14.0,4.666666666666667
hazardous,9.0,14.0,1.5555555555555556
instrumental,12.0,14.0,1.1666666666666667
underarm,8.0,14.0,1.75
p50,6.0,14.0,2.333333333333333
bac,7.0,14.0,2.0
plot,7.0,14.0,2.0
tertiary,10.0,14.0,1.4
glomerular,3.0,14.0,4.666666666666667
ctla-4,9.0,14.0,1.5555555555555556
ingredient,9.0,14.0,1.5555555555555556
interface,14.0,14.0,1.0
neurooncol,8.0,14.0,1.75
harness,13.0,14.0,1.0769230769230769
visibility,4.0,14.0,3.5
amh,3.0,14.0,4.666666666666667
sherman,8.0,14.0,1.75
mitigation,12.0,14.0,1.1666666666666667
quiet,12.0,14.0,1.1666666666666667
oxaliplatin,6.0,14.0,2.333333333333333
less,12.0,14.0,1.1666666666666667
ahn,8.0,14.0,1.75
inguinal,4.0,14.0,3.5
following,10.0,14.0,1.4
ivosidenib,3.0,14.0,4.666666666666667
outweigh,14.0,14.0,1.0
ependymal,3.0,14.0,4.666666666666667
annal,8.0,14.0,1.75
learn,13.0,14.0,1.0769230769230769
sonidegib,5.0,14.0,2.8
gradual,7.0,14.0,2.0
dcog,4.0,14.0,3.5
gleevec,13.0,14.0,1.0769230769230769
qualified,14.0,14.0,1.0
prescribing,7.0,14.0,2.0
fibroblast,11.0,14.0,1.2727272727272727
herd,8.0,14.0,1.75
teenage,7.0,14.0,2.0
hedgehog,8.0,14.0,1.75
reagent,11.0,14.0,1.2727272727272727
ancient,3.0,14.0,4.666666666666667
urban,10.0,14.0,1.4
discrepancy,10.0,14.0,1.4
suppressive,11.0,14.0,1.2727272727272727
perform,14.0,14.0,1.0
burke,5.0,14.0,2.8
passionate,14.0,14.0,1.0
sharp,12.0,14.0,1.1666666666666667
suffering,11.0,14.0,1.2727272727272727
hyperactivity,5.0,14.0,2.8
integral,14.0,14.0,1.0
arise,11.0,14.0,1.2727272727272727
societal,10.0,14.0,1.4
forest,8.0,14.0,1.75
niaid,7.0,14.0,2.0
ribosomal,4.0,14.0,3.5
igf2,3.0,13.0,4.333333333333333
tcrb,8.0,13.0,1.625
grow,12.0,13.0,1.0833333333333333
flag,13.0,13.0,1.0
asgcr,3.0,13.0,4.333333333333333
manuscript,9.0,13.0,1.4444444444444444
geneticist,7.0,13.0,1.8571428571428568
develop,13.0,13.0,1.0
retirement,6.0,13.0,2.1666666666666665
mara,7.0,13.0,1.8571428571428568
starch,3.0,13.0,4.333333333333333
danger,8.0,13.0,1.625
oncotype,5.0,13.0,2.6
depend,12.0,13.0,1.0833333333333333
schwannoma,10.0,13.0,1.3
tracer,5.0,13.0,2.6
indeterminate,9.0,13.0,1.4444444444444444
fluorine,8.0,13.0,1.625
roger,9.0,13.0,1.4444444444444444
painless,11.0,13.0,1.181818181818182
resubmission,13.0,13.0,1.0
wisdom,8.0,13.0,1.625
recruit,9.0,13.0,1.4444444444444444
lam,9.0,13.0,1.4444444444444444
bottleneck,9.0,13.0,1.4444444444444444
leukemogenic,4.0,13.0,3.25
cdkn1c,3.0,13.0,4.333333333333333
stark,13.0,13.0,1.0
renewable,13.0,13.0,1.0
distention,4.0,13.0,3.25
swelling,10.0,13.0,1.3
cbiit,8.0,13.0,1.625
cheung,7.0,13.0,1.8571428571428568
grain,9.0,13.0,1.4444444444444444
ctiu,3.0,13.0,4.333333333333333
cyclosporine,3.0,13.0,4.333333333333333
overgrowth,7.0,13.0,1.8571428571428568
anorectal,3.0,13.0,4.333333333333333
cd34,5.0,13.0,2.6
allelic,5.0,13.0,2.6
han,10.0,13.0,1.3
notification,10.0,13.0,1.3
adolesc,7.0,13.0,1.8571428571428568
unrecognized,11.0,13.0,1.181818181818182
screened,8.0,13.0,1.625
mandatory,10.0,13.0,1.3
cop,3.0,13.0,4.333333333333333
cfr,3.0,13.0,4.333333333333333
passage,7.0,13.0,1.8571428571428568
parson,7.0,13.0,1.8571428571428568
avoid,12.0,13.0,1.0833333333333333
annotation,9.0,13.0,1.4444444444444444
reg,3.0,13.0,4.333333333333333
tone,7.0,13.0,1.8571428571428568
homeostasis,7.0,13.0,1.8571428571428568
capillary,9.0,13.0,1.4444444444444444
sepsis,6.0,13.0,2.1666666666666665
xtrain,5.0,13.0,2.6
idelalisib,3.0,13.0,4.333333333333333
exhaustion,8.0,13.0,1.625
hasselblatt,3.0,13.0,4.333333333333333
dad,10.0,13.0,1.3
lkb1,4.0,13.0,3.25
pretreatment,11.0,13.0,1.181818181818182
antipsychotic,5.0,13.0,2.6
reassurance,8.0,13.0,1.625
fludeoxyglucose,7.0,13.0,1.8571428571428568
rib,9.0,13.0,1.4444444444444444
mccaskill,4.0,13.0,3.25
bartosch,13.0,13.0,1.0
estradiol,6.0,13.0,2.1666666666666665
caregiving,9.0,13.0,1.4444444444444444
translate,12.0,13.0,1.0833333333333333
wound,12.0,13.0,1.0833333333333333
blockage,6.0,13.0,2.1666666666666665
fludarabine,4.0,13.0,3.25
cfdna,5.0,13.0,2.6
eng,4.0,13.0,3.25
perry,3.0,13.0,4.333333333333333
dek,3.0,13.0,4.333333333333333
workup,13.0,13.0,1.0
mekinist,12.0,13.0,1.0833333333333333
resolve,11.0,13.0,1.181818181818182
rothmund,4.0,13.0,3.25
chromothripsis,4.0,13.0,3.25
pazopanib,7.0,13.0,1.8571428571428568
clarify,11.0,13.0,1.181818181818182
scott,5.0,13.0,2.6
cathy,4.0,13.0,3.25
melanocyte,4.0,13.0,3.25
carcinomatosis,7.0,13.0,1.8571428571428568
vus,3.0,13.0,4.333333333333333
personalized,12.0,13.0,1.0833333333333333
suzuki,6.0,13.0,2.1666666666666665
surviv,3.0,13.0,4.333333333333333
herb,4.0,13.0,3.25
england,12.0,13.0,1.0833333333333333
q32,3.0,13.0,4.333333333333333
eflornithine,3.0,13.0,4.333333333333333
realm,13.0,13.0,1.0
brainstem,7.0,13.0,1.8571428571428568
benjamin,7.0,13.0,1.8571428571428568
frontier,9.0,13.0,1.4444444444444444
satisfied,10.0,13.0,1.3
orientation,9.0,13.0,1.4444444444444444
subscription,10.0,13.0,1.3
affordability,10.0,13.0,1.3
dividend,7.0,13.0,1.8571428571428568
herbal,5.0,13.0,2.6
carotid,5.0,13.0,2.6
hijack,11.0,13.0,1.181818181818182
caffeine,6.0,13.0,2.1666666666666665
possession,8.0,13.0,1.625
alcoholic,4.0,13.0,3.25
facet,11.0,13.0,1.181818181818182
basel,7.0,13.0,1.8571428571428568
affective,6.0,13.0,2.1666666666666665
basketball,3.0,13.0,4.333333333333333
noise,8.0,13.0,1.625
curr,8.0,13.0,1.625
reliability,13.0,13.0,1.0
pdmc,3.0,13.0,4.333333333333333
ease,12.0,13.0,1.0833333333333333
msk,4.0,13.0,3.25
constant,13.0,13.0,1.0
-like,5.0,13.0,2.6
undruggable,8.0,13.0,1.625
henderson,7.0,13.0,1.8571428571428568
peterson,6.0,13.0,2.1666666666666665
regret,6.0,13.0,2.1666666666666665
interpret,13.0,13.0,1.0
cetera,5.0,13.0,2.6
oncologic,9.0,13.0,1.4444444444444444
knife,9.0,13.0,1.4444444444444444
retinal,7.0,13.0,1.8571428571428568
compression,7.0,13.0,1.8571428571428568
custom,10.0,13.0,1.3
elucidate,12.0,13.0,1.0833333333333333
breathe,9.0,13.0,1.4444444444444444
electrolyte,8.0,13.0,1.625
pract,8.0,13.0,1.625
receiver,3.0,13.0,4.333333333333333
bioengineering,6.0,13.0,2.1666666666666665
colonization,5.0,13.0,2.6
traffic,8.0,13.0,1.625
haas,8.0,13.0,1.625
arthritis,11.0,13.0,1.181818181818182
gastroenteropancreatic,4.0,13.0,3.25
enema,3.0,13.0,4.333333333333333
drain,10.0,13.0,1.3
chi,10.0,13.0,1.3
oil,5.0,13.0,2.6
ginsburg,3.0,13.0,4.333333333333333
imagery,10.0,13.0,1.3
numerical,3.0,13.0,4.333333333333333
berger,6.0,13.0,2.1666666666666665
circular,8.0,13.0,1.625
acc,5.0,13.0,2.6
passive,6.0,13.0,2.1666666666666665
dollar,10.0,13.0,1.3
manipulation,12.0,13.0,1.0833333333333333
regenerative,5.0,13.0,2.6
enormous,13.0,13.0,1.0
münster,3.0,13.0,4.333333333333333
navigate,11.0,13.0,1.181818181818182
heritage,9.0,13.0,1.4444444444444444
midgut,4.0,13.0,3.25
cd20,5.0,13.0,2.6
competence,4.0,13.0,3.25
idiopathic,3.0,13.0,4.333333333333333
extrachromosomal,8.0,13.0,1.625
causative,8.0,13.0,1.625
vemurafenib,6.0,13.0,2.1666666666666665
smell,8.0,13.0,1.625
ceo,10.0,13.0,1.3
champion,7.0,13.0,1.8571428571428568
pharmacologic,12.0,13.0,1.0833333333333333
west,10.0,13.0,1.3
enrichment,10.0,13.0,1.3
kappa,6.0,13.0,2.1666666666666665
generic,5.0,13.0,2.6
military,11.0,13.0,1.181818181818182
ball,11.0,13.0,1.181818181818182
immunotherapeutic,11.0,13.0,1.181818181818182
breastbone,7.0,13.0,1.8571428571428568
pyrimidine,4.0,13.0,3.25
antihistamine,5.0,12.0,2.4
bigas,4.0,12.0,3.0
lifespan,9.0,12.0,1.3333333333333333
levine,9.0,12.0,1.3333333333333333
life,5.0,12.0,2.4
urologic,12.0,12.0,1.0
puzzle,8.0,12.0,1.5
laherparepvec,5.0,12.0,2.4
splenic,4.0,12.0,3.0
tinnitus,5.0,12.0,2.4
loose,9.0,12.0,1.3333333333333333
wrist,9.0,12.0,1.3333333333333333
ealc,3.0,12.0,4.0
laparotomy,5.0,12.0,2.4
renew,11.0,12.0,1.0909090909090908
issuance,11.0,12.0,1.0909090909090908
hepatology,4.0,12.0,3.0
threatening,11.0,12.0,1.0909090909090908
luminal,5.0,12.0,2.4
hmlh1,3.0,12.0,4.0
histopathologic,7.0,12.0,1.7142857142857142
adenomatosis,3.0,12.0,4.0
mask,9.0,12.0,1.3333333333333333
overactive,8.0,12.0,1.5
implantation,9.0,12.0,1.3333333333333333
pa-24,5.0,12.0,2.4
thrombocytopenia,10.0,12.0,1.2
xanthoastrocytoma,7.0,12.0,1.7142857142857142
generating,12.0,12.0,1.0
funder,10.0,12.0,1.2
strengthen,11.0,12.0,1.0909090909090908
insurer,11.0,12.0,1.0909090909090908
der,6.0,12.0,2.0
lewis,8.0,12.0,1.5
commercialization,7.0,12.0,1.7142857142857142
bcc,4.0,12.0,3.0
irb,10.0,12.0,1.2
pupil,3.0,12.0,4.0
ultraviolet,11.0,12.0,1.0909090909090908
hick,7.0,12.0,1.7142857142857142
obstacle,10.0,12.0,1.2
loud,8.0,12.0,1.5
telomere,3.0,12.0,4.0
glass,6.0,12.0,2.0
documenting,6.0,12.0,2.0
psychology,8.0,12.0,1.5
ophthalmol,3.0,12.0,4.0
atrial,5.0,12.0,2.4
gastroint,5.0,12.0,2.4
byrne,5.0,12.0,2.4
bivalent,5.0,12.0,2.4
puncture,6.0,12.0,2.0
cytogenet,3.0,12.0,4.0
atrophic,6.0,12.0,2.0
mod,3.0,12.0,4.0
feeding,10.0,12.0,1.2
discretion,12.0,12.0,1.0
apec,4.0,12.0,3.0
mathematic,9.0,12.0,1.3333333333333333
keynote,11.0,12.0,1.0909090909090908
army,7.0,12.0,1.7142857142857142
spore,7.0,12.0,1.7142857142857142
inject,7.0,12.0,1.7142857142857142
klinefelter,3.0,12.0,4.0
roof,5.0,12.0,2.4
hypomethylation,3.0,12.0,4.0
calculator,3.0,12.0,4.0
helminth,3.0,12.0,4.0
geographical,11.0,12.0,1.0909090909090908
hyperglycemia,8.0,12.0,1.5
invention,9.0,12.0,1.3333333333333333
thomson,4.0,12.0,3.0
remnant,4.0,12.0,3.0
homologous,8.0,12.0,1.5
neonate,5.0,12.0,2.4
prediabete,3.0,12.0,4.0
tap,9.0,12.0,1.3333333333333333
cambridge,8.0,12.0,1.5
radionuclide,7.0,12.0,1.7142857142857142
vhl,5.0,12.0,2.4
machinery,10.0,12.0,1.2
antiretroviral,6.0,12.0,2.0
campaign,10.0,12.0,1.2
remedy,8.0,12.0,1.5
mucositis,10.0,12.0,1.2
titer,6.0,12.0,2.0
represent,12.0,12.0,1.0
rtk,5.0,12.0,2.4
mindset,7.0,12.0,1.7142857142857142
breakdown,12.0,12.0,1.0
puff,5.0,12.0,2.4
m.sc,7.0,12.0,1.7142857142857142
allergy,9.0,12.0,1.3333333333333333
cobimetinib,8.0,12.0,1.5
multifactorial,8.0,12.0,1.5
criticism,8.0,12.0,1.5
folic,5.0,12.0,2.4
collective,10.0,12.0,1.2
stride,12.0,12.0,1.0
argani,4.0,12.0,3.0
xalkori,12.0,12.0,1.0
cervarix,7.0,12.0,1.7142857142857142
angiofibroma,3.0,12.0,4.0
vertebra,5.0,12.0,2.4
radiologic,9.0,12.0,1.3333333333333333
antinausea,3.0,12.0,4.0
paget,6.0,12.0,2.0
avascular,5.0,12.0,2.4
moist,5.0,12.0,2.4
axilla,5.0,12.0,2.4
mitchell,10.0,12.0,1.2
closure,8.0,12.0,1.5
proximity,11.0,12.0,1.0909090909090908
carbohydrate,8.0,12.0,1.5
langone,9.0,12.0,1.3333333333333333
moore,9.0,12.0,1.3333333333333333
febrile,9.0,12.0,1.3333333333333333
8q24,3.0,12.0,4.0
ash,3.0,12.0,4.0
spray,5.0,12.0,2.4
frameshift,4.0,12.0,3.0
unemployment,4.0,12.0,3.0
kaste,3.0,12.0,4.0
transduction,9.0,12.0,1.3333333333333333
clustering,6.0,12.0,2.0
devoted,11.0,12.0,1.0909090909090908
plexus,8.0,12.0,1.5
pancreatitis,6.0,12.0,2.0
disomy,4.0,12.0,3.0
williams,6.0,12.0,2.0
wellness,11.0,12.0,1.0909090909090908
inherit,5.0,12.0,2.4
ast,4.0,12.0,3.0
gopal,6.0,12.0,2.0
come,12.0,12.0,1.0
efs,4.0,12.0,3.0
hydrate,3.0,12.0,4.0
cdk6,5.0,12.0,2.4
pursuit,12.0,12.0,1.0
nervousness,8.0,12.0,1.5
hosp,5.0,12.0,2.4
tendency,9.0,12.0,1.3333333333333333
methodological,9.0,12.0,1.3333333333333333
bunch,10.0,12.0,1.2
swedish,11.0,12.0,1.0909090909090908
pog,4.0,12.0,3.0
empathy,5.0,12.0,2.4
digest,9.0,12.0,1.3333333333333333
matching,8.0,12.0,1.5
unsuccessful,10.0,12.0,1.2
gastrinoma,3.0,12.0,4.0
compr,11.0,12.0,1.0909090909090908
pastoral,6.0,12.0,2.0
attendance,11.0,12.0,1.0909090909090908
wait,8.0,12.0,1.5
guiding,12.0,12.0,1.0
structured,7.0,12.0,1.7142857142857142
sen,10.0,12.0,1.2
organizer,10.0,12.0,1.2
arena,11.0,12.0,1.0909090909090908
thoracoscopy,6.0,12.0,2.0
para,7.0,12.0,1.7142857142857142
neuropathologist,8.0,12.0,1.5
cole,9.0,12.0,1.3333333333333333
paperwork,7.0,12.0,1.7142857142857142
underlie,11.0,12.0,1.0909090909090908
p450,5.0,12.0,2.4
etctn,6.0,12.0,2.0
parenteral,7.0,12.0,1.7142857142857142
ca-125,5.0,12.0,2.4
constellation,7.0,12.0,1.7142857142857142
full,12.0,12.0,1.0
ban,6.0,12.0,2.0
carpenter,5.0,12.0,2.4
buchanan,9.0,12.0,1.3333333333333333
yang,6.0,12.0,2.0
interception,8.0,12.0,1.5
organizational,10.0,12.0,1.2
u54,8.0,12.0,1.5
suh,7.0,12.0,1.7142857142857142
disadvantage,10.0,12.0,1.2
prognostication,5.0,12.0,2.4
teresa,11.0,12.0,1.0909090909090908
morphine,3.0,12.0,4.0
esis,3.0,12.0,4.0
formulary,5.0,12.0,2.4
cheese,7.0,12.0,1.7142857142857142
tight,10.0,12.0,1.2
dos,7.0,12.0,1.7142857142857142
distinguished,12.0,12.0,1.0
sedative,5.0,12.0,2.4
ross,10.0,12.0,1.2
daytime,6.0,12.0,2.0
endocrinologist,10.0,12.0,1.2
evaluable,9.0,12.0,1.3333333333333333
hypoxia,5.0,12.0,2.4
malady,7.0,12.0,1.7142857142857142
emperor,7.0,12.0,1.7142857142857142
dive,11.0,12.0,1.0909090909090908
≥18,5.0,12.0,2.4
leaf,9.0,12.0,1.3333333333333333
wealth,11.0,11.0,1.0
behave,11.0,11.0,1.0
hookah,7.0,11.0,1.5714285714285714
pommier,3.0,11.0,3.6666666666666665
paraneoplastic,3.0,11.0,3.6666666666666665
naïve,10.0,11.0,1.1
ecological,6.0,11.0,1.8333333333333333
elusive,11.0,11.0,1.0
shepherd,5.0,11.0,2.2
bird,7.0,11.0,1.5714285714285714
microorganism,9.0,11.0,1.2222222222222223
orbach,6.0,11.0,1.8333333333333333
heal,9.0,11.0,1.2222222222222223
macroscopic,8.0,11.0,1.375
spike,5.0,11.0,2.2
grading,9.0,11.0,1.2222222222222223
harsh,9.0,11.0,1.2222222222222223
secretarial,9.0,11.0,1.2222222222222223
okay,9.0,11.0,1.2222222222222223
polypeptide,3.0,11.0,3.6666666666666665
ptms,3.0,11.0,3.6666666666666665
computation,6.0,11.0,1.8333333333333333
immunophenotypic,4.0,11.0,2.75
negotiation,9.0,11.0,1.2222222222222223
chemopreventive,5.0,11.0,2.2
sudha,5.0,11.0,2.2
druggable,9.0,11.0,1.2222222222222223
exogenous,7.0,11.0,1.5714285714285714
nutr,7.0,11.0,1.5714285714285714
foa,3.0,11.0,3.6666666666666665
sivaram,5.0,11.0,2.2
southeast,11.0,11.0,1.0
encourage,10.0,11.0,1.1
jenkin,6.0,11.0,1.8333333333333333
spatiotemporal,7.0,11.0,1.5714285714285714
theoretical,9.0,11.0,1.2222222222222223
hyaluronidase,3.0,11.0,3.6666666666666665
managing,10.0,11.0,1.1
transportation,10.0,11.0,1.1
generalizable,6.0,11.0,1.8333333333333333
guarantee,10.0,11.0,1.1
atm,8.0,11.0,1.375
inter,6.0,11.0,1.8333333333333333
roadmap,8.0,11.0,1.375
cooke,5.0,11.0,2.2
brca1/2,5.0,11.0,2.2
copanlisib,4.0,11.0,2.75
applied,11.0,11.0,1.0
inspiration,8.0,11.0,1.375
multisite,9.0,11.0,1.2222222222222223
extrapolation,3.0,11.0,3.6666666666666665
perforation,7.0,11.0,1.5714285714285714
cugh,3.0,11.0,3.6666666666666665
pea,8.0,11.0,1.375
erythropoietin,4.0,11.0,2.75
aggarwal,5.0,11.0,2.2
norm,9.0,11.0,1.2222222222222223
ophthalmology,3.0,11.0,3.6666666666666665
workbook,5.0,11.0,2.2
hallucination,7.0,11.0,1.5714285714285714
alfa,6.0,11.0,1.8333333333333333
gibson,6.0,11.0,1.8333333333333333
children,6.0,11.0,1.8333333333333333
contraindication,6.0,11.0,1.8333333333333333
willingness,10.0,11.0,1.1
consult,9.0,11.0,1.2222222222222223
inappropriate,10.0,11.0,1.1
curesearch,11.0,11.0,1.0
correction,10.0,11.0,1.1
methyl,8.0,11.0,1.375
scary,9.0,11.0,1.2222222222222223
administrator,11.0,11.0,1.0
centric,8.0,11.0,1.375
intravital,5.0,11.0,2.2
angry,9.0,11.0,1.2222222222222223
lanreotide,4.0,11.0,2.75
excretion,6.0,11.0,1.8333333333333333
garlic,3.0,11.0,3.6666666666666665
eager,11.0,11.0,1.0
log,7.0,11.0,1.5714285714285714
preserve,11.0,11.0,1.0
standardization,8.0,11.0,1.375
leukemogenesis,3.0,11.0,3.6666666666666665
nonspecific,11.0,11.0,1.0
super,9.0,11.0,1.2222222222222223
import,5.0,11.0,2.2
dore,4.0,11.0,2.75
awakening,3.0,11.0,3.6666666666666665
pinto,5.0,11.0,2.2
charter,4.0,11.0,2.75
connor,5.0,11.0,2.2
imbruvica,10.0,11.0,1.1
sedimentation,3.0,11.0,3.6666666666666665
dentist,6.0,11.0,1.8333333333333333
paucity,7.0,11.0,1.5714285714285714
p22,3.0,11.0,3.6666666666666665
1970,7.0,11.0,1.5714285714285714
revolution,9.0,11.0,1.2222222222222223
vii,3.0,11.0,3.6666666666666665
fitness,7.0,11.0,1.5714285714285714
hancock,8.0,11.0,1.375
nih,11.0,11.0,1.0
ceremony,8.0,11.0,1.375
metastasized,9.0,11.0,1.2222222222222223
dsm,3.0,11.0,3.6666666666666665
subclassification,4.0,11.0,2.75
type,9.0,11.0,1.2222222222222223
lay,11.0,11.0,1.0
nucl,7.0,11.0,1.5714285714285714
aspartate,9.0,11.0,1.2222222222222223
endeavor,10.0,11.0,1.1
windpipe,7.0,11.0,1.5714285714285714
ncat,7.0,11.0,1.5714285714285714
neurotoxicity,9.0,11.0,1.2222222222222223
nobel,7.0,11.0,1.5714285714285714
organized,10.0,11.0,1.1
provisional,5.0,11.0,2.2
fanconi,4.0,11.0,2.75
cushing,3.0,11.0,3.6666666666666665
cytochrome,6.0,11.0,1.8333333333333333
yale,10.0,11.0,1.1
combinatorial,6.0,11.0,1.8333333333333333
baltimore,8.0,11.0,1.375
yassin,3.0,11.0,3.6666666666666665
sci,7.0,11.0,1.5714285714285714
mast,5.0,11.0,2.2
signaling,5.0,11.0,2.2
certificate,5.0,11.0,2.2
instant,9.0,11.0,1.2222222222222223
clark,8.0,11.0,1.375
discrete,9.0,11.0,1.2222222222222223
tih,11.0,11.0,1.0
graph,10.0,11.0,1.1
autonomy,6.0,11.0,1.8333333333333333
proactive,8.0,11.0,1.375
itching,9.0,11.0,1.2222222222222223
taking,10.0,11.0,1.1
obstet,6.0,11.0,1.8333333333333333
cystectomy,3.0,11.0,3.6666666666666665
hypertrophy,4.0,11.0,2.75
ctd,8.0,11.0,1.375
sweating,7.0,11.0,1.5714285714285714
formalin,6.0,11.0,1.8333333333333333
paraffin,7.0,11.0,1.5714285714285714
evade,11.0,11.0,1.0
pericarditis,3.0,11.0,3.6666666666666665
adapt,9.0,11.0,1.2222222222222223
depot,6.0,11.0,1.8333333333333333
coughing,5.0,11.0,2.2
cadmium,4.0,11.0,2.75
leuprolide,4.0,11.0,2.75
uncomfortable,9.0,11.0,1.2222222222222223
burt,3.0,11.0,3.6666666666666665
arrangement,7.0,11.0,1.5714285714285714
christian,6.0,11.0,1.8333333333333333
reflux,7.0,11.0,1.5714285714285714
constraint,8.0,11.0,1.375
bariatric,3.0,11.0,3.6666666666666665
nominee,4.0,11.0,2.75
nejm,7.0,11.0,1.5714285714285714
predispose,5.0,11.0,2.2
doubt,11.0,11.0,1.0
einstein,4.0,11.0,2.75
dairy,3.0,11.0,3.6666666666666665
gerhard,4.0,11.0,2.75
brexucabtagene,4.0,11.0,2.75
cytopenia,6.0,11.0,1.8333333333333333
logical,9.0,11.0,1.2222222222222223
jco,7.0,11.0,1.5714285714285714
compassionate,9.0,11.0,1.2222222222222223
catch,11.0,11.0,1.0
amenable,10.0,11.0,1.1
itd,3.0,11.0,3.6666666666666665
ensure,11.0,11.0,1.0
panelist,6.0,11.0,1.8333333333333333
d.v.m,9.0,11.0,1.2222222222222223
catalyst,11.0,11.0,1.0
noteworthy,10.0,11.0,1.1
larson,8.0,11.0,1.375
nonfunctional,5.0,11.0,2.2
hiaa,3.0,11.0,3.6666666666666665
hysterectomy,5.0,11.0,2.2
browser,7.0,11.0,1.5714285714285714
reward,11.0,11.0,1.0
howell,5.0,11.0,2.2
philipp,8.0,11.0,1.375
exit,9.0,11.0,1.2222222222222223
irreversible,5.0,11.0,2.2
actl,3.0,11.0,3.6666666666666665
micrometastase,4.0,11.0,2.75
showcase,11.0,11.0,1.0
alexander,7.0,11.0,1.5714285714285714
fedratinib,3.0,11.0,3.6666666666666665
multiply,9.0,11.0,1.2222222222222223
collarbone,7.0,11.0,1.5714285714285714
asa,4.0,11.0,2.75
encouragement,10.0,11.0,1.1
momentum,6.0,11.0,1.8333333333333333
pearlman,4.0,11.0,2.75
gej,4.0,11.0,2.75
certification,9.0,11.0,1.2222222222222223
fuch,5.0,11.0,2.2
poem,3.0,11.0,3.6666666666666665
hawkins,4.0,11.0,2.75
underpinning,11.0,11.0,1.0
equivalence,3.0,11.0,3.6666666666666665
grant,9.0,11.0,1.2222222222222223
clean,10.0,11.0,1.1
ctep,10.0,11.0,1.1
guy,8.0,11.0,1.375
nortriptyline,4.0,11.0,2.75
invitation,8.0,11.0,1.375
hdac,4.0,11.0,2.75
activator,7.0,11.0,1.5714285714285714
modify,11.0,11.0,1.0
reinduction,4.0,11.0,2.75
beck,9.0,11.0,1.2222222222222223
rigid,9.0,11.0,1.2222222222222223
construct,11.0,11.0,1.0
sertraline,4.0,11.0,2.75
extraordinary,11.0,11.0,1.0
proteome,10.0,11.0,1.1
texture,6.0,11.0,1.8333333333333333
escape,11.0,11.0,1.0
spare,11.0,11.0,1.0
pieter,3.0,11.0,3.6666666666666665
vertebrate,6.0,11.0,1.8333333333333333
ploidy,4.0,11.0,2.75
heuvel,3.0,11.0,3.6666666666666665
tear,4.0,11.0,2.75
pediatrica,7.0,11.0,1.5714285714285714
premalignant,8.0,11.0,1.375
sar,5.0,11.0,2.2
schiller,4.0,11.0,2.75
fortunate,9.0,11.0,1.2222222222222223
inoue,4.0,11.0,2.75
ineligible,8.0,10.0,1.25
catalytic,8.0,10.0,1.25
francis,5.0,10.0,2.0
bryant,4.0,10.0,2.5
sociodemographic,6.0,10.0,1.6666666666666667
r44,4.0,10.0,2.5
pound,6.0,10.0,1.6666666666666667
tracking,10.0,10.0,1.0
textbook,6.0,10.0,1.6666666666666667
load,7.0,10.0,1.4285714285714286
metronomic,3.0,10.0,3.333333333333333
disbelief,6.0,10.0,1.6666666666666667
echocardiographic,3.0,10.0,3.333333333333333
irritable,7.0,10.0,1.4285714285714286
upfront,8.0,10.0,1.25
climb,6.0,10.0,1.6666666666666667
antidiarrheal,4.0,10.0,2.5
robotic,10.0,10.0,1.0
multinodular,4.0,10.0,2.5
humor,6.0,10.0,1.6666666666666667
frontline,7.0,10.0,1.4285714285714286
surround,10.0,10.0,1.0
shen,8.0,10.0,1.25
disparate,10.0,10.0,1.0
passenger,8.0,10.0,1.25
reluctant,8.0,10.0,1.25
loperamide,3.0,10.0,3.333333333333333
roundtable,5.0,10.0,2.0
atac,4.0,10.0,2.5
occasional,6.0,10.0,1.6666666666666667
perturbation,8.0,10.0,1.25
risky,8.0,10.0,1.25
pcdc,3.0,10.0,3.333333333333333
fetoprotein,4.0,10.0,2.5
mcd,5.0,10.0,2.0
disfigurement,8.0,10.0,1.25
dedication,10.0,10.0,1.0
desk,10.0,10.0,1.0
discordant,6.0,10.0,1.6666666666666667
subunit,4.0,10.0,2.5
servant,7.0,10.0,1.4285714285714286
silo,8.0,10.0,1.25
extrinsic,6.0,10.0,1.6666666666666667
prof,7.0,10.0,1.4285714285714286
physicist,6.0,10.0,1.6666666666666667
psychometric,4.0,10.0,2.5
equality,6.0,10.0,1.6666666666666667
suspect,10.0,10.0,1.0
orbit,4.0,10.0,2.5
barne,8.0,10.0,1.25
geography,9.0,10.0,1.1111111111111112
hemihypertrophy,4.0,10.0,2.5
require,10.0,10.0,1.0
sputum,6.0,10.0,1.6666666666666667
luman,4.0,10.0,2.5
massage,9.0,10.0,1.1111111111111112
expandable,4.0,10.0,2.5
claim,9.0,10.0,1.1111111111111112
stimulate,9.0,10.0,1.1111111111111112
rosen,4.0,10.0,2.5
collagen,8.0,10.0,1.25
gen,9.0,10.0,1.1111111111111112
ventricle,8.0,10.0,1.25
upstream,5.0,10.0,2.0
bread,6.0,10.0,1.6666666666666667
defining,4.0,10.0,2.5
granulocyte,6.0,10.0,1.6666666666666667
rmc,3.0,10.0,3.333333333333333
penis,7.0,10.0,1.4285714285714286
garcía,10.0,10.0,1.0
tiredness,7.0,10.0,1.4285714285714286
employer,7.0,10.0,1.4285714285714286
policymaker,8.0,10.0,1.25
antimicrobial,5.0,10.0,2.0
superiority,4.0,10.0,2.5
dogma,4.0,10.0,2.5
leach,5.0,10.0,2.0
ribosome,6.0,10.0,1.6666666666666667
inhibitory,7.0,10.0,1.4285714285714286
elicit,4.0,10.0,2.5
shed,9.0,10.0,1.1111111111111112
mucinous,4.0,10.0,2.5
p97,3.0,10.0,3.333333333333333
estimation,7.0,10.0,1.4285714285714286
occur,10.0,10.0,1.0
accumulate,10.0,10.0,1.0
mab,10.0,10.0,1.0
suppresse,8.0,10.0,1.25
gwas,6.0,10.0,1.6666666666666667
veer,6.0,10.0,1.6666666666666667
yao,7.0,10.0,1.4285714285714286
dissatisfaction,5.0,10.0,2.0
quarterly,8.0,10.0,1.25
birthday,7.0,10.0,1.4285714285714286
lawsuit,3.0,10.0,3.333333333333333
cultured,8.0,10.0,1.25
deaconess,7.0,10.0,1.4285714285714286
vasculature,7.0,10.0,1.4285714285714286
measle,3.0,10.0,3.333333333333333
adjunctive,4.0,10.0,2.5
threefold,5.0,10.0,2.0
beach,4.0,10.0,2.5
diuretic,6.0,10.0,1.6666666666666667
cotinine,5.0,10.0,2.0
batch,7.0,10.0,1.4285714285714286
soil,6.0,10.0,1.6666666666666667
podcast,10.0,10.0,1.0
abdoman,9.0,10.0,1.1111111111111112
congratulation,6.0,10.0,1.6666666666666667
pfizer,10.0,10.0,1.0
thoughtful,9.0,10.0,1.1111111111111112
fail,10.0,10.0,1.0
campbell,8.0,10.0,1.25
preterm,6.0,10.0,1.6666666666666667
thomas,8.0,10.0,1.25
rapamycin,7.0,10.0,1.4285714285714286
hammer,6.0,10.0,1.6666666666666667
lorlatinib,4.0,10.0,2.5
cannabinoid,4.0,10.0,2.5
lasker,3.0,10.0,3.333333333333333
abrogate,3.0,10.0,3.333333333333333
impediment,7.0,10.0,1.4285714285714286
react,10.0,10.0,1.0
tarceva,10.0,10.0,1.0
deliberate,10.0,10.0,1.0
gonad,3.0,10.0,3.333333333333333
libido,5.0,10.0,2.0
taste,9.0,10.0,1.1111111111111112
greer,5.0,10.0,2.0
unc,10.0,10.0,1.0
pre-,8.0,10.0,1.25
cmml,4.0,10.0,2.5
fertilization,7.0,10.0,1.4285714285714286
ebmt,3.0,10.0,3.333333333333333
irritation,7.0,10.0,1.4285714285714286
silence,8.0,10.0,1.25
predominate,4.0,10.0,2.5
inactivate,10.0,10.0,1.0
groupe,5.0,10.0,2.0
autoleucel,7.0,10.0,1.4285714285714286
accelerated,8.0,10.0,1.25
kimmel,9.0,10.0,1.1111111111111112
unbiased,8.0,10.0,1.25
catchment,7.0,10.0,1.4285714285714286
neutral,5.0,10.0,2.0
yan,6.0,10.0,1.6666666666666667
assoc,8.0,10.0,1.25
tune,8.0,10.0,1.25
conception,5.0,10.0,2.0
rucaparib,5.0,10.0,2.0
pcp,3.0,10.0,3.333333333333333
modulate,10.0,10.0,1.0
garden,6.0,10.0,1.6666666666666667
tightness,7.0,10.0,1.4285714285714286
inserting,8.0,10.0,1.25
jennifer,5.0,10.0,2.0
acosog,3.0,10.0,3.333333333333333
payment,6.0,10.0,1.6666666666666667
defray,5.0,10.0,2.0
gutierrez,5.0,10.0,2.0
nrg,5.0,10.0,2.0
histamine,3.0,10.0,3.333333333333333
colorless,10.0,10.0,1.0
unacceptable,10.0,10.0,1.0
cannabis,3.0,10.0,3.333333333333333
positivity,6.0,10.0,1.6666666666666667
aggregation,6.0,10.0,1.6666666666666667
finish,8.0,10.0,1.25
hughe,8.0,10.0,1.25
port,7.0,10.0,1.4285714285714286
lane,9.0,10.0,1.1111111111111112
plenary,8.0,10.0,1.25
camp,8.0,10.0,1.25
calculation,10.0,10.0,1.0
escalation,9.0,10.0,1.1111111111111112
neuromuscular,3.0,10.0,3.333333333333333
mesenchymal,8.0,10.0,1.25
teh,7.0,10.0,1.4285714285714286
centralized,10.0,10.0,1.0
identifi,4.0,10.0,2.5
calcification,6.0,10.0,1.6666666666666667
livehelp,7.0,10.0,1.4285714285714286
allowance,4.0,10.0,2.5
chiang,5.0,10.0,2.0
compact,8.0,10.0,1.25
carroll,4.0,10.0,2.5
adherent,4.0,10.0,2.5
tlc,3.0,10.0,3.333333333333333
foundationone,7.0,10.0,1.4285714285714286
snack,7.0,10.0,1.4285714285714286
ultra,8.0,10.0,1.25
aplasia,7.0,10.0,1.4285714285714286
transducer,5.0,10.0,2.0
histotype,3.0,10.0,3.333333333333333
mrc,5.0,10.0,2.0
taper,3.0,10.0,3.333333333333333
virchow,5.0,10.0,2.0
pptp,3.0,10.0,3.333333333333333
itchy,10.0,10.0,1.0
ncctg,3.0,10.0,3.333333333333333
perez,6.0,10.0,1.6666666666666667
purchase,7.0,10.0,1.4285714285714286
civil,10.0,10.0,1.0
discordance,5.0,10.0,2.0
scheduling,9.0,10.0,1.1111111111111112
booth,7.0,10.0,1.4285714285714286
cdx,9.0,10.0,1.1111111111111112
agarwal,6.0,10.0,1.6666666666666667
micrograph,10.0,10.0,1.0
depletion,3.0,10.0,3.333333333333333
nitrosamine,5.0,10.0,2.0
logistic,9.0,10.0,1.1111111111111112
pencil,6.0,10.0,1.6666666666666667
curettage,3.0,10.0,3.333333333333333
monogr,5.0,10.0,2.0
marta,8.0,10.0,1.25
cas9,5.0,10.0,2.0
ace,3.0,10.0,3.333333333333333
accelerator,8.0,10.0,1.25
respite,3.0,10.0,3.333333333333333
wise,10.0,10.0,1.0
programming,9.0,10.0,1.1111111111111112
microbial,6.0,10.0,1.6666666666666667
pdx,6.0,10.0,1.6666666666666667
whipple,6.0,10.0,1.6666666666666667
magical,3.0,10.0,3.333333333333333
bid,5.0,10.0,2.0
optimum,7.0,10.0,1.4285714285714286
mandible,4.0,10.0,2.5
subbiah,3.0,10.0,3.333333333333333
pasudotox,3.0,10.0,3.333333333333333
allowable,9.0,10.0,1.1111111111111112
paediatr,7.0,10.0,1.4285714285714286
wart,9.0,10.0,1.1111111111111112
bsa,5.0,10.0,2.0
mesothelin,4.0,10.0,2.5
dosimetry,8.0,10.0,1.25
immunosuppressive,7.0,10.0,1.4285714285714286
privileged,10.0,10.0,1.0
nephropathy,4.0,10.0,2.5
committed,9.0,10.0,1.1111111111111112
restore,10.0,10.0,1.0
encouraged,10.0,10.0,1.0
burst,6.0,10.0,1.6666666666666667
dryness,6.0,10.0,1.6666666666666667
fletcher,8.0,10.0,1.25
r43,4.0,10.0,2.5
clarke,7.0,10.0,1.4285714285714286
robin,7.0,10.0,1.4285714285714286
vibration,5.0,10.0,2.0
sinusoidal,3.0,10.0,3.333333333333333
jain,7.0,10.0,1.4285714285714286
mining,9.0,10.0,1.1111111111111112
fullness,6.0,10.0,1.6666666666666667
sea,10.0,10.0,1.0
song,6.0,10.0,1.6666666666666667
mirror,9.0,10.0,1.1111111111111112
immunological,6.0,10.0,1.6666666666666667
canc,9.0,10.0,1.1111111111111112
paratracheal,3.0,10.0,3.333333333333333
intubation,5.0,10.0,2.0
announce,8.0,10.0,1.25
philadelphia,10.0,10.0,1.0
anderson,7.0,10.0,1.4285714285714286
sympathetic,5.0,10.0,2.0
wes,3.0,10.0,3.333333333333333
quotation,4.0,10.0,2.5
transcriptase,4.0,10.0,2.5
pharmacodynamic,7.0,10.0,1.4285714285714286
gastrectomy,6.0,10.0,1.6666666666666667
cryopreservation,5.0,10.0,2.0
tendon,8.0,10.0,1.25
penn,8.0,10.0,1.25
langer,6.0,10.0,1.6666666666666667
cao,9.0,10.0,1.1111111111111112
hypertensive,5.0,10.0,2.0
assurance,7.0,9.0,1.2857142857142858
bankruptcy,4.0,9.0,2.25
r35,3.0,9.0,3.0
creativity,9.0,9.0,1.0
haematolymphoid,3.0,9.0,3.0
unsupervised,5.0,9.0,1.8
inactivity,8.0,9.0,1.125
metaecho,6.0,9.0,1.5
preemptive,6.0,9.0,1.5
decompression,3.0,9.0,3.0
undetectable,9.0,9.0,1.0
pact,3.0,9.0,3.0
ejaculation,4.0,9.0,2.25
easton,6.0,9.0,1.5
rebound,3.0,9.0,3.0
medial,3.0,9.0,3.0
sight,8.0,9.0,1.125
langerhans,3.0,9.0,3.0
orthostatic,3.0,9.0,3.0
hemodynamic,5.0,9.0,1.8
ecg,4.0,9.0,2.25
inspection,7.0,9.0,1.2857142857142858
adaptable,5.0,9.0,1.8
prototype,5.0,9.0,1.8
cardiol,4.0,9.0,2.25
angiography,3.0,9.0,3.0
stepwise,6.0,9.0,1.5
breakfast,6.0,9.0,1.5
thoracotomy,5.0,9.0,1.8
p01,7.0,9.0,1.2857142857142858
refined,8.0,9.0,1.125
dioxide,8.0,9.0,1.125
offering,7.0,9.0,1.2857142857142858
sweden,6.0,9.0,1.5
roy,5.0,9.0,1.8
conditional,5.0,9.0,1.8
perlmutter,7.0,9.0,1.2857142857142858
sparse,7.0,9.0,1.2857142857142858
intron,3.0,9.0,3.0
telangiectasia,5.0,9.0,1.8
blackfan,3.0,9.0,3.0
resultant,7.0,9.0,1.2857142857142858
rheumatoid,7.0,9.0,1.2857142857142858
neuropathic,3.0,9.0,3.0
gravis,4.0,9.0,2.25
inconclusive,8.0,9.0,1.125
quantitation,7.0,9.0,1.2857142857142858
otolaryngology,9.0,9.0,1.0
sonic,7.0,9.0,1.2857142857142858
goss,4.0,9.0,2.25
iie,5.0,9.0,1.8
crohn,5.0,9.0,1.8
gdan,3.0,9.0,3.0
misuse,4.0,9.0,2.25
ranking,7.0,9.0,1.2857142857142858
continent,4.0,9.0,2.25
reflex,6.0,9.0,1.5
cornell,8.0,9.0,1.125
unravel,9.0,9.0,1.0
sigmoidoscopy,4.0,9.0,2.25
circumvent,7.0,9.0,1.2857142857142858
rtog,4.0,9.0,2.25
biochem,8.0,9.0,1.125
land,6.0,9.0,1.5
misinformation,5.0,9.0,1.8
grove,8.0,9.0,1.125
dopamine,4.0,9.0,2.25
transplanted,5.0,9.0,1.8
intricate,8.0,9.0,1.125
binimetinib,3.0,9.0,3.0
encorafenib,3.0,9.0,3.0
tackle,9.0,9.0,1.0
epidemiologist,9.0,9.0,1.0
sung,3.0,9.0,3.0
talimogene,4.0,9.0,2.25
characterisation,3.0,9.0,3.0
shulman,6.0,9.0,1.5
boer,3.0,9.0,3.0
ribeiro,3.0,9.0,3.0
schrappe,3.0,9.0,3.0
frail,3.0,9.0,3.0
favor,8.0,9.0,1.125
lindsey,3.0,9.0,3.0
science,6.0,9.0,1.5
radtke,3.0,9.0,3.0
pharyngeal,3.0,9.0,3.0
intervention,3.0,9.0,3.0
manifest,6.0,9.0,1.5
washing,5.0,9.0,1.8
eventual,8.0,9.0,1.125
sc.d,9.0,9.0,1.0
overt,9.0,9.0,1.0
agaram,3.0,9.0,3.0
antimetabolite,7.0,9.0,1.2857142857142858
uninsured,7.0,9.0,1.2857142857142858
prioritization,7.0,9.0,1.2857142857142858
inactivated,6.0,9.0,1.5
peptic,5.0,9.0,1.8
venclexta,8.0,9.0,1.125
tetraploid,3.0,9.0,3.0
thioguanine,3.0,9.0,3.0
smo,3.0,9.0,3.0
castellino,3.0,9.0,3.0
behav,7.0,9.0,1.2857142857142858
optimization,9.0,9.0,1.0
wolff,3.0,9.0,3.0
chapter,9.0,9.0,1.0
abandonment,6.0,9.0,1.5
straightforward,9.0,9.0,1.0
marcucci,3.0,9.0,3.0
fluoxetine,3.0,9.0,3.0
irritability,5.0,9.0,1.8
thorax,4.0,9.0,2.25
nonconsecutive,3.0,9.0,3.0
checkmate,7.0,9.0,1.2857142857142858
guilty,8.0,9.0,1.125
distressing,8.0,9.0,1.125
pharmacotherapy,5.0,9.0,1.8
weeraratna,3.0,9.0,3.0
hong,8.0,9.0,1.125
inactivator,3.0,9.0,3.0
migrate,8.0,9.0,1.125
cue,9.0,9.0,1.0
credible,8.0,9.0,1.125
psychomotor,3.0,9.0,3.0
activate,7.0,9.0,1.2857142857142858
simulation,8.0,9.0,1.125
paralysis,7.0,9.0,1.2857142857142858
eating,8.0,9.0,1.125
bronchodilator,5.0,9.0,1.8
attach,7.0,9.0,1.2857142857142858
gay,7.0,9.0,1.2857142857142858
electrical,7.0,9.0,1.2857142857142858
cea,3.0,9.0,3.0
vulvar,8.0,9.0,1.125
dactinomycin,3.0,9.0,3.0
oncological,9.0,9.0,1.0
albumin,6.0,9.0,1.5
angiogenesis,8.0,9.0,1.125
stichel,3.0,9.0,3.0
noncoding,5.0,9.0,1.8
fulfill,8.0,9.0,1.125
hdrp,3.0,9.0,3.0
appropriateness,7.0,9.0,1.2857142857142858
biomaterial,8.0,9.0,1.125
denial,8.0,9.0,1.125
developed,9.0,9.0,1.0
chemoimmunotherapy,7.0,9.0,1.2857142857142858
grieving,3.0,9.0,3.0
trilateral,3.0,9.0,3.0
prove,9.0,9.0,1.0
imt,6.0,9.0,1.5
dnr,4.0,9.0,2.25
receiving,8.0,9.0,1.125
landrum,3.0,9.0,3.0
ink,4.0,9.0,2.25
avrum,3.0,9.0,3.0
uncontrolled,8.0,9.0,1.125
knee,5.0,9.0,1.8
medicaid,4.0,9.0,2.25
complexion,4.0,9.0,2.25
cronin,3.0,9.0,3.0
alkaline,5.0,9.0,1.8
tactic,7.0,9.0,1.2857142857142858
paulk,3.0,9.0,3.0
blot,9.0,9.0,1.0
nonblinded,4.0,9.0,2.25
gao,8.0,9.0,1.125
packaging,7.0,9.0,1.2857142857142858
swing,6.0,9.0,1.5
prolongation,6.0,9.0,1.5
alignment,8.0,9.0,1.125
deterioration,8.0,9.0,1.125
satisfactory,6.0,9.0,1.5
fungal,5.0,9.0,1.8
lucky,8.0,9.0,1.125
level,8.0,9.0,1.125
signing,8.0,9.0,1.125
isotretinoin,3.0,9.0,3.0
equivocal,4.0,9.0,2.25
cooking,5.0,9.0,1.8
thorac,4.0,9.0,2.25
choose,7.0,9.0,1.2857142857142858
caribbean,6.0,9.0,1.5
ion,5.0,9.0,1.8
argument,6.0,9.0,1.5
cardiovasc,4.0,9.0,2.25
vanguard,9.0,9.0,1.0
inaugural,6.0,9.0,1.5
profession,7.0,9.0,1.2857142857142858
breakout,3.0,9.0,3.0
plx038,5.0,9.0,1.8
emily,3.0,9.0,3.0
stimulant,6.0,9.0,1.5
urinalysis,5.0,9.0,1.8
mandate,8.0,9.0,1.125
constitutive,5.0,9.0,1.8
roche,9.0,9.0,1.0
concentrated,9.0,9.0,1.0
enthusiastic,8.0,9.0,1.125
bioinformatic,9.0,9.0,1.0
tafinlar,9.0,9.0,1.0
multiforme,5.0,9.0,1.8
postsurgical,8.0,9.0,1.125
elad,9.0,9.0,1.0
georgetown,9.0,9.0,1.0
dre,4.0,9.0,2.25
convenience,8.0,9.0,1.125
ca-23,5.0,9.0,1.8
walz,4.0,9.0,2.25
canonical,3.0,9.0,3.0
feel,9.0,9.0,1.0
bubble,7.0,9.0,1.2857142857142858
chairs,9.0,9.0,1.0
boxberger,4.0,9.0,2.25
swerdlow,4.0,9.0,2.25
castrate,4.0,9.0,2.25
pemetrexed,5.0,9.0,1.8
omics,8.0,9.0,1.125
imperfect,8.0,9.0,1.125
mesoappendix,3.0,9.0,3.0
pis,7.0,9.0,1.2857142857142858
playlist,9.0,9.0,1.0
competency,8.0,9.0,1.125
station,6.0,9.0,1.5
internship,7.0,9.0,1.2857142857142858
remark,7.0,9.0,1.2857142857142858
barrett,4.0,9.0,2.25
m.b.a,9.0,9.0,1.0
moffitt,7.0,9.0,1.2857142857142858
biomimetic,5.0,9.0,1.8
urogenital,6.0,9.0,1.5
sophisticated,9.0,9.0,1.0
ferritin,5.0,9.0,1.8
apheresis,6.0,9.0,1.5
sustain,9.0,9.0,1.0
ambitious,7.0,9.0,1.2857142857142858
modifying,8.0,9.0,1.125
hat,8.0,9.0,1.125
fallout,6.0,9.0,1.5
adenoid,9.0,9.0,1.0
ctcae,5.0,9.0,1.8
endocrinology,5.0,9.0,1.8
belarus,5.0,9.0,1.8
autoantibody,6.0,9.0,1.5
operational,7.0,9.0,1.2857142857142858
strike,9.0,9.0,1.0
fireside,5.0,9.0,1.8
mill,8.0,9.0,1.125
histocompatibility,5.0,9.0,1.8
presenting,9.0,9.0,1.0
alopecia,5.0,9.0,1.8
thyroxine,5.0,9.0,1.8
lhrh,3.0,9.0,3.0
pooled,5.0,9.0,1.8
michigan,9.0,9.0,1.0
epub,8.0,9.0,1.125
turnover,6.0,9.0,1.5
elisei,3.0,9.0,3.0
kimambo,3.0,9.0,3.0
methylator,3.0,9.0,3.0
harboring,5.0,9.0,1.8
spongy,7.0,9.0,1.2857142857142858
emergence,9.0,9.0,1.0
smear,9.0,9.0,1.0
researcher,9.0,9.0,1.0
gupta,7.0,9.0,1.2857142857142858
adh,4.0,9.0,2.25
productive,9.0,9.0,1.0
hyperactive,7.0,9.0,1.2857142857142858
tocilizumab,3.0,9.0,3.0
atom,6.0,9.0,1.5
startup,6.0,9.0,1.5
neven,3.0,9.0,3.0
thakker,3.0,9.0,3.0
frank,9.0,9.0,1.0
austrian,5.0,9.0,1.8
sturm,3.0,9.0,3.0
chlebowski,3.0,9.0,3.0
finnish,5.0,9.0,1.8
radon,5.0,9.0,1.8
waist,4.0,9.0,2.25
save,9.0,9.0,1.0
colored,7.0,9.0,1.2857142857142858
photograph,7.0,9.0,1.2857142857142858
sunburn,3.0,9.0,3.0
hovestadt,3.0,9.0,3.0
palm,7.0,9.0,1.2857142857142858
interquartile,6.0,9.0,1.5
goldstein,7.0,9.0,1.2857142857142858
monoxide,5.0,9.0,1.8
hybrid,9.0,9.0,1.0
dementia,5.0,9.0,1.8
bouffet,4.0,9.0,2.25
solicitation,3.0,9.0,3.0
freeze,8.0,9.0,1.125
martínez,8.0,9.0,1.125
meningococcal,3.0,9.0,3.0
bmt,3.0,9.0,3.0
carie,3.0,9.0,3.0
griffin,4.0,9.0,2.25
toolbox,8.0,9.0,1.125
apxa,3.0,9.0,3.0
inskip,3.0,9.0,3.0
menarche,5.0,9.0,1.8
forefront,8.0,9.0,1.125
hunt,6.0,9.0,1.5
progeria,7.0,9.0,1.2857142857142858
cryptorchidism,5.0,9.0,1.8
feldman,7.0,9.0,1.2857142857142858
u.s,9.0,9.0,1.0
tucker,6.0,9.0,1.5
xiao,7.0,9.0,1.2857142857142858
derivative,6.0,8.0,1.3333333333333333
nitrogen,8.0,8.0,1.0
yeast,5.0,8.0,1.6
pra,5.0,8.0,1.6
crit,7.0,8.0,1.1428571428571428
primer,4.0,8.0,2.0
chorionic,5.0,8.0,1.6
fill,6.0,8.0,1.3333333333333333
evolve,8.0,8.0,1.0
ripamonti,3.0,8.0,2.6666666666666665
shortening,5.0,8.0,1.6
scratch,8.0,8.0,1.0
lethargy,6.0,8.0,1.3333333333333333
deregulated,4.0,8.0,2.0
bear,8.0,8.0,1.0
lópez,6.0,8.0,1.3333333333333333
lock,7.0,8.0,1.1428571428571428
case,8.0,8.0,1.0
mayo,8.0,8.0,1.0
wirth,3.0,8.0,2.6666666666666665
parker,5.0,8.0,1.6
satish,4.0,8.0,2.0
hidden,6.0,8.0,1.3333333333333333
collins,7.0,8.0,1.1428571428571428
benchmark,5.0,8.0,1.6
standpoint,4.0,8.0,2.0
bite,6.0,8.0,1.3333333333333333
bronchospasm,3.0,8.0,2.6666666666666665
diminish,7.0,8.0,1.1428571428571428
nsaid,3.0,8.0,2.6666666666666665
uicc,6.0,8.0,1.3333333333333333
superficial,3.0,8.0,2.6666666666666665
arrhythmia,7.0,8.0,1.1428571428571428
explicit,6.0,8.0,1.3333333333333333
ectopic,5.0,8.0,1.6
cerebellum,7.0,8.0,1.1428571428571428
lasting,7.0,8.0,1.1428571428571428
secretary,6.0,8.0,1.3333333333333333
bearing,6.0,8.0,1.3333333333333333
neurology,5.0,8.0,1.6
revolutionary,7.0,8.0,1.1428571428571428
continuation,8.0,8.0,1.0
conversion,8.0,8.0,1.0
10–20,3.0,8.0,2.6666666666666665
boom,7.0,8.0,1.1428571428571428
lymphovascular,4.0,8.0,2.0
hay,4.0,8.0,2.0
hipbone,8.0,8.0,1.0
bond,8.0,8.0,1.0
intolerance,5.0,8.0,1.6
aaa,3.0,8.0,2.6666666666666665
celebration,6.0,8.0,1.3333333333333333
faan,7.0,8.0,1.1428571428571428
crude,6.0,8.0,1.3333333333333333
splice,4.0,8.0,2.0
scared,6.0,8.0,1.3333333333333333
intractable,8.0,8.0,1.0
ache,4.0,8.0,2.0
mom,6.0,8.0,1.3333333333333333
postintervention,4.0,8.0,2.0
henrick,3.0,8.0,2.6666666666666665
reciprocal,5.0,8.0,1.6
venkatramani,5.0,8.0,1.6
smartphone,7.0,8.0,1.1428571428571428
gonadoblastoma,4.0,8.0,2.0
pharmacogenomic,7.0,8.0,1.1428571428571428
vasoactive,3.0,8.0,2.6666666666666665
aplastic,3.0,8.0,2.6666666666666665
patience,5.0,8.0,1.6
papillomatosis,3.0,8.0,2.6666666666666665
adriamycin,6.0,8.0,1.3333333333333333
takeaway,7.0,8.0,1.1428571428571428
recover,8.0,8.0,1.0
exacerbate,7.0,8.0,1.1428571428571428
swiss,3.0,8.0,2.6666666666666665
schmitt,4.0,8.0,2.0
rabbit,5.0,8.0,1.6
inspire,6.0,8.0,1.3333333333333333
lineberger,8.0,8.0,1.0
coagulation,6.0,8.0,1.3333333333333333
intermittent,5.0,8.0,1.6
oligodendroglial,3.0,8.0,2.6666666666666665
atp,5.0,8.0,1.6
aerosol,5.0,8.0,1.6
extraction,5.0,8.0,1.6
cedazuridine,4.0,8.0,2.0
recruiting,7.0,8.0,1.1428571428571428
bureau,6.0,8.0,1.3333333333333333
multitude,7.0,8.0,1.1428571428571428
analogy,4.0,8.0,2.0
reform,7.0,8.0,1.1428571428571428
transferase,4.0,8.0,2.0
microenvironmental,7.0,8.0,1.1428571428571428
redlich,4.0,8.0,2.0
miscarriage,4.0,8.0,2.0
effector,4.0,8.0,2.0
mario,4.0,8.0,2.0
medimmune,6.0,8.0,1.3333333333333333
brennan,5.0,8.0,1.6
gajjar,3.0,8.0,2.6666666666666665
glad,7.0,8.0,1.1428571428571428
allen,6.0,8.0,1.3333333333333333
prescribed,7.0,8.0,1.1428571428571428
intracellular,7.0,8.0,1.1428571428571428
plain,6.0,8.0,1.3333333333333333
teenager,8.0,8.0,1.0
fgfr2,4.0,8.0,2.0
allegra,7.0,8.0,1.1428571428571428
werner,4.0,8.0,2.0
multivitamin,3.0,8.0,2.6666666666666665
battle,8.0,8.0,1.0
cox,7.0,8.0,1.1428571428571428
kite,3.0,8.0,2.6666666666666665
elli,5.0,8.0,1.6
hcv,4.0,8.0,2.0
jaundice,5.0,8.0,1.6
trio,6.0,8.0,1.3333333333333333
hcc,6.0,8.0,1.3333333333333333
colony,7.0,8.0,1.1428571428571428
mcdermott,5.0,8.0,1.6
caveat,7.0,8.0,1.1428571428571428
enter,6.0,8.0,1.3333333333333333
character,6.0,8.0,1.3333333333333333
bra,5.0,8.0,1.6
export,5.0,8.0,1.6
appreciation,8.0,8.0,1.0
fivefold,6.0,8.0,1.3333333333333333
flyer,6.0,8.0,1.3333333333333333
wheat,5.0,8.0,1.6
predilection,6.0,8.0,1.3333333333333333
doctorate,8.0,8.0,1.0
ben,5.0,8.0,1.6
mistake,8.0,8.0,1.0
endogenous,6.0,8.0,1.3333333333333333
bathroom,5.0,8.0,1.6
unanticipated,4.0,8.0,2.0
visitor,5.0,8.0,1.6
transgenic,6.0,8.0,1.3333333333333333
tet2,3.0,8.0,2.6666666666666665
periosteal,3.0,8.0,2.6666666666666665
siegel,7.0,8.0,1.1428571428571428
ruiz,5.0,8.0,1.6
retinoid,6.0,8.0,1.3333333333333333
compliant,5.0,8.0,1.6
twice,6.0,8.0,1.3333333333333333
evening,6.0,8.0,1.3333333333333333
stressor,8.0,8.0,1.0
friendly,7.0,8.0,1.1428571428571428
substitution,7.0,8.0,1.1428571428571428
epilepsy,4.0,8.0,2.0
levy,5.0,8.0,1.6
cytoreductive,4.0,8.0,2.0
normalization,7.0,8.0,1.1428571428571428
norton,5.0,8.0,1.6
malabsorption,5.0,8.0,1.6
assume,7.0,8.0,1.1428571428571428
willis,3.0,8.0,2.6666666666666665
syndromic,4.0,8.0,2.0
arterial,4.0,8.0,2.0
lau,6.0,8.0,1.3333333333333333
durability,8.0,8.0,1.0
sather,4.0,8.0,2.0
vegf,3.0,8.0,2.6666666666666665
cgc,5.0,8.0,1.6
mastocytosis,3.0,8.0,2.6666666666666665
lomustine,4.0,8.0,2.0
bernstein,5.0,8.0,1.6
blow,6.0,8.0,1.3333333333333333
intraepithelial,4.0,8.0,2.0
dying,6.0,8.0,1.3333333333333333
harrington,5.0,8.0,1.6
ocean,4.0,8.0,2.0
rodger,4.0,8.0,2.0
bulb,4.0,8.0,2.0
aieop,4.0,8.0,2.0
consist,7.0,8.0,1.1428571428571428
glutathione,5.0,8.0,1.6
herrera,3.0,8.0,2.6666666666666665
dietitian,8.0,8.0,1.0
johansson,6.0,8.0,1.3333333333333333
exhausted,7.0,8.0,1.1428571428571428
chemoreduction,3.0,8.0,2.6666666666666665
eliminate,8.0,8.0,1.0
xie,6.0,8.0,1.3333333333333333
leak,7.0,8.0,1.1428571428571428
helpline,7.0,8.0,1.1428571428571428
quantify,8.0,8.0,1.0
coming,8.0,8.0,1.0
comparator,7.0,8.0,1.1428571428571428
proctitis,3.0,8.0,2.6666666666666665
appeal,7.0,8.0,1.1428571428571428
raue,3.0,8.0,2.6666666666666665
neurologist,6.0,8.0,1.3333333333333333
trace,7.0,8.0,1.1428571428571428
bloom,4.0,8.0,2.0
lumpy,3.0,8.0,2.6666666666666665
tagrisso,8.0,8.0,1.0
gather,8.0,8.0,1.0
blame,7.0,8.0,1.1428571428571428
mpnst,4.0,8.0,2.0
saadipour,4.0,8.0,2.0
refining,7.0,8.0,1.1428571428571428
assist,7.0,8.0,1.1428571428571428
walnut,7.0,8.0,1.1428571428571428
clinico,4.0,8.0,2.0
proportional,6.0,8.0,1.3333333333333333
unresponsive,7.0,8.0,1.1428571428571428
177lu,3.0,8.0,2.6666666666666665
peanut,7.0,8.0,1.1428571428571428
waldeyer,8.0,8.0,1.0
norris,4.0,8.0,2.0
federico,3.0,8.0,2.6666666666666665
speak,8.0,8.0,1.0
publish,6.0,8.0,1.3333333333333333
bodily,7.0,8.0,1.1428571428571428
chairman,7.0,8.0,1.1428571428571428
tail,3.0,8.0,2.6666666666666665
attribute,6.0,8.0,1.3333333333333333
contiguous,4.0,8.0,2.0
submandibular,3.0,8.0,2.6666666666666665
thankful,8.0,8.0,1.0
haart,3.0,8.0,2.6666666666666665
fame,6.0,8.0,1.3333333333333333
mechlorethamine,3.0,8.0,2.6666666666666665
unvaccinated,5.0,8.0,1.6
asbestos,5.0,8.0,1.6
steep,6.0,8.0,1.3333333333333333
winship,8.0,8.0,1.0
cousin,5.0,8.0,1.6
ramirez,6.0,8.0,1.3333333333333333
macular,6.0,8.0,1.3333333333333333
jacob,4.0,8.0,2.0
dysfunctional,7.0,8.0,1.1428571428571428
mendenhall,3.0,8.0,2.6666666666666665
shern,3.0,8.0,2.6666666666666665
contain,7.0,8.0,1.1428571428571428
ado,7.0,8.0,1.1428571428571428
atrt,6.0,8.0,1.3333333333333333
kuiper,5.0,8.0,1.6
domingo,4.0,8.0,2.0
mit,6.0,8.0,1.3333333333333333
sato,4.0,8.0,2.0
xenograft,8.0,8.0,1.0
darien,3.0,8.0,2.6666666666666665
yoon,4.0,8.0,2.0
garber,6.0,8.0,1.3333333333333333
degeneration,6.0,8.0,1.3333333333333333
programme,7.0,8.0,1.1428571428571428
infiltrative,5.0,8.0,1.6
pool,6.0,8.0,1.3333333333333333
opportunistic,7.0,8.0,1.1428571428571428
reuse,8.0,8.0,1.0
deliberation,8.0,8.0,1.0
scalable,7.0,8.0,1.1428571428571428
prosthesis,6.0,8.0,1.3333333333333333
far,8.0,8.0,1.0
listen,7.0,8.0,1.1428571428571428
classify,6.0,8.0,1.3333333333333333
billing,6.0,8.0,1.3333333333333333
patti,3.0,8.0,2.6666666666666665
mosaicism,5.0,8.0,1.6
scaly,3.0,8.0,2.6666666666666665
microtubule,6.0,8.0,1.3333333333333333
aren03b2,4.0,8.0,2.0
torre,3.0,8.0,2.6666666666666665
unwanted,8.0,8.0,1.0
mitomycin,4.0,8.0,2.0
inhalation,5.0,8.0,1.6
savage,4.0,8.0,2.0
bronchitis,6.0,8.0,1.3333333333333333
schlumberger,3.0,8.0,2.6666666666666665
contractor,3.0,8.0,2.6666666666666665
rcc,3.0,8.0,2.6666666666666665
moderated,8.0,8.0,1.0
weakened,7.0,8.0,1.1428571428571428
toddler,4.0,8.0,2.0
disappearance,8.0,8.0,1.0
leukopenia,6.0,8.0,1.3333333333333333
iqr,3.0,8.0,2.6666666666666665
pulse,7.0,8.0,1.1428571428571428
otolaryngol,4.0,8.0,2.0
pharmacy,7.0,8.0,1.1428571428571428
dermatologist,4.0,8.0,2.0
lynparza,8.0,8.0,1.0
empiric,4.0,8.0,2.0
tender,4.0,8.0,2.0
kindle,7.0,8.0,1.1428571428571428
pinpoint,7.0,8.0,1.1428571428571428
noncitizen,8.0,8.0,1.0
inaccurate,4.0,8.0,2.0
jean,8.0,8.0,1.0
indigenous,6.0,8.0,1.3333333333333333
stretch,8.0,8.0,1.0
residue,5.0,8.0,1.6
beautiful,6.0,8.0,1.3333333333333333
welch,4.0,8.0,2.0
chernobyl,6.0,8.0,1.3333333333333333
sage,4.0,8.0,2.0
herpesvirus,7.0,8.0,1.1428571428571428
terri,8.0,8.0,1.0
appreciate,7.0,8.0,1.1428571428571428
expedite,8.0,8.0,1.0
indistinguishable,4.0,8.0,2.0
clarity,6.0,8.0,1.3333333333333333
concordant,8.0,8.0,1.0
permit,7.0,8.0,1.1428571428571428
cd3,4.0,8.0,2.0
perivascular,5.0,8.0,1.6
malformation,4.0,8.0,2.0
reactivation,3.0,8.0,2.6666666666666665
thyrotropin,3.0,8.0,2.6666666666666665
ernst,5.0,8.0,1.6
observe,8.0,8.0,1.0
segregation,4.0,8.0,2.0
bag,6.0,8.0,1.3333333333333333
inhale,6.0,8.0,1.3333333333333333
daly,7.0,8.0,1.1428571428571428
u54s,7.0,8.0,1.1428571428571428
fuse,6.0,8.0,1.3333333333333333
aprepitant,4.0,8.0,2.0
multimodality,5.0,8.0,1.6
supervision,6.0,8.0,1.3333333333333333
lisocabtagene,3.0,8.0,2.6666666666666665
enhanced,8.0,8.0,1.0
droplet,5.0,8.0,1.6
wisconsin,7.0,8.0,1.1428571428571428
embolism,4.0,8.0,2.0
coach,6.0,8.0,1.3333333333333333
pleura,4.0,8.0,2.0
suspicion,6.0,8.0,1.3333333333333333
ryan,7.0,8.0,1.1428571428571428
vector,4.0,8.0,2.0
bus,5.0,8.0,1.6
beacon,5.0,8.0,1.6
putative,8.0,8.0,1.0
worta,4.0,8.0,2.0
recreational,6.0,8.0,1.3333333333333333
erbitux,7.0,8.0,1.1428571428571428
kingdom,7.0,8.0,1.1428571428571428
factorial,3.0,8.0,2.6666666666666665
blueprint,6.0,8.0,1.3333333333333333
morrow,7.0,8.0,1.1428571428571428
worden,5.0,8.0,1.6
cd33,3.0,8.0,2.6666666666666665
coalition,8.0,8.0,1.0
pathophysiological,7.0,8.0,1.1428571428571428
pass,8.0,8.0,1.0
applicability,8.0,8.0,1.0
shapiro,7.0,8.0,1.1428571428571428
icahn,8.0,8.0,1.0
evolutionary,6.0,8.0,1.3333333333333333
competent,8.0,8.0,1.0
intriguing,8.0,8.0,1.0
morgan,6.0,8.0,1.3333333333333333
entail,7.0,8.0,1.1428571428571428
amy,7.0,8.0,1.1428571428571428
driving,6.0,8.0,1.3333333333333333
wallace,6.0,8.0,1.3333333333333333
object,6.0,8.0,1.3333333333333333
pharma,7.0,8.0,1.1428571428571428
resilient,7.0,8.0,1.1428571428571428
undetermined,7.0,8.0,1.1428571428571428
normative,4.0,8.0,2.0
resilience,6.0,8.0,1.3333333333333333
miller,6.0,8.0,1.3333333333333333
utero,4.0,8.0,2.0
multifaceted,8.0,8.0,1.0
terrible,8.0,8.0,1.0
kobak,3.0,8.0,2.6666666666666665
inequality,6.0,8.0,1.3333333333333333
mediate,7.0,8.0,1.1428571428571428
dip,6.0,8.0,1.3333333333333333
designing,8.0,8.0,1.0
mini,6.0,8.0,1.3333333333333333
atrium,3.0,8.0,2.6666666666666665
thrombosis,3.0,8.0,2.6666666666666665
funeral,6.0,8.0,1.3333333333333333
alleviate,8.0,8.0,1.0
derivation,4.0,8.0,2.0
bian,7.0,8.0,1.1428571428571428
borderline,6.0,8.0,1.3333333333333333
cortisol,4.0,8.0,2.0
deshmukh,3.0,8.0,2.6666666666666665
beauty,7.0,8.0,1.1428571428571428
execution,7.0,7.0,1.0
devesa,5.0,7.0,1.4
heel,7.0,7.0,1.0
approximate,6.0,7.0,1.1666666666666667
brady,3.0,7.0,2.333333333333333
megabase,5.0,7.0,1.4
gait,3.0,7.0,2.333333333333333
autonomic,5.0,7.0,1.4
afatinib,6.0,7.0,1.1666666666666667
ntap,3.0,7.0,2.333333333333333
changer,6.0,7.0,1.1666666666666667
rubin,5.0,7.0,1.4
doug,7.0,7.0,1.0
adrenergic,4.0,7.0,1.75
castor,7.0,7.0,1.0
hepatotoxicity,3.0,7.0,2.333333333333333
heather,5.0,7.0,1.4
postnatal,3.0,7.0,2.333333333333333
anxiolytic,3.0,7.0,2.333333333333333
underestimate,6.0,7.0,1.1666666666666667
linaclotide,3.0,7.0,2.333333333333333
endoxifen,4.0,7.0,1.75
tease,7.0,7.0,1.0
downside,5.0,7.0,1.4
treating,7.0,7.0,1.0
monoamine,3.0,7.0,2.333333333333333
reprogramming,4.0,7.0,1.75
gaba,3.0,7.0,2.333333333333333
involuntary,4.0,7.0,1.75
epipodophyllotoxin,3.0,7.0,2.333333333333333
turnaround,6.0,7.0,1.1666666666666667
harvard,5.0,7.0,1.4
subpopulation,6.0,7.0,1.1666666666666667
hydroxyindoleacetic,3.0,7.0,2.333333333333333
procurement,5.0,7.0,1.4
diller,5.0,7.0,1.4
paice,4.0,7.0,1.75
impression,6.0,7.0,1.1666666666666667
sauce,5.0,7.0,1.4
iver,3.0,7.0,2.333333333333333
crack,7.0,7.0,1.0
chill,7.0,7.0,1.0
nonfamilial,4.0,7.0,1.75
olanzapine,5.0,7.0,1.4
toolkit,6.0,7.0,1.1666666666666667
culprit,6.0,7.0,1.1666666666666667
tubule,3.0,7.0,2.333333333333333
gd2,4.0,7.0,1.75
ablative,4.0,7.0,1.75
conceptual,7.0,7.0,1.0
martin,5.0,7.0,1.4
nonheritable,3.0,7.0,2.333333333333333
appendicitis,4.0,7.0,1.75
redness,6.0,7.0,1.1666666666666667
bounce,7.0,7.0,1.0
bardia,3.0,7.0,2.333333333333333
allergic,7.0,7.0,1.0
probable,7.0,7.0,1.0
urination,4.0,7.0,1.75
shopping,6.0,7.0,1.1666666666666667
qiu,4.0,7.0,1.75
univariate,4.0,7.0,1.75
necroptosis,3.0,7.0,2.333333333333333
threonine,3.0,7.0,2.333333333333333
carcinogenicity,5.0,7.0,1.4
notch,5.0,7.0,1.4
nct,4.0,7.0,1.75
proliferate,7.0,7.0,1.0
volumetric,6.0,7.0,1.1666666666666667
sill,3.0,7.0,2.333333333333333
facilitator,5.0,7.0,1.4
howe,6.0,7.0,1.1666666666666667
occlusion,4.0,7.0,1.75
etiologic,5.0,7.0,1.4
taylor,6.0,7.0,1.1666666666666667
skinner,3.0,7.0,2.333333333333333
deafness,4.0,7.0,1.75
thalamus,3.0,7.0,2.333333333333333
dueck,5.0,7.0,1.4
helplessness,5.0,7.0,1.4
button,3.0,7.0,2.333333333333333
potency,7.0,7.0,1.0
dizzy,5.0,7.0,1.4
huntsman,6.0,7.0,1.1666666666666667
menstruation,5.0,7.0,1.4
fda,7.0,7.0,1.0
evaluator,4.0,7.0,1.75
vape,5.0,7.0,1.4
fibromatosis,3.0,7.0,2.333333333333333
fire,7.0,7.0,1.0
richardson,5.0,7.0,1.4
atomic,5.0,7.0,1.4
prioritize,7.0,7.0,1.0
stupid,5.0,7.0,1.4
tricky,7.0,7.0,1.0
storm,7.0,7.0,1.0
revlimid,7.0,7.0,1.0
neurosurgical,5.0,7.0,1.4
tribute,7.0,7.0,1.0
cellularity,5.0,7.0,1.4
disagreement,3.0,7.0,2.333333333333333
pihkala,4.0,7.0,1.75
muscular,5.0,7.0,1.4
scoring,7.0,7.0,1.0
innermost,3.0,7.0,2.333333333333333
knowing,7.0,7.0,1.0
saarinen,4.0,7.0,1.75
eradicate,6.0,7.0,1.1666666666666667
erection,3.0,7.0,2.333333333333333
gemzar,7.0,7.0,1.0
vega,5.0,7.0,1.4
seal,7.0,7.0,1.0
population,7.0,7.0,1.0
scrotum,5.0,7.0,1.4
nurture,5.0,7.0,1.4
gram,4.0,7.0,1.75
disappointing,6.0,7.0,1.1666666666666667
praise,4.0,7.0,1.75
muha,4.0,7.0,1.75
modular,6.0,7.0,1.1666666666666667
preferable,6.0,7.0,1.1666666666666667
ngcms,3.0,7.0,2.333333333333333
occupation,5.0,7.0,1.4
forecast,6.0,7.0,1.1666666666666667
skeleton,4.0,7.0,1.75
umbilical,3.0,7.0,2.333333333333333
revisit,7.0,7.0,1.0
candy,7.0,7.0,1.0
mgh,5.0,7.0,1.4
roemer,3.0,7.0,2.333333333333333
cribriform,4.0,7.0,1.75
capital,6.0,7.0,1.1666666666666667
storage,5.0,7.0,1.4
establish,7.0,7.0,1.0
stick,7.0,7.0,1.0
fischer,5.0,7.0,1.4
certifie,7.0,7.0,1.0
klein,6.0,7.0,1.1666666666666667
petit,4.0,7.0,1.75
insensitive,7.0,7.0,1.0
intensification,6.0,7.0,1.1666666666666667
abcde,5.0,7.0,1.4
copd,5.0,7.0,1.4
endorsement,5.0,7.0,1.4
correspond,7.0,7.0,1.0
pale,5.0,7.0,1.4
bacillus,7.0,7.0,1.0
industrial,4.0,7.0,1.75
srinivasan,5.0,7.0,1.4
claude,6.0,7.0,1.1666666666666667
sullivan,3.0,7.0,2.333333333333333
brilliant,3.0,7.0,2.333333333333333
guess,7.0,7.0,1.0
recipe,7.0,7.0,1.0
finkelstein,6.0,7.0,1.1666666666666667
linac,4.0,7.0,1.75
brush,5.0,7.0,1.4
disproportionate,5.0,7.0,1.4
mammographic,5.0,7.0,1.4
nhlbi,3.0,7.0,2.333333333333333
reproducibility,7.0,7.0,1.0
jill,7.0,7.0,1.0
closing,7.0,7.0,1.0
electric,6.0,7.0,1.1666666666666667
multiagent,6.0,7.0,1.1666666666666667
handy,6.0,7.0,1.1666666666666667
biobanking,4.0,7.0,1.75
liposome,3.0,7.0,2.333333333333333
headquarters,4.0,7.0,1.75
mel,3.0,7.0,2.333333333333333
niosh,3.0,7.0,2.333333333333333
spice,3.0,7.0,2.333333333333333
upd,3.0,7.0,2.333333333333333
tkd,3.0,7.0,2.333333333333333
maraleucel,3.0,7.0,2.333333333333333
inferiority,4.0,7.0,1.75
catalano,4.0,7.0,1.75
embassy,4.0,7.0,1.75
derive,7.0,7.0,1.0
takeda,6.0,7.0,1.1666666666666667
monocytic,3.0,7.0,2.333333333333333
transaction,4.0,7.0,1.75
lupus,6.0,7.0,1.1666666666666667
infiltrate,7.0,7.0,1.0
ari,3.0,7.0,2.333333333333333
untch,3.0,7.0,2.333333333333333
henrietta,3.0,7.0,2.333333333333333
advani,3.0,7.0,2.333333333333333
mock,5.0,7.0,1.4
bishop,3.0,7.0,2.333333333333333
shaw,7.0,7.0,1.0
mainstream,7.0,7.0,1.0
census,7.0,7.0,1.0
dmitry,3.0,7.0,2.333333333333333
numb,5.0,7.0,1.4
meninge,7.0,7.0,1.0
confusing,7.0,7.0,1.0
yeat,3.0,7.0,2.333333333333333
schmitz,3.0,7.0,2.333333333333333
mitigate,6.0,7.0,1.1666666666666667
basement,5.0,7.0,1.4
hybridisation,3.0,7.0,2.333333333333333
arimidex,3.0,7.0,2.333333333333333
odom,5.0,7.0,1.4
corr,3.0,7.0,2.333333333333333
chamber,5.0,7.0,1.4
maladaptive,3.0,7.0,2.333333333333333
pancreaticoduodenectomy,3.0,7.0,2.333333333333333
riley,3.0,7.0,2.333333333333333
gcb,3.0,7.0,2.333333333333333
hansson,3.0,7.0,2.333333333333333
weissman,4.0,7.0,1.75
preparative,3.0,7.0,2.333333333333333
despair,3.0,7.0,2.333333333333333
conte,3.0,7.0,2.333333333333333
antianxiety,4.0,7.0,1.75
jing,7.0,7.0,1.0
soluble,5.0,7.0,1.4
glycomic,3.0,7.0,2.333333333333333
ca-22,4.0,7.0,1.75
tanzania,4.0,7.0,1.75
groundwork,7.0,7.0,1.0
ligament,7.0,7.0,1.0
plate,6.0,7.0,1.1666666666666667
google,7.0,7.0,1.0
pearson,5.0,7.0,1.4
ahead,6.0,7.0,1.1666666666666667
addressing,7.0,7.0,1.0
affect,6.0,7.0,1.1666666666666667
bhatia,3.0,7.0,2.333333333333333
fang,5.0,7.0,1.4
hodgson,5.0,7.0,1.4
p30,3.0,7.0,2.333333333333333
r41,4.0,7.0,1.75
favourable,5.0,7.0,1.4
neighborhood,7.0,7.0,1.0
mehta,5.0,7.0,1.4
register,4.0,7.0,1.75
exemption,5.0,7.0,1.4
cornerstone,7.0,7.0,1.0
intended,5.0,7.0,1.4
keller,3.0,7.0,2.333333333333333
sequencer,3.0,7.0,2.333333333333333
norman,3.0,7.0,2.333333333333333
jawbone,3.0,7.0,2.333333333333333
biotech,5.0,7.0,1.4
longstanding,7.0,7.0,1.0
pudding,4.0,7.0,1.75
neuropathology,5.0,7.0,1.4
microfluidic,5.0,7.0,1.4
repeatable,4.0,7.0,1.75
insert,5.0,7.0,1.4
adequacy,6.0,7.0,1.1666666666666667
cecum,4.0,7.0,1.75
assemble,7.0,7.0,1.0
prasad,5.0,7.0,1.4
venue,7.0,7.0,1.0
permeability,5.0,7.0,1.4
accompanied,5.0,7.0,1.4
dalton,5.0,7.0,1.4
usc,4.0,7.0,1.75
nephroma,4.0,7.0,1.75
downward,7.0,7.0,1.0
marital,3.0,7.0,2.333333333333333
endometrium,3.0,7.0,2.333333333333333
upset,5.0,7.0,1.4
liberal,6.0,7.0,1.1666666666666667
oligodendrogliomas,4.0,7.0,1.75
reveal,5.0,7.0,1.4
transparency,6.0,7.0,1.1666666666666667
ding,5.0,7.0,1.4
evans,4.0,7.0,1.75
metastasize,6.0,7.0,1.1666666666666667
canal,4.0,7.0,1.75
wright,3.0,7.0,2.333333333333333
erythema,4.0,7.0,1.75
juul,5.0,7.0,1.4
barium,3.0,7.0,2.333333333333333
qki,3.0,7.0,2.333333333333333
delta,4.0,7.0,1.75
banking,6.0,7.0,1.1666666666666667
cirrhosis,4.0,7.0,1.75
combustion,7.0,7.0,1.0
enteropathy,5.0,7.0,1.4
unpleasant,6.0,7.0,1.1666666666666667
joy,7.0,7.0,1.0
viewpoint,7.0,7.0,1.0
prolong,7.0,7.0,1.0
planner,4.0,7.0,1.75
malnutrition,5.0,7.0,1.4
acronym,6.0,7.0,1.1666666666666667
witness,5.0,7.0,1.4
vestibular,3.0,7.0,2.333333333333333
clearing,7.0,7.0,1.0
palmar,3.0,7.0,2.333333333333333
microcarcinoma,5.0,7.0,1.4
kumar,5.0,7.0,1.4
qual,3.0,7.0,2.333333333333333
invisible,6.0,7.0,1.1666666666666667
correlating,4.0,7.0,1.75
unprepared,5.0,7.0,1.4
karnofsky,3.0,7.0,2.333333333333333
presurgical,7.0,7.0,1.0
adl,3.0,7.0,2.333333333333333
electricity,6.0,7.0,1.1666666666666667
mosaic,6.0,7.0,1.1666666666666667
e.g,5.0,7.0,1.4
prigerson,4.0,7.0,1.75
plausible,7.0,7.0,1.0
sarcopenia,4.0,7.0,1.75
maximal,4.0,7.0,1.75
1p36,3.0,7.0,2.333333333333333
stuck,6.0,7.0,1.1666666666666667
interagency,7.0,7.0,1.0
bet,3.0,7.0,2.333333333333333
myasthenia,4.0,7.0,1.75
hypogammaglobulinemia,5.0,7.0,1.4
stephen,7.0,7.0,1.0
shortcoming,7.0,7.0,1.0
construction,6.0,7.0,1.1666666666666667
immunofluorescence,4.0,7.0,1.75
wagner,7.0,7.0,1.0
hypersecretion,4.0,7.0,1.75
hostile,4.0,7.0,1.75
inform,5.0,7.0,1.4
carter,7.0,7.0,1.0
oocyte,3.0,7.0,2.333333333333333
constine,3.0,7.0,2.333333333333333
aleman,3.0,7.0,2.333333333333333
hsp90,3.0,7.0,2.333333333333333
academy,7.0,7.0,1.0
appreciable,6.0,7.0,1.1666666666666667
oxide,5.0,7.0,1.4
jump,7.0,7.0,1.0
antiandrogen,3.0,7.0,2.333333333333333
transurethral,3.0,7.0,2.333333333333333
eva,7.0,7.0,1.0
deliver,6.0,7.0,1.1666666666666667
diarrhoea,3.0,7.0,2.333333333333333
modulation,7.0,7.0,1.0
experiencing,7.0,7.0,1.0
wig,4.0,7.0,1.75
plco,3.0,7.0,2.333333333333333
jimenez,5.0,7.0,1.4
certainty,3.0,7.0,2.333333333333333
gate,5.0,7.0,1.4
ulcerative,4.0,7.0,1.75
arber,3.0,7.0,2.333333333333333
brafv600e,3.0,7.0,2.333333333333333
exocrine,5.0,7.0,1.4
reconstructive,4.0,7.0,1.75
elongation,3.0,7.0,2.333333333333333
pertinent,5.0,7.0,1.4
orthopedic,6.0,7.0,1.1666666666666667
melanin,5.0,7.0,1.4
psychologic,5.0,7.0,1.4
nephroblastomatosis,3.0,7.0,2.333333333333333
navigating,5.0,7.0,1.4
metabolizing,4.0,7.0,1.75
italiano,4.0,7.0,1.75
quantum,5.0,7.0,1.4
simon,6.0,7.0,1.1666666666666667
blessing,7.0,7.0,1.0
sum,6.0,7.0,1.1666666666666667
preoccupation,3.0,7.0,2.333333333333333
d.d.s,7.0,7.0,1.0
neutropenic,4.0,7.0,1.75
reddy,5.0,7.0,1.4
staggering,7.0,7.0,1.0
pds,5.0,7.0,1.4
suit,7.0,7.0,1.0
associazione,3.0,7.0,2.333333333333333
italiana,3.0,7.0,2.333333333333333
combomatch,3.0,7.0,2.333333333333333
ematologia,3.0,7.0,2.333333333333333
oncologia,3.0,7.0,2.333333333333333
enteric,5.0,7.0,1.4
discourage,6.0,7.0,1.1666666666666667
graphic,4.0,7.0,1.75
vrie,4.0,7.0,1.75
integr,4.0,7.0,1.75
dinner,7.0,7.0,1.0
bakker,5.0,7.0,1.4
snap,4.0,7.0,1.75
thickening,4.0,7.0,1.75
chem,4.0,7.0,1.75
ravi,7.0,7.0,1.0
submucosal,4.0,7.0,1.75
sweeney,6.0,7.0,1.1666666666666667
triangle,3.0,7.0,2.333333333333333
antisocial,4.0,7.0,1.75
wilson,4.0,7.0,1.75
injustice,4.0,7.0,1.75
filtration,3.0,7.0,2.333333333333333
rao,7.0,7.0,1.0
granule,3.0,7.0,2.333333333333333
espariat,3.0,7.0,2.333333333333333
ukall,3.0,7.0,2.333333333333333
tuh,7.0,7.0,1.0
sézary,7.0,7.0,1.0
harold,6.0,7.0,1.1666666666666667
gateway,7.0,7.0,1.0
sleeve,7.0,7.0,1.0
ultrasensitive,4.0,7.0,1.75
selfish,3.0,7.0,2.333333333333333
iphone,6.0,7.0,1.1666666666666667
daunting,7.0,7.0,1.0
ample,7.0,7.0,1.0
aneuploidy,7.0,7.0,1.0
restructuring,3.0,7.0,2.333333333333333
olopade,3.0,6.0,2.0
equine,3.0,6.0,2.0
biqsfp,3.0,6.0,2.0
lifeline,3.0,6.0,2.0
palpitation,6.0,6.0,1.0
artifact,5.0,6.0,1.2
flower,3.0,6.0,2.0
nhane,3.0,6.0,2.0
governmental,5.0,6.0,1.2
dismal,4.0,6.0,1.5
reliant,5.0,6.0,1.2
eraser,3.0,6.0,2.0
supp,4.0,6.0,1.5
bottle,6.0,6.0,1.0
correlative,6.0,6.0,1.0
nexavar,6.0,6.0,1.0
tanning,4.0,6.0,1.5
1960,6.0,6.0,1.0
bleed,4.0,6.0,1.5
rough,4.0,6.0,1.5
stevenson,5.0,6.0,1.2
convergence,6.0,6.0,1.0
akin,6.0,6.0,1.0
treasure,6.0,6.0,1.0
growing,6.0,6.0,1.0
ibrance,6.0,6.0,1.0
payload,4.0,6.0,1.5
cholangiocarcinoma,6.0,6.0,1.0
affirm,6.0,6.0,1.0
kent,3.0,6.0,2.0
opportune,6.0,6.0,1.0
wntd,3.0,6.0,2.0
lyn,3.0,6.0,2.0
stabilization,6.0,6.0,1.0
packer,4.0,6.0,1.5
multiscale,5.0,6.0,1.2
glycosylation,5.0,6.0,1.2
myers,4.0,6.0,1.5
notion,6.0,6.0,1.0
stabilize,6.0,6.0,1.0
cancer-,6.0,6.0,1.0
bogeyman,3.0,6.0,2.0
brice,3.0,6.0,2.0
tai,5.0,6.0,1.2
combustible,3.0,6.0,2.0
parenchyma,5.0,6.0,1.2
itch,5.0,6.0,1.2
osteopenia,3.0,6.0,2.0
immunol,4.0,6.0,1.5
spiller,4.0,6.0,1.5
moreira,3.0,6.0,2.0
repetitive,6.0,6.0,1.0
psychoeducation,5.0,6.0,1.2
folder,3.0,6.0,2.0
crystallography,5.0,6.0,1.2
uneven,4.0,6.0,1.5
gentle,4.0,6.0,1.5
od-24,4.0,6.0,1.5
ghost,3.0,6.0,2.0
nib,6.0,6.0,1.0
corpus,6.0,6.0,1.0
familiarity,6.0,6.0,1.0
schlegel,6.0,6.0,1.0
rad,3.0,6.0,2.0
hunter,5.0,6.0,1.2
craniopharyngiomas,4.0,6.0,1.5
actuarial,3.0,6.0,2.0
bennett,6.0,6.0,1.0
zytiga,6.0,6.0,1.0
hoffman,6.0,6.0,1.0
stegmai,3.0,6.0,2.0
zykadia,6.0,6.0,1.0
gliomatosis,6.0,6.0,1.0
evaluated,5.0,6.0,1.2
cerebri,6.0,6.0,1.0
hank,4.0,6.0,1.5
revenue,4.0,6.0,1.5
font,3.0,6.0,2.0
armitage,5.0,6.0,1.2
admin,4.0,6.0,1.5
tang,4.0,6.0,1.5
incorrect,6.0,6.0,1.0
iceberg,6.0,6.0,1.0
pca,4.0,6.0,1.5
leap,6.0,6.0,1.0
courageous,6.0,6.0,1.0
mercer,4.0,6.0,1.5
confused,6.0,6.0,1.0
systolic,4.0,6.0,1.5
femara,5.0,6.0,1.2
editorialist,6.0,6.0,1.0
inset,5.0,6.0,1.2
par-22,4.0,6.0,1.5
ca-20,4.0,6.0,1.5
genotyping,6.0,6.0,1.0
xing,4.0,6.0,1.5
cramp,5.0,6.0,1.2
plateau,3.0,6.0,2.0
push,4.0,6.0,1.5
sabin,5.0,6.0,1.2
understandable,6.0,6.0,1.0
lombardi,6.0,6.0,1.0
myocarditis,6.0,6.0,1.0
dcp,5.0,6.0,1.2
plenty,5.0,6.0,1.2
prune,4.0,6.0,1.5
popularity,6.0,6.0,1.0
sanchez,4.0,6.0,1.5
pomalidomide,3.0,6.0,2.0
rituxan,5.0,6.0,1.2
ramucirumab,5.0,6.0,1.2
tate,3.0,6.0,2.0
z0011,3.0,6.0,2.0
rockville,6.0,6.0,1.0
bike,4.0,6.0,1.5
immunoreactivity,4.0,6.0,1.5
d.o,6.0,6.0,1.0
encompass,5.0,6.0,1.2
toh,6.0,6.0,1.0
regorafenib,6.0,6.0,1.0
tall,4.0,6.0,1.5
causation,6.0,6.0,1.0
pepper,5.0,6.0,1.2
gilead,3.0,6.0,2.0
holder,4.0,6.0,1.5
running,3.0,6.0,2.0
india,6.0,6.0,1.0
vanderpool,4.0,6.0,1.5
brastianos,5.0,6.0,1.2
trading,3.0,6.0,2.0
markey,3.0,6.0,2.0
bih,6.0,6.0,1.0
unresolved,5.0,6.0,1.2
histiocytic,4.0,6.0,1.5
proceeding,5.0,6.0,1.2
yoo,5.0,6.0,1.2
default,6.0,6.0,1.0
outdoor,6.0,6.0,1.0
swimming,4.0,6.0,1.5
nongenetic,5.0,6.0,1.2
shared,6.0,6.0,1.0
her3,3.0,6.0,2.0
awesome,5.0,6.0,1.2
primate,3.0,6.0,2.0
thalidomide,5.0,6.0,1.2
interneuron,3.0,6.0,2.0
insecurity,3.0,6.0,2.0
luo,5.0,6.0,1.2
generator,3.0,6.0,2.0
attraction,5.0,6.0,1.2
gril,3.0,6.0,2.0
winner,5.0,6.0,1.2
drift,4.0,6.0,1.5
programmatic,6.0,6.0,1.0
configuration,3.0,6.0,2.0
erasmus,6.0,6.0,1.0
circuit,4.0,6.0,1.5
stringent,5.0,6.0,1.2
advertising,6.0,6.0,1.0
grocery,6.0,6.0,1.0
tapp,5.0,6.0,1.2
brook,5.0,6.0,1.2
rashid,4.0,6.0,1.5
ian,4.0,6.0,1.5
diversion,3.0,6.0,2.0
urgency,4.0,6.0,1.5
chaperone,4.0,6.0,1.5
sulfate,4.0,6.0,1.5
bran,3.0,6.0,2.0
vogel,4.0,6.0,1.5
illinois,4.0,6.0,1.5
sjmb03,3.0,6.0,2.0
hol,3.0,6.0,2.0
collateral,3.0,6.0,2.0
clonality,6.0,6.0,1.0
vidaza,4.0,6.0,1.5
mitosis,5.0,6.0,1.2
impairs,5.0,6.0,1.2
catheterization,3.0,6.0,2.0
meh,6.0,6.0,1.0
understudied,6.0,6.0,1.0
johnston,6.0,6.0,1.0
smokefree.gov,5.0,6.0,1.2
eich,3.0,6.0,2.0
1950,6.0,6.0,1.0
garland,4.0,6.0,1.5
con,6.0,6.0,1.0
vagina,6.0,6.0,1.0
2000,5.0,6.0,1.2
assign,6.0,6.0,1.0
schwannomas,3.0,6.0,2.0
sensor,6.0,6.0,1.0
brock,4.0,6.0,1.5
glance,4.0,6.0,1.5
unconscious,5.0,6.0,1.2
unsure,5.0,6.0,1.2
perceive,6.0,6.0,1.0
container,6.0,6.0,1.0
reservoir,6.0,6.0,1.0
regrowth,5.0,6.0,1.2
bank,5.0,6.0,1.2
coate,3.0,6.0,2.0
murakami,5.0,6.0,1.2
javed,4.0,6.0,1.5
row,5.0,6.0,1.2
guardian,5.0,6.0,1.2
brave,6.0,6.0,1.0
analgesic,5.0,6.0,1.2
pragmatic,6.0,6.0,1.0
philosophy,6.0,6.0,1.0
multicohort,4.0,6.0,1.5
pervasive,6.0,6.0,1.0
pastor,4.0,6.0,1.5
hui,3.0,6.0,2.0
stenosis,4.0,6.0,1.5
≤10,3.0,6.0,2.0
wedding,3.0,6.0,2.0
cedars,6.0,6.0,1.0
implementer,4.0,6.0,1.5
pdt,3.0,6.0,2.0
kitchen,5.0,6.0,1.2
carlson,5.0,6.0,1.2
butter,4.0,6.0,1.5
cone,3.0,6.0,2.0
wheeler,6.0,6.0,1.0
chin,4.0,6.0,1.5
mediterranean,4.0,6.0,1.5
corporation,4.0,6.0,1.5
analogous,6.0,6.0,1.0
ethanol,3.0,6.0,2.0
concerted,6.0,6.0,1.0
ca-15,3.0,6.0,2.0
pleased,6.0,6.0,1.0
info,5.0,6.0,1.2
hecht,5.0,6.0,1.2
lysis,4.0,6.0,1.5
silverman,5.0,6.0,1.2
retain,6.0,6.0,1.0
humility,3.0,6.0,2.0
heritability,5.0,6.0,1.2
tradeoff,4.0,6.0,1.5
velcade,6.0,6.0,1.0
sala,3.0,6.0,2.0
coincide,6.0,6.0,1.0
suboptimal,6.0,6.0,1.0
bradley,6.0,6.0,1.0
subdivision,4.0,6.0,1.5
licensure,4.0,6.0,1.5
exclude,5.0,6.0,1.2
exploit,5.0,6.0,1.2
quiescent,5.0,6.0,1.2
achieve,6.0,6.0,1.0
abbvie,5.0,6.0,1.2
glimpse,6.0,6.0,1.0
icr,3.0,6.0,2.0
acetylation,5.0,6.0,1.2
weaver,5.0,6.0,1.2
microbiology,6.0,6.0,1.0
silent,5.0,6.0,1.2
unaware,3.0,6.0,2.0
rupture,4.0,6.0,1.5
onc206,4.0,6.0,1.5
nephrotic,5.0,6.0,1.2
loo,6.0,6.0,1.0
biologics,6.0,6.0,1.0
tenured,3.0,6.0,2.0
lymphadenopathy,6.0,6.0,1.0
weil,3.0,6.0,2.0
southwest,5.0,6.0,1.2
burdensome,5.0,6.0,1.2
confounder,4.0,6.0,1.5
neumann,3.0,6.0,2.0
thyroiditis,4.0,6.0,1.5
rosenberg,3.0,6.0,2.0
weiner,4.0,6.0,1.5
celiac,3.0,6.0,2.0
locate,6.0,6.0,1.0
remainder,6.0,6.0,1.0
tuning,4.0,6.0,1.5
intravascular,3.0,6.0,2.0
nielsen,3.0,6.0,2.0
vos,3.0,6.0,2.0
myofibromatosis,5.0,6.0,1.2
myxoid,5.0,6.0,1.2
measuring,6.0,6.0,1.0
precedence,3.0,6.0,2.0
ankle,5.0,6.0,1.2
undiagnosed,4.0,6.0,1.5
nbl,3.0,6.0,2.0
1p/19q,3.0,6.0,2.0
autoimmunity,5.0,6.0,1.2
iacuc,4.0,6.0,1.5
contingent,6.0,6.0,1.0
editing,4.0,6.0,1.5
judge,4.0,6.0,1.5
wheezing,5.0,6.0,1.2
functionality,6.0,6.0,1.0
qualification,5.0,6.0,1.2
kazakhstan,3.0,6.0,2.0
akt1,4.0,6.0,1.5
encyclopedia,4.0,6.0,1.5
yesterday,6.0,6.0,1.0
purity,4.0,6.0,1.5
rss,4.0,6.0,1.5
chang,6.0,6.0,1.0
billup,4.0,6.0,1.5
greg,4.0,6.0,1.5
furman,4.0,6.0,1.5
governing,6.0,6.0,1.0
antiestrogen,4.0,6.0,1.5
leiomyoma,4.0,6.0,1.5
freedman,4.0,6.0,1.5
marriage,4.0,6.0,1.5
gruber,5.0,6.0,1.2
corresponding,5.0,6.0,1.2
raf,3.0,6.0,2.0
marcus,4.0,6.0,1.5
parietal,3.0,6.0,2.0
convention,5.0,6.0,1.2
anticipation,3.0,6.0,2.0
trismus,3.0,6.0,2.0
indelicato,4.0,6.0,1.5
glandular,6.0,6.0,1.0
annu,5.0,6.0,1.2
television,6.0,6.0,1.0
psychiatr,3.0,6.0,2.0
synergy,6.0,6.0,1.0
behavioural,5.0,6.0,1.2
refinement,6.0,6.0,1.0
rehab,6.0,6.0,1.0
aaltonen,3.0,6.0,2.0
fujii,3.0,6.0,2.0
droh,6.0,6.0,1.0
mukherjee,5.0,6.0,1.2
klor,6.0,6.0,1.0
genotypic,3.0,6.0,2.0
happen,6.0,6.0,1.0
radioactivity,4.0,6.0,1.5
sutent,6.0,6.0,1.0
neu,5.0,6.0,1.2
concert,6.0,6.0,1.0
scalpel,3.0,6.0,2.0
olsson,3.0,6.0,2.0
silvestri,4.0,6.0,1.5
aide,3.0,6.0,2.0
obliteran,3.0,6.0,2.0
bronchiole,3.0,6.0,2.0
statistician,6.0,6.0,1.0
phillips,6.0,6.0,1.0
hpvs,3.0,6.0,2.0
keen,6.0,6.0,1.0
goodwin,4.0,6.0,1.5
high-,5.0,6.0,1.2
surrounding,6.0,6.0,1.0
zeller,4.0,6.0,1.5
illuminate,4.0,6.0,1.5
usability,5.0,6.0,1.2
homogeneous,5.0,6.0,1.2
statute,3.0,6.0,2.0
imaginary,4.0,6.0,1.5
deaminase,4.0,6.0,1.5
noa,4.0,6.0,1.5
stiffness,6.0,6.0,1.0
inefficient,3.0,6.0,2.0
acceptability,4.0,6.0,1.5
pitfall,6.0,6.0,1.0
grassroots,6.0,6.0,1.0
nirogacestat,5.0,6.0,1.2
outlet,6.0,6.0,1.0
diaz,3.0,6.0,2.0
mention,5.0,6.0,1.2
virginia,3.0,6.0,2.0
alaggio,4.0,6.0,1.5
csrn,3.0,6.0,2.0
spectrometry,4.0,6.0,1.5
hypoplasia,3.0,6.0,2.0
quantification,5.0,6.0,1.2
prostaglandin,6.0,6.0,1.0
frightening,5.0,6.0,1.2
niehs,6.0,6.0,1.0
isocitrate,6.0,6.0,1.0
indicative,5.0,6.0,1.2
digestion,6.0,6.0,1.0
evaluating,6.0,6.0,1.0
//seer.cancer.gov,6.0,6.0,1.0
report_to_nation/,6.0,6.0,1.0
naaccr,6.0,6.0,1.0
psychiatrist,5.0,6.0,1.2
kamath,5.0,6.0,1.2
racism,5.0,6.0,1.2
milder,5.0,6.0,1.2
bachelor,6.0,6.0,1.0
renowned,6.0,6.0,1.0
vendor,4.0,6.0,1.5
dee,5.0,6.0,1.2
mathematician,4.0,6.0,1.5
oliveira,5.0,6.0,1.2
6–12,3.0,6.0,2.0
swallow,5.0,6.0,1.2
striking,5.0,6.0,1.2
greenberg,5.0,6.0,1.2
meadow,4.0,6.0,1.5
clergy,4.0,6.0,1.5
corbacioglu,3.0,6.0,2.0
hosted,6.0,6.0,1.0
3–4,6.0,6.0,1.0
decker,5.0,6.0,1.2
coleman,5.0,6.0,1.2
detrimental,6.0,6.0,1.0
slater,4.0,6.0,1.5
elisa,4.0,6.0,1.5
pharmacist,6.0,6.0,1.0
multiplexed,3.0,6.0,2.0
echocardiogram,4.0,6.0,1.5
oncogenetic,3.0,6.0,2.0
commonality,4.0,6.0,1.5
psychotherapeutic,4.0,6.0,1.5
gallo,5.0,6.0,1.2
rigor,6.0,6.0,1.0
roth,3.0,6.0,2.0
springtime,5.0,6.0,1.2
radford,4.0,6.0,1.5
uncomplicated,4.0,6.0,1.5
enthusiast,3.0,6.0,2.0
potter,5.0,6.0,1.2
desirable,5.0,6.0,1.2
switching,4.0,6.0,1.5
calgb,5.0,6.0,1.2
titration,3.0,6.0,2.0
epitope,3.0,6.0,2.0
replace,5.0,6.0,1.2
methylprednisolone,4.0,6.0,1.5
twofold,3.0,6.0,2.0
radiography,3.0,6.0,2.0
stereotype,3.0,6.0,2.0
unintended,4.0,6.0,1.5
spark,6.0,6.0,1.0
mense,4.0,6.0,1.5
pubmed,6.0,6.0,1.0
cadre,6.0,6.0,1.0
wuarin,4.0,6.0,1.5
customer,6.0,6.0,1.0
victory,6.0,6.0,1.0
nonsignificant,3.0,6.0,2.0
cardiologist,3.0,6.0,2.0
sustainability,5.0,6.0,1.2
whole-,3.0,6.0,2.0
inheritable,4.0,6.0,1.5
turcot,3.0,6.0,2.0
war,4.0,6.0,1.5
provide,5.0,6.0,1.2
preponderance,6.0,6.0,1.0
amenorrhea,3.0,6.0,2.0
pentagastrin,3.0,6.0,2.0
bower,3.0,6.0,2.0
polyamine,3.0,6.0,2.0
pdgfrb,4.0,6.0,1.5
1q21,3.0,6.0,2.0
waterpipe,4.0,6.0,1.5
anticonvulsant,3.0,6.0,2.0
opin,3.0,6.0,2.0
hartmann,6.0,6.0,1.0
robson,4.0,6.0,1.5
dacogen,6.0,6.0,1.0
lambert,4.0,6.0,1.5
perrier,3.0,6.0,2.0
dunamis,4.0,6.0,1.5
fizazi,4.0,6.0,1.5
stomatitis,3.0,6.0,2.0
efficacious,6.0,6.0,1.0
neuroblastic,3.0,6.0,2.0
cunningham,6.0,6.0,1.0
distressed,5.0,6.0,1.2
capsular,5.0,6.0,1.2
multifocality,3.0,6.0,2.0
vacuum,4.0,6.0,1.5
sleepiness,5.0,6.0,1.2
virology,6.0,6.0,1.0
udelsman,3.0,6.0,2.0
quinone,6.0,6.0,1.0
pozzar,3.0,6.0,2.0
halt,4.0,6.0,1.5
nonneoplastic,3.0,6.0,2.0
completing,6.0,6.0,1.0
recist,4.0,6.0,1.5
isotope,4.0,6.0,1.5
awake,3.0,6.0,2.0
malik,6.0,6.0,1.0
actor,6.0,6.0,1.0
ito,5.0,5.0,1.0
dartmouth,4.0,5.0,1.25
immunosuppressant,3.0,5.0,1.6666666666666667
sradaev,5.0,5.0,1.0
grape,4.0,5.0,1.25
russo,3.0,5.0,1.6666666666666667
semi,4.0,5.0,1.25
carolina,5.0,5.0,1.0
seeger,3.0,5.0,1.6666666666666667
enrich,5.0,5.0,1.0
classifie,5.0,5.0,1.0
spur,5.0,5.0,1.0
futility,3.0,5.0,1.6666666666666667
biobank,5.0,5.0,1.0
dashboard,3.0,5.0,1.6666666666666667
taiwanese,5.0,5.0,1.0
invasiveness,3.0,5.0,1.6666666666666667
ullrich,3.0,5.0,1.6666666666666667
ogcr,4.0,5.0,1.25
b.s,5.0,5.0,1.0
gallagher,5.0,5.0,1.0
nonhematopoietic,3.0,5.0,1.6666666666666667
dsrct,5.0,5.0,1.0
workflow,5.0,5.0,1.0
leary,3.0,5.0,1.6666666666666667
ontario,5.0,5.0,1.0
classroom,5.0,5.0,1.0
dfci,3.0,5.0,1.6666666666666667
motzer,3.0,5.0,1.6666666666666667
serve,5.0,5.0,1.0
assure,5.0,5.0,1.0
mediastinoscope,3.0,5.0,1.6666666666666667
engraftment,3.0,5.0,1.6666666666666667
gliosarcoma,5.0,5.0,1.0
universe,5.0,5.0,1.0
paratesticular,3.0,5.0,1.6666666666666667
idarubicin,4.0,5.0,1.25
projection,5.0,5.0,1.0
ejection,3.0,5.0,1.6666666666666667
yescarta,5.0,5.0,1.0
bioactive,3.0,5.0,1.6666666666666667
bibliography,4.0,5.0,1.25
adventure,3.0,5.0,1.6666666666666667
speaking,4.0,5.0,1.25
pillow,4.0,5.0,1.25
naproxen,3.0,5.0,1.6666666666666667
paramount,5.0,5.0,1.0
hierarchy,5.0,5.0,1.0
inflation,3.0,5.0,1.6666666666666667
factory,5.0,5.0,1.0
dickherber,4.0,5.0,1.25
semantic,3.0,5.0,1.6666666666666667
sotorasib,3.0,5.0,1.6666666666666667
pugh,3.0,5.0,1.6666666666666667
maze,3.0,5.0,1.6666666666666667
carrot,5.0,5.0,1.0
microbubble,5.0,5.0,1.0
tension,4.0,5.0,1.25
chromaffin,3.0,5.0,1.6666666666666667
genereview,4.0,5.0,1.25
successive,5.0,5.0,1.0
technician,5.0,5.0,1.0
30k,5.0,5.0,1.0
globocan,5.0,5.0,1.0
mirzaa,4.0,5.0,1.25
haplotype,4.0,5.0,1.25
result,5.0,5.0,1.0
paresis,3.0,5.0,1.6666666666666667
pancancer,4.0,5.0,1.25
necessity,5.0,5.0,1.0
eisen,3.0,5.0,1.6666666666666667
dean,5.0,5.0,1.0
obsolete,4.0,5.0,1.25
≤50,4.0,5.0,1.25
neurosurg,4.0,5.0,1.25
attribution,3.0,5.0,1.6666666666666667
payne,5.0,5.0,1.0
coordinated,5.0,5.0,1.0
sih,4.0,5.0,1.25
magazine,5.0,5.0,1.0
ataxia,3.0,5.0,1.6666666666666667
bloody,4.0,5.0,1.25
condition,5.0,5.0,1.0
janeway,3.0,5.0,1.6666666666666667
angiogenic,3.0,5.0,1.6666666666666667
endurance,3.0,5.0,1.6666666666666667
established,5.0,5.0,1.0
lund,5.0,5.0,1.0
tumori,5.0,5.0,1.0
yasuda,3.0,5.0,1.6666666666666667
violence,3.0,5.0,1.6666666666666667
causing,4.0,5.0,1.25
afinitor,3.0,5.0,1.6666666666666667
outgrowth,5.0,5.0,1.0
lehman,4.0,5.0,1.25
disodium,3.0,5.0,1.6666666666666667
cheap,3.0,5.0,1.6666666666666667
venture,5.0,5.0,1.0
dumont,3.0,5.0,1.6666666666666667
emr,3.0,5.0,1.6666666666666667
networking,5.0,5.0,1.0
generalizability,5.0,5.0,1.0
varmus,5.0,5.0,1.0
tauziède,3.0,5.0,1.6666666666666667
delaney,3.0,5.0,1.6666666666666667
ted,4.0,5.0,1.25
tom,3.0,5.0,1.6666666666666667
capper,3.0,5.0,1.6666666666666667
hoang,3.0,5.0,1.6666666666666667
achievable,5.0,5.0,1.0
saline,3.0,5.0,1.6666666666666667
kyi,4.0,5.0,1.25
coffin,4.0,5.0,1.25
newspaper,3.0,5.0,1.6666666666666667
chronological,5.0,5.0,1.0
varying,5.0,5.0,1.0
mutual,3.0,5.0,1.6666666666666667
haemopoietic,3.0,5.0,1.6666666666666667
abdel,3.0,5.0,1.6666666666666667
angel,5.0,5.0,1.0
spicy,4.0,5.0,1.25
powered,5.0,5.0,1.0
undefined,3.0,5.0,1.6666666666666667
brunilde,3.0,5.0,1.6666666666666667
bei,3.0,5.0,1.6666666666666667
ffr,3.0,5.0,1.6666666666666667
sunday,4.0,5.0,1.25
leucovorin,3.0,5.0,1.6666666666666667
ecology,5.0,5.0,1.0
bertrand,3.0,5.0,1.6666666666666667
blanchard,5.0,5.0,1.0
instrumentation,4.0,5.0,1.25
taboo,5.0,5.0,1.0
bhatti,5.0,5.0,1.0
weitzman,5.0,5.0,1.0
educator,5.0,5.0,1.0
mistry,3.0,5.0,1.6666666666666667
infect,5.0,5.0,1.0
studied,5.0,5.0,1.0
unproven,3.0,5.0,1.6666666666666667
hotline,3.0,5.0,1.6666666666666667
rarer,5.0,5.0,1.0
cytochemistry,3.0,5.0,1.6666666666666667
program,5.0,5.0,1.0
thrombus,3.0,5.0,1.6666666666666667
polycythemia,5.0,5.0,1.0
synonymous,5.0,5.0,1.0
porter,5.0,5.0,1.0
1–4,3.0,5.0,1.6666666666666667
shut,5.0,5.0,1.0
disadvantaged,5.0,5.0,1.0
conjunctivitis,4.0,5.0,1.25
serine,3.0,5.0,1.6666666666666667
recalcitrant,3.0,5.0,1.6666666666666667
hangout,4.0,5.0,1.25
cleavage,3.0,5.0,1.6666666666666667
wet,5.0,5.0,1.0
grundy,3.0,5.0,1.6666666666666667
upright,4.0,5.0,1.25
tape,5.0,5.0,1.0
agrawal,5.0,5.0,1.0
triage,5.0,5.0,1.0
chromium,4.0,5.0,1.25
nickel,5.0,5.0,1.0
formaldehyde,4.0,5.0,1.25
territory,5.0,5.0,1.0
mulvihill,3.0,5.0,1.6666666666666667
pad,4.0,5.0,1.25
accrue,3.0,5.0,1.6666666666666667
josé,3.0,5.0,1.6666666666666667
shop,5.0,5.0,1.0
void,5.0,5.0,1.0
profiled,5.0,5.0,1.0
tiffany,3.0,5.0,1.6666666666666667
granisetron,3.0,5.0,1.6666666666666667
contributing,5.0,5.0,1.0
detecting,5.0,5.0,1.0
sidney,5.0,5.0,1.0
abecma,4.0,5.0,1.25
murphy,3.0,5.0,1.6666666666666667
hine,3.0,5.0,1.6666666666666667
blunt,4.0,5.0,1.25
kisqali,3.0,5.0,1.6666666666666667
mistrust,5.0,5.0,1.0
physiologic,4.0,5.0,1.25
burn,5.0,5.0,1.0
minister,4.0,5.0,1.25
discourse,3.0,5.0,1.6666666666666667
o'connor,4.0,5.0,1.25
multidrug,5.0,5.0,1.0
brigham,4.0,5.0,1.25
ohsu,4.0,5.0,1.25
resist,5.0,5.0,1.0
kelly,4.0,5.0,1.25
biochemist,3.0,5.0,1.6666666666666667
biofeedback,5.0,5.0,1.0
armengol,3.0,5.0,1.6666666666666667
nita,5.0,5.0,1.0
euro,4.0,5.0,1.25
microbiota,4.0,5.0,1.25
newborn,3.0,5.0,1.6666666666666667
program—21,3.0,5.0,1.6666666666666667
oversee,5.0,5.0,1.0
terrific,5.0,5.0,1.0
interrupt,4.0,5.0,1.25
williamson,4.0,5.0,1.25
rational,5.0,5.0,1.0
disparity,5.0,5.0,1.0
intolerable,4.0,5.0,1.25
milne,3.0,5.0,1.6666666666666667
trail,5.0,5.0,1.0
doi:10.1038,3.0,5.0,1.6666666666666667
coaching,4.0,5.0,1.25
blinded,4.0,5.0,1.25
usa,5.0,5.0,1.0
fingerman,3.0,5.0,1.6666666666666667
cin,4.0,5.0,1.25
saturation,4.0,5.0,1.25
biorepository,4.0,5.0,1.25
middleton,3.0,5.0,1.6666666666666667
troublesome,5.0,5.0,1.0
novotny,4.0,5.0,1.25
boston,5.0,5.0,1.0
rydapt,5.0,5.0,1.0
brainer,3.0,5.0,1.6666666666666667
insulator,3.0,5.0,1.6666666666666667
unituxin,5.0,5.0,1.0
cholecystectomy,3.0,5.0,1.6666666666666667
desperate,4.0,5.0,1.25
discern,4.0,5.0,1.25
biogenesis,3.0,5.0,1.6666666666666667
robot,3.0,5.0,1.6666666666666667
diminished,5.0,5.0,1.0
adenopathy,4.0,5.0,1.25
sized,5.0,5.0,1.0
snapshot,5.0,5.0,1.0
subclass,3.0,5.0,1.6666666666666667
clip,4.0,5.0,1.25
unified,5.0,5.0,1.0
family,4.0,5.0,1.25
magnifying,3.0,5.0,1.6666666666666667
burning,5.0,5.0,1.0
debenedetti,3.0,5.0,1.6666666666666667
jakowle,5.0,5.0,1.0
pennsylvania,5.0,5.0,1.0
sol,5.0,5.0,1.0
hopkins,5.0,5.0,1.0
punch,5.0,5.0,1.0
judicious,5.0,5.0,1.0
shade,4.0,5.0,1.25
jnci,5.0,5.0,1.0
unhealthy,5.0,5.0,1.0
neurobiol,3.0,5.0,1.6666666666666667
exemplary,5.0,5.0,1.0
e195,4.0,5.0,1.25
nuance,5.0,5.0,1.0
fowler,4.0,5.0,1.25
mitch,3.0,5.0,1.6666666666666667
neurogenic,3.0,5.0,1.6666666666666667
repression,3.0,5.0,1.6666666666666667
bate,4.0,5.0,1.25
turning,5.0,5.0,1.0
fourth,3.0,5.0,1.6666666666666667
interoperability,5.0,5.0,1.0
fabulous,4.0,5.0,1.25
distract,4.0,5.0,1.25
nonuser,3.0,5.0,1.6666666666666667
il-2,4.0,5.0,1.25
swallowing,3.0,5.0,1.6666666666666667
sabbatical,3.0,5.0,1.6666666666666667
sunlamp,3.0,5.0,1.6666666666666667
camitta,3.0,5.0,1.6666666666666667
wang,5.0,5.0,1.0
openness,5.0,5.0,1.0
goldman,5.0,5.0,1.0
undertreatment,4.0,5.0,1.25
shelf,5.0,5.0,1.0
synbio,5.0,5.0,1.0
dentistry,4.0,5.0,1.25
witte,5.0,5.0,1.0
antiviral,4.0,5.0,1.25
sandlund,3.0,5.0,1.6666666666666667
motivate,5.0,5.0,1.0
harmless,5.0,5.0,1.0
barrow,3.0,5.0,1.6666666666666667
scheme,5.0,5.0,1.0
mai,5.0,5.0,1.0
destination,3.0,5.0,1.6666666666666667
sprycel,5.0,5.0,1.0
thermocoagulator,4.0,5.0,1.25
recommendation,5.0,5.0,1.0
polish,3.0,5.0,1.6666666666666667
warrior,5.0,5.0,1.0
consciousness,3.0,5.0,1.6666666666666667
qian,3.0,5.0,1.6666666666666667
readout,4.0,5.0,1.25
endothelium,5.0,5.0,1.0
weed,5.0,5.0,1.0
springboard,4.0,5.0,1.25
nontoxic,4.0,5.0,1.25
outlined,5.0,5.0,1.0
fortitude,5.0,5.0,1.0
listening,5.0,5.0,1.0
logistical,5.0,5.0,1.0
verifie,3.0,5.0,1.6666666666666667
javacsript,4.0,5.0,1.25
ccct,4.0,5.0,1.25
denny,5.0,5.0,1.0
nonrandom,3.0,5.0,1.6666666666666667
shakun,5.0,5.0,1.0
rebbeck,3.0,5.0,1.6666666666666667
jugular,4.0,5.0,1.25
lilly,4.0,5.0,1.25
ride,5.0,5.0,1.0
activist,5.0,5.0,1.0
chloride,5.0,5.0,1.0
epidermoid,5.0,5.0,1.0
afternoon,4.0,5.0,1.25
lamp,4.0,5.0,1.25
relaxed,5.0,5.0,1.0
motivational,5.0,5.0,1.0
arc,4.0,5.0,1.25
acne,5.0,5.0,1.0
germany,5.0,5.0,1.0
andersson,3.0,5.0,1.6666666666666667
raygada,5.0,5.0,1.0
predoc,3.0,5.0,1.6666666666666667
hogan,3.0,5.0,1.6666666666666667
kasper,3.0,5.0,1.6666666666666667
mattano,4.0,5.0,1.25
tgf,3.0,5.0,1.6666666666666667
rim,3.0,5.0,1.6666666666666667
voluntary,5.0,5.0,1.0
hahn,4.0,5.0,1.25
cytidine,3.0,5.0,1.6666666666666667
reproducible,4.0,5.0,1.25
retrograde,4.0,5.0,1.25
inhaled,4.0,5.0,1.25
myelodysplasia,3.0,5.0,1.6666666666666667
altering,5.0,5.0,1.0
gimm,3.0,5.0,1.6666666666666667
lange,5.0,5.0,1.0
anthony,4.0,5.0,1.25
slit,4.0,5.0,1.25
competing,3.0,5.0,1.6666666666666667
heath,4.0,5.0,1.25
indefinite,5.0,5.0,1.0
holy,5.0,5.0,1.0
sorry,5.0,5.0,1.0
tumorigenic,4.0,5.0,1.25
rosner,4.0,5.0,1.25
sacral,5.0,5.0,1.0
vitreous,3.0,5.0,1.6666666666666667
fgfr,4.0,5.0,1.25
mccallum,3.0,5.0,1.6666666666666667
vikram,5.0,5.0,1.0
throw,4.0,5.0,1.25
garcia,5.0,5.0,1.0
nacional,3.0,5.0,1.6666666666666667
poon,5.0,5.0,1.0
impotence,3.0,5.0,1.6666666666666667
univariable,4.0,5.0,1.25
organic,4.0,5.0,1.25
strive,5.0,5.0,1.0
biostatistic,3.0,5.0,1.6666666666666667
knight,4.0,5.0,1.25
costimulatory,3.0,5.0,1.6666666666666667
m.d,5.0,5.0,1.0
spit,3.0,5.0,1.6666666666666667
delineation,5.0,5.0,1.0
semester,3.0,5.0,1.6666666666666667
restlessness,3.0,5.0,1.6666666666666667
doherty,5.0,5.0,1.0
wermer,3.0,5.0,1.6666666666666667
unleash,5.0,5.0,1.0
autonomous,4.0,5.0,1.25
acidic,3.0,5.0,1.6666666666666667
sin,5.0,5.0,1.0
chop,3.0,5.0,1.6666666666666667
biopharmaceutical,4.0,5.0,1.25
weird,5.0,5.0,1.0
upregulation,3.0,5.0,1.6666666666666667
empower,5.0,5.0,1.0
dilemma,5.0,5.0,1.0
lexicon,3.0,5.0,1.6666666666666667
virilization,4.0,5.0,1.25
scanning,5.0,5.0,1.0
embryogenesis,3.0,5.0,1.6666666666666667
jacobsen,5.0,5.0,1.0
curiosity,5.0,5.0,1.0
coal,4.0,5.0,1.25
lang,3.0,5.0,1.6666666666666667
carotenoid,3.0,5.0,1.6666666666666667
lippman,4.0,5.0,1.25
scene,5.0,5.0,1.0
murthy,3.0,5.0,1.6666666666666667
rnase,3.0,5.0,1.6666666666666667
blocking,5.0,5.0,1.0
5–10,5.0,5.0,1.0
christine,4.0,5.0,1.25
adjusted,5.0,5.0,1.0
undesirable,3.0,5.0,1.6666666666666667
eytan,5.0,5.0,1.0
assembly,4.0,5.0,1.25
adjust,5.0,5.0,1.0
infertile,5.0,5.0,1.0
saturday,3.0,5.0,1.6666666666666667
cad,3.0,5.0,1.6666666666666667
intrusive,4.0,5.0,1.25
segue,5.0,5.0,1.0
ahmed,4.0,5.0,1.25
greene,5.0,5.0,1.0
o'leary,5.0,5.0,1.0
embrace,4.0,5.0,1.25
flank,3.0,5.0,1.6666666666666667
immunologic,3.0,5.0,1.6666666666666667
cote,3.0,5.0,1.6666666666666667
conformation,4.0,5.0,1.25
doppler,3.0,5.0,1.6666666666666667
biomedicine,5.0,5.0,1.0
legend,3.0,5.0,1.6666666666666667
prevent,5.0,5.0,1.0
blank,5.0,5.0,1.0
hansen,5.0,5.0,1.0
cc0,5.0,5.0,1.0
qlq,3.0,5.0,1.6666666666666667
bauer,3.0,5.0,1.6666666666666667
ferrando,3.0,5.0,1.6666666666666667
lorenzo,4.0,5.0,1.25
licht,3.0,5.0,1.6666666666666667
biphasic,5.0,5.0,1.0
atherosclerosis,3.0,5.0,1.6666666666666667
hyperthermia,5.0,5.0,1.0
iressa,5.0,5.0,1.0
conduction,4.0,5.0,1.25
intergenic,3.0,5.0,1.6666666666666667
inaba,3.0,5.0,1.6666666666666667
electrocardiogram,4.0,5.0,1.25
biondi,3.0,5.0,1.6666666666666667
victor,5.0,5.0,1.0
escc,3.0,5.0,1.6666666666666667
shao,3.0,5.0,1.6666666666666667
substrate,5.0,5.0,1.0
ommaya,5.0,5.0,1.0
naloxone,3.0,5.0,1.6666666666666667
hypersomnia,3.0,5.0,1.6666666666666667
handling,4.0,5.0,1.25
metzger,4.0,5.0,1.25
perin,5.0,5.0,1.0
banerjee,4.0,5.0,1.25
ozogamicin,5.0,5.0,1.0
sertoli,5.0,5.0,1.0
pigmentation,5.0,5.0,1.0
cook,5.0,5.0,1.0
pharmacyclic,3.0,5.0,1.6666666666666667
coadministration,3.0,5.0,1.6666666666666667
identifier,3.0,5.0,1.6666666666666667
unconventional,4.0,5.0,1.25
ligase,3.0,5.0,1.6666666666666667
diplopia,3.0,5.0,1.6666666666666667
petechia,4.0,5.0,1.25
rock,5.0,5.0,1.0
malfunction,4.0,5.0,1.25
softener,3.0,5.0,1.6666666666666667
generalized,4.0,5.0,1.25
nucleome,3.0,5.0,1.6666666666666667
noninferior,3.0,5.0,1.6666666666666667
reassess,5.0,5.0,1.0
pretty,5.0,5.0,1.0
reclassification,5.0,5.0,1.0
footprint,4.0,5.0,1.25
cosmic,3.0,5.0,1.6666666666666667
overactivation,4.0,5.0,1.25
induce,5.0,5.0,1.0
suppository,3.0,5.0,1.6666666666666667
kadcyla,5.0,5.0,1.0
fraumeni,3.0,5.0,1.6666666666666667
khan,5.0,5.0,1.0
simpson,4.0,5.0,1.25
lucas,5.0,5.0,1.0
yoshida,3.0,5.0,1.6666666666666667
underuse,4.0,5.0,1.25
forearm,3.0,5.0,1.6666666666666667
alumnus,5.0,5.0,1.0
rosenthal,4.0,5.0,1.25
boot,4.0,5.0,1.25
asset,4.0,5.0,1.25
omb,3.0,5.0,1.6666666666666667
stadtman,3.0,5.0,1.6666666666666667
looking,5.0,5.0,1.0
restrain,5.0,5.0,1.0
hinder,5.0,5.0,1.0
lmp1,3.0,5.0,1.6666666666666667
mad,5.0,5.0,1.0
schnittger,3.0,5.0,1.6666666666666667
stratified,3.0,5.0,1.6666666666666667
penetrate,3.0,5.0,1.6666666666666667
cohesive,5.0,5.0,1.0
pollution,5.0,5.0,1.0
fiction,3.0,5.0,1.6666666666666667
lmo1,3.0,5.0,1.6666666666666667
herpe,4.0,5.0,1.25
nhpco,3.0,5.0,1.6666666666666667
lunch,3.0,5.0,1.6666666666666667
filgrastim,3.0,5.0,1.6666666666666667
cd38,5.0,5.0,1.0
telomeric,3.0,5.0,1.6666666666666667
crystal,5.0,5.0,1.0
miracle,3.0,5.0,1.6666666666666667
simultaneous,5.0,5.0,1.0
technetium,4.0,5.0,1.25
kudo,5.0,5.0,1.0
mahoney,4.0,5.0,1.25
nuanced,5.0,5.0,1.0
goddard,4.0,5.0,1.25
eriksson,3.0,5.0,1.6666666666666667
kaiser,4.0,5.0,1.25
permanente,4.0,5.0,1.25
pop,4.0,5.0,1.25
fogarty,5.0,5.0,1.0
skilled,5.0,5.0,1.0
mindful,4.0,5.0,1.25
starvation,3.0,5.0,1.6666666666666667
counteract,5.0,5.0,1.0
remodeling,5.0,5.0,1.0
reluctance,5.0,5.0,1.0
enforcement,3.0,5.0,1.6666666666666667
emanuel,3.0,5.0,1.6666666666666667
advent,4.0,5.0,1.25
interrogate,5.0,5.0,1.0
berman,4.0,5.0,1.25
situational,3.0,5.0,1.6666666666666667
pharmdx,5.0,5.0,1.0
queen,5.0,5.0,1.0
formulate,5.0,5.0,1.0
carbone,3.0,5.0,1.6666666666666667
concise,5.0,5.0,1.0
mcintyre,3.0,5.0,1.6666666666666667
handbook,5.0,5.0,1.0
convince,5.0,5.0,1.0
lacking,5.0,5.0,1.0
backpack,3.0,5.0,1.6666666666666667
walter,3.0,5.0,1.6666666666666667
visser,5.0,5.0,1.0
ognibene,3.0,5.0,1.6666666666666667
todd,5.0,5.0,1.0
rodin,3.0,5.0,1.6666666666666667
augment,5.0,5.0,1.0
sleepy,3.0,5.0,1.6666666666666667
fung,3.0,5.0,1.6666666666666667
dermatol,3.0,5.0,1.6666666666666667
correa,4.0,5.0,1.25
ricker,3.0,5.0,1.6666666666666667
advertisement,4.0,5.0,1.25
states,3.0,5.0,1.6666666666666667
terminus,3.0,5.0,1.6666666666666667
mirabello,3.0,5.0,1.6666666666666667
undue,5.0,5.0,1.0
district,5.0,5.0,1.0
interrogation,5.0,5.0,1.0
dawson,4.0,5.0,1.25
psychoeducational,3.0,5.0,1.6666666666666667
lozenge,3.0,5.0,1.6666666666666667
cleaning,3.0,5.0,1.6666666666666667
igm,4.0,5.0,1.25
accordance,5.0,5.0,1.0
thwart,5.0,5.0,1.0
trick,4.0,5.0,1.25
tractable,5.0,5.0,1.0
17p,3.0,5.0,1.6666666666666667
yap,3.0,5.0,1.6666666666666667
berlin,3.0,5.0,1.6666666666666667
bos,3.0,5.0,1.6666666666666667
wilk,3.0,5.0,1.6666666666666667
virgone,3.0,5.0,1.6666666666666667
leukocyte,4.0,5.0,1.25
differ,3.0,5.0,1.6666666666666667
12p,3.0,5.0,1.6666666666666667
fgfr4,3.0,5.0,1.6666666666666667
police,3.0,5.0,1.6666666666666667
pride,5.0,5.0,1.0
fitzgerald,3.0,5.0,1.6666666666666667
addicted,3.0,5.0,1.6666666666666667
peach,4.0,5.0,1.25
stadler,4.0,5.0,1.25
ton,5.0,5.0,1.0
checkup,5.0,5.0,1.0
schaefer,5.0,5.0,1.0
nonhematologic,5.0,5.0,1.0
chaotic,5.0,5.0,1.0
fruitful,5.0,5.0,1.0
twist,5.0,5.0,1.0
non-,3.0,5.0,1.6666666666666667
humanity,5.0,5.0,1.0
prestigious,4.0,5.0,1.25
serological,4.0,5.0,1.25
zelboraf,5.0,5.0,1.0
valent,4.0,5.0,1.25
cotellic,5.0,5.0,1.0
innovate,4.0,5.0,1.25
improve,5.0,5.0,1.0
cyclin,4.0,5.0,1.25
nbib,3.0,5.0,1.6666666666666667
pioneer,5.0,5.0,1.0
rewarding,5.0,5.0,1.0
endorse,3.0,5.0,1.6666666666666667
woo,4.0,5.0,1.25
lap,5.0,5.0,1.0
trustworthy,5.0,5.0,1.0
owen,4.0,4.0,1.0
pointed,4.0,4.0,1.0
-based,4.0,4.0,1.0
gallbladder,4.0,4.0,1.0
trump,3.0,4.0,1.3333333333333333
eat,3.0,4.0,1.3333333333333333
mcgrath,4.0,4.0,1.0
wasting,3.0,4.0,1.3333333333333333
français,3.0,4.0,1.3333333333333333
shorten,4.0,4.0,1.0
vaping,4.0,4.0,1.0
refrain,4.0,4.0,1.0
useless,4.0,4.0,1.0
daschner,4.0,4.0,1.0
constitution,3.0,4.0,1.3333333333333333
calquence,4.0,4.0,1.0
yamashita,3.0,4.0,1.3333333333333333
desipramine,3.0,4.0,1.3333333333333333
ryland,3.0,4.0,1.3333333333333333
multicancer,3.0,4.0,1.3333333333333333
seh,3.0,4.0,1.3333333333333333
coma,4.0,4.0,1.0
tachycardia,4.0,4.0,1.0
tremor,4.0,4.0,1.0
ophthalmologic,4.0,4.0,1.0
appraisal,4.0,4.0,1.0
christmas,3.0,4.0,1.3333333333333333
meritorious,4.0,4.0,1.0
ncbi,3.0,4.0,1.3333333333333333
prescriber,3.0,4.0,1.3333333333333333
mcl,3.0,4.0,1.3333333333333333
pneumothorax,3.0,4.0,1.3333333333333333
relational,3.0,4.0,1.3333333333333333
aromatic,3.0,4.0,1.3333333333333333
wheeze,3.0,4.0,1.3333333333333333
app,4.0,4.0,1.0
brenner,3.0,4.0,1.3333333333333333
hesitancy,4.0,4.0,1.0
toilet,3.0,4.0,1.3333333333333333
quietness,3.0,4.0,1.3333333333333333
rocky,4.0,4.0,1.0
alunbrig,4.0,4.0,1.0
abraxane,3.0,4.0,1.3333333333333333
lazertinib,3.0,4.0,1.3333333333333333
analyzed,4.0,4.0,1.0
taxol,4.0,4.0,1.0
rejection,4.0,4.0,1.0
knowledgeable,4.0,4.0,1.0
hate,4.0,4.0,1.0
uncontrollable,3.0,4.0,1.3333333333333333
insignificant,4.0,4.0,1.0
punishment,4.0,4.0,1.0
compensate,4.0,4.0,1.0
pause,4.0,4.0,1.0
refer,4.0,4.0,1.0
aftermath,4.0,4.0,1.0
bouvi,4.0,4.0,1.0
misunderstanding,4.0,4.0,1.0
welfare,4.0,4.0,1.0
polyomavirus,4.0,4.0,1.0
chiu,3.0,4.0,1.3333333333333333
airing,3.0,4.0,1.3333333333333333
wearable,4.0,4.0,1.0
forgo,4.0,4.0,1.0
unobligated,3.0,4.0,1.3333333333333333
pernicious,3.0,4.0,1.3333333333333333
fitbit,4.0,4.0,1.0
manag,4.0,4.0,1.0
cerubidine,4.0,4.0,1.0
administering,4.0,4.0,1.0
-free,4.0,4.0,1.0
tragedy,4.0,4.0,1.0
footstep,4.0,4.0,1.0
comp,4.0,4.0,1.0
lexi,4.0,4.0,1.0
pih,4.0,4.0,1.0
interior,4.0,4.0,1.0
inaccuracy,3.0,4.0,1.3333333333333333
psychopharmacol,3.0,4.0,1.3333333333333333
applesauce,3.0,4.0,1.3333333333333333
poultry,3.0,4.0,1.3333333333333333
enteropancreatic,3.0,4.0,1.3333333333333333
per,4.0,4.0,1.0
osborne,3.0,4.0,1.3333333333333333
madison,3.0,4.0,1.3333333333333333
holland,3.0,4.0,1.3333333333333333
infer,3.0,4.0,1.3333333333333333
chicago,4.0,4.0,1.0
erosion,3.0,4.0,1.3333333333333333
microvascular,4.0,4.0,1.0
saunder,4.0,4.0,1.0
franceschi,3.0,4.0,1.3333333333333333
johnson,4.0,4.0,1.0
anand,4.0,4.0,1.0
osteoblast,3.0,4.0,1.3333333333333333
sacrum,3.0,4.0,1.3333333333333333
cartilaginous,4.0,4.0,1.0
phenomenal,4.0,4.0,1.0
controlling,3.0,4.0,1.3333333333333333
scarce,4.0,4.0,1.0
meier,4.0,4.0,1.0
bell,3.0,4.0,1.3333333333333333
mcgowan,3.0,4.0,1.3333333333333333
architectural,4.0,4.0,1.0
dihydrotestosterone,3.0,4.0,1.3333333333333333
onco,4.0,4.0,1.0
interpreting,4.0,4.0,1.0
henry,3.0,4.0,1.3333333333333333
gregory,4.0,4.0,1.0
surge,4.0,4.0,1.0
columbia,4.0,4.0,1.0
massachusetts,4.0,4.0,1.0
authoritative,3.0,4.0,1.3333333333333333
individual,3.0,4.0,1.3333333333333333
disord,4.0,4.0,1.0
ligation,4.0,4.0,1.0
wednesday,4.0,4.0,1.0
compatible,4.0,4.0,1.0
programmable,3.0,4.0,1.3333333333333333
gary,4.0,4.0,1.0
brian,3.0,4.0,1.3333333333333333
loan,4.0,4.0,1.0
oligo,3.0,4.0,1.3333333333333333
convey,4.0,4.0,1.0
pcv,3.0,4.0,1.3333333333333333
raman,4.0,4.0,1.0
cartridge,4.0,4.0,1.0
inaccessible,4.0,4.0,1.0
giuliano,4.0,4.0,1.0
weill,4.0,4.0,1.0
epic,3.0,4.0,1.3333333333333333
forward,4.0,4.0,1.0
adhere,4.0,4.0,1.0
existing,4.0,4.0,1.0
watanabe,4.0,4.0,1.0
dressing,4.0,4.0,1.0
adapted,4.0,4.0,1.0
resiliency,3.0,4.0,1.3333333333333333
crowdsourcing,4.0,4.0,1.0
pub,4.0,4.0,1.0
aunt,4.0,4.0,1.0
frustrating,4.0,4.0,1.0
spoiler,4.0,4.0,1.0
lercher,3.0,4.0,1.3333333333333333
lonely,3.0,4.0,1.3333333333333333
fritz,3.0,4.0,1.3333333333333333
wcd,3.0,4.0,1.3333333333333333
umar,4.0,4.0,1.0
destructive,4.0,4.0,1.0
roll,4.0,4.0,1.0
jacobowski,4.0,4.0,1.0
natalie,4.0,4.0,1.0
imagine,4.0,4.0,1.0
coffey,3.0,4.0,1.3333333333333333
nontumor,4.0,4.0,1.0
yamazaki,3.0,4.0,1.3333333333333333
transl,4.0,4.0,1.0
mdiv,4.0,4.0,1.0
wachholtz,4.0,4.0,1.0
jayesh,4.0,4.0,1.0
homozygosity,4.0,4.0,1.0
myelosuppression,4.0,4.0,1.0
advantageous,3.0,4.0,1.3333333333333333
brachyury,3.0,4.0,1.3333333333333333
polymorphic,4.0,4.0,1.0
mogamulizumab,4.0,4.0,1.0
helpless,3.0,4.0,1.3333333333333333
political,4.0,4.0,1.0
nucleolus,3.0,4.0,1.3333333333333333
baked,3.0,4.0,1.3333333333333333
bomb,4.0,4.0,1.0
irvine,4.0,4.0,1.0
hesitant,4.0,4.0,1.0
fraught,4.0,4.0,1.0
≥20,3.0,4.0,1.3333333333333333
killing,4.0,4.0,1.0
contrary,4.0,4.0,1.0
rowland,3.0,4.0,1.3333333333333333
yoshihara,4.0,4.0,1.0
galimberti,3.0,4.0,1.3333333333333333
stair,4.0,4.0,1.0
nelson,4.0,4.0,1.0
pei,3.0,4.0,1.3333333333333333
closed,3.0,4.0,1.3333333333333333
mendoza,4.0,4.0,1.0
erythematosus,4.0,4.0,1.0
morak,3.0,4.0,1.3333333333333333
thoracoscope,3.0,4.0,1.3333333333333333
vrooman,3.0,4.0,1.3333333333333333
fiocco,3.0,4.0,1.3333333333333333
differentiate,4.0,4.0,1.0
hoarse,4.0,4.0,1.0
widen,4.0,4.0,1.0
amos,3.0,4.0,1.3333333333333333
pie,4.0,4.0,1.0
laparoscopy,4.0,4.0,1.0
hide,4.0,4.0,1.0
upsetting,3.0,4.0,1.3333333333333333
verify,4.0,4.0,1.0
tethered,3.0,4.0,1.3333333333333333
epinephrine,4.0,4.0,1.0
unpredictable,4.0,4.0,1.0
mendelian,3.0,4.0,1.3333333333333333
endometrioid,3.0,4.0,1.3333333333333333
homogenous,4.0,4.0,1.0
howlader,3.0,4.0,1.3333333333333333
radar,4.0,4.0,1.0
accommodate,3.0,4.0,1.3333333333333333
ibuprofen,3.0,4.0,1.3333333333333333
antineoplastic,3.0,4.0,1.3333333333333333
luijt,3.0,4.0,1.3333333333333333
recognizable,3.0,4.0,1.3333333333333333
chemokine,4.0,4.0,1.0
helper,4.0,4.0,1.0
huntingt,3.0,4.0,1.3333333333333333
unspecified,4.0,4.0,1.0
orphanet,3.0,4.0,1.3333333333333333
ursodeoxycholic,3.0,4.0,1.3333333333333333
mackey,3.0,4.0,1.3333333333333333
cleary,3.0,4.0,1.3333333333333333
bailey,4.0,4.0,1.0
emilia,3.0,4.0,1.3333333333333333
ended,4.0,4.0,1.0
goldberg,4.0,4.0,1.0
rosa,4.0,4.0,1.0
zhou,3.0,4.0,1.3333333333333333
fink,4.0,4.0,1.0
marsh,3.0,4.0,1.3333333333333333
categorization,4.0,4.0,1.0
parenthood,3.0,4.0,1.3333333333333333
reliance,4.0,4.0,1.0
conceive,3.0,4.0,1.3333333333333333
malone,4.0,4.0,1.0
sustainment,3.0,4.0,1.3333333333333333
ozer,4.0,4.0,1.0
société,3.0,4.0,1.3333333333333333
thinning,3.0,4.0,1.3333333333333333
finished,3.0,4.0,1.3333333333333333
distracted,4.0,4.0,1.0
multistep,4.0,4.0,1.0
lengthy,4.0,4.0,1.0
fascinated,4.0,4.0,1.0
emeritus,3.0,4.0,1.3333333333333333
induced,4.0,4.0,1.0
caput,4.0,4.0,1.0
insult,4.0,4.0,1.0
repercussion,4.0,4.0,1.0
worrisome,4.0,4.0,1.0
lyon,4.0,4.0,1.0
convene,4.0,4.0,1.0
acidity,3.0,4.0,1.3333333333333333
mainstay,3.0,4.0,1.3333333333333333
soup,4.0,4.0,1.0
tingling,4.0,4.0,1.0
unsuspected,4.0,4.0,1.0
mid-1990,4.0,4.0,1.0
populated,4.0,4.0,1.0
steatorrhea,3.0,4.0,1.3333333333333333
conscious,4.0,4.0,1.0
gelatin,3.0,4.0,1.3333333333333333
hypoglycemia,3.0,4.0,1.3333333333333333
preclude,3.0,4.0,1.3333333333333333
perceptual,3.0,4.0,1.3333333333333333
embolus,3.0,4.0,1.3333333333333333
heated,3.0,4.0,1.3333333333333333
lek,4.0,4.0,1.0
jen,4.0,4.0,1.0
polysaccharide,3.0,4.0,1.3333333333333333
assistive,3.0,4.0,1.3333333333333333
mpi,4.0,4.0,1.0
demonstrable,3.0,4.0,1.3333333333333333
tenderness,3.0,4.0,1.3333333333333333
inquire,4.0,4.0,1.0
hernia,3.0,4.0,1.3333333333333333
difficile,3.0,4.0,1.3333333333333333
broth,4.0,4.0,1.0
yogurt,3.0,4.0,1.3333333333333333
lausanne,4.0,4.0,1.0
premier,4.0,4.0,1.0
nanomedicine,3.0,4.0,1.3333333333333333
mechanic,3.0,4.0,1.3333333333333333
shaped,4.0,4.0,1.0
uno,3.0,4.0,1.3333333333333333
maher,3.0,4.0,1.3333333333333333
realism,3.0,4.0,1.3333333333333333
weitzel,3.0,4.0,1.3333333333333333
ultrasonographic,3.0,4.0,1.3333333333333333
inverse,3.0,4.0,1.3333333333333333
fibrillation,3.0,4.0,1.3333333333333333
rutgers,4.0,4.0,1.0
unsafe,4.0,4.0,1.0
compendium,3.0,4.0,1.3333333333333333
acknowledgment,3.0,4.0,1.3333333333333333
comprehension,3.0,4.0,1.3333333333333333
castel,4.0,4.0,1.0
mcgill,3.0,4.0,1.3333333333333333
urologist,4.0,4.0,1.0
dev,3.0,4.0,1.3333333333333333
yin,4.0,4.0,1.0
cripe,3.0,4.0,1.3333333333333333
static,4.0,4.0,1.0
jacobson,4.0,4.0,1.0
morita,4.0,4.0,1.0
palsy,4.0,4.0,1.0
unmarried,3.0,4.0,1.3333333333333333
ali,3.0,4.0,1.3333333333333333
conduit,4.0,4.0,1.0
statin,3.0,4.0,1.3333333333333333
prescribe,4.0,4.0,1.0
phlebotomy,3.0,4.0,1.3333333333333333
hypofunction,3.0,4.0,1.3333333333333333
gonzález,3.0,4.0,1.3333333333333333
dalal,4.0,4.0,1.0
spinelli,4.0,4.0,1.0
donation,4.0,4.0,1.0
malaria,3.0,4.0,1.3333333333333333
interrupted,4.0,4.0,1.0
mcmaster,3.0,4.0,1.3333333333333333
calmette,4.0,4.0,1.0
bcg,4.0,4.0,1.0
childbearing,4.0,4.0,1.0
empowerment,4.0,4.0,1.0
legitimate,4.0,4.0,1.0
gynaecol,3.0,4.0,1.3333333333333333
denmark,3.0,4.0,1.3333333333333333
audiology,3.0,4.0,1.3333333333333333
wenger,3.0,4.0,1.3333333333333333
ctnet,3.0,4.0,1.3333333333333333
astro,3.0,4.0,1.3333333333333333
unfavourable,3.0,4.0,1.3333333333333333
hawaiian,4.0,4.0,1.0
lgbtq,3.0,4.0,1.3333333333333333
pleomorphism,3.0,4.0,1.3333333333333333
didactic,4.0,4.0,1.0
cameron,4.0,4.0,1.0
worthy,4.0,4.0,1.0
try,4.0,4.0,1.0
overdrive,3.0,4.0,1.3333333333333333
delicate,4.0,4.0,1.0
casino,3.0,4.0,1.3333333333333333
vehicle,4.0,4.0,1.0
socioecological,4.0,4.0,1.0
ritter,4.0,4.0,1.0
wheel,3.0,4.0,1.3333333333333333
saying,4.0,4.0,1.0
u.s.c,3.0,4.0,1.3333333333333333
brushing,4.0,4.0,1.0
stand,4.0,4.0,1.0
,4.0,4.0,1.0
anchor,4.0,4.0,1.0
peau,3.0,4.0,1.3333333333333333
esophagitis,3.0,4.0,1.3333333333333333
florence,3.0,4.0,1.3333333333333333
immunomodulatory,4.0,4.0,1.0
ribas,4.0,4.0,1.0
antoni,4.0,4.0,1.0
dent,3.0,4.0,1.3333333333333333
alexandra,4.0,4.0,1.0
cape,4.0,4.0,1.0
belzutifan,3.0,4.0,1.3333333333333333
educate,4.0,4.0,1.0
stereotaxic,3.0,4.0,1.3333333333333333
soul,3.0,4.0,1.3333333333333333
michelle,3.0,4.0,1.3333333333333333
mclaughlin,4.0,4.0,1.0
yuan,3.0,4.0,1.3333333333333333
ncinobreferral,4.0,4.0,1.0
christina,3.0,4.0,1.3333333333333333
flip,4.0,4.0,1.0
cruk,3.0,4.0,1.3333333333333333
analyst,4.0,4.0,1.0
nhgri,3.0,4.0,1.3333333333333333
statutory,3.0,4.0,1.3333333333333333
acquire,4.0,4.0,1.0
peaceful,3.0,4.0,1.3333333333333333
constructive,4.0,4.0,1.0
system,3.0,4.0,1.3333333333333333
decipher,3.0,4.0,1.3333333333333333
k76,4.0,4.0,1.0
k23,4.0,4.0,1.0
k07,4.0,4.0,1.0
f.r.c.o.g,4.0,4.0,1.0
interchangeability,3.0,4.0,1.3333333333333333
unavoidable,4.0,4.0,1.0
standalone,3.0,4.0,1.3333333333333333
choriocarcinoma,3.0,4.0,1.3333333333333333
papillomaviruse,3.0,4.0,1.3333333333333333
nauseous,3.0,4.0,1.3333333333333333
messaging,4.0,4.0,1.0
ionizing,3.0,4.0,1.3333333333333333
cerebrum,3.0,4.0,1.3333333333333333
operator,4.0,4.0,1.0
tutorial,3.0,4.0,1.3333333333333333
hematoma,3.0,4.0,1.3333333333333333
denture,3.0,4.0,1.3333333333333333
hypocalcemia,3.0,4.0,1.3333333333333333
r03,3.0,4.0,1.3333333333333333
nutritionist,4.0,4.0,1.0
overactivity,4.0,4.0,1.0
jane,4.0,4.0,1.0
childcare,4.0,4.0,1.0
ishikawa,4.0,4.0,1.0
usable,3.0,4.0,1.3333333333333333
garbage,3.0,4.0,1.3333333333333333
elaborate,4.0,4.0,1.0
seasoned,4.0,4.0,1.0
starter,4.0,4.0,1.0
disabled,4.0,4.0,1.0
streamlined,4.0,4.0,1.0
-omic,4.0,4.0,1.0
wade,4.0,4.0,1.0
velocity,3.0,4.0,1.3333333333333333
installment,4.0,4.0,1.0
zenklusen,4.0,4.0,1.0
maki,4.0,4.0,1.0
ctac,4.0,4.0,1.0
vasopressin,3.0,4.0,1.3333333333333333
differentiated,4.0,4.0,1.0
giannini,4.0,4.0,1.0
cardis,4.0,4.0,1.0
molinaro,4.0,4.0,1.0
hypermutation,3.0,4.0,1.3333333333333333
parafollicular,3.0,4.0,1.3333333333333333
unifocal,4.0,4.0,1.0
ablate,3.0,4.0,1.3333333333333333
lymphopenia,3.0,4.0,1.3333333333333333
6–10,4.0,4.0,1.0
duclos,3.0,4.0,1.3333333333333333
lhermitte,3.0,4.0,1.3333333333333333
anticipated,4.0,4.0,1.0
mucin,3.0,4.0,1.3333333333333333
eml4,4.0,4.0,1.0
farrar,4.0,4.0,1.0
plentiful,4.0,4.0,1.0
fighting,4.0,4.0,1.0
juncture,4.0,4.0,1.0
historic,4.0,4.0,1.0
spokesperson,4.0,4.0,1.0
cell-,3.0,4.0,1.3333333333333333
xml,3.0,4.0,1.3333333333333333
sipple,4.0,4.0,1.0
relie,4.0,4.0,1.0
krijger,3.0,4.0,1.3333333333333333
nephrolithiasis,3.0,4.0,1.3333333333333333
suited,4.0,4.0,1.0
giusti,4.0,4.0,1.0
waguespack,3.0,4.0,1.3333333333333333
r.a,3.0,4.0,1.3333333333333333
neoplasia,4.0,4.0,1.0
guillem,3.0,4.0,1.3333333333333333
vicinity,4.0,4.0,1.0
retevmo,3.0,4.0,1.3333333333333333
15–20,3.0,4.0,1.3333333333333333
lyman,4.0,4.0,1.0
fade,4.0,4.0,1.0
asymmetry,4.0,4.0,1.0
toenail,4.0,4.0,1.0
myxopapillary,4.0,4.0,1.0
estimable,3.0,4.0,1.3333333333333333
trove,4.0,4.0,1.0
marie,4.0,4.0,1.0
sky,4.0,4.0,1.0
kickoff,3.0,4.0,1.3333333333333333
pierre,4.0,4.0,1.0
consider,4.0,4.0,1.0
lapse,4.0,4.0,1.0
vermeulen,3.0,4.0,1.3333333333333333
conclusive,4.0,4.0,1.0
priori,4.0,4.0,1.0
bandopadhayay,4.0,4.0,1.0
cardiorespiratory,4.0,4.0,1.0
hopkin,4.0,4.0,1.0
alertness,3.0,4.0,1.3333333333333333
sereika,3.0,4.0,1.3333333333333333
bender,3.0,4.0,1.3333333333333333
mcdougall,3.0,4.0,1.3333333333333333
bland,4.0,4.0,1.0
rehabil,3.0,4.0,1.3333333333333333
molinari,4.0,4.0,1.0
dressler,3.0,4.0,1.3333333333333333
graphical,4.0,4.0,1.0
leblanc,4.0,4.0,1.0
automate,3.0,4.0,1.3333333333333333
forthcoming,4.0,4.0,1.0
fruition,4.0,4.0,1.0
immunotoxin,4.0,4.0,1.0
product,4.0,4.0,1.0
brick,4.0,4.0,1.0
fac,3.0,4.0,1.3333333333333333
cyramza,4.0,4.0,1.0
alaskan,3.0,4.0,1.3333333333333333
delineate,4.0,4.0,1.0
antiangiogenic,4.0,4.0,1.0
biographical,4.0,4.0,1.0
uscis,4.0,4.0,1.0
viewing,4.0,4.0,1.0
sketch,4.0,4.0,1.0
deck,4.0,4.0,1.0
authentication,4.0,4.0,1.0
fuh,4.0,4.0,1.0
spin,4.0,4.0,1.0
e189,3.0,4.0,1.3333333333333333
s41467,4.0,4.0,1.0
appreciated,4.0,4.0,1.0
retrospect,4.0,4.0,1.0
ministry,4.0,4.0,1.0
varughese,3.0,4.0,1.3333333333333333
individualisation,3.0,4.0,1.3333333333333333
catc,3.0,4.0,1.3333333333333333
lunenburg,3.0,4.0,1.3333333333333333
dihydropyrimidine,3.0,4.0,1.3333333333333333
cpic,3.0,4.0,1.3333333333333333
gerber,3.0,4.0,1.3333333333333333
tme,3.0,4.0,1.3333333333333333
histogenetic,4.0,4.0,1.0
intermediary,4.0,4.0,1.0
shakeel,3.0,4.0,1.3333333333333333
boven,3.0,4.0,1.3333333333333333
hit,4.0,4.0,1.0
amstutz,3.0,4.0,1.3333333333333333
indolence,3.0,4.0,1.3333333333333333
pharm.d,4.0,4.0,1.0
dpd,3.0,4.0,1.3333333333333333
layt,4.0,4.0,1.0
lin,4.0,4.0,1.0
1–877–44u,4.0,4.0,1.0
commerce,3.0,4.0,1.3333333333333333
fluorodeoxyglucose,3.0,4.0,1.3333333333333333
automated,3.0,4.0,1.3333333333333333
apy,3.0,4.0,1.3333333333333333
jong,3.0,4.0,1.3333333333333333
biosensor,3.0,4.0,1.3333333333333333
sicker,4.0,4.0,1.0
spectroscopy,4.0,4.0,1.0
coefficient,4.0,4.0,1.0
analyte,3.0,4.0,1.3333333333333333
rebecca,4.0,4.0,1.0
spiegel,3.0,4.0,1.3333333333333333
ca-21,3.0,4.0,1.3333333333333333
recapitulate,4.0,4.0,1.0
worm,4.0,4.0,1.0
truncal,4.0,4.0,1.0
maintain,4.0,4.0,1.0
poikiloderma,3.0,4.0,1.3333333333333333
regeneration,3.0,4.0,1.3333333333333333
argue,4.0,4.0,1.0
ecm,3.0,4.0,1.3333333333333333
helen,4.0,4.0,1.0
ubiquitination,3.0,4.0,1.3333333333333333
posttranslational,3.0,4.0,1.3333333333333333
panhypopituitarism,4.0,4.0,1.0
scleroderma,4.0,4.0,1.0
histiocyte,3.0,4.0,1.3333333333333333
mosby,3.0,4.0,1.3333333333333333
lactic,4.0,4.0,1.0
bruton,3.0,4.0,1.3333333333333333
tocopherol,3.0,4.0,1.3333333333333333
parameningeal,3.0,4.0,1.3333333333333333
ferlay,3.0,4.0,1.3333333333333333
lipton,3.0,4.0,1.3333333333333333
d43,4.0,4.0,1.0
stud,3.0,4.0,1.3333333333333333
gallium,3.0,4.0,1.3333333333333333
tosylate,4.0,4.0,1.0
p16,4.0,4.0,1.0
cannon,4.0,4.0,1.0
m.h.s,4.0,4.0,1.0
equip,4.0,4.0,1.0
conducting,4.0,4.0,1.0
coworker,4.0,4.0,1.0
cocktail,3.0,4.0,1.3333333333333333
prb,4.0,4.0,1.0
newton,4.0,4.0,1.0
lih,4.0,4.0,1.0
armed,4.0,4.0,1.0
fiberoptic,3.0,4.0,1.3333333333333333
opt,4.0,4.0,1.0
toe,4.0,4.0,1.0
seamless,4.0,4.0,1.0
substantive,4.0,4.0,1.0
dehner,4.0,4.0,1.0
wale,4.0,4.0,1.0
fernandez,4.0,4.0,1.0
microphysiological,4.0,4.0,1.0
honorable,3.0,4.0,1.3333333333333333
vet,4.0,4.0,1.0
clicking,4.0,4.0,1.0
lindau,4.0,4.0,1.0
janssen,4.0,4.0,1.0
kap,3.0,4.0,1.3333333333333333
snake,3.0,4.0,1.3333333333333333
soh,4.0,4.0,1.0
reappraisal,4.0,4.0,1.0
somer,4.0,4.0,1.0
deacetylase,4.0,4.0,1.0
remain,4.0,4.0,1.0
vitro,4.0,4.0,1.0
blindness,3.0,4.0,1.3333333333333333
futuristic,4.0,4.0,1.0
regulating,4.0,4.0,1.0
monumental,4.0,4.0,1.0
intentional,4.0,4.0,1.0
grasp,4.0,4.0,1.0
electrocardiography,3.0,4.0,1.3333333333333333
predisposing,4.0,4.0,1.0
pruritus,4.0,4.0,1.0
resume,4.0,4.0,1.0
clothing,4.0,4.0,1.0
diphenhydramine,3.0,4.0,1.3333333333333333
staying,4.0,4.0,1.0
michel,3.0,4.0,1.3333333333333333
glycoprotein,4.0,4.0,1.0
hero,4.0,4.0,1.0
martinez,4.0,4.0,1.0
restless,4.0,4.0,1.0
rus,4.0,4.0,1.0
emil,4.0,4.0,1.0
barber,4.0,4.0,1.0
minnesota,4.0,4.0,1.0
butterworth,4.0,4.0,1.0
daniel,4.0,4.0,1.0
gail,3.0,4.0,1.3333333333333333
feinberg,4.0,4.0,1.0
decide,4.0,4.0,1.0
inevitable,3.0,4.0,1.3333333333333333
thrilled,4.0,4.0,1.0
anu,3.0,4.0,1.3333333333333333
rubinstein,4.0,4.0,1.0
affiliate,4.0,4.0,1.0
gammopathy,3.0,4.0,1.3333333333333333
underline,4.0,4.0,1.0
frustrated,4.0,4.0,1.0
meticulous,3.0,4.0,1.3333333333333333
armpit,4.0,4.0,1.0
intratumoral,4.0,4.0,1.0
tonsing,4.0,4.0,1.0
pertaining,4.0,4.0,1.0
bexarotene,3.0,4.0,1.3333333333333333
-forming,4.0,4.0,1.0
chamberlain,3.0,4.0,1.3333333333333333
grapefruit,3.0,4.0,1.3333333333333333
lime,3.0,4.0,1.3333333333333333
asad,4.0,4.0,1.0
hypospadia,4.0,4.0,1.0
functionalizing,3.0,4.0,1.3333333333333333
joke,3.0,4.0,1.3333333333333333
bowl,3.0,4.0,1.3333333333333333
kick,4.0,4.0,1.0
beer,3.0,4.0,1.3333333333333333
imprint,4.0,4.0,1.0
worthwhile,3.0,4.0,1.3333333333333333
miss,4.0,4.0,1.0
drama,4.0,4.0,1.0
midst,4.0,4.0,1.0
workout,4.0,4.0,1.0
trabectedin,3.0,4.0,1.3333333333333333
cry,4.0,4.0,1.0
grieve,3.0,4.0,1.3333333333333333
vacation,4.0,4.0,1.0
visionary,3.0,4.0,1.3333333333333333
achieving,4.0,4.0,1.0
rodrigo,4.0,4.0,1.0
bolt,4.0,4.0,1.0
oncogenesis,4.0,4.0,1.0
pi3,4.0,4.0,1.0
tide,4.0,4.0,1.0
upbeat,3.0,4.0,1.3333333333333333
irta,3.0,4.0,1.3333333333333333
atpase,3.0,4.0,1.3333333333333333
princeton,3.0,4.0,1.3333333333333333
unclassified,4.0,4.0,1.0
giving,3.0,4.0,1.3333333333333333
affiliation,4.0,4.0,1.0
luxury,4.0,4.0,1.0
homeodomain,4.0,4.0,1.0
hobby,4.0,4.0,1.0
saving,4.0,4.0,1.0
murray,4.0,4.0,1.0
yansong.bian,4.0,4.0,1.0
giovannucci,3.0,4.0,1.3333333333333333
norkool,3.0,4.0,1.3333333333333333
intrahepatic,4.0,4.0,1.0
pritchard,4.0,4.0,1.0
cclg,4.0,4.0,1.0
breyanzi,3.0,4.0,1.3333333333333333
darzalex,4.0,4.0,1.0
sa-3.0,4.0,4.0,1.0
minasian,3.0,4.0,1.3333333333333333
technology,4.0,4.0,1.0
r37,3.0,4.0,1.3333333333333333
group,4.0,4.0,1.0
pdxnet,3.0,4.0,1.3333333333333333
iowa,4.0,4.0,1.0
discontinued,4.0,4.0,1.0
cabometyx,4.0,4.0,1.0
writer,4.0,4.0,1.0
oyster,4.0,4.0,1.0
crowd,4.0,4.0,1.0
commemorate,4.0,4.0,1.0
clothe,4.0,4.0,1.0
boxed,4.0,4.0,1.0
reticulum,4.0,4.0,1.0
endoplasmic,4.0,4.0,1.0
connectstudy,4.0,4.0,1.0
ship,3.0,4.0,1.3333333333333333
spiral,4.0,4.0,1.0
idecabtagene,3.0,4.0,1.3333333333333333
convert,4.0,4.0,1.0
serono,4.0,4.0,1.0
emd,4.0,4.0,1.0
vicleucel,3.0,4.0,1.3333333333333333
dbgap,3.0,4.0,1.3333333333333333
nf2,3.0,4.0,1.3333333333333333
spectacular,4.0,4.0,1.0
univ,4.0,4.0,1.0
banana,4.0,4.0,1.0
circulating,4.0,4.0,1.0
ree,4.0,4.0,1.0
contradictory,4.0,4.0,1.0
binding,4.0,4.0,1.0
roadblock,3.0,4.0,1.3333333333333333
introductory,3.0,4.0,1.3333333333333333
karyotyping,4.0,4.0,1.0
endless,3.0,3.0,1.0
haduong,3.0,3.0,1.0
graduating,3.0,3.0,1.0
llorente,3.0,3.0,1.0
shocked,3.0,3.0,1.0
enjoy,3.0,3.0,1.0
blurred,3.0,3.0,1.0
spite,3.0,3.0,1.0
engaged,3.0,3.0,1.0
burmeister,3.0,3.0,1.0
bavencio,3.0,3.0,1.0
innate,3.0,3.0,1.0
marked,3.0,3.0,1.0
congestion,3.0,3.0,1.0
trivial,3.0,3.0,1.0
manif,3.0,3.0,1.0
orderly,3.0,3.0,1.0
charite,3.0,3.0,1.0
radius,3.0,3.0,1.0
multipronged,3.0,3.0,1.0
labile,3.0,3.0,1.0
wrap,3.0,3.0,1.0
arai,3.0,3.0,1.0
coating,3.0,3.0,1.0
abscopal,3.0,3.0,1.0
partnering,3.0,3.0,1.0
dropdown,3.0,3.0,1.0
painting,3.0,3.0,1.0
breeze,3.0,3.0,1.0
millennium,3.0,3.0,1.0
accommodation,3.0,3.0,1.0
seki,3.0,3.0,1.0
cheville,3.0,3.0,1.0
archer,3.0,3.0,1.0
promid,3.0,3.0,1.0
bidirectional,3.0,3.0,1.0
deh,3.0,3.0,1.0
bioavailability,3.0,3.0,1.0
20–40,3.0,3.0,1.0
stepping,3.0,3.0,1.0
harb,3.0,3.0,1.0
drawback,3.0,3.0,1.0
precipitate,3.0,3.0,1.0
draw,3.0,3.0,1.0
dropout,3.0,3.0,1.0
homework,3.0,3.0,1.0
bioreactor,3.0,3.0,1.0
haque,3.0,3.0,1.0
tecartus,3.0,3.0,1.0
noncommercial,3.0,3.0,1.0
synthase,3.0,3.0,1.0
thymidylate,3.0,3.0,1.0
richness,3.0,3.0,1.0
xvi,3.0,3.0,1.0
proprietary,3.0,3.0,1.0
uncle,3.0,3.0,1.0
brittinger,3.0,3.0,1.0
lotsa,3.0,3.0,1.0
disconnected,3.0,3.0,1.0
irwin,3.0,3.0,1.0
iqbal,3.0,3.0,1.0
dearth,3.0,3.0,1.0
lift,3.0,3.0,1.0
lose,3.0,3.0,1.0
plwh,3.0,3.0,1.0
subhashini,3.0,3.0,1.0
remodel,3.0,3.0,1.0
jagu,3.0,3.0,1.0
middle-,3.0,3.0,1.0
musselman,3.0,3.0,1.0
plat,3.0,3.0,1.0
eaton,3.0,3.0,1.0
tanaka,3.0,3.0,1.0
pharm,3.0,3.0,1.0
hyun,3.0,3.0,1.0
andreu,3.0,3.0,1.0
dessert,3.0,3.0,1.0
baruch,3.0,3.0,1.0
zarnegar,3.0,3.0,1.0
reprogram,3.0,3.0,1.0
melbourne,3.0,3.0,1.0
zoom,3.0,3.0,1.0
accomplished,3.0,3.0,1.0
instill,3.0,3.0,1.0
forge,3.0,3.0,1.0
luck,3.0,3.0,1.0
tire,3.0,3.0,1.0
serendipitous,3.0,3.0,1.0
clausen,3.0,3.0,1.0
tripartite,3.0,3.0,1.0
solary,3.0,3.0,1.0
astronaut,3.0,3.0,1.0
lodge,3.0,3.0,1.0
center,3.0,3.0,1.0
nachman,3.0,3.0,1.0
osteogenic,3.0,3.0,1.0
concrete,3.0,3.0,1.0
hamper,3.0,3.0,1.0
jahn,3.0,3.0,1.0
ecdna,3.0,3.0,1.0
zoladex,3.0,3.0,1.0
degrading,3.0,3.0,1.0
e828,3.0,3.0,1.0
takagi,3.0,3.0,1.0
cis,3.0,3.0,1.0
sphere,3.0,3.0,1.0
diagram,3.0,3.0,1.0
buddy,3.0,3.0,1.0
enteral,3.0,3.0,1.0
mountain,3.0,3.0,1.0
asking,3.0,3.0,1.0
realization,3.0,3.0,1.0
lupron,3.0,3.0,1.0
doyle,3.0,3.0,1.0
clingy,3.0,3.0,1.0
skeptical,3.0,3.0,1.0
irving,3.0,3.0,1.0
hostility,3.0,3.0,1.0
dufour,3.0,3.0,1.0
inconvenience,3.0,3.0,1.0
olsen,3.0,3.0,1.0
yamamoto,3.0,3.0,1.0
utmost,3.0,3.0,1.0
rps19,3.0,3.0,1.0
cope,3.0,3.0,1.0
nurs,3.0,3.0,1.0
daryl,3.0,3.0,1.0
resource,3.0,3.0,1.0
bain,3.0,3.0,1.0
supplementary,3.0,3.0,1.0
ono,3.0,3.0,1.0
enjoyment,3.0,3.0,1.0
siu,3.0,3.0,1.0
5–20,3.0,3.0,1.0
carvykti,3.0,3.0,1.0
shiny,3.0,3.0,1.0
poison,3.0,3.0,1.0
collecting,3.0,3.0,1.0
cyclase,3.0,3.0,1.0
deplete,3.0,3.0,1.0
pesticide,3.0,3.0,1.0
schonfeld,3.0,3.0,1.0
divert,3.0,3.0,1.0
outgoing,3.0,3.0,1.0
pant,3.0,3.0,1.0
brim,3.0,3.0,1.0
nwts,3.0,3.0,1.0
mody,3.0,3.0,1.0
cytometric,3.0,3.0,1.0
innervation,3.0,3.0,1.0
manipulate,3.0,3.0,1.0
producer,3.0,3.0,1.0
hopeless,3.0,3.0,1.0
compile,3.0,3.0,1.0
split,3.0,3.0,1.0
robine,3.0,3.0,1.0
explain,3.0,3.0,1.0
geenen,3.0,3.0,1.0
ridder,3.0,3.0,1.0
sasaki,3.0,3.0,1.0
mangum,3.0,3.0,1.0
saha,3.0,3.0,1.0
warmth,3.0,3.0,1.0
gynaecological,3.0,3.0,1.0
withholding,3.0,3.0,1.0
distinguishable,3.0,3.0,1.0
turkey,3.0,3.0,1.0
pathogenetic,3.0,3.0,1.0
shunt,3.0,3.0,1.0
furth,3.0,3.0,1.0
cira,3.0,3.0,1.0
chunk,3.0,3.0,1.0
dot,3.0,3.0,1.0
lance,3.0,3.0,1.0
bloch,3.0,3.0,1.0
ischemia,3.0,3.0,1.0
rub,3.0,3.0,1.0
mckenney,3.0,3.0,1.0
besponsa,3.0,3.0,1.0
perpetuate,3.0,3.0,1.0
fainting,3.0,3.0,1.0
kulke,3.0,3.0,1.0
individualize,3.0,3.0,1.0
biosynthesis,3.0,3.0,1.0
geiger,3.0,3.0,1.0
ascierto,3.0,3.0,1.0
haematological,3.0,3.0,1.0
gastrointest,3.0,3.0,1.0
pappa,3.0,3.0,1.0
stroyakovskiy,3.0,3.0,1.0
hamilton,3.0,3.0,1.0
glomerulosclerosis,3.0,3.0,1.0
donadieu,3.0,3.0,1.0
subanalysis,3.0,3.0,1.0
bipolar,3.0,3.0,1.0
medicare,3.0,3.0,1.0
gastro,3.0,3.0,1.0
peiper,3.0,3.0,1.0
tsunami,3.0,3.0,1.0
hasle,3.0,3.0,1.0
crust,3.0,3.0,1.0
jehanne,3.0,3.0,1.0
hardcore,3.0,3.0,1.0
piqray,3.0,3.0,1.0
combine,3.0,3.0,1.0
divergence,3.0,3.0,1.0
palindromic,3.0,3.0,1.0
necessitate,3.0,3.0,1.0
bertucci,3.0,3.0,1.0
cd2,3.0,3.0,1.0
serologic,3.0,3.0,1.0
freckle,3.0,3.0,1.0
jeen,3.0,3.0,1.0
vibrant,3.0,3.0,1.0
nyström,3.0,3.0,1.0
mhealth,3.0,3.0,1.0
extraskeletal,3.0,3.0,1.0
impoverished,3.0,3.0,1.0
rinaldi,3.0,3.0,1.0
bystander,3.0,3.0,1.0
forster,3.0,3.0,1.0
distorted,3.0,3.0,1.0
a3973,3.0,3.0,1.0
purged,3.0,3.0,1.0
pérez,3.0,3.0,1.0
subspecialtie,3.0,3.0,1.0
futile,3.0,3.0,1.0
bmj,3.0,3.0,1.0
surdez,3.0,3.0,1.0
furtado,3.0,3.0,1.0
strenuous,3.0,3.0,1.0
illicit,3.0,3.0,1.0
djv048,3.0,3.0,1.0
haploinsufficiency,3.0,3.0,1.0
olivi,3.0,3.0,1.0
46xy,3.0,3.0,1.0
roommate,3.0,3.0,1.0
ruppert,3.0,3.0,1.0
southeastern,3.0,3.0,1.0
impetus,3.0,3.0,1.0
countless,3.0,3.0,1.0
venkatachalam,3.0,3.0,1.0
mesh,3.0,3.0,1.0
butler,3.0,3.0,1.0
krapcho,3.0,3.0,1.0
disconnect,3.0,3.0,1.0
keck,3.0,3.0,1.0
müllerian,3.0,3.0,1.0
staudt,3.0,3.0,1.0
dang,3.0,3.0,1.0
neomorphic,3.0,3.0,1.0
unavailable,3.0,3.0,1.0
comatose,3.0,3.0,1.0
definite,3.0,3.0,1.0
sel,3.0,3.0,1.0
mediastinotomy,3.0,3.0,1.0
jail,3.0,3.0,1.0
larkin,3.0,3.0,1.0
sud,3.0,3.0,1.0
sop,3.0,3.0,1.0
rankl,3.0,3.0,1.0
abbas,3.0,3.0,1.0
methyldopa,3.0,3.0,1.0
hubrecht,3.0,3.0,1.0
davis,3.0,3.0,1.0
superfluous,3.0,3.0,1.0
hardy,3.0,3.0,1.0
decision,3.0,3.0,1.0
appear,3.0,3.0,1.0
scavenge,3.0,3.0,1.0
happiness,3.0,3.0,1.0
byram,3.0,3.0,1.0
chapman,3.0,3.0,1.0
republic,3.0,3.0,1.0
apparatus,3.0,3.0,1.0
mcneil,3.0,3.0,1.0
extrapulmonary,3.0,3.0,1.0
ingram,3.0,3.0,1.0
reichert,3.0,3.0,1.0
genus,3.0,3.0,1.0
monetary,3.0,3.0,1.0
diligence,3.0,3.0,1.0
reversal,3.0,3.0,1.0
carvalho,3.0,3.0,1.0
illustrative,3.0,3.0,1.0
divergent,3.0,3.0,1.0
reyes,3.0,3.0,1.0
microdissection,3.0,3.0,1.0
proficiency,3.0,3.0,1.0
kymriah,3.0,3.0,1.0
proposition,3.0,3.0,1.0
inconsistency,3.0,3.0,1.0
inventor,3.0,3.0,1.0
exist,3.0,3.0,1.0
worthless,3.0,3.0,1.0
divided,3.0,3.0,1.0
douglas,3.0,3.0,1.0
moser,3.0,3.0,1.0
aldape,3.0,3.0,1.0
inrebic,3.0,3.0,1.0
onkol,3.0,3.0,1.0
strahlenther,3.0,3.0,1.0
russell,3.0,3.0,1.0
sousa,3.0,3.0,1.0
returning,3.0,3.0,1.0
acetic,3.0,3.0,1.0
beretta,3.0,3.0,1.0
recurred,3.0,3.0,1.0
maibach,3.0,3.0,1.0
communicating,3.0,3.0,1.0
conundrum,3.0,3.0,1.0
nadler,3.0,3.0,1.0
/pi,3.0,3.0,1.0
blonquist,3.0,3.0,1.0
mek1,3.0,3.0,1.0
horwitz,3.0,3.0,1.0
flourish,3.0,3.0,1.0
redesign,3.0,3.0,1.0
episome,3.0,3.0,1.0
millwood,3.0,3.0,1.0
putnam,3.0,3.0,1.0
connotation,3.0,3.0,1.0
prudent,3.0,3.0,1.0
baccalaureate,3.0,3.0,1.0
caucasian,3.0,3.0,1.0
soler,3.0,3.0,1.0
vera,3.0,3.0,1.0
strabismus,3.0,3.0,1.0
cherny,3.0,3.0,1.0
cd22,3.0,3.0,1.0
chau,3.0,3.0,1.0
ambivalent,3.0,3.0,1.0
blincyto,3.0,3.0,1.0
transformational,3.0,3.0,1.0
lan,3.0,3.0,1.0
meissner,3.0,3.0,1.0
myriad,3.0,3.0,1.0
spoon,3.0,3.0,1.0
roswell,3.0,3.0,1.0
curette,3.0,3.0,1.0
measured,3.0,3.0,1.0
prohibitive,3.0,3.0,1.0
layout,3.0,3.0,1.0
hof,3.0,3.0,1.0
guérin,3.0,3.0,1.0
rid,3.0,3.0,1.0
replicate,3.0,3.0,1.0
subsidiary,3.0,3.0,1.0
epistaxis,3.0,3.0,1.0
pseudomona,3.0,3.0,1.0
paradox,3.0,3.0,1.0
dow,3.0,3.0,1.0
hebert,3.0,3.0,1.0
proven,3.0,3.0,1.0
sensitize,3.0,3.0,1.0
haploinsufficient,3.0,3.0,1.0
emptiness,3.0,3.0,1.0
illusion,3.0,3.0,1.0
mib-1,3.0,3.0,1.0
opposed,3.0,3.0,1.0
gna11,3.0,3.0,1.0
1800,3.0,3.0,1.0
imamura,3.0,3.0,1.0
temin,3.0,3.0,1.0
brace,3.0,3.0,1.0
devine,3.0,3.0,1.0
fibroma,3.0,3.0,1.0
tayt,3.0,3.0,1.0
conceptualization,3.0,3.0,1.0
resignation,3.0,3.0,1.0
horton,3.0,3.0,1.0
shamberger,3.0,3.0,1.0
pull,3.0,3.0,1.0
wildtype,3.0,3.0,1.0
chew,3.0,3.0,1.0
maria,3.0,3.0,1.0
kennedy,3.0,3.0,1.0
locator,3.0,3.0,1.0
bioscience,3.0,3.0,1.0
promotional,3.0,3.0,1.0
placenta,3.0,3.0,1.0
best,3.0,3.0,1.0
believe,3.0,3.0,1.0
ehrlich,3.0,3.0,1.0
proficient,3.0,3.0,1.0
reap,3.0,3.0,1.0
richter,3.0,3.0,1.0
albrecht,3.0,3.0,1.0
teeth,3.0,3.0,1.0
perkin,3.0,3.0,1.0
fingerprint,3.0,3.0,1.0
crime,3.0,3.0,1.0
ama,3.0,3.0,1.0
dilation,3.0,3.0,1.0
envision,3.0,3.0,1.0
acetylcysteine,3.0,3.0,1.0
cycling,3.0,3.0,1.0
province,3.0,3.0,1.0
keeping,3.0,3.0,1.0
barnholtz,3.0,3.0,1.0
categorize,3.0,3.0,1.0
usher,3.0,3.0,1.0
enrolling,3.0,3.0,1.0
ppm1d,3.0,3.0,1.0
priscilla,3.0,3.0,1.0
laterality,3.0,3.0,1.0
mammal,3.0,3.0,1.0
regress,3.0,3.0,1.0
organisation,3.0,3.0,1.0
drosophila,3.0,3.0,1.0
addison,3.0,3.0,1.0
marcon,3.0,3.0,1.0
governance,3.0,3.0,1.0
distension,3.0,3.0,1.0
dey,3.0,3.0,1.0
colman,3.0,3.0,1.0
howard,3.0,3.0,1.0
natarajan,3.0,3.0,1.0
duncan,3.0,3.0,1.0
ying,3.0,3.0,1.0
gastroenterologist,3.0,3.0,1.0
elect,3.0,3.0,1.0
john,3.0,3.0,1.0
ubiquitous,3.0,3.0,1.0
unneeded,3.0,3.0,1.0
maryland,3.0,3.0,1.0
vigilant,3.0,3.0,1.0
barcelona,3.0,3.0,1.0
fabric,3.0,3.0,1.0
oversaw,3.0,3.0,1.0
hoifung,3.0,3.0,1.0
gift,3.0,3.0,1.0
confidential,3.0,3.0,1.0
leah,3.0,3.0,1.0
laé,3.0,3.0,1.0
negotiate,3.0,3.0,1.0
chong,3.0,3.0,1.0
bull,3.0,3.0,1.0
gigantic,3.0,3.0,1.0
austin,3.0,3.0,1.0
nongovernment,3.0,3.0,1.0
foothold,3.0,3.0,1.0
monti,3.0,3.0,1.0
crest,3.0,3.0,1.0
senolytic,3.0,3.0,1.0
sox10,3.0,3.0,1.0
undergoing,3.0,3.0,1.0
pomalyst,3.0,3.0,1.0
marc,3.0,3.0,1.0
schaid,3.0,3.0,1.0
moran,3.0,3.0,1.0
tense,3.0,3.0,1.0
hemminki,3.0,3.0,1.0
gilotrif,3.0,3.0,1.0
cymbalta,3.0,3.0,1.0
sizable,3.0,3.0,1.0
ogivri,3.0,3.0,1.0
seeing,3.0,3.0,1.0
meyers,3.0,3.0,1.0
unreliable,3.0,3.0,1.0
multiomics,3.0,3.0,1.0
perjeta,3.0,3.0,1.0
unforeseen,3.0,3.0,1.0
luminary,3.0,3.0,1.0
speculation,3.0,3.0,1.0
expiration,3.0,3.0,1.0
pac,3.0,3.0,1.0
deng,3.0,3.0,1.0
upward,3.0,3.0,1.0
laquaglia,3.0,3.0,1.0
rubio,3.0,3.0,1.0
unpublished,3.0,3.0,1.0
phospho,3.0,3.0,1.0
vijay,3.0,3.0,1.0
,3.0,3.0,1.0
histiocytoma,3.0,3.0,1.0
motivator,3.0,3.0,1.0
shocking,3.0,3.0,1.0
levin,3.0,3.0,1.0
eunice,3.0,3.0,1.0
merlino,3.0,3.0,1.0
marketplace,3.0,3.0,1.0
gratitude,3.0,3.0,1.0
fong,3.0,3.0,1.0
pursuing,3.0,3.0,1.0
ramification,3.0,3.0,1.0
bai,3.0,3.0,1.0
addendum,3.0,3.0,1.0
polypoid,3.0,3.0,1.0
bashford,3.0,3.0,1.0
hpv-16,3.0,3.0,1.0
unstructured,3.0,3.0,1.0
intersectional,3.0,3.0,1.0
phosphoinositide,3.0,3.0,1.0
multiomic,3.0,3.0,1.0
unambiguous,3.0,3.0,1.0
steward,3.0,3.0,1.0
fidelity,3.0,3.0,1.0
pienta,3.0,3.0,1.0
buffalo,3.0,3.0,1.0
utilize,3.0,3.0,1.0
flight,3.0,3.0,1.0
necrotic,3.0,3.0,1.0
immunogenic,3.0,3.0,1.0
entertainment,3.0,3.0,1.0
highway,3.0,3.0,1.0
teamwork,3.0,3.0,1.0
dsrna,3.0,3.0,1.0
sponge,3.0,3.0,1.0
debris,3.0,3.0,1.0
shoe,3.0,3.0,1.0
aspirational,3.0,3.0,1.0
spend,3.0,3.0,1.0
suurmeijer,3.0,3.0,1.0
sparing,3.0,3.0,1.0
truncation,3.0,3.0,1.0
ladewig,3.0,3.0,1.0
reassessment,3.0,3.0,1.0
preneoplastic,3.0,3.0,1.0
premalignancy,3.0,3.0,1.0
petabyte,3.0,3.0,1.0
australia,3.0,3.0,1.0
yue,3.0,3.0,1.0
postgrad,3.0,3.0,1.0
kettering,3.0,3.0,1.0
convincing,3.0,3.0,1.0
explosion,3.0,3.0,1.0
kamihara,3.0,3.0,1.0
contributory,3.0,3.0,1.0
radioembolization,3.0,3.0,1.0
ixazomib,3.0,3.0,1.0
aparicio,3.0,3.0,1.0
amoroso,3.0,3.0,1.0
elise,3.0,3.0,1.0
gpa,3.0,3.0,1.0
u.s.-based,3.0,3.0,1.0
cytosar,3.0,3.0,1.0
spector,3.0,3.0,1.0
withdraw,3.0,3.0,1.0
milieu,3.0,3.0,1.0
sil,3.0,3.0,1.0
pineda,3.0,3.0,1.0
serin,3.0,3.0,1.0
lemon,3.0,3.0,1.0
ordóñez,3.0,3.0,1.0
regain,3.0,3.0,1.0
biorepositorie,3.0,3.0,1.0
hypersensitivity,3.0,3.0,1.0
connecticut,3.0,3.0,1.0
accompany,3.0,3.0,1.0
nontraditional,3.0,3.0,1.0
intricacy,3.0,3.0,1.0
swain,3.0,3.0,1.0
connectivity,3.0,3.0,1.0
disk,3.0,3.0,1.0
retire,3.0,3.0,1.0
inference,3.0,3.0,1.0
womer,3.0,3.0,1.0
rotation,3.0,3.0,1.0
tagline,3.0,3.0,1.0
excite,3.0,3.0,1.0
latch,3.0,3.0,1.0
oftentime,3.0,3.0,1.0
brodeur,3.0,3.0,1.0
blend,3.0,3.0,1.0
glasgow,3.0,3.0,1.0
daw,3.0,3.0,1.0
biased,3.0,3.0,1.0
souza,3.0,3.0,1.0
cassette,3.0,3.0,1.0
solano,3.0,3.0,1.0
synergistic,3.0,3.0,1.0
noh,3.0,3.0,1.0
uchicago,3.0,3.0,1.0
roo,3.0,3.0,1.0
distrust,3.0,3.0,1.0
approachable,3.0,3.0,1.0
duan,3.0,3.0,1.0
goto,3.0,3.0,1.0
sensitized,3.0,3.0,1.0
raber,3.0,3.0,1.0
recurring,3.0,3.0,1.0
imjudo,3.0,3.0,1.0
volunteering,3.0,3.0,1.0
signpost,3.0,3.0,1.0
aldrich,3.0,3.0,1.0
mschmidt,3.0,3.0,1.0
riddled,3.0,3.0,1.0
bathing,3.0,3.0,1.0
teunissen,3.0,3.0,1.0
agn,3.0,3.0,1.0
sand,3.0,3.0,1.0
lutathera,3.0,3.0,1.0
exert,3.0,3.0,1.0
15–19,3.0,3.0,1.0
hydrocele,3.0,3.0,1.0
strauss,3.0,3.0,1.0
piwg,3.0,3.0,1.0
imag,3.0,3.0,1.0
acharya,3.0,3.0,1.0
hack,3.0,3.0,1.0
woodhouse,3.0,3.0,1.0
beat,3.0,3.0,1.0
cytol,3.0,3.0,1.0
tecentriq,3.0,3.0,1.0
obtain,3.0,3.0,1.0
mirnas,3.0,3.0,1.0
//clinicaltrials.gov,3.0,3.0,1.0
ct2,3.0,3.0,1.0
elucidation,3.0,3.0,1.0
resorption,3.0,3.0,1.0
spence,3.0,3.0,1.0
chock,3.0,3.0,1.0
benzene,3.0,3.0,1.0
marine,3.0,3.0,1.0
fy26,3.0,3.0,1.0
intolerant,3.0,3.0,1.0
perilongo,3.0,3.0,1.0
notorious,3.0,3.0,1.0
her2climb,3.0,3.0,1.0
heuristic,3.0,3.0,1.0
institut,3.0,3.0,1.0
ziegler,3.0,3.0,1.0
immunother,3.0,3.0,1.0
toast,3.0,3.0,1.0
pretzel,3.0,3.0,1.0
deterministic,3.0,3.0,1.0
lafayette,3.0,3.0,1.0
testament,3.0,3.0,1.0
numeric,3.0,3.0,1.0
bothersome,3.0,3.0,1.0
par,3.0,3.0,1.0
insightful,3.0,3.0,1.0
cause,3.0,3.0,1.0
thrust,3.0,3.0,1.0
adventurous,3.0,3.0,1.0
soap,3.0,3.0,1.0
s41586,3.0,3.0,1.0
equipped,3.0,3.0,1.0
grandchild,3.0,3.0,1.0
granulocytic,3.0,3.0,1.0
ballard,3.0,3.0,1.0
dampen,3.0,3.0,1.0
relate,3.0,3.0,1.0
trader,3.0,3.0,1.0
portrayal,3.0,3.0,1.0
moor,3.0,3.0,1.0
navarro,3.0,3.0,1.0
nonresponsive,3.0,3.0,1.0
quasi,3.0,3.0,1.0
baskin,3.0,3.0,1.0
roussy,3.0,3.0,1.0
tarbell,3.0,3.0,1.0
gustave,3.0,3.0,1.0
thrive,3.0,3.0,1.0
jørgensen,3.0,3.0,1.0
laurence,3.0,3.0,1.0
bifidobacterium,3.0,3.0,1.0
malaise,3.0,3.0,1.0
ser,3.0,3.0,1.0
surv,3.0,3.0,1.0
transforming,3.0,3.0,1.0
slogan,3.0,3.0,1.0
miyauchi,3.0,3.0,1.0
hippel,3.0,3.0,1.0
impractical,3.0,3.0,1.0
undetected,3.0,3.0,1.0
prete,3.0,3.0,1.0
qualifying,3.0,3.0,1.0
boat,3.0,3.0,1.0
gilbert,3.0,3.0,1.0
safeguard,3.0,3.0,1.0
neurother,3.0,3.0,1.0
messenger,3.0,3.0,1.0
hogg,3.0,3.0,1.0
securing,3.0,3.0,1.0
sidebar,3.0,3.0,1.0
one,3.0,3.0,1.0
duarte,3.0,3.0,1.0
ismail,3.0,3.0,1.0
bernard,3.0,3.0,1.0
tamp,3.0,3.0,1.0
testimonial,3.0,3.0,1.0
portability,3.0,3.0,1.0
illegal,3.0,3.0,1.0
commemoration,3.0,3.0,1.0
multiethnic,3.0,3.0,1.0
onc,3.0,3.0,1.0
anonymous,3.0,3.0,1.0
tamara,3.0,3.0,1.0
methylome,3.0,3.0,1.0
jonsson,3.0,3.0,1.0
hou,3.0,3.0,1.0
bhaduri,3.0,3.0,1.0
engine,3.0,3.0,1.0
conclude,3.0,3.0,1.0
mcleod,3.0,3.0,1.0
amazon,3.0,3.0,1.0
mallet,3.0,3.0,1.0
bianchi,3.0,3.0,1.0
caller,3.0,3.0,1.0
ajnr,3.0,3.0,1.0
neuroradiol,3.0,3.0,1.0
abecassis,3.0,3.0,1.0
blackburn,3.0,3.0,1.0
accessing,3.0,3.0,1.0
consolidated,3.0,3.0,1.0
valentine,3.0,3.0,1.0
gliomagenesis,3.0,3.0,1.0
ment,3.0,3.0,1.0
postal,3.0,3.0,1.0
iatrogenic,3.0,3.0,1.0
dürkop,3.0,3.0,1.0
olshan,3.0,3.0,1.0
h3k27,3.0,3.0,1.0
gestational,3.0,3.0,1.0
craft,3.0,3.0,1.0
butadiene,3.0,3.0,1.0
beryllium,3.0,3.0,1.0
reid,3.0,3.0,1.0
underpowered,3.0,3.0,1.0
hirose,3.0,3.0,1.0
bax,3.0,3.0,1.0
fraser,3.0,3.0,1.0
rodday,3.0,3.0,1.0
phipps,3.0,3.0,1.0
walking,3.0,3.0,1.0
vinyl,3.0,3.0,1.0
zoster,3.0,3.0,1.0
tumorigenicity,3.0,3.0,1.0
disc,3.0,3.0,1.0
d'angelo,3.0,3.0,1.0
resulted,3.0,3.0,1.0
attrition,3.0,3.0,1.0
medline,3.0,3.0,1.0
szydlo,3.0,3.0,1.0
stern,3.0,3.0,1.0
fabian,3.0,3.0,1.0
rotondo,3.0,3.0,1.0
localized,3.0,3.0,1.0
blazer,3.0,3.0,1.0
nephritis,3.0,3.0,1.0
belt,3.0,3.0,1.0
breathless,3.0,3.0,1.0
vaccinate,3.0,3.0,1.0
smoking—50,3.0,3.0,1.0
premise,3.0,3.0,1.0
keto,3.0,3.0,1.0
smok,3.0,3.0,1.0
shilling,3.0,3.0,1.0
cummings,3.0,3.0,1.0
elijah,3.0,3.0,1.0
qaddoumi,3.0,3.0,1.0
israeli,3.0,3.0,1.0
pollack,3.0,3.0,1.0
amendment,3.0,3.0,1.0
orphan,3.0,3.0,1.0
approach,3.0,3.0,1.0
tuk,3.0,3.0,1.0
zimmer,3.0,3.0,1.0
apoptotic,3.0,3.0,1.0
elena,3.0,3.0,1.0
accountable,3.0,3.0,1.0
flavoring,3.0,3.0,1.0
100e,3.0,3.0,1.0
localisation,3.0,3.0,1.0
vanilla,3.0,3.0,1.0
pelleti,3.0,3.0,1.0
tangible,3.0,3.0,1.0
toledano,3.0,3.0,1.0
landgren,3.0,3.0,1.0
pen,3.0,3.0,1.0
residential,3.0,3.0,1.0
tsai,3.0,3.0,1.0
3–11,3.0,3.0,1.0
colotech,3.0,3.0,1.0
interstate,3.0,3.0,1.0
practicality,3.0,3.0,1.0
sunnybrook,3.0,3.0,1.0
neuroscience,3.0,3.0,1.0
medic,3.0,3.0,1.0
blond,3.0,3.0,1.0
mpe,3.0,3.0,1.0
ally,3.0,3.0,1.0
bonus,3.0,3.0,1.0
fried,3.0,3.0,1.0
ganglioneuroblastoma,3.0,3.0,1.0
buttock,3.0,3.0,1.0
squeeze,3.0,3.0,1.0
facs,3.0,3.0,1.0
nigm,3.0,3.0,1.0
helix,3.0,3.0,1.0
soot,3.0,3.0,1.0
doable,3.0,3.0,1.0
buck,3.0,3.0,1.0
isochromosome,3.0,3.0,1.0
hypomagnesemia,3.0,3.0,1.0
discriminator,3.0,3.0,1.0
originate,3.0,3.0,1.0
portrazza,3.0,3.0,1.0
cobas,3.0,3.0,1.0
tweet,3.0,3.0,1.0
kraft,3.0,3.0,1.0
jogging,3.0,3.0,1.0
ind,3.0,3.0,1.0
needless,3.0,3.0,1.0
annum,3.0,3.0,1.0
moral,3.0,3.0,1.0
bonetti,3.0,3.0,1.0
barbosa,3.0,3.0,1.0
minh,3.0,3.0,1.0
bimodal,3.0,3.0,1.0
xp11.2,3.0,3.0,1.0
chavez,3.0,3.0,1.0
kirk,3.0,3.0,1.0
dial,3.0,3.0,1.0
perimenopausal,3.0,3.0,1.0
stiller,3.0,3.0,1.0
falcon,3.0,3.0,1.0
r13,3.0,3.0,1.0
sheer,3.0,3.0,1.0
sarah,3.0,3.0,1.0
wane,3.0,3.0,1.0
communicable,3.0,3.0,1.0
immense,3.0,3.0,1.0
pasta,3.0,3.0,1.0
teasing,3.0,3.0,1.0
popsicle,3.0,3.0,1.0
cracker,3.0,3.0,1.0
finishing,3.0,3.0,1.0
grandpa,3.0,3.0,1.0
ambassador,3.0,3.0,1.0
brainstorm,3.0,3.0,1.0
enhertu,3.0,3.0,1.0
mackall,3.0,3.0,1.0
nexus,3.0,3.0,1.0
lover,3.0,3.0,1.0
impulsive,3.0,3.0,1.0
pfeiffer,3.0,3.0,1.0
hycamtin,3.0,3.0,1.0
regressive,3.0,3.0,1.0
pittsburgh,3.0,3.0,1.0
spencer,3.0,3.0,1.0
pertain,3.0,3.0,1.0
intimate,3.0,3.0,1.0
fragile,3.0,3.0,1.0
sorting,3.0,3.0,1.0
pave,3.0,3.0,1.0
nextgen,3.0,3.0,1.0
tobias,3.0,3.0,1.0
improper,3.0,3.0,1.0
horrific,3.0,3.0,1.0
shame,3.0,3.0,1.0
solo,3.0,3.0,1.0
rybrevant,3.0,3.0,1.0
interrelationship,3.0,3.0,1.0
clinician,3.0,3.0,1.0
hematocrit,3.0,3.0,1.0
send,3.0,3.0,1.0
tantrum,3.0,3.0,1.0
accord,3.0,3.0,1.0
femur,3.0,3.0,1.0
finalist,3.0,3.0,1.0
baudin,3.0,3.0,1.0
temple,3.0,3.0,1.0
mater,3.0,3.0,1.0
generality,3.0,3.0,1.0
crankiness,3.0,3.0,1.0
agitated,3.0,3.0,1.0
bergström,3.0,3.0,1.0
ekbom,3.0,3.0,1.0
omf,3.0,3.0,1.0
misclassification,3.0,3.0,1.0
transfection,3.0,3.0,1.0
astrocytomas,3.0,3.0,1.0
excise,3.0,3.0,1.0
tolerable,3.0,3.0,1.0
votrient,3.0,3.0,1.0
grid,3.0,3.0,1.0
cartagena,3.0,3.0,1.0
m.b.b.s,3.0,3.0,1.0
saidu,3.0,3.0,1.0
rakiya,3.0,3.0,1.0
m.b.ch.b,3.0,3.0,1.0
nomonde,3.0,3.0,1.0
zambia,3.0,3.0,1.0
grail,3.0,3.0,1.0
paz,3.0,3.0,1.0
pillar,3.0,3.0,1.0
m.s.n,3.0,3.0,1.0
annette,3.0,3.0,1.0
are,3.0,3.0,1.0
decay,3.0,3.0,1.0
gavreto,3.0,3.0,1.0
anecdote,3.0,3.0,1.0
apis,3.0,3.0,1.0
jin,3.0,3.0,1.0
greece,3.0,3.0,1.0
supporter,3.0,3.0,1.0
interleukin,3.0,3.0,1.0
pdgfr,3.0,3.0,1.0
kebebew,3.0,3.0,1.0
bmmrd,3.0,3.0,1.0
confuse,3.0,3.0,1.0
worsens,3.0,3.0,1.0
brewer,3.0,3.0,1.0
tumoral,3.0,3.0,1.0
shrunk,3.0,3.0,1.0
reexamination,3.0,3.0,1.0
nest,3.0,3.0,1.0
nonappendiceal,3.0,3.0,1.0
muffin,3.0,3.0,1.0
winstead,3.0,3.0,1.0
damicomw,3.0,3.0,1.0
reevaluation,3.0,3.0,1.0
vorontsova,3.0,3.0,1.0
tronko,3.0,3.0,1.0
bogdanova,3.0,3.0,1.0
chornobyl,3.0,3.0,1.0
ukraine,3.0,3.0,1.0
iribarren,3.0,3.0,1.0
haselkorn,3.0,3.0,1.0
exorbitant,3.0,3.0,1.0
jeff,3.0,3.0,1.0
exploded,3.0,3.0,1.0
athlete,3.0,3.0,1.0
r42,3.0,3.0,1.0
strickler,3.0,3.0,1.0
lightning,3.0,3.0,1.0
prakash,3.0,3.0,1.0
transillumination,3.0,3.0,1.0
fibrosarcoma,3.0,3.0,1.0
cytopathology,3.0,3.0,1.0
specialize,3.0,3.0,1.0
lighting,3.0,3.0,1.0
tasked,3.0,3.0,1.0
covering,3.0,3.0,1.0
hutchison,3.0,3.0,1.0
11-,3.0,3.0,1.0
microvasculature,3.0,3.0,1.0
ranging,3.0,3.0,1.0
dlt,3.0,3.0,1.0
encephalopathy,3.0,3.0,1.0
don,3.0,3.0,1.0
esterase,3.0,3.0,1.0
photographer,3.0,3.0,1.0
rais,3.0,3.0,1.0
neuroscientist,3.0,3.0,1.0
wilmot,3.0,3.0,1.0
cghub,3.0,3.0,1.0
portrait,3.0,3.0,1.0
overarching,3.0,3.0,1.0
ucsc,3.0,3.0,1.0
cecchetto,3.0,3.0,1.0
pardo,3.0,3.0,1.0
leuschner,3.0,3.0,1.0
ccbir,3.0,3.0,1.0
repertoire,3.0,3.0,1.0
bruscaggin,3.0,3.0,1.0
cuccaro,3.0,3.0,1.0
ligon,3.0,3.0,1.0
schade,3.0,3.0,1.0
antigenic,3.0,3.0,1.0
≤18,3.0,3.0,1.0
intellect,3.0,3.0,1.0
formidable,3.0,3.0,1.0
shannon,3.0,3.0,1.0
rinke,3.0,3.0,1.0
humble,3.0,3.0,1.0
irrelevant,3.0,3.0,1.0
jaffe,3.0,3.0,1.0
gong,3.0,3.0,1.0
azim,3.0,3.0,1.0
juli,3.0,3.0,1.0
,,96.0,
