1-gram,documents,total freq,avg
cancer,2210,61601,27.873755656108596
tumor,892,13343,14.958520179372197
cell,859,11555,13.451688009313155
therapy,705,7091,10.058156028368794
drug,1541,6102,3.9597663854639844
year,748,5993,8.012032085561497
child,333,4873,14.633633633633634
breast,438,4648,10.61187214611872
high,644,4221,6.554347826086956
disease,684,4103,5.998538011695906
chemotherapy,422,3767,8.92654028436019
radiation,291,3444,11.835051546391753
gene,363,3311,9.121212121212121
variant,81,3259,40.23456790123457
survivor,201,2792,13.890547263681592
datum,656,2790,4.253048780487805
blood,386,2748,7.119170984455959
lymphoma,173,2670,15.433526011560694
time,624,2643,4.235576923076923
stage,371,2626,7.078167115902965
woman,292,2559,8.763698630136986
surgery,337,2493,7.397626112759644
syndrome,166,2422,14.590361445783133
rate,363,2413,6.647382920110193
pediatric,213,2384,11.192488262910798
age,335,2380,7.104477611940299
low,465,2215,4.763440860215054
test,441,2212,5.015873015873016
lung,393,2181,5.549618320610687
factor,402,2172,5.402985074626866
adult,392,2159,5.50765306122449
analysis,376,2084,5.542553191489362
prevention,842,2063,2.4501187648456058
mutation,282,2052,7.276595744680851
tissue,387,2049,5.294573643410852
diagnosis,428,1979,4.623831775700935
body,370,1950,5.27027027027027
symptom,253,1939,7.664031620553359
small,451,1907,4.228381374722838
screening,681,1845,2.709251101321586
thyroid,102,1827,17.91176470588235
rare,359,1803,5.022284122562674
carcinoma,153,1775,11.601307189542483
advanced,373,1730,4.638069705093834
brain,276,1691,6.1268115942028984
large,498,1669,3.3514056224899598
response,419,1616,3.856801909307876
young,281,1599,5.690391459074733
oncology,417,1598,3.8321342925659474
development,456,1588,3.482456140350877
old,742,1575,2.1226415094339623
death,308,1538,4.9935064935064934
immune,326,1536,4.711656441717792
lymph,125,1513,12.104
leukemia,177,1508,8.519774011299434
protein,361,1496,4.14404432132964
positive,229,1480,6.462882096069869
long,410,1478,3.604878048780488
prognosis,639,1464,2.291079812206573
outcome,296,1432,4.837837837837838
prostate,184,1377,7.483695652173913
molecular,312,1355,4.342948717948718
bone,156,1352,8.666666666666666
colorectal,204,1323,6.485294117647059
support,427,1320,3.091334894613583
genomic,210,1289,6.1380952380952385
inhibitor,252,1286,5.103174603174603
testing,265,1274,4.807547169811321
award,126,1266,10.047619047619047
incidence,179,1263,7.055865921787709
team,437,1252,2.864988558352403
immunotherapy,331,1247,3.7673716012084593
metastatic,254,1242,4.889763779527559
area,388,1224,3.154639175257732
option,337,1218,3.6142433234421363
number,433,1183,2.7321016166281753
model,288,1178,4.090277777777778
multiple,297,1150,3.872053872053872
investigator,422,1138,2.6966824644549763
dose,186,1131,6.080645161290323
clin,53,1131,21.339622641509433
human,391,1129,2.887468030690537
medicine,504,1116,2.2142857142857144
liver,611,1098,1.7970540098199672
man,171,1097,6.415204678362573
dna,245,1081,4.412244897959184
fusion,62,1079,17.403225806451612
metastasis,155,1078,6.95483870967742
phase,252,1071,4.25
loss,158,1063,6.727848101265823
grade,124,1063,8.57258064516129
hodgkin,76,1057,13.907894736842104
detection,677,1053,1.5553914327917282
participant,277,1023,3.693140794223827
community,387,1018,2.6304909560723515
alteration,138,1002,7.260869565217392
hormone,149,999,6.704697986577181
sample,295,998,3.383050847457627
skin,183,994,5.4316939890710385
example,427,977,2.288056206088993
negative,159,970,6.10062893081761
potential,460,966,2.1
median,173,944,5.456647398843931
activity,360,943,2.6194444444444445
opportunity,332,931,2.8042168674698793
quality,291,931,3.1993127147766325
day,302,925,3.062913907284768
normal,258,922,3.5736434108527133
expression,140,915,6.535714285714286
target,327,913,2.7920489296636086
adolescent,114,908,7.964912280701754
growth,293,905,3.0887372013651877
melanoma,164,903,5.5060975609756095
ovarian,160,900,5.625
problem,279,893,3.2007168458781363
great,293,891,3.0409556313993176
single,262,886,3.381679389312977
tobacco,112,880,7.857142857142857
project,260,874,3.3615384615384616
pathogenic,24,874,36.416666666666664
genetics,842,872,1.03562945368171
history,218,869,3.9862385321100917
sarcoma,104,861,8.278846153846153
pain,192,860,4.479166666666667
benefit,350,857,2.4485714285714284
impact,301,843,2.8006644518272426
person,256,841,3.28515625
experience,277,839,3.0288808664259927
application,173,839,4.8497109826589595
additional,381,822,2.15748031496063
form,346,815,2.3554913294797686
management,172,815,4.738372093023256
chromosome,75,808,10.773333333333333
node,92,804,8.73913043478261
lynch,23,783,34.04347826086956
malignant,115,782,6.8
chronic,144,781,5.423611111111111
neck,120,775,6.458333333333333
mortality,139,770,5.539568345323741
cohort,122,770,6.311475409836065
addition,392,769,1.961734693877551
overall,302,769,2.5463576158940397
transplant,90,768,8.533333333333333
function,193,766,3.9689119170984455
fat,567,757,1.3350970017636685
receptor,151,755,5.0
difference,243,755,3.1069958847736627
hpv,102,752,7.372549019607843
biopsy,157,750,4.777070063694268
thing,151,745,4.933774834437086
lymphoblastic,55,742,13.49090909090909
head,193,741,3.839378238341969
goal,310,733,2.3645161290322583
aml,43,727,16.906976744186046
infection,203,724,3.5665024630541873
agent,208,713,3.4278846153846154
stem,114,711,6.2368421052631575
neuroendocrine,34,710,20.88235294117647
significant,188,707,3.7606382978723403
progress,361,693,1.919667590027701
feature,188,687,3.654255319148936
procedure,151,683,4.52317880794702
similar,274,682,2.489051094890511
pathway,154,679,4.409090909090909
well,334,678,2.029940119760479
prognostic,42,667,15.880952380952381
marrow,78,661,8.474358974358974
initiative,245,660,2.693877551020408
challenge,267,659,2.4681647940074907
point,238,659,2.76890756302521
new,620,658,1.0612903225806452
heart,132,649,4.916666666666667
endocrine,51,644,12.627450980392156
mechanism,247,639,2.5870445344129553
strategy,291,635,2.1821305841924397
tool,254,629,2.4763779527559056
hospital,241,627,2.6016597510373445
pancreatic,131,623,4.755725190839694
finding,314,622,1.980891719745223
glioma,55,620,11.272727272727273
university,293,618,2.1092150170648463
physical,192,618,3.21875
imaging,196,615,3.1377551020408165
advance,317,611,1.9274447949526814
practice,215,611,2.841860465116279
subtype,111,606,5.45945945945946
line,210,602,2.8666666666666667
cognitive,57,601,10.543859649122806
exposure,125,596,4.768
future,361,594,1.6454293628808865
crc,9,592,65.77777777777777
status,151,591,3.9139072847682117
adjuvant,86,589,6.848837209302325
palliative,111,582,5.243243243243243
placebo,73,580,7.945205479452055
plan,268,579,2.16044776119403
initial,245,578,2.3591836734693876
recurrent,97,577,5.948453608247423
cost,169,576,3.408284023668639
lesion,90,574,6.377777777777778
depression,42,574,13.666666666666666
series,190,574,3.0210526315789474
key,300,569,1.8966666666666667
oncologist,174,568,3.264367816091954
week,215,566,2.6325581395348836
grief,11,560,50.90909090909091
phillip,537,559,1.0409683426443204
world,225,558,2.48
cns,44,557,12.659090909090908
recurrence,133,556,4.180451127819549
able,269,553,2.0557620817843865
assessment,130,552,4.246153846153846
lot,148,541,3.6554054054054053
iii,103,541,5.252427184466019
surgical,110,536,4.872727272727273
wilm,18,536,29.77777777777778
physician,191,533,2.7905759162303663
organ,171,529,3.0935672514619883
genome,156,529,3.391025641025641
good,319,526,1.6489028213166144
issue,231,526,2.277056277056277
prevalence,113,525,4.646017699115045
major,244,525,2.151639344262295
gastrointestinal,105,521,4.961904761904762
smoking,110,521,4.736363636363636
annual,242,521,2.152892561983471
poor,135,518,3.837037037037037
vaccine,99,518,5.232323232323233
method,205,517,2.521951219512195
table,99,515,5.202020202020202
arm,111,515,4.63963963963964
kidney,129,508,3.937984496124031
field,189,498,2.634920634920635
hospice,24,491,20.458333333333332
complete,221,490,2.2171945701357467
white,177,489,2.76271186440678
resistance,151,489,3.23841059602649
therapeutic,228,488,2.1403508771929824
cigarette,69,482,6.9855072463768115
cervical,115,480,4.173913043478261
association,117,479,4.094017094017094
increase,203,478,2.354679802955665
black,95,477,5.021052631578947
scan,127,477,3.7559055118110236
criterion,114,477,4.184210526315789
period,214,476,2.2242990654205608
familial,30,475,15.833333333333334
genetic,211,472,2.2369668246445498
braf,40,472,11.8
antibody,115,471,4.095652173913043
reduction,158,470,2.9746835443037973
institution,173,462,2.6705202312138727
polyposis,14,461,32.92857142857143
relapse,73,460,6.301369863013699
oral,101,458,4.534653465346534
healthy,222,456,2.054054054054054
chest,71,453,6.380281690140845
characteristic,152,452,2.973684210526316
size,168,452,2.6904761904761907
present,166,452,2.7228915662650603
sleep,31,449,14.483870967741936
central,142,449,3.1619718309859155
lab,153,449,2.934640522875817
aggressive,187,448,2.3957219251336896
colon,114,447,3.9210526315789473
pembrolizumab,83,445,5.36144578313253
soft,95,445,4.684210526315789
right,134,443,3.3059701492537314
country,200,442,2.21
germline,40,441,11.025
gland,70,438,6.257142857142857
disorder,94,438,4.659574468085107
classification,64,437,6.828125
united,231,437,1.8917748917748918
gastric,45,435,9.666666666666666
myeloid,80,434,5.425
medulloblastoma,34,434,12.764705882352942
overview,160,429,2.68125
percent,117,424,3.623931623931624
her2,48,422,8.791666666666666
presence,116,422,3.6379310344827585
measure,180,420,2.3333333333333335
score,65,417,6.415384615384616
active,208,417,2.0048076923076925
carrier,24,416,17.333333333333332
total,132,415,3.143939393939394
diagnostic,138,414,3.0
biomarker,165,414,2.5090909090909093
stomach,84,412,4.904761904761905
toxicity,108,409,3.787037037037037
novel,175,408,2.3314285714285714
public,205,408,1.9902439024390244
transplantation,35,407,11.628571428571428
spread,152,403,2.651315789473684
region,110,402,3.6545454545454548
neuroblastoma,44,399,9.068181818181818
parent,90,398,4.4222222222222225
lead,291,397,1.3642611683848798
need,233,394,1.6909871244635193
burden,154,393,2.551948051948052
provider,135,393,2.911111111111111
decade,239,392,1.6401673640167365
panel,138,392,2.8405797101449277
collaboration,216,392,1.8148148148148149
female,90,391,4.344444444444444
discussion,136,389,2.860294117647059
malignancy,103,388,3.766990291262136
step,235,387,1.646808510638298
biological,167,387,2.317365269461078
prospective,88,385,4.375
deletion,19,382,20.105263157894736
pattern,127,381,3.0
abnormality,49,379,7.73469387755102
kind,140,378,2.7
picture,81,378,4.666666666666667
anxiety,49,375,7.653061224489796
concern,175,375,2.142857142857143
course,148,373,2.52027027027027
ability,235,373,1.5872340425531914
clear,187,373,1.9946524064171123
rearrangement,23,372,16.17391304347826
severe,126,369,2.9285714285714284
favorable,39,369,9.461538461538462
bladder,91,368,4.043956043956044
bad,162,368,2.271604938271605
adverse,79,367,4.6455696202531644
budget,99,366,3.696969696969697
failure,74,366,4.945945945945946
limited,146,365,2.5
cluster,35,365,10.428571428571429
improvement,170,362,2.1294117647058823
pediatr,31,361,11.64516129032258
branch,221,360,1.6289592760180995
male,86,358,4.162790697674419
workshop,79,357,4.518987341772152
efficacy,140,357,2.55
data,181,357,1.9723756906077348
hereditary,49,356,7.26530612244898
staging,56,353,6.303571428571429
big,149,351,2.3557046979865772
strong,191,350,1.8324607329842932
vessel,100,350,3.5
talk,162,350,2.1604938271604937
solid,124,349,2.814516129032258
distress,42,349,8.30952380952381
nasopharyngeal,31,349,11.258064516129032
late,189,347,1.835978835978836
alk,35,347,9.914285714285715
frequency,60,347,5.783333333333333
idea,168,346,2.0595238095238093
previous,190,346,1.8210526315789475
episode,41,345,8.414634146341463
cumulative,29,343,11.827586206896552
resection,44,343,7.795454545454546
retrospective,59,343,5.813559322033898
range,155,342,2.206451612903226
diarrhea,82,341,4.158536585365853
surg,36,337,9.36111111111111
rhabdomyosarcoma,28,337,12.035714285714286
germ,28,336,12.0
precision,145,334,2.303448275862069
early,211,333,1.5781990521327014
financial,81,331,4.08641975308642
damage,132,330,2.5
virus,86,330,3.8372093023255816
amplification,22,330,15.0
polyp,23,329,14.304347826086957
cavity,52,329,6.326923076923077
self,93,329,3.5376344086021505
cycle,88,328,3.727272727272727
clinic,141,328,2.326241134751773
pet,61,325,5.327868852459017
tamoxifen,21,325,15.476190476190476
genet,15,324,21.6
regimen,105,324,3.085714285714286
discovery,160,323,2.01875
ph.d,183,323,1.7650273224043715
distant,61,323,5.295081967213115
knowledge,195,323,1.6564102564102565
place,162,323,1.9938271604938271
abnormal,100,322,3.22
short,147,321,2.183673469387755
neoplasm,45,319,7.088888888888889
trend,130,318,2.4461538461538463
chance,162,318,1.962962962962963
complication,80,317,3.9625
fap,6,317,52.833333333333336
meta,46,317,6.891304347826087
hsct,9,315,35.0
few,159,313,1.9685534591194969
personal,122,313,2.5655737704918034
phenotype,42,313,7.4523809523809526
tumour,36,313,8.694444444444445
difficult,184,312,1.6956521739130435
colleague,219,312,1.4246575342465753
smoke,48,311,6.479166666666667
interest,172,310,1.802325581395349
subsequent,70,310,4.428571428571429
critical,201,310,1.5422885572139304
marker,110,308,2.8
location,117,307,2.623931623931624
myeloma,66,307,4.651515151515151
focus,195,307,1.5743589743589743
prior,161,306,1.9006211180124224
mri,92,305,3.3152173913043477
school,111,304,2.7387387387387387
video,112,302,2.6964285714285716
onset,58,301,5.189655172413793
relative,69,301,4.36231884057971
likely,172,300,1.744186046511628
local,113,299,2.646017699115044
eye,57,297,5.2105263157894735
bowel,41,297,7.2439024390243905
gvhd,7,296,42.285714285714285
medication,83,296,3.566265060240964
design,127,296,2.3307086614173227
reason,179,295,1.6480446927374302
preference,37,295,7.972972972972973
complex,144,294,2.0416666666666665
relationship,107,292,2.7289719626168223
profile,89,292,3.2808988764044944
choice,139,292,2.1007194244604315
distinct,103,291,2.825242718446602
engl,43,291,6.767441860465116
endometrial,40,290,7.25
special,157,290,1.8471337579617835
tomography,75,289,3.8533333333333335
subgroup,64,289,4.515625
moonshot,99,289,2.919191919191919
renal,46,288,6.260869565217392
hot,42,288,6.857142857142857
nausea,103,287,2.7864077669902914
medullary,25,286,11.44
benign,70,285,4.071428571428571
translocation,16,285,17.8125
translational,179,284,1.5865921787709498
hematopoietic,21,284,13.523809523809524
molecule,149,284,1.9060402684563758
repair,64,282,4.40625
nature,128,281,2.1953125
ret,18,280,15.555555555555555
value,98,279,2.8469387755102042
fatigue,106,278,2.6226415094339623
registry,71,277,3.9014084507042255
little,128,277,2.1640625
deficiency,30,276,9.2
today,141,275,1.950354609929078
refractory,66,275,4.166666666666667
sex,75,275,3.6666666666666665
nervous,87,275,3.160919540229885
regional,51,273,5.352941176470588
relevant,143,272,1.902097902097902
adenoma,21,270,12.857142857142858
presentation,99,269,2.717171717171717
carcinoid,14,268,19.142857142857142
nerve,87,267,3.0689655172413794
cellular,143,267,1.867132867132867
muscle,107,266,2.485981308411215
cisplatin,45,265,5.888888888888889
hope,182,265,1.456043956043956
light,90,264,2.933333333333333
dysfunction,36,264,7.333333333333333
share,143,263,1.8391608391608392
significance,52,262,5.038461538461538
substance,88,261,2.965909090909091
appropriate,128,261,2.0390625
testicular,37,260,7.027027027027027
weight,99,260,2.6262626262626263
ray,73,260,3.5616438356164384
story,137,259,1.8905109489051095
spine,69,258,3.739130434782609
methylation,34,257,7.5588235294117645
functional,72,256,3.5555555555555554
structure,125,256,2.048
microenvironment,103,255,2.4757281553398056
int,40,255,6.375
counseling,65,254,3.9076923076923076
energy,103,254,2.466019417475728
cranial,23,254,11.043478260869565
host,93,254,2.7311827956989245
scale,102,253,2.480392156862745
remission,73,252,3.452054794520548
nivolumab,66,252,3.8181818181818183
spiritual,20,252,12.6
harm,101,251,2.485148514851485
irradiation,18,251,13.944444444444445
unique,145,250,1.7241379310344827
flash,24,250,10.416666666666666
activation,59,249,4.220338983050848
influence,106,249,2.349056603773585
like,77,249,3.2337662337662336
behavior,87,248,2.8505747126436782
fluid,56,248,4.428571428571429
diagnose,92,248,2.6956521739130435
impairment,24,248,10.333333333333334
company,121,248,2.049586776859504
systematic,61,248,4.065573770491803
adenomatous,12,247,20.583333333333332
half,131,247,1.8854961832061068
cog,21,246,11.714285714285714
safety,118,246,2.0847457627118646
mycn,5,245,49.0
characterization,74,245,3.310810810810811
effusion,11,245,22.272727272727273
student,75,244,3.2533333333333334
conversation,115,244,2.121739130434783
insight,172,244,1.4186046511627908
generation,121,244,2.0165289256198347
systemic,94,243,2.5851063829787235
squamous,59,243,4.11864406779661
rna,77,242,3.142857142857143
phone,68,242,3.5588235294117645
particular,151,242,1.6026490066225165
unknown,73,241,3.3013698630136985
act,113,241,2.1327433628318584
psychological,40,241,6.025
frequent,84,240,2.857142857142857
radiotherapy,43,239,5.558139534883721
skill,79,239,3.0253164556962027
specialist,112,239,2.1339285714285716
candidate,93,238,2.5591397849462365
pulmonary,26,238,9.153846153846153
lack,122,238,1.9508196721311475
histology,39,236,6.051282051282051
exercise,65,236,3.6307692307692307
protocol,80,236,2.95
secondary,63,235,3.7301587301587302
block,135,235,1.7407407407407407
perspective,116,235,2.0258620689655173
broad,182,234,1.2857142857142858
abdominal,37,233,6.297297297297297
kinase,58,233,4.017241379310345
collaborative,133,232,1.744360902255639
cardiac,29,232,8.0
final,81,232,2.8641975308641974
applicant,39,231,5.923076923076923
income,80,231,2.8875
nicotine,26,231,8.884615384615385
resistant,94,230,2.4468085106382977
alcohol,61,230,3.7704918032786887
stress,76,229,3.013157894736842
surface,108,229,2.1203703703703702
ratio,47,229,4.872340425531915
anaplastic,30,228,7.6
statistic,100,228,2.28
invasive,81,228,2.814814814814815
diet,81,228,2.814814814814815
doxorubicin,43,228,5.3023255813953485
effectiveness,119,228,1.915966386554622
transition,78,227,2.91025641025641
harmful,71,227,3.1971830985915495
somatic,42,226,5.380952380952381
space,81,225,2.7777777777777777
regiman,79,224,2.8354430379746836
importance,138,223,1.6159420289855073
mouth,84,222,2.642857142857143
involvement,37,222,6.0
red,93,221,2.3763440860215055
working,116,220,1.896551724137931
trastuzumab,26,220,8.461538461538462
requirement,75,220,2.933333333333333
natural,106,219,2.0660377358490565
supplement,77,219,2.844155844155844
technique,109,218,2.0
papillary,20,218,10.9
scholar,45,217,4.822222222222222
phd,52,217,4.173076923076923
degree,89,216,2.4269662921348316
external,82,216,2.6341463414634148
anthracycline,24,216,9.0
wide,118,216,1.8305084745762712
book,53,216,4.0754716981132075
observation,71,216,3.0422535211267605
close,143,215,1.5034965034965035
season,29,214,7.379310344827586
topic,120,214,1.7833333333333334
follicular,29,214,7.379310344827586
survey,78,214,2.7435897435897436
gct,3,213,71.0
cytogenetic,18,213,11.833333333333334
esophageal,53,213,4.018867924528302
landscape,62,213,3.435483870967742
exam,73,213,2.9178082191780823
cyclophosphamide,27,212,7.851851851851852
comparison,74,212,2.864864864864865
class,96,212,2.2083333333333335
spinal,37,212,5.72972972972973
computer,81,212,2.617283950617284
surgeon,93,211,2.2688172043010755
smoker,52,210,4.038461538461538
average,105,210,2.0
committee,93,210,2.2580645161290325
antidepressant,13,209,16.076923076923077
friend,75,209,2.7866666666666666
microscope,71,209,2.943661971830986
safe,139,208,1.4964028776978417
consortium,94,208,2.2127659574468086
antigen,72,208,2.888888888888889
decrease,104,207,1.9903846153846154
eligible,107,206,1.925233644859813
mentor,45,206,4.5777777777777775
msi,13,205,15.76923076923077
cure,92,205,2.2282608695652173
setting,114,205,1.7982456140350878
enzyme,101,204,2.01980198019802
session,77,204,2.6493506493506493
partnership,114,204,1.7894736842105263
metabolism,61,203,3.3278688524590163
sensitive,95,203,2.136842105263158
double,52,203,3.9038461538461537
pfs,19,202,10.631578947368421
interested,89,201,2.258426966292135
estimate,78,200,2.5641025641025643
inflammatory,51,200,3.9215686274509802
conference,77,200,2.5974025974025974
peripheral,60,200,3.3333333333333335
thymic,11,200,18.181818181818183
hiv,54,199,3.685185185185185
cord,46,199,4.326086956521739
behavioral,69,199,2.8840579710144927
vitamin,39,198,5.076923076923077
president,73,197,2.6986301369863015
mediastinal,17,197,11.588235294117647
illness,58,197,3.396551724137931
european,63,196,3.111111111111111
neoadjuvant,37,196,5.297297297297297
intensity,56,196,3.5
figure,77,196,2.5454545454545454
cardiovascular,29,196,6.758620689655173
planning,80,196,2.45
eur,42,196,4.666666666666667
duration,88,195,2.215909090909091
barrier,96,195,2.03125
embryonal,12,195,16.25
hard,116,195,1.6810344827586208
ccss,4,194,48.5
chromosomal,27,194,7.185185185185185
paper,81,193,2.382716049382716
emotional,55,193,3.5090909090909093
pituitary,24,193,8.041666666666666
situ,45,193,4.288888888888889
implication,85,192,2.2588235294117647
guide,116,192,1.6551724137931034
chief,137,192,1.4014598540145986
african,66,191,2.893939393939394
understanding,129,190,1.4728682170542635
direct,118,190,1.6101694915254237
useful,95,189,1.9894736842105263
variety,128,189,1.4765625
partial,94,188,2.0
leader,134,188,1.4029850746268657
nurse,94,188,2.0
computational,70,187,2.6714285714285713
mass,73,187,2.5616438356164384
mental,48,187,3.8958333333333335
tube,72,187,2.5972222222222223
professor,73,187,2.5616438356164384
ependymoma,27,186,6.888888888888889
obesity,63,185,2.9365079365079363
detail,145,185,1.2758620689655173
pregnancy,32,185,5.78125
sinus,16,185,11.5625
machine,70,184,2.6285714285714286
postmenopausal,23,184,8.0
interval,43,183,4.255813953488372
vein,39,183,4.6923076923076925
adenocarcinoma,48,183,3.8125
real,111,182,1.6396396396396395
academic,91,182,2.0
infant,28,182,6.5
mean,72,182,2.5277777777777777
pathology,83,182,2.1927710843373496
excess,36,182,5.055555555555555
sporadic,21,181,8.619047619047619
needle,71,181,2.5492957746478875
consistent,79,181,2.2911392405063293
upper,53,181,3.4150943396226414
variation,62,180,2.903225806451613
liquid,61,179,2.9344262295081966
genomics,80,179,2.2375
adrenocortical,27,179,6.62962962962963
pathologist,86,179,2.0813953488372094
sensitivity,56,179,3.1964285714285716
religious,15,178,11.866666666666667
volume,43,178,4.1395348837209305
environment,105,178,1.6952380952380952
copy,46,177,3.847826086956522
tract,63,177,2.8095238095238093
obstruction,20,177,8.85
joint,92,177,1.923913043478261
consideration,94,176,1.872340425531915
cooperative,85,176,2.070588235294118
colonoscopy,17,176,10.352941176470589
nearby,78,176,2.2564102564102564
memory,47,175,3.723404255319149
intensive,72,175,2.4305555555555554
flt3,9,175,19.444444444444443
net,30,175,5.833333333333333
decline,51,175,3.4313725490196076
identification,59,174,2.9491525423728815
examination,52,174,3.3461538461538463
biomedical,80,174,2.175
apc,10,174,17.4
subset,49,174,3.5510204081632653
exciting,117,173,1.4786324786324787
performance,56,173,3.0892857142857144
pylorus,11,172,15.636363636363637
aid,67,172,2.5671641791044775
delivery,96,172,1.7916666666666667
success,120,171,1.425
signal,83,171,2.0602409638554215
classic,30,171,5.7
position,96,171,1.78125
abl1,4,171,42.75
radioactive,48,171,3.5625
regular,113,170,1.5044247787610618
travel,75,170,2.2666666666666666
priority,113,170,1.5044247787610618
fertility,33,170,5.151515151515151
pericardial,6,170,28.333333333333332
internal,72,170,2.361111111111111
constipation,28,169,6.035714285714286
related,147,169,1.1496598639455782
attention,73,169,2.315068493150685
rhabdoid,19,168,8.842105263157896
hearing,27,168,6.222222222222222
hour,67,168,2.5074626865671643
sure,86,167,1.941860465116279
journal,115,167,1.4521739130434783
index,38,167,4.394736842105263
lifetime,53,167,3.150943396226415
estrogen,36,167,4.638888888888889
predictor,30,167,5.566666666666666
extent,90,167,1.8555555555555556
thymoma,7,167,23.857142857142858
attack,114,166,1.456140350877193
removal,75,166,2.2133333333333334
expertise,117,166,1.4188034188034189
duodenal,9,166,18.444444444444443
graft,22,166,7.545454545454546
gain,48,166,3.4583333333333335
racial,75,166,2.2133333333333334
neuro,54,166,3.074074074074074
diverse,116,166,1.4310344827586208
predisposition,28,165,5.892857142857143
material,95,165,1.736842105263158
reaction,68,165,2.426470588235294
instruction,38,164,4.315789473684211
salivary,18,164,9.11111111111111
domain,38,163,4.2894736842105265
hispanic,46,163,3.5434782608695654
description,65,163,2.5076923076923077
substantial,121,163,1.3471074380165289
interview,88,162,1.8409090909090908
vaccination,42,162,3.857142857142857
profiling,48,162,3.375
eol,3,162,54.0
bilateral,28,162,5.785714285714286
discus,109,161,1.4770642201834863
proposal,81,161,1.9876543209876543
know,98,161,1.6428571428571428
glucose,36,161,4.472222222222222
advocate,103,161,1.5631067961165048
aspect,92,161,1.75
induction,31,161,5.193548387096774
objective,77,160,2.0779220779220777
screen,97,160,1.6494845360824741
note,99,159,1.606060606060606
brca,30,159,5.3
toxic,94,159,1.6914893617021276
r00,15,159,10.6
commitment,89,159,1.7865168539325842
vascular,35,159,4.542857142857143
implementation,87,158,1.8160919540229885
conventional,56,158,2.8214285714285716
acid,62,158,2.5483870967741935
oncogene,35,158,4.514285714285714
multi,85,158,1.8588235294117648
animal,93,158,1.6989247311827957
pleural,15,157,10.466666666666667
innovative,115,156,1.3565217391304347
recipient,44,156,3.5454545454545454
engineering,51,156,3.0588235294117645
parp,24,156,6.5
mastectomy,19,156,8.210526315789474
percentage,83,156,1.8795180722891567
magnetic,72,155,2.1527777777777777
edge,56,155,2.767857142857143
secondhand,18,155,8.61111111111111
brentuximab,20,155,7.75
superior,37,155,4.1891891891891895
limitation,89,155,1.7415730337078652
eligibility,60,155,2.5833333333333335
thank,53,155,2.9245283018867925
stromal,43,154,3.5813953488372094
task,78,154,1.9743589743589745
highlight,113,154,1.3628318584070795
cohosh,4,154,38.5
resonance,71,154,2.1690140845070425
randomized,54,153,2.8333333333333335
correlation,46,153,3.3260869565217392
ebv,14,153,10.928571428571429
burkitt,16,153,9.5625
validation,59,152,2.5762711864406778
visual,107,152,1.4205607476635513
beta,34,152,4.470588235294118
concept,91,152,1.6703296703296704
signature,42,152,3.619047619047619
bacteria,35,152,4.3428571428571425
inflammation,80,151,1.8875
allogeneic,18,151,8.38888888888889
experiment,95,151,1.5894736842105264
susceptibility,31,151,4.870967741935484
crchd,24,151,6.291666666666667
easy,97,151,1.556701030927835
chemical,69,150,2.1739130434782608
retinoblastoma,15,150,10.0
path,62,150,2.4193548387096775
ultrasound,48,150,3.125
atlas,68,150,2.2058823529411766
monoclonal,54,150,2.7777777777777777
abdomen,53,150,2.830188679245283
difficulty,72,150,2.0833333333333335
med,45,149,3.311111111111111
confidence,63,149,2.365079365079365
dyspnea,14,149,10.642857142857142
college,72,148,2.0555555555555554
foundation,90,148,1.6444444444444444
enlarge,82,148,1.8048780487804879
routine,82,148,1.8048780487804879
helpful,93,148,1.5913978494623655
daily,74,148,2.0
middle,91,147,1.6153846153846154
replacement,35,147,4.2
pathol,21,147,7.0
m.p.h,89,147,1.651685393258427
prediction,47,146,3.106382978723404
tip,79,146,1.8481012658227849
metabolic,41,146,3.5609756097560976
opioid,18,146,8.11111111111111
contrast,75,146,1.9466666666666668
rapid,92,145,1.576086956521739
remove,78,145,1.858974358974359
background,95,145,1.5263157894736843
race,69,144,2.0869565217391304
extension,36,144,4.0
rectum,36,144,4.0
postdoctoral,48,143,2.9791666666666665
entity,24,143,5.958333333333333
multicenter,43,143,3.3255813953488373
aim,88,143,1.625
concurrent,21,142,6.761904761904762
blind,32,142,4.4375
awareness,82,142,1.7317073170731707
bcr,10,142,14.2
distinctive,11,141,12.818181818181818
proportion,62,141,2.274193548387097
institutional,58,141,2.4310344827586206
carboplatin,30,141,4.7
symposium,45,141,3.1333333333333333
extra,66,141,2.1363636363636362
mole,19,141,7.421052631578948
power,80,141,1.7625
pre,73,141,1.9315068493150684
interesting,58,141,2.4310344827586206
k99,30,140,4.666666666666667
v600e,12,140,11.666666666666666
structural,53,140,2.641509433962264
business,55,140,2.5454545454545454
morbidity,39,139,3.5641025641025643
situation,84,139,1.6547619047619047
steroid,44,139,3.159090909090909
regulation,62,139,2.2419354838709675
ethnic,65,139,2.1384615384615384
rectal,27,139,5.148148148148148
era,68,139,2.0441176470588234
aged,46,138,3.0
kaposi,17,138,8.117647058823529
maintenance,48,138,2.875
flow,57,138,2.4210526315789473
pressure,69,138,2.0
belief,55,137,2.4909090909090907
opinion,53,137,2.5849056603773586
associated,43,137,3.186046511627907
residual,39,137,3.5128205128205128
referral,56,137,2.4464285714285716
epigenetic,34,137,4.029411764705882
investigation,72,137,1.9027777777777777
driver,69,137,1.9855072463768115
beam,46,137,2.9782608695652173
sequence,59,136,2.305084745762712
cessation,43,136,3.1627906976744184
longitudinal,27,136,5.037037037037037
insomnia,8,136,17.0
radiat,12,136,11.333333333333334
phy,14,135,9.642857142857142
preoperative,20,135,6.75
teratoma,4,135,33.75
severity,40,135,3.375
origin,56,135,2.4107142857142856
predictive,46,135,2.9347826086956523
chordoma,11,135,12.272727272727273
successful,85,135,1.588235294117647
subject,62,135,2.1774193548387095
allele,16,135,8.4375
tcga,37,134,3.6216216216216215
psychosocial,26,134,5.153846153846154
alive,86,134,1.558139534883721
ccdi,15,134,8.933333333333334
variable,49,133,2.7142857142857144
abvd,3,133,44.333333333333336
bereavement,8,132,16.5
fellowship,60,132,2.2
wall,51,132,2.588235294117647
cross,54,132,2.4444444444444446
indication,64,132,2.0625
extensive,66,132,2.0
production,83,132,1.5903614457831325
f99,26,132,5.076923076923077
platinum,38,132,3.473684210526316
bleomycin,12,131,10.916666666666666
majority,81,131,1.617283950617284
neurocognitive,5,131,26.2
request,67,130,1.9402985074626866
k00,26,130,5.0
intermediate,36,130,3.611111111111111
dietary,30,130,4.333333333333333
conduct,107,130,1.2149532710280373
selection,64,130,2.03125
glioblastoma,49,129,2.63265306122449
innovation,81,129,1.5925925925925926
essential,94,129,1.372340425531915
mutant,37,129,3.4864864864864864
spectrum,52,129,2.480769230769231
urinary,32,129,4.03125
rest,69,129,1.8695652173913044
hand,91,128,1.4065934065934067
fund,74,127,1.7162162162162162
count,63,127,2.015873015873016
consequence,69,127,1.8405797101449275
trouble,55,127,2.309090909090909
sense,82,127,1.548780487804878
separate,77,127,1.6493506493506493
birth,46,127,2.760869565217391
pleuropulmonary,11,127,11.545454545454545
absence,45,127,2.8222222222222224
recovery,58,127,2.189655172413793
thought,67,126,1.8805970149253732
optimal,74,126,1.7027027027027026
schedule,69,126,1.826086956521739
vomiting,49,126,2.5714285714285716
blue,62,125,2.0161290322580645
neuropathol,4,125,31.25
blastoma,11,125,11.363636363636363
complicated,35,125,3.5714285714285716
start,89,125,1.404494382022472
adrenal,29,125,4.310344827586207
infusion,65,125,1.9230769230769231
aberration,18,125,6.944444444444445
genotype,23,124,5.391304347826087
rural,42,124,2.9523809523809526
modality,35,124,3.5428571428571427
fiscal,70,124,1.7714285714285714
ovary,31,124,4.0
vedotin,16,124,7.75
kid,44,123,2.7954545454545454
environmental,70,123,1.7571428571428571
length,69,123,1.7826086956521738
nodule,30,123,4.1
donor,23,123,5.3478260869565215
anti,60,123,2.05
tyrosine,37,123,3.324324324324324
spirituality,15,123,8.2
extracranial,8,123,15.375
announcement,56,123,2.1964285714285716
entire,80,122,1.525
stable,68,122,1.7941176470588236
regulatory,57,122,2.1403508771929824
break,82,121,1.475609756097561
tp53,11,121,11.0
jude,21,121,5.761904761904762
matter,78,121,1.5512820512820513
direction,81,121,1.4938271604938271
precursor,29,121,4.172413793103448
moderate,37,121,3.27027027027027
menopause,20,121,6.05
likelihood,58,121,2.086206896551724
base,67,121,1.8059701492537314
promise,86,121,1.4069767441860466
multidisciplinary,68,120,1.7647058823529411
crlf2,4,120,30.0
nasal,12,120,10.0
istock,118,120,1.0169491525423728
match,54,120,2.2222222222222223
bit,36,119,3.3055555555555554
intestinal,28,119,4.25
evolution,62,119,1.9193548387096775
fever,62,119,1.9193548387096775
histological,28,119,4.25
turn,39,119,3.051282051282051
transcription,22,119,5.409090909090909
hepatitis,22,119,5.409090909090909
leukaemia,7,119,17.0
ibrutinib,19,118,6.2105263157894735
runx1,2,118,59.0
basal,25,118,4.72
possibility,89,118,1.3258426966292134
preventive,60,117,1.95
paclitaxel,15,117,7.8
account,82,117,1.4268292682926829
dimension,17,117,6.882352941176471
infrastructure,69,117,1.6956521739130435
inferior,17,117,6.882352941176471
pheochromocytoma,8,116,14.5
autologous,17,116,6.823529411764706
suicide,7,116,16.571428571428573
ikzf1,3,116,38.666666666666664
participation,60,116,1.9333333333333333
force,66,116,1.7575757575757576
etoposide,28,115,4.107142857142857
wilms,6,115,19.166666666666668
deep,75,115,1.5333333333333334
baseline,30,115,3.8333333333333335
injury,27,114,4.222222222222222
advantage,82,114,1.3902439024390243
pandemic,33,114,3.4545454545454546
advisory,76,114,1.5
density,18,114,6.333333333333333
elevated,36,114,3.1666666666666665
intestine,42,114,2.7142857142857144
docetaxel,16,113,7.0625
preclinical,69,113,1.6376811594202898
gemcitabine,19,113,5.947368421052632
pineal,14,113,8.071428571428571
hypertension,21,113,5.380952380952381
piece,70,113,1.6142857142857143
thyroidectomy,10,113,11.3
imatinib,31,113,3.6451612903225805
suppressor,34,113,3.323529411764706
persistent,52,113,2.173076923076923
msh2,1,113,113.0
bias,32,112,3.5
underwent,36,112,3.111111111111111
core,59,112,1.8983050847457628
compound,48,112,2.3333333333333335
anemia,58,112,1.9310344827586208
array,33,112,3.393939393939394
triple,41,112,2.731707317073171
job,61,112,1.8360655737704918
device,53,112,2.1132075471698113
minority,58,112,1.9310344827586208
rfa,23,111,4.826086956521739
urine,37,111,3.0
hypothyroidism,20,111,5.55
myelodysplastic,30,111,3.7
speed,48,111,2.3125
gut,29,111,3.8275862068965516
intraocular,11,111,10.090909090909092
mammogram,22,111,5.045454545454546
principal,71,110,1.5492957746478873
endoscopic,17,110,6.470588235294118
dexamethasone,21,110,5.238095238095238
mmr,1,110,110.0
appointment,64,110,1.71875
lip,24,109,4.541666666666667
face,76,109,1.4342105263157894
senior,81,109,1.345679012345679
graduate,34,109,3.2058823529411766
microsatellite,19,109,5.7368421052631575
live,74,109,1.472972972972973
tnm,11,109,9.909090909090908
atypical,26,109,4.1923076923076925
pheo,2,109,54.5
advocacy,49,108,2.204081632653061
nuclear,55,108,1.9636363636363636
responsible,72,108,1.5
dependent,54,108,2.0
contribution,67,108,1.6119402985074627
enrollment,61,108,1.7704918032786885
disturbance,14,107,7.642857142857143
minimal,49,107,2.183673469387755
agreement,68,107,1.5735294117647058
kmt2a,3,107,35.666666666666664
premature,23,106,4.608695652173913
notice,59,106,1.7966101694915255
administrative,50,106,2.12
immature,22,106,4.818181818181818
sound,49,106,2.163265306122449
thin,47,106,2.25531914893617
adjustment,29,106,3.6551724137931036
mesothelioma,11,105,9.545454545454545
industry,45,105,2.3333333333333335
hcmi,9,105,11.666666666666666
hum,12,105,8.75
department,70,105,1.5
true,76,105,1.381578947368421
hepatoblastoma,5,105,21.0
proteomic,29,105,3.6206896551724137
intramural,54,105,1.9444444444444444
transfer,54,105,1.9444444444444444
unilateral,16,105,6.5625
facilitate,74,105,1.4189189189189189
neuropathy,31,105,3.3870967741935485
conditioning,10,104,10.4
metab,12,104,8.666666666666666
sharing,65,104,1.6
drive,83,104,1.2530120481927711
etv6,4,104,26.0
axillary,6,104,17.333333333333332
cholesterol,15,104,6.933333333333334
salary,31,104,3.3548387096774195
heterogeneity,34,103,3.0294117647058822
pilot,52,103,1.9807692307692308
computed,56,103,1.8392857142857142
unfavorable,17,103,6.0588235294117645
egfr,40,103,2.575
shh,7,103,14.714285714285714
manifestation,19,103,5.421052631578948
daratumumab,14,103,7.357142857142857
desmoid,13,103,7.923076923076923
methotrexate,16,103,6.4375
instability,29,103,3.5517241379310347
meningioma,14,102,7.285714285714286
consultation,31,102,3.2903225806451615
oropharyngeal,29,102,3.5172413793103448
statistical,71,102,1.4366197183098592
idh,15,102,6.8
rituximab,21,102,4.857142857142857
dicer1,4,102,25.5
deficit,11,102,9.272727272727273
duplication,21,101,4.809523809523809
formation,62,101,1.6290322580645162
vision,59,101,1.7118644067796611
gastroenterology,11,101,9.181818181818182
artificial,51,101,1.9803921568627452
brief,73,100,1.36986301369863
somatostatin,12,100,8.333333333333334
respiratory,33,100,3.0303030303030303
sexual,31,100,3.225806451612903
spotlight,66,100,1.5151515151515151
r01,27,100,3.7037037037037037
learning,65,100,1.5384615384615385
gist,16,100,6.25
integrative,48,100,2.0833333333333335
night,39,100,2.5641025641025643
equivalent,41,100,2.4390243902439024
mutational,27,99,3.6666666666666665
green,48,99,2.0625
locus,12,99,8.25
manual,16,99,6.1875
parathyroid,7,99,14.142857142857142
paranasal,8,99,12.375
uncommon,33,99,3.0
nut,21,99,4.714285714285714
intelligence,43,99,2.302325581395349
lifestyle,39,99,2.5384615384615383
facility,51,98,1.9215686274509804
seq,14,98,7.0
select,56,98,1.75
dye,35,98,2.8
sufficient,65,98,1.5076923076923077
introduction,54,98,1.8148148148148149
cbt,9,98,10.88888888888889
cytokine,31,97,3.129032258064516
protection,45,97,2.1555555555555554
osteosarcoma,12,97,8.083333333333334
olaparib,17,97,5.705882352941177
symptomatic,20,97,4.85
aya,17,97,5.705882352941177
depressive,12,97,8.083333333333334
bloodstream,56,97,1.7321428571428572
nanoparticle,22,97,4.409090909090909
hydrochloride,24,96,4.0
gap,72,96,1.3333333333333333
law,48,96,2.0
making,34,96,2.823529411764706
layer,40,96,2.4
pathological,17,96,5.647058823529412
gdc,20,96,4.8
nutrition,39,96,2.4615384615384617
north,53,96,1.8113207547169812
dataset,45,96,2.1333333333333333
midline,22,96,4.363636363636363
invasion,27,95,3.5185185185185186
esophagus,37,95,2.5675675675675675
oxygen,41,95,2.317073170731707
mission,60,95,1.5833333333333333
sort,40,95,2.375
speciman,39,95,2.4358974358974357
fulvestrant,4,95,23.75
centimeter,14,95,6.785714285714286
sir,3,95,31.666666666666668
plasma,30,94,3.1333333333333333
interactive,59,94,1.5932203389830508
hepatic,18,94,5.222222222222222
modification,47,94,2.0
proton,21,94,4.476190476190476
false,42,94,2.238095238095238
kit,25,94,3.76
consumption,22,94,4.2727272727272725
autoimmune,27,94,3.4814814814814814
measurement,43,94,2.186046511627907
lymphoid,28,94,3.357142857142857
interim,35,94,2.6857142857142855
diffuse,31,94,3.032258064516129
german,18,94,5.222222222222222
initiation,46,94,2.0434782608695654
instance,72,94,1.3055555555555556
usual,41,94,2.292682926829268
availability,72,94,1.3055555555555556
mismatch,19,93,4.894736842105263
developmental,51,93,1.8235294117647058
penetrance,14,93,6.642857142857143
abemaciclib,10,93,9.3
mind,68,93,1.3676470588235294
chair,51,93,1.8235294117647058
grand,26,93,3.576923076923077
dissection,20,93,4.65
atezolizumab,29,93,3.206896551724138
lymphocyte,30,93,3.1
gross,19,93,4.894736842105263
undergone,39,93,2.3846153846153846
menopausal,16,93,5.8125
appendix,13,93,7.153846153846154
mixed,37,92,2.4864864864864864
movement,44,92,2.090909090909091
clue,69,92,1.3333333333333333
ductal,30,92,3.066666666666667
track,62,92,1.4838709677419355
oliver,22,92,4.181818181818182
anticancer,56,92,1.6428571428571428
lmic,15,92,6.133333333333334
ccg,40,91,2.275
abiraterone,13,91,7.0
hyperparathyroidism,4,91,22.75
meaningful,70,91,1.3
nf1,16,91,5.6875
assistance,50,91,1.82
progressive,35,91,2.6
mineral,15,91,6.066666666666666
wnt,6,91,15.166666666666666
epithelial,48,91,1.8958333333333333
monitoring,58,91,1.5689655172413792
covid-19,28,91,3.25
informatic,32,90,2.8125
membrane,46,90,1.9565217391304348
venetoclax,14,90,6.428571428571429
simple,65,90,1.3846153846153846
room,62,90,1.4516129032258065
digestive,47,90,1.9148936170212767
durvalumab,11,90,8.181818181818182
hemangioma,4,90,22.5
assay,49,90,1.836734693877551
echo,27,90,3.3333333333333335
mild,48,89,1.8541666666666667
unusual,64,89,1.390625
contralateral,15,89,5.933333333333334
diversity,57,89,1.5614035087719298
culture,52,89,1.7115384615384615
emergency,33,89,2.696969696969697
papillomavirus,58,89,1.5344827586206897
feeling,40,89,2.225
suppression,27,88,3.259259259259259
mapk,9,88,9.777777777777779
mpal,2,88,44.0
workforce,42,88,2.0952380952380953
alpha,29,88,3.0344827586206895
nup98,2,88,44.0
millimeter,7,88,12.571428571428571
property,47,88,1.872340425531915
paediatric,22,88,4.0
assess,60,88,1.4666666666666666
fecal,11,88,8.0
perception,24,88,3.6666666666666665
nodal,16,88,5.5
balance,62,88,1.4193548387096775
postdoc,21,88,4.190476190476191
gender,28,88,3.142857142857143
capacity,46,88,1.9130434782608696
stroke,24,88,3.6666666666666665
applicable,64,87,1.359375
ewing,17,87,5.117647058823529
toxin,31,87,2.806451612903226
healthcare,66,87,1.3181818181818181
executive,40,87,2.175
word,58,87,1.5
inhibition,38,87,2.289473684210526
excision,26,87,3.3461538461538463
gonadal,9,86,9.555555555555555
suppl,32,86,2.6875
message,56,86,1.5357142857142858
mature,18,86,4.777777777777778
protective,35,86,2.4571428571428573
bind,65,86,1.323076923076923
histone,19,86,4.526315789473684
cancerous,60,86,1.4333333333333333
exon,16,86,5.375
reproductive,30,86,2.8666666666666667
associate,61,86,1.4098360655737705
emission,40,85,2.125
uptake,39,85,2.1794871794871793
look,61,85,1.3934426229508197
pd-1,37,85,2.2972972972972974
seminar,31,85,2.7419354838709675
building,67,85,1.2686567164179106
resolution,41,85,2.073170731707317
equity,44,85,1.9318181818181819
emotion,44,85,1.9318181818181819
box,38,84,2.210526315789474
kill,56,84,1.5
ready,55,84,1.5272727272727273
oncogenic,27,84,3.111111111111111
europe,57,84,1.4736842105263157
guest,26,84,3.230769230769231
music,29,84,2.896551724137931
wave,40,84,2.1
men2a,6,84,14.0
counselor,45,84,1.8666666666666667
girl,31,84,2.7096774193548385
delay,49,84,1.7142857142857142
county,12,84,7.0
adolescence,30,84,2.8
polymorphism,16,84,5.25
instrument,41,83,2.024390243902439
hair,20,83,4.15
mentorship,25,83,3.32
mrna,16,83,5.1875
calcium,29,83,2.8620689655172415
paraganglioma,7,83,11.857142857142858
sibling,15,83,5.533333333333333
universal,22,83,3.772727272727273
margin,19,83,4.368421052631579
unclear,48,83,1.7291666666666667
trametinib,20,83,4.15
serum,22,83,3.772727272727273
extramural,58,83,1.4310344827586208
hormonal,32,83,2.59375
rehabilitation,45,83,1.8444444444444446
hypothesis,58,83,1.4310344827586208
citizen,36,83,2.3055555555555554
aromatase,13,82,6.3076923076923075
web,52,82,1.5769230769230769
immediate,56,82,1.4642857142857142
psychooncology,14,82,5.857142857142857
outstanding,40,82,2.05
principle,48,82,1.7083333333333333
mammography,17,82,4.823529411764706
springer,14,82,5.857142857142857
observational,41,82,2.0
sequencing,44,82,1.8636363636363635
code,43,82,1.9069767441860466
ribociclib,12,81,6.75
officer,65,81,1.2461538461538462
hypothalamic,6,81,13.5
absolute,15,81,5.4
intake,25,81,3.24
thinking,43,81,1.8837209302325582
minute,48,81,1.6875
ajcc,8,81,10.125
worker,62,81,1.3064516129032258
traditional,60,81,1.35
microbiome,27,81,3.0
helicobacter,9,81,9.0
determinant,39,81,2.076923076923077
gynecologic,37,81,2.189189189189189
market,31,80,2.5806451612903225
posterior,9,80,8.88888888888889
processing,36,80,2.2222222222222223
submission,42,80,1.9047619047619047
letrozole,9,80,8.88888888888889
k01,29,80,2.7586206896551726
dense,23,80,3.4782608695652173
round,42,80,1.9047619047619047
overexpression,12,80,6.666666666666667
alliance,39,80,2.051282051282051
sentinel,12,79,6.583333333333333
pms2,1,79,79.0
antibiotic,26,79,3.0384615384615383
nonpolyposis,5,79,15.8
microscopy,35,79,2.257142857142857
limit,58,79,1.3620689655172413
congenital,8,79,9.875
endpoint,40,79,1.975
america,33,79,2.393939393939394
stool,17,79,4.647058823529412
representative,64,79,1.234375
appendiceal,7,79,11.285714285714286
inactivation,11,79,7.181818181818182
questionnaire,40,79,1.975
k27,3,79,26.333333333333332
myeloproliferative,5,78,15.6
synthetic,36,78,2.1666666666666665
androgen,19,78,4.105263157894737
numerous,55,78,1.4181818181818182
comparative,28,78,2.7857142857142856
radical,29,78,2.689655172413793
return,66,78,1.1818181818181819
dynamic,55,78,1.4181818181818182
mrd,7,78,11.142857142857142
private,59,78,1.3220338983050848
excellent,36,78,2.1666666666666665
targeted,56,78,1.3928571428571428
preliminary,52,78,1.5
comparable,29,78,2.689655172413793
occurrence,27,78,2.888888888888889
receipt,25,78,3.12
stratification,24,78,3.25
letter,33,77,2.3333333333333335
pertuzumab,6,77,12.833333333333334
chemistry,45,77,1.711111111111111
color,39,77,1.9743589743589745
dog,11,77,7.0
positron,40,77,1.925
pelvic,16,77,4.8125
anastrozole,5,77,15.4
attitude,20,77,3.85
translation,37,77,2.081081081081081
faculty,40,77,1.925
beneficial,48,77,1.6041666666666667
serotonin,11,76,6.909090909090909
infantile,9,76,8.444444444444445
asymptomatic,27,76,2.814814814814815
insufficiency,10,76,7.6
stigma,17,76,4.470588235294118
airway,20,76,3.8
nutrient,33,76,2.303030303030303
slow,60,76,1.2666666666666666
exceptional,23,76,3.3043478260869565
genitourinary,28,76,2.7142857142857144
curative,49,76,1.5510204081632653
dominant,14,76,5.428571428571429
rash,50,76,1.52
indolent,17,76,4.470588235294118
ethnicity,40,76,1.9
typical,39,76,1.9487179487179487
amin,8,76,9.5
indicator,41,75,1.829268292682927
shrink,54,75,1.3888888888888888
colectomy,4,75,18.75
peritoneal,32,75,2.34375
nanci,7,75,10.714285714285714
voice,42,75,1.7857142857142858
van,19,75,3.9473684210526314
infectious,51,75,1.4705882352941178
launch,53,75,1.4150943396226414
challenging,62,75,1.2096774193548387
moment,46,75,1.6304347826086956
slide,41,75,1.829268292682927
biochemical,19,75,3.9473684210526314
directive,12,75,6.25
breath,38,75,1.9736842105263157
virtual,50,75,1.5
couple,36,75,2.0833333333333335
fit,46,75,1.6304347826086956
lump,28,75,2.6785714285714284
nih.gov,71,75,1.056338028169014
finasteride,3,75,25.0
shape,46,74,1.608695652173913
throat,38,74,1.9473684210526316
cultural,26,74,2.8461538461538463
mypart,21,74,3.5238095238095237
mood,28,74,2.642857142857143
withdrawal,22,74,3.3636363636363638
concentration,35,74,2.1142857142857143
nationwide,41,74,1.8048780487804879
nevus,15,74,4.933333333333334
untreated,41,74,1.8048780487804879
neurological,19,74,3.8947368421052633
iiib,14,73,5.214285714285714
laryngeal,15,73,4.866666666666666
lineage,14,73,5.214285714285714
svcs,2,73,36.5
selective,32,73,2.28125
k12,7,73,10.428571428571429
capecitabine,11,73,6.636363636363637
legal,53,73,1.3773584905660377
viral,34,73,2.1470588235294117
postoperative,15,73,4.866666666666666
completion,29,73,2.5172413793103448
nilotinib,10,73,7.3
sodium,20,73,3.65
premenopausal,14,73,5.214285714285714
glioneuronal,4,73,18.25
selumetinib,16,73,4.5625
platelet,31,73,2.3548387096774195
seizure,22,73,3.3181818181818183
foreign,42,73,1.7380952380952381
adjacent,32,73,2.28125
headache,46,73,1.5869565217391304
manner,48,72,1.5
investment,45,72,1.6
scanner,30,72,2.4
collaborator,46,72,1.565217391304348
etiology,35,72,2.057142857142857
trainee,26,72,2.769230769230769
alveolar,15,72,4.8
unit,37,72,1.945945945945946
taxane,10,72,7.2
k08,7,72,10.285714285714286
vice,33,72,2.1818181818181817
peggy,1,72,72.0
specificity,22,72,3.272727272727273
neutropenia,34,72,2.1176470588235294
solution,60,72,1.2
epn,2,72,36.0
dm1,6,72,12.0
slot,56,72,1.2857142857142858
mtc,5,72,14.4
cough,28,72,2.5714285714285716
game,37,72,1.945945945945946
delirium,10,72,7.2
unable,52,72,1.3846153846153846
sorafenib,14,71,5.071428571428571
arch,27,71,2.6296296296296298
rathmell,12,71,5.916666666666667
kra,23,71,3.0869565217391304
fatal,53,71,1.3396226415094339
cava,5,71,14.2
uveal,13,71,5.461538461538462
cover,55,71,1.290909090909091
height,9,71,7.888888888888889
item,33,71,2.1515151515151514
shift,58,71,1.2241379310344827
summer,39,71,1.8205128205128205
definitive,52,71,1.3653846153846154
locoregional,10,70,7.0
prophylactic,20,70,3.5
promoter,11,70,6.363636363636363
boy,22,70,3.1818181818181817
portion,61,70,1.1475409836065573
fine,48,70,1.4583333333333333
aspirin,18,70,3.888888888888889
cytotoxic,32,70,2.1875
leg,34,70,2.0588235294117645
dental,13,70,5.384615384615385
htan,11,70,6.363636363636363
pgl,1,70,70.0
palliat,10,70,7.0
weak,46,69,1.5
journey,41,69,1.6829268292682926
alectinib,13,69,5.3076923076923075
manufacturer,54,69,1.2777777777777777
quantitative,38,69,1.8157894736842106
puberty,10,69,6.9
extragonadal,2,69,34.5
air,35,69,1.9714285714285715
listener,20,69,3.45
discipline,46,69,1.5
fold,23,69,3.0
overdiagnosis,28,69,2.4642857142857144
brca2,30,69,2.3
query,65,69,1.0615384615384615
psychotherapy,12,69,5.75
utility,45,69,1.5333333333333334
commun,12,69,5.75
nctn,20,69,3.45
careful,45,69,1.5333333333333334
sectional,14,68,4.857142857142857
cml,11,68,6.181818181818182
ask,37,68,1.837837837837838
anal,24,68,2.8333333333333335
mesylate,23,68,2.9565217391304346
continued,59,68,1.152542372881356
watchful,17,68,4.0
aware,51,68,1.3333333333333333
relation,36,68,1.8888888888888888
accessible,58,68,1.1724137931034482
drink,20,68,3.4
fraction,30,68,2.2666666666666666
nucleotide,16,68,4.25
conclusion,53,68,1.2830188679245282
probe,28,68,2.4285714285714284
autosomal,11,68,6.181818181818182
valuable,59,68,1.152542372881356
biallelic,6,68,11.333333333333334
lobe,17,67,3.9411764705882355
terminal,25,67,2.68
pancrea,30,67,2.2333333333333334
fnmtc,1,67,67.0
composition,26,67,2.576923076923077
pharmaceutical,54,67,1.2407407407407407
ribbon,24,67,2.7916666666666665
hematology,45,67,1.488888888888889
nose,22,67,3.0454545454545454
exemestane,4,67,16.75
ptc,6,67,11.166666666666666
lymphocytic,36,67,1.8611111111111112
robust,53,67,1.2641509433962264
classical,14,67,4.785714285714286
precancer,26,67,2.576923076923077
fluorouracil,17,67,3.9411764705882355
hyperplasia,17,67,3.9411764705882355
agonist,19,67,3.526315789473684
palbociclib,10,67,6.7
recording,29,67,2.310344827586207
exome,25,67,2.68
visualization,25,67,2.68
optic,14,67,4.785714285714286
sjlife,1,67,67.0
osimertinib,13,67,5.153846153846154
enhance,52,67,1.2884615384615385
pnet,11,66,6.0
actionable,30,66,2.2
hardship,12,66,5.5
bereaved,6,66,11.0
complexity,50,66,1.32
spindle,5,66,13.2
foxr2,2,66,33.0
crizotinib,21,66,3.142857142857143
africa,28,66,2.357142857142857
engagement,44,66,1.5
tumorigenesis,23,66,2.869565217391304
dysplastic,12,66,5.5
economic,30,66,2.2
vena,5,66,13.2
pelvis,29,66,2.2758620689655173
responder,24,66,2.75
unrelated,18,66,3.6666666666666665
cssi,16,66,4.125
interdisciplinary,31,66,2.129032258064516
distribution,34,66,1.9411764705882353
comorbiditie,15,66,4.4
lch,2,66,33.0
defect,31,66,2.129032258064516
cdc,28,66,2.357142857142857
electronic,41,66,1.6097560975609757
integration,40,66,1.65
join,47,65,1.3829787234042554
yield,31,65,2.096774193548387
algorithm,29,65,2.2413793103448274
corticosteroid,17,65,3.823529411764706
deputy,52,65,1.25
permanent,40,65,1.625
pcr,11,65,5.909090909090909
operation,49,65,1.3265306122448979
magnitude,31,65,2.096774193548387
love,31,65,2.096774193548387
fish,21,65,3.0952380952380953
dark,21,65,3.0952380952380953
dfs,5,65,13.0
immunohistochemistry,20,65,3.25
aug,29,65,2.2413793103448274
diaphragm,12,65,5.416666666666667
differentiation,21,65,3.0952380952380953
demographic,39,65,1.6666666666666667
appearance,38,65,1.7105263157894737
cebpa,3,65,21.666666666666668
transformation,39,65,1.6666666666666667
french,21,65,3.0952380952380953
diabetes,19,64,3.3684210526315788
scope,45,64,1.4222222222222223
supratentorial,6,64,10.666666666666666
precancerous,43,64,1.4883720930232558
hazard,29,64,2.206896551724138
hybridization,16,64,4.0
salvage,13,64,4.923076923076923
functioning,17,64,3.764705882352941
lenalidomide,13,64,4.923076923076923
aspiration,38,64,1.6842105263157894
mantle,17,64,3.764705882352941
angle,49,64,1.3061224489795917
mark,38,64,1.6842105263157894
detectable,33,64,1.9393939393939394
third,41,64,1.5609756097560976
myc,13,64,4.923076923076923
boost,27,64,2.3703703703703702
sun,20,64,3.2
quit,20,64,3.2
validity,18,64,3.5555555555555554
clonal,19,64,3.3684210526315788
macrophage,18,64,3.5555555555555554
epidemic,21,64,3.0476190476190474
dual,25,64,2.56
segment,40,63,1.575
transcriptional,16,63,3.9375
cup,10,63,6.3
pipeline,40,63,1.575
tbi,2,63,31.5
promyelocytic,5,63,12.6
asian,37,63,1.7027027027027026
weekly,37,63,1.7027027027027026
fear,35,63,1.8
lesson,46,63,1.3695652173913044
smokeless,16,63,3.9375
mll,5,63,12.6
keytruda,53,63,1.1886792452830188
powerful,50,63,1.26
octreotide,12,63,5.25
fruit,27,63,2.3333333333333335
ccr,38,63,1.6578947368421053
heavy,32,62,1.9375
prednisone,17,62,3.6470588235294117
pharmacological,12,62,5.166666666666667
imat,13,62,4.769230769230769
pten,11,62,5.636363636363637
bright,37,62,1.6756756756756757
rule,38,62,1.631578947368421
dissemination,41,62,1.5121951219512195
pineoblastoma,6,62,10.333333333333334
sugar,36,62,1.7222222222222223
contract,38,62,1.631578947368421
enhancer,8,62,7.75
impaction,3,62,20.666666666666668
responsibility,53,62,1.169811320754717
rich,44,62,1.4090909090909092
campus,39,62,1.5897435897435896
hospitalization,16,62,3.875
linkage,21,62,2.9523809523809526
asia,26,62,2.3846153846153846
prophylaxis,6,62,10.333333333333334
switch,29,61,2.103448275862069
breathing,29,61,2.103448275862069
idh1,12,61,5.083333333333333
jones,29,61,2.103448275862069
suicidal,4,61,15.25
conjugate,26,61,2.3461538461538463
laser,19,61,3.210526315789474
acp,2,61,30.5
artery,16,61,3.8125
amazing,27,61,2.259259259259259
ill,17,61,3.588235294117647
catalog,20,61,3.05
hematol,22,61,2.772727272727273
jama,54,61,1.1296296296296295
pathogenesis,18,61,3.388888888888889
sweat,18,61,3.388888888888889
ifosfamide,11,61,5.545454545454546
recognition,40,60,1.5
excited,37,60,1.6216216216216217
relief,24,60,2.5
nccn,13,60,4.615384615384615
sbir,16,60,3.75
specialized,45,60,1.3333333333333333
fight,52,60,1.1538461538461537
adherence,23,60,2.608695652173913
qol,7,60,8.571428571428571
intergroup,11,60,5.454545454545454
gamma,18,60,3.3333333333333335
iodine,19,60,3.1578947368421053
juvenile,9,60,6.666666666666667
lenvatinib,8,60,7.5
epidermal,19,60,3.1578947368421053
rodriguez,29,60,2.0689655172413794
hepatocellular,17,60,3.5294117647058822
predominant,16,60,3.75
multicentre,15,60,4.0
skull,21,60,2.857142857142857
addiction,24,60,2.5
odd,27,60,2.2222222222222223
fundamental,49,60,1.2244897959183674
veteran,25,59,2.36
accuracy,33,59,1.7878787878787878
tmem,3,59,19.666666666666668
couch,8,59,7.375
card,33,59,1.7878787878787878
spleen,18,59,3.2777777777777777
webinar,36,59,1.6388888888888888
software,30,59,1.9666666666666666
framework,40,59,1.475
satisfaction,11,59,5.363636363636363
practical,49,59,1.2040816326530612
ncorp,28,59,2.107142857142857
esmo,16,59,3.6875
erg,3,59,19.666666666666668
water,30,59,1.9666666666666666
assistant,36,59,1.6388888888888888
geographic,40,59,1.475
modest,50,59,1.18
transcript,28,59,2.107142857142857
modeling,29,59,2.0344827586206895
tandem,11,58,5.2727272727272725
build,53,58,1.0943396226415094
undergo,38,58,1.5263157894736843
ipsilateral,5,58,11.6
multigene,9,58,6.444444444444445
dramatic,52,58,1.1153846153846154
psychiatric,8,58,7.25
monitor,47,58,1.2340425531914894
focal,15,58,3.8666666666666667
dinutuximab,6,58,9.666666666666666
nasopharynx,6,58,9.666666666666666
mother,34,58,1.7058823529411764
art,43,58,1.3488372093023255
investigational,43,58,1.3488372093023255
twitter,28,58,2.0714285714285716
inclusion,45,58,1.288888888888889
subcutaneous,18,58,3.2222222222222223
chain,19,58,3.0526315789473686
speaker,37,58,1.5675675675675675
booklet,29,58,2.0
bioinformatics,33,58,1.7575757575757576
hypermethylation,7,58,8.285714285714286
thick,11,57,5.181818181818182
radio,40,57,1.425
proliferation,32,57,1.78125
reduced,21,57,2.7142857142857144
duct,28,57,2.0357142857142856
mutyh,2,57,28.5
century,52,57,1.0961538461538463
busulfan,3,57,19.0
reliable,39,57,1.4615384615384615
brown,26,57,2.1923076923076925
metnet,11,57,5.181818181818182
improved,40,57,1.425
trigger,34,57,1.6764705882352942
discontinuation,18,57,3.1666666666666665
comfortable,37,57,1.5405405405405406
fall,45,57,1.2666666666666666
tremendous,49,57,1.163265306122449
unexpected,33,57,1.7272727272727273
unresectable,23,57,2.4782608695652173
promising,54,57,1.0555555555555556
crisis,28,56,2.0
connection,44,56,1.2727272727272727
low-,33,56,1.696969696969697
prevalent,32,56,1.75
reconstruction,13,56,4.3076923076923075
uniform,37,56,1.5135135135135136
sensory,19,56,2.9473684210526314
spot,37,56,1.5135135135135136
q22,2,56,28.0
ecosystem,22,56,2.5454545454545454
dceg,28,56,2.0
worry,29,56,1.9310344827586208
huge,41,56,1.3658536585365855
bacterial,23,56,2.4347826086956523
midostaurin,8,56,7.0
find,49,56,1.1428571428571428
sac,18,56,3.111111111111111
cabozantinib,9,56,6.222222222222222
monosomy,2,56,28.0
injection,33,56,1.696969696969697
haematologica,5,56,11.2
reporting,34,56,1.6470588235294117
synovial,12,56,4.666666666666667
osteonecrosis,3,56,18.666666666666668
lens,29,56,1.9310344827586208
visa,18,55,3.0555555555555554
outreach,35,55,1.5714285714285714
desire,25,55,2.2
subscribe,55,55,1.0
remarkable,47,55,1.1702127659574468
expectancy,20,55,2.75
apparent,33,55,1.6666666666666667
smarcb1,4,55,13.75
anticipatory,5,55,11.0
inheritance,15,55,3.6666666666666665
nsclc,20,55,2.75
psa,12,55,4.583333333333333
chemo,40,55,1.375
fallopian,26,55,2.1153846153846154
sclc,7,55,7.857142857142857
anterior,14,55,3.9285714285714284
winslow,50,55,1.1
sequela,12,55,4.583333333333333
subjective,13,55,4.230769230769231
dimensional,32,55,1.71875
socioeconomic,29,55,1.896551724137931
deficient,19,55,2.8947368421052633
spatial,20,55,2.75
dabrafenib,17,55,3.235294117647059
painful,39,55,1.4102564102564104
continuous,33,55,1.6666666666666667
expectation,34,55,1.6176470588235294
colonic,8,55,6.875
ablation,14,55,3.9285714285714284
fuel,30,55,1.8333333333333333
reality,41,54,1.3170731707317074
trajectory,30,54,1.8
drop,46,54,1.173913043478261
exclusive,14,54,3.857142857142857
academia,32,54,1.6875
interpretation,27,54,2.0
terese,49,54,1.1020408163265305
edition,25,54,2.16
widespread,35,54,1.542857142857143
swog,17,54,3.176470588235294
lethal,39,54,1.3846153846153846
sequential,15,54,3.6
fantastic,17,54,3.176470588235294
unnecessary,39,54,1.3846153846153846
lie,31,54,1.7419354838709677
tiny,45,54,1.2
dry,27,54,2.0
phenomenon,40,54,1.35
adulthood,13,54,4.153846153846154
shortness,29,54,1.8620689655172413
chemoprevention,9,54,6.0
minor,25,54,2.16
jan,26,54,2.076923076923077
rev,19,54,2.8421052631578947
emphasis,41,54,1.3170731707317074
drs,41,54,1.3170731707317074
regulator,20,54,2.7
examine,43,54,1.255813953488372
tert,3,54,18.0
pneumonitis,13,53,4.076923076923077
sharpless,22,53,2.409090909090909
mobile,19,53,2.789473684210526
capsule,17,53,3.1176470588235294
duodenum,6,53,8.833333333333334
responsive,30,53,1.7666666666666666
intense,38,53,1.394736842105263
psychologist,42,53,1.2619047619047619
milestone,32,53,1.65625
finance,13,53,4.076923076923077
inadequate,26,53,2.0384615384615383
restriction,33,53,1.606060606060606
nov,37,53,1.4324324324324325
depth,36,53,1.4722222222222223
immunology,41,53,1.2926829268292683
elimination,22,53,2.409090909090909
wild,14,53,3.7857142857142856
explore,46,53,1.1521739130434783
flat,24,53,2.2083333333333335
adequate,37,53,1.4324324324324325
cutaneous,24,53,2.2083333333333335
radiofrequency,4,53,13.25
weakness,39,52,1.3333333333333333
transporter,7,52,7.428571428571429
religion,10,52,5.2
minimum,39,52,1.3333333333333333
fast,38,52,1.368421052631579
prescription,20,52,2.6
shrank,40,52,1.3
biospecimen,24,52,2.1666666666666665
histiocytosis,5,52,10.4
zhang,14,52,3.7142857142857144
quarter,46,52,1.1304347826086956
explanation,28,52,1.8571428571428572
indirect,35,52,1.4857142857142858
beckwith,5,52,10.4
vegetable,15,52,3.466666666666667
internet,19,52,2.736842105263158
youth,27,52,1.9259259259259258
native,35,52,1.4857142857142858
patient,49,52,1.0612244897959184
preservation,21,52,2.4761904761904763
wiedemann,5,52,10.4
mitochondrion,10,52,5.2
vincristine,20,52,2.6
placeholder,52,52,1.0
epidemiol,16,52,3.25
cptac,10,52,5.2
transfusion,14,52,3.7142857142857144
serf,44,51,1.1590909090909092
tongue,12,51,4.25
oncolytic,11,51,4.636363636363637
cataract,9,51,5.666666666666667
correct,31,51,1.6451612903225807
strategic,31,51,1.6451612903225807
analogue,13,51,3.923076923076923
nccr,21,51,2.4285714285714284
gastroenterol,10,51,5.1
mirna,8,51,6.375
heterogeneous,21,51,2.4285714285714284
fracture,18,51,2.8333333333333335
breakthrough,44,51,1.1590909090909092
teratoid,10,51,5.1
photodynamic,9,51,5.666666666666667
rise,37,51,1.3783783783783783
biosimilar,3,51,17.0
fair,23,51,2.217391304347826
explorer,29,51,1.7586206896551724
set,45,51,1.1333333333333333
supply,39,51,1.3076923076923077
library,27,51,1.8888888888888888
anatomy,34,50,1.4705882352941178
cerebrospinal,20,50,2.5
particle,28,50,1.7857142857142858
companion,31,50,1.6129032258064515
incomplete,36,50,1.3888888888888888
biologist,27,50,1.8518518518518519
fam,7,50,7.142857142857143
adt,6,50,8.333333333333334
limb,13,50,3.8461538461538463
bogler,19,50,2.6315789473684212
mol,14,50,3.5714285714285716
intravenous,25,50,2.0
calcitonin,6,50,8.333333333333334
codon,6,50,8.333333333333334
fiber,26,50,1.9230769230769231
ther,22,50,2.272727272727273
segmental,9,50,5.555555555555555
pneumonia,23,50,2.1739130434782608
think,25,50,2.0
catheter,17,50,2.9411764705882355
store,38,50,1.3157894736842106
outpatient,24,50,2.0833333333333335
dialogue,28,50,1.7857142857142858
sep,19,50,2.6315789473684212
repository,36,50,1.3888888888888888
crucial,39,50,1.2820512820512822
window,30,49,1.6333333333333333
dec,32,49,1.53125
intrinsic,23,49,2.130434782608696
blast,6,49,8.166666666666666
uterine,22,49,2.227272727272727
preparation,27,49,1.8148148148148149
avenue,41,49,1.1951219512195121
door,27,49,1.8148148148148149
myeloablative,5,49,9.8
inotuzumab,7,49,7.0
myofibroblastic,9,49,5.444444444444445
revision,20,49,2.45
optional,20,49,2.45
appetite,29,49,1.6896551724137931
immunity,32,49,1.53125
ependymomas,7,49,7.0
advisor,33,49,1.4848484848484849
cll,14,49,3.5
undergraduate,20,49,2.45
epidemiological,36,49,1.3611111111111112
specimen,29,49,1.6896551724137931
independence,19,49,2.5789473684210527
foot,37,49,1.3243243243243243
serous,16,48,3.0
faq,37,48,1.2972972972972974
dmmr,10,48,4.8
ras,10,48,4.8
desmoplastic,10,48,4.8
define,24,48,2.0
cold,32,48,1.5
exception,27,48,1.7777777777777777
enteritis,4,48,12.0
house,31,48,1.5483870967741935
testosterone,16,48,3.0
achievement,28,48,1.7142857142857142
verbal,6,48,8.0
nra,11,48,4.363636363636363
commercial,35,48,1.3714285714285714
fusobacterium,5,48,9.6
opdivo,40,48,1.2
adv,13,48,3.6923076923076925
vital,37,48,1.2972972972972974
afap,1,48,48.0
jul,22,48,2.1818181818181817
later,29,48,1.6551724137931034
sponsor,16,48,3.0
esthesioneuroblastoma,4,48,12.0
upcoming,39,48,1.2307692307692308
radiopharmaceutical,6,48,8.0
atla,34,48,1.411764705882353
rara,2,48,24.0
bortezomib,14,48,3.4285714285714284
polymerase,10,48,4.8
mar,37,48,1.2972972972972974
deal,39,48,1.2307692307692308
stat,14,48,3.4285714285714284
csf,12,48,4.0
junior,21,47,2.238095238095238
calm,8,47,5.875
armstrong,19,47,2.473684210526316
edt,1,47,47.0
relevance,33,47,1.4242424242424243
sector,34,47,1.3823529411764706
dutch,11,47,4.2727272727272725
affordable,29,47,1.6206896551724137
bed,25,47,1.88
epcam,1,47,47.0
neuropsychological,3,47,15.666666666666666
icure,13,47,3.6153846153846154
nursing,27,47,1.7407407407407407
extracolonic,1,47,47.0
fluorescent,24,47,1.9583333333333333
relaxation,16,47,2.9375
heterozygosity,8,47,5.875
offer,40,47,1.175
waiting,21,47,2.238095238095238
decitabine,8,47,5.875
uncertainty,35,47,1.3428571428571427
relieve,23,47,2.0434782608695654
psychiatry,8,47,5.875
fun,21,47,2.238095238095238
dysplasia,8,47,5.875
ultrasonography,13,47,3.6153846153846154
thymus,17,47,2.764705882352941
concomitant,18,47,2.611111111111111
fossa,5,47,9.4
neutrophil,10,47,4.7
diameter,20,47,2.35
actual,33,47,1.4242424242424243
analyze,32,46,1.4375
overweight,12,46,3.8333333333333335
altered,18,46,2.5555555555555554
mtor,13,46,3.5384615384615383
sneh,2,46,23.0
amkl,2,46,23.0
epidemiologic,27,46,1.7037037037037037
spontaneous,11,46,4.181818181818182
durable,28,46,1.6428571428571428
photon,10,46,4.6
patel,16,46,2.875
aacr,26,46,1.7692307692307692
borden,2,46,23.0
accumulation,29,46,1.5862068965517242
fatty,16,46,2.875
iarc,18,46,2.5555555555555554
feasibility,37,46,1.2432432432432432
pdac,6,46,7.666666666666667
proteogenomic,12,46,3.8333333333333335
speech,25,46,1.84
underlying,25,46,1.84
coordination,36,46,1.2777777777777777
manu,2,46,23.0
pill,36,46,1.2777777777777777
jmml,2,46,23.0
contemporary,18,46,2.5555555555555554
pan,21,46,2.1904761904761907
italian,23,46,2.0
everolimus,13,45,3.4615384615384617
assignment,25,45,1.8
antioxidant,8,45,5.625
blockade,19,45,2.3684210526315788
extreme,29,45,1.5517241379310345
hypopharyngeal,11,45,4.090909090909091
hematologic,26,45,1.7307692307692308
t32,24,45,1.875
volunteer,29,45,1.5517241379310345
nodular,10,45,4.5
determine,36,45,1.25
affected,22,45,2.0454545454545454
intrathecal,8,45,5.625
hemangioendothelioma,1,45,45.0
iib,11,45,4.090909090909091
tracheobronchial,7,45,6.428571428571429
chan,14,45,3.2142857142857144
daunorubicin,11,45,4.090909090909091
acceptable,34,45,1.3235294117647058
nlphl,4,45,11.25
pik3ca,13,45,3.4615384615384617
dedicated,39,45,1.1538461538461537
border,19,45,2.3684210526315788
throughput,24,45,1.875
comfort,16,45,2.8125
resuscitation,7,45,6.428571428571429
smith,20,45,2.25
mucosa,12,45,3.75
computerized,40,45,1.125
frame,20,45,2.25
cardiopulmonary,12,45,3.75
insulin,8,45,5.625
pregnant,18,45,2.5
k25,24,45,1.875
hpv16,6,45,7.5
supplementation,19,45,2.3684210526315788
mourning,3,45,15.0
endocrinol,8,45,5.625
kras,23,44,1.9130434782608696
chen,18,44,2.4444444444444446
habit,42,44,1.0476190476190477
welcome,33,44,1.3333333333333333
neuronal,11,44,4.0
astrocytoma,4,44,11.0
acceptance,23,44,1.9130434782608696
acetate,10,44,4.4
pancreas,22,44,2.0
comorbid,10,44,4.4
apl,4,44,11.0
illumina,6,44,7.333333333333333
sca,2,44,22.0
portal,28,44,1.5714285714285714
formulation,20,44,2.2
theory,23,44,1.9130434782608696
protect,38,44,1.1578947368421053
excessive,25,44,1.76
cerebrovascular,3,44,14.666666666666666
curable,32,44,1.375
sne,3,44,14.666666666666666
wonderful,24,44,1.8333333333333333
utilization,15,44,2.933333333333333
metachronous,10,44,4.4
xerostomia,6,44,7.333333333333333
r25,25,44,1.76
maximum,26,44,1.6923076923076923
oct,26,44,1.6923076923076923
jaw,17,44,2.588235294117647
skeletal,16,44,2.75
vandetanib,6,44,7.333333333333333
prepubertal,4,44,11.0
junction,19,44,2.3157894736842106
left,32,44,1.375
sclerosis,15,44,2.933333333333333
prev,15,44,2.933333333333333
consecutive,19,44,2.3157894736842106
selpercatinib,10,44,4.4
bridge,36,44,1.2222222222222223
chimeric,21,44,2.0952380952380953
ipilimumab,20,44,2.2
fnlcr,9,44,4.888888888888889
iia,10,44,4.4
deceased,7,43,6.142857142857143
pocket,24,43,1.7916666666666667
alt,4,43,10.75
u01,13,43,3.3076923076923075
city,26,43,1.6538461538461537
dexrazoxane,5,43,8.6
teen,26,43,1.6538461538461537
nsd1,3,43,14.333333333333334
plant,25,43,1.72
vulnerable,29,43,1.4827586206896552
undifferentiated,14,43,3.0714285714285716
iron,9,43,4.777777777777778
mindfulness,9,43,4.777777777777778
money,28,43,1.5357142857142858
necrosis,17,43,2.5294117647058822
suspicious,24,43,1.7916666666666667
myelomonocytic,7,43,6.142857142857143
neurofibromatosis,17,43,2.5294117647058822
aging,22,43,1.9545454545454546
transcriptomic,21,43,2.0476190476190474
gleason,7,43,6.142857142857143
qualitative,22,43,1.9545454545454546
curriculum,16,43,2.6875
castration,10,43,4.3
endoscopy,9,43,4.777777777777778
faith,15,43,2.8666666666666667
sulindac,3,43,14.333333333333334
predoctoral,10,43,4.3
detect,36,43,1.1944444444444444
sudden,27,43,1.5925925925925926
acupuncture,14,43,3.0714285714285716
audience,28,43,1.5357142857142858
regression,25,43,1.72
differential,21,43,2.0476190476190474
extrathyroidal,2,42,21.0
dctd,18,42,2.3333333333333335
noncarrier,4,42,10.5
parameter,26,42,1.6153846153846154
honey,2,42,21.0
downstream,19,42,2.210526315789474
aids,12,42,3.5
cyst,16,42,2.625
ctdna,6,42,7.0
stability,26,42,1.6153846153846154
fluorescence,15,42,2.8
meaning,21,42,2.0
alonzo,2,42,21.0
equal,32,42,1.3125
caution,31,42,1.3548387096774193
trisomy,2,42,21.0
resident,34,42,1.2352941176470589
harbor,23,42,1.826086956521739
nonmetastatic,16,42,2.625
radiologist,16,42,2.625
individualized,24,42,1.75
provision,29,42,1.4482758620689655
holiday,28,42,1.5
mibg,6,42,7.0
dutasteride,2,42,21.0
avd,2,42,21.0
vast,38,42,1.105263157894737
identifie,17,42,2.4705882352941178
wish,21,42,2.0
reactive,21,42,2.0
beginning,31,42,1.3548387096774193
paradigm,24,42,1.75
read,28,42,1.5
maker,33,42,1.2727272727272727
immuno,19,42,2.210526315789474
infertility,18,42,2.3333333333333335
craniopharyngioma,7,42,6.0
intern,16,42,2.625
fluoropyrimidine,7,42,6.0
testis,12,42,3.5
personnel,25,42,1.68
pace,34,42,1.2352941176470589
traumatic,13,42,3.230769230769231
bcor,3,41,13.666666666666666
inoperable,24,41,1.7083333333333333
phpt,2,41,20.5
urol,9,41,4.555555555555555
peptide,20,41,2.05
axis,9,41,4.555555555555555
meat,9,41,4.555555555555555
exosome,12,41,3.4166666666666665
sedation,7,41,5.857142857142857
acrylamide,2,41,20.5
brand,24,41,1.7083333333333333
persistence,14,41,2.9285714285714284
follicle,12,41,3.4166666666666665
ayas,8,41,5.125
tax,11,41,3.727272727272727
occult,18,41,2.2777777777777777
fibrosis,14,41,2.9285714285714284
histopathology,19,41,2.1578947368421053
determined,36,41,1.1388888888888888
infographic,31,41,1.3225806451612903
eortc,11,41,3.727272727272727
dacarbazine,9,41,4.555555555555555
pair,26,41,1.5769230769230769
lining,30,41,1.3666666666666667
potent,27,41,1.5185185185185186
rct,9,41,4.555555555555555
sunitinib,14,41,2.9285714285714284
dci,12,41,3.4166666666666665
syst,15,41,2.7333333333333334
reasonable,23,41,1.7826086956521738
immunization,8,41,5.125
uncertain,22,41,1.8636363636363635
citizenship,20,41,2.05
identical,29,41,1.4137931034482758
notable,32,41,1.28125
ifrt,1,40,40.0
circulation,19,40,2.1052631578947367
advancement,29,40,1.3793103448275863
historical,26,40,1.5384615384615385
inhibit,30,40,1.3333333333333333
consolidation,16,40,2.5
chromatin,14,40,2.857142857142857
badger,1,40,40.0
mellitus,7,40,5.714285714285714
specie,18,40,2.2222222222222223
practitioner,28,40,1.4285714285714286
hyperplastic,4,40,10.0
fsh,5,40,8.0
founder,12,40,3.3333333333333335
indian,25,40,1.6
exploration,27,40,1.4814814814814814
experienced,34,40,1.1764705882352942
proband,2,40,20.0
pathologic,16,40,2.5
eribulin,11,40,3.6363636363636362
attempt,27,40,1.4814814814814814
disability,26,40,1.5384615384615385
melphalan,8,40,5.0
consumer,16,40,2.5
pml,3,40,13.333333333333334
telehealth,17,40,2.3529411764705883
theme,31,40,1.2903225806451613
ascertainment,5,40,8.0
editor,26,40,1.5384615384615385
physic,21,40,1.9047619047619047
vaginal,23,40,1.7391304347826086
vinblastine,13,40,3.076923076923077
ror,2,40,20.0
electron,26,40,1.5384615384615385
npm1,2,40,20.0
cbfb,2,40,20.0
immunohistochemical,11,40,3.6363636363636362
f30,24,40,1.6666666666666667
compare,34,40,1.1764705882352942
standardized,20,40,2.0
scalp,12,40,3.3333333333333335
disruption,27,40,1.4814814814814814
radiographic,18,40,2.2222222222222223
oophorectomy,12,39,3.25
haematopoietic,6,39,6.5
epithelioid,10,39,3.9
musculoskeletal,17,39,2.2941176470588234
consent,25,39,1.56
jak,3,39,13.0
filter,26,39,1.5
absent,12,39,3.25
depressed,14,39,2.7857142857142856
hla,10,39,3.9
moxe,3,39,13.0
precise,32,39,1.21875
cat,31,39,1.2580645161290323
quick,33,39,1.1818181818181819
expansion,30,39,1.3
hill,25,39,1.56
nephrectomy,2,39,19.5
microscopic,20,39,1.95
atrx,4,39,9.75
infiltration,15,39,2.6
extracellular,24,39,1.625
iva,11,39,3.5454545454545454
controversial,25,39,1.56
mimic,27,39,1.4444444444444444
cochrane,16,39,2.4375
progressing,33,39,1.1818181818181819
tolerate,30,39,1.3
exact,34,39,1.1470588235294117
master,23,39,1.6956521739130435
vesicle,17,39,2.2941176470588234
sdhb,1,39,39.0
chemotherapeutic,17,38,2.235294117647059
stakeholder,25,38,1.52
input,32,38,1.1875
metabolite,21,38,1.8095238095238095
dave,8,38,4.75
brigatinib,5,38,7.6
download,25,38,1.52
ira,4,38,9.5
anger,13,38,2.923076923076923
poverty,22,38,1.7272727272727273
happy,25,38,1.52
modern,33,38,1.1515151515151516
stereotactic,12,38,3.1666666666666665
proof,37,38,1.027027027027027
smn,1,38,38.0
slfn11,2,38,19.0
searchable,9,38,4.222222222222222
pole,4,38,9.5
demonstration,21,38,1.8095238095238095
dipg,7,38,5.428571428571429
coauthor,34,38,1.1176470588235294
grantee,29,38,1.3103448275862069
expensive,34,38,1.1176470588235294
bleeding,20,38,1.9
justification,23,38,1.6521739130434783
pod,10,38,3.8
spring,29,38,1.3103448275862069
magnet,32,38,1.1875
sick,26,38,1.4615384615384615
lateral,8,38,4.75
watch,16,38,2.375
feb,22,38,1.7272727272727273
znf384,2,38,19.0
surrogate,16,38,2.375
carcinogen,19,38,2.0
zone,10,38,3.8
eastern,26,38,1.4615384615384615
men4,3,38,12.666666666666666
film,26,38,1.4615384615384615
ideation,4,38,9.5
dotatate,7,38,5.428571428571429
cut,24,38,1.5833333333333333
interact,34,38,1.1176470588235294
duodenopancreatic,1,38,38.0
labor,11,38,3.4545454545454546
hhs,12,38,3.1666666666666665
frederick,25,38,1.52
sacrococcygeal,1,37,37.0
procarbazine,4,37,9.25
peb,1,37,37.0
rigorous,35,37,1.0571428571428572
loh,9,37,4.111111111111111
biochemistry,25,37,1.48
feasible,31,37,1.1935483870967742
lactate,8,37,4.625
myelogenous,18,37,2.0555555555555554
topical,11,37,3.3636363636363638
clinicaltrials.gov,36,37,1.0277777777777777
karyotype,3,37,12.333333333333334
suggestion,29,37,1.2758620689655173
rai,3,37,12.333333333333334
attendee,22,37,1.6818181818181819
csf3r,3,37,12.333333333333334
tsh,4,37,9.25
egg,20,37,1.85
chemoradiation,8,37,4.625
tooth,14,37,2.642857142857143
diabete,11,37,3.3636363636363638
ipaa,1,37,37.0
overlap,18,37,2.0555555555555554
peace,13,37,2.8461538461538463
leiomyosarcoma,19,37,1.9473684210526316
capability,19,37,1.9473684210526316
impactful,23,37,1.608695652173913
pilocytic,3,37,12.333333333333334
pjs,1,37,37.0
biden,16,37,2.3125
park,24,37,1.5416666666666667
freedom,19,37,1.9473684210526316
antitumor,24,37,1.5416666666666667
ncab,25,37,1.48
accomplishment,35,37,1.0571428571428572
compelling,29,37,1.2758620689655173
japanese,16,37,2.3125
pleasure,18,37,2.0555555555555554
clinicopathologic,14,37,2.642857142857143
behalf,22,37,1.6818181818181819
stop,31,37,1.1935483870967742
progenitor,9,36,4.0
amputation,6,36,6.0
incredible,15,36,2.4
pacific,18,36,2.0
nsabp,4,36,9.0
constitutional,6,36,6.0
stock,6,36,6.0
multivariable,8,36,4.5
carcinogenesis,20,36,1.8
phenotypic,13,36,2.769230769230769
nir,2,36,18.0
supplemental,18,36,2.0
agenda,33,36,1.0909090909090908
liposarcoma,17,36,2.1176470588235294
gingiva,3,36,12.0
divide,30,36,1.2
catecholamine,6,36,6.0
price,15,36,2.4
nucleus,26,36,1.3846153846153846
cryo,10,36,3.6
galindo,18,36,2.0
multifocal,11,36,3.272727272727273
micro,13,36,2.769230769230769
east,19,36,1.894736842105263
thickness,10,36,3.6
appropriation,5,36,7.2
fee,14,36,2.5714285714285716
exchange,31,36,1.1612903225806452
erlotinib,14,36,2.5714285714285716
spouse,19,36,1.894736842105263
promotion,19,36,1.894736842105263
seed,18,36,2.0
stent,5,36,7.2
optimistic,18,36,2.0
irf4,2,36,18.0
map2k1,2,36,18.0
shrinkage,27,36,1.3333333333333333
recruitment,31,36,1.1612903225806452
pediatrician,19,36,1.894736842105263
probability,16,36,2.25
obstructive,13,36,2.769230769230769
ata,2,36,18.0
prompt,20,36,1.8
telephone,20,36,1.8
neuroepithelial,4,36,9.0
loop,19,36,1.894736842105263
dpyd,3,36,12.0
dccp,22,36,1.6363636363636365
evaluate,31,36,1.1612903225806452
motor,9,36,4.0
dig,9,35,3.888888888888889
style,14,35,2.5
english,29,35,1.206896551724138
sunlight,23,35,1.5217391304347827
distal,11,35,3.1818181818181817
confirm,32,35,1.09375
k22,9,35,3.888888888888889
idh2,7,35,5.0
dosage,15,35,2.3333333333333335
biospeciman,20,35,1.75
ileal,3,35,11.666666666666666
mechanical,13,35,2.6923076923076925
predominance,21,35,1.6666666666666667
lymphoproliferative,6,35,5.833333333333333
efficient,30,35,1.1666666666666667
similarity,22,35,1.5909090909090908
aortic,18,35,1.9444444444444444
piw,4,35,8.75
penile,12,35,2.9166666666666665
hutchinson,23,35,1.5217391304347827
outline,25,35,1.4
informational,28,35,1.25
endemic,12,35,2.9166666666666665
sub,27,35,1.2962962962962963
lobectomy,7,35,5.0
wong,16,35,2.1875
mllt1,3,35,11.666666666666666
opening,30,35,1.1666666666666667
progesterone,12,35,2.9166666666666665
inner,24,35,1.4583333333333333
axial,31,35,1.1290322580645162
passion,20,35,1.75
correlate,21,35,1.6666666666666667
bronchus,15,35,2.3333333333333335
acting,20,35,1.75
catenin,5,35,7.0
sean,5,35,7.0
stream,27,35,1.2962962962962963
proto,7,35,5.0
valid,26,35,1.3461538461538463
impressive,33,35,1.0606060606060606
ward,30,35,1.1666666666666667
acalabrutinib,7,35,5.0
thompson,15,35,2.3333333333333335
scenario,22,35,1.5909090909090908
heritable,8,35,4.375
peutz,3,35,11.666666666666666
mitochondrial,13,35,2.6923076923076925
attributable,17,35,2.0588235294117645
accomplish,31,34,1.096774193548387
nonmedullary,1,34,34.0
mechanistic,26,34,1.3076923076923077
jegher,3,34,11.333333333333334
quizartinib,2,34,17.0
excellence,26,34,1.3076923076923077
workplace,12,34,2.8333333333333335
psc,2,34,17.0
error,24,34,1.4166666666666667
uterus,23,34,1.4782608695652173
respect,24,34,1.4166666666666667
trachea,10,34,3.4
circumstance,27,34,1.2592592592592593
engineer,21,34,1.619047619047619
tenure,23,34,1.4782608695652173
germinal,3,34,11.333333333333334
sln,1,34,34.0
milk,17,34,2.0
lessen,26,34,1.3076923076923077
idf,1,34,34.0
robinson,14,34,2.4285714285714284
merkel,13,34,2.6153846153846154
awardee,17,34,2.0
bttc,6,34,5.666666666666667
iamp21,2,34,17.0
modifiable,12,34,2.8333333333333335
palate,7,34,4.857142857142857
mid,20,34,1.7
dasatinib,12,34,2.8333333333333335
hyperdiploid,2,34,17.0
temperature,18,34,1.8888888888888888
rep,16,34,2.125
pterygoid,3,34,11.333333333333334
random,24,34,1.4166666666666667
psychol,10,34,3.4
preferred,16,34,2.125
smart,25,34,1.36
primitive,9,34,3.7777777777777777
enroll,27,34,1.2592592592592593
nipple,7,34,4.857142857142857
leading,31,34,1.096774193548387
intellectual,15,34,2.2666666666666666
informed,24,34,1.4166666666666667
intent,18,34,1.8888888888888888
mathematical,19,34,1.7894736842105263
ulcer,18,34,1.8888888888888888
blocker,13,34,2.6153846153846154
band,14,34,2.4285714285714284
selenium,3,34,11.333333333333334
numbness,27,34,1.2592592592592593
usa.gov,34,34,1.0
bcl11b,2,34,17.0
hanlon,6,33,5.5
infancy,9,33,3.6666666666666665
foster,32,33,1.03125
immunoprevention,14,33,2.357142857142857
goserelin,7,33,4.714285714285714
tisagenlecleucel,12,33,2.75
apbi,2,33,16.5
men1,8,33,4.125
conjunction,32,33,1.03125
efficiency,20,33,1.65
ulceration,5,33,6.6
unmet,28,33,1.1785714285714286
teaching,18,33,1.8333333333333333
biologic,23,33,1.434782608695652
pursue,29,33,1.1379310344827587
anatomical,14,33,2.357142857142857
restrictive,6,33,5.5
missense,6,33,5.5
secretion,12,33,2.75
bar,20,33,1.65
nciccgenomic,33,33,1.0
ligand,17,33,1.9411764705882353
radiology,21,33,1.5714285714285714
postpubertal,3,33,11.0
ihc,8,33,4.125
rhythm,14,33,2.357142857142857
geriatric,6,33,5.5
entry,24,33,1.375
prado,9,33,3.6666666666666665
favorite,23,33,1.434782608695652
gold,23,33,1.434782608695652
validate,27,33,1.2222222222222223
equipment,25,33,1.32
cipn,3,33,11.0
format,28,33,1.1785714285714286
methodology,16,33,2.0625
narrow,19,33,1.736842105263158
nonmalignant,10,33,3.3
defense,27,33,1.2222222222222223
fascinating,18,33,1.8333333333333333
ebrt,3,33,11.0
cutting,28,33,1.1785714285714286
elderly,22,33,1.5
discover,29,33,1.1379310344827587
circadian,9,33,3.6666666666666665
immunoglobulin,9,33,3.6666666666666665
continuum,30,33,1.1
occurring,9,33,3.6666666666666665
localization,11,33,3.0
icu,4,33,8.25
vanderbilt,20,32,1.6
multimodal,16,32,2.0
api,10,32,3.2
forum,21,32,1.5238095238095237
brca1,19,32,1.6842105263157894
sttr,6,32,5.333333333333333
amino,17,32,1.8823529411764706
bulk,13,32,2.4615384615384617
microrna,11,32,2.909090909090909
susceptible,26,32,1.2307692307692308
aberrant,11,32,2.909090909090909
nmri,28,32,1.1428571428571428
od-23,24,32,1.3333333333333333
afp,3,32,10.666666666666666
removed,27,32,1.1851851851851851
nciicc,19,32,1.6842105263157894
latino,9,32,3.5555555555555554
randomization,20,32,1.6
ganglioglioma,2,32,16.0
south,17,32,1.8823529411764706
adaptive,13,32,2.4615384615384617
ideal,25,32,1.28
cel,6,32,5.333333333333333
empirical,9,32,3.5555555555555554
creative,23,32,1.391304347826087
leydig,4,32,8.0
unaffected,6,32,5.333333333333333
alnd,3,32,10.666666666666666
writing,21,32,1.5238095238095237
avoidance,13,32,2.4615384615384617
sperm,10,32,3.2
interferon,12,32,2.6666666666666665
asco,20,32,1.6
underserved,23,32,1.391304347826087
msh6,2,32,16.0
pi3k,12,32,2.6666666666666665
ecog,16,32,2.0
submit,23,32,1.391304347826087
alchemist,5,32,6.4
webpage,32,32,1.0
samd9,2,32,16.0
calorie,13,32,2.4615384615384617
disaster,10,32,3.2
artnet,4,32,8.0
fetal,11,32,2.909090909090909
gum,12,32,2.6666666666666665
frozen,17,32,1.8823529411764706
nonsmoker,11,32,2.909090909090909
morphology,10,32,3.2
accrual,22,32,1.4545454545454546
dividing,30,32,1.0666666666666667
intracranial,13,32,2.4615384615384617
dangerous,29,32,1.103448275862069
familiar,28,32,1.1428571428571428
hnpcc,1,32,32.0
wake,11,32,2.909090909090909
analytic,15,32,2.1333333333333333
wagr,4,32,8.0
pdf,23,32,1.391304347826087
targetable,15,32,2.1333333333333333
cooperation,26,32,1.2307692307692308
topotecan,7,32,4.571428571428571
curious,18,32,1.7777777777777777
imrt,10,32,3.2
synthesis,20,32,1.6
sustained,25,32,1.28
hypothalamus,4,32,8.0
scar,13,32,2.4615384615384617
ivb,11,32,2.909090909090909
cartilage,8,32,4.0
drainage,9,32,3.5555555555555554
hypodiploidy,2,32,16.0
integrity,16,32,2.0
baby,15,32,2.1333333333333333
want,23,32,1.391304347826087
admission,15,32,2.1333333333333333
prominent,21,31,1.4761904761904763
infrequent,22,31,1.4090909090909092
proximal,10,31,3.1
frailty,4,31,7.75
autophagy,4,31,7.75
contribute,26,31,1.1923076923076923
prostatic,6,31,5.166666666666667
misconception,22,31,1.4090909090909092
tolerance,13,31,2.3846153846153846
apr,28,31,1.1071428571428572
therapist,20,31,1.55
heterozygous,7,31,4.428571428571429
inpatient,9,31,3.4444444444444446
retention,13,31,2.3846153846153846
par-23,4,31,7.75
radiological,13,31,2.3846153846153846
trust,20,31,1.55
timing,19,31,1.631578947368421
renewal,13,31,2.3846153846153846
teclistamab,3,31,10.333333333333334
desantis,16,31,1.9375
collaborate,27,31,1.1481481481481481
nanotechnology,13,31,2.3846153846153846
niche,15,31,2.066666666666667
charge,27,31,1.1481481481481481
lee,19,31,1.631578947368421
respondent,8,31,3.875
intact,26,31,1.1923076923076923
sadness,10,31,3.1
expense,20,31,1.55
trait,22,31,1.4090909090909092
ken,2,31,15.5
personality,16,31,1.9375
hopeful,26,31,1.1923076923076923
leverage,28,31,1.1071428571428572
adamantinoma,3,31,10.333333333333334
expenditure,17,31,1.8235294117647058
suppress,27,31,1.1481481481481481
palliation,10,31,3.1
endothelial,12,31,2.5833333333333335
131i,4,31,7.75
p53,19,31,1.631578947368421
unlikely,23,31,1.3478260869565217
vivo,21,31,1.4761904761904763
abundant,21,31,1.4761904761904763
f31,24,31,1.2916666666666667
oxidative,11,31,2.8181818181818183
legislation,12,31,2.5833333333333335
tired,20,31,1.55
jun,19,31,1.631578947368421
tamponade,2,31,15.5
dehydrogenase,19,31,1.631578947368421
til,11,31,2.8181818181818183
areca,4,31,7.75
meditation,15,31,2.066666666666667
dozen,22,31,1.4090909090909092
rela,3,31,10.333333333333334
inclusive,15,31,2.066666666666667
metal,20,31,1.55
retroperitoneal,7,31,4.428571428571429
adoption,19,31,1.631578947368421
cryosurgery,8,31,3.875
p.m.,22,31,1.4090909090909092
insufficient,21,31,1.4761904761904763
mhc,6,30,5.0
saliva,19,30,1.5789473684210527
cloud,14,30,2.142857142857143
ocg,9,30,3.3333333333333335
urgent,22,30,1.3636363636363635
neoantigen,7,30,4.285714285714286
distinction,19,30,1.5789473684210527
lumpectomy,11,30,2.727272727272727
monthly,28,30,1.0714285714285714
complement,23,30,1.3043478260869565
mediastinum,16,30,1.875
accelerate,30,30,1.0
offspring,4,30,7.5
route,27,30,1.1111111111111112
laxative,4,30,7.5
island,10,30,3.0
pxa,12,30,2.5
authority,21,30,1.4285714285714286
radiol,13,30,2.3076923076923075
asleep,3,30,10.0
bcl2,5,30,6.0
inst,12,30,2.5
judgment,16,30,1.875
fgfr1,2,30,15.0
collect,22,30,1.3636363636363635
cryptic,2,30,15.0
hyperdiploidy,2,30,15.0
winter,10,30,3.0
propria,1,30,30.0
pcpt,4,30,7.5
organoid,18,30,1.6666666666666667
ssri,3,30,10.0
hypodiploid,2,30,15.0
inv,2,30,15.0
neurofibroma,11,30,2.727272727272727
monograph,18,30,1.6666666666666667
q12,2,30,15.0
obese,11,30,2.727272727272727
clot,14,30,2.142857142857143
cbf,2,30,15.0
epithelium,13,30,2.3076923076923075
cervix,21,30,1.4285714285714286
cbfa2t3,2,30,15.0
outside,30,30,1.0
vorasidenib,3,30,10.0
mht,3,30,10.0
temporary,25,30,1.2
initiate,26,30,1.1538461538461537
root,15,30,2.0
dizziness,19,30,1.5789473684210527
compliance,16,30,1.875
cortical,7,30,4.285714285714286
killer,16,30,1.875
gemtuzumab,6,30,5.0
amer1,2,30,15.0
six1,2,30,15.0
matrix,17,30,1.7647058823529411
semen,8,30,3.75
morning,16,30,1.875
pold1,1,30,30.0
cerebral,10,30,3.0
exhibit,19,30,1.5789473684210527
thursday,23,30,1.3043478260869565
wife,12,30,2.5
celecoxib,5,30,6.0
cdk4,5,30,6.0
haematol,4,30,7.5
unanswered,26,30,1.1538461538461537
rb1,2,30,15.0
axicabtagene,9,30,3.3333333333333335
trap,14,30,2.142857142857143
lymphatic,20,30,1.5
lipid,17,30,1.7647058823529411
promote,27,30,1.1111111111111112
cyp2d6,4,30,7.5
tec,7,30,4.285714285714286
transdisciplinary,22,29,1.3181818181818181
perfect,23,29,1.2608695652173914
terminology,18,29,1.6111111111111112
folk,15,29,1.9333333333333333
prostatitis,2,29,14.5
colitis,10,29,2.9
imbalance,17,29,1.7058823529411764
deprivation,13,29,2.230769230769231
trans,19,29,1.5263157894736843
vod,2,29,14.5
acth,1,29,29.0
firm,21,29,1.380952380952381
subtotal,9,29,3.2222222222222223
oga,6,29,4.833333333333333
smooth,17,29,1.7058823529411764
sustainable,23,29,1.2608695652173914
histopathological,11,29,2.6363636363636362
ness,2,29,14.5
file,20,29,1.45
meet,26,29,1.1153846153846154
worth,25,29,1.16
immunosuppression,21,29,1.380952380952381
icsn,3,29,9.666666666666666
pit,3,29,9.666666666666666
cardiomyopathy,4,29,7.25
deadline,24,29,1.2083333333333333
enterprise,23,29,1.2608695652173914
oxf,7,29,4.142857142857143
attainment,7,29,4.142857142857143
pentec,1,29,29.0
ultimate,27,29,1.0740740740740742
duke,14,29,2.0714285714285716
western,17,29,1.7058823529411764
cooper,10,29,2.9
profound,21,29,1.380952380952381
avelumab,8,29,3.625
regard,19,29,1.5263157894736843
phosphorylation,11,29,2.6363636363636362
thyroglobulin,3,29,9.666666666666666
urge,3,29,9.666666666666666
affinity,8,29,3.625
meal,14,29,2.0714285714285716
salmonella,6,29,4.833333333333333
month,15,29,1.9333333333333333
juice,16,29,1.8125
dendritic,13,29,2.230769230769231
bisphosphonate,6,29,4.833333333333333
perlman,3,29,9.666666666666666
coll,15,29,1.9333333333333333
plaque,7,29,4.142857142857143
lobular,5,29,5.8
consistency,18,29,1.6111111111111112
spigelman,2,29,14.5
mds,7,29,4.142857142857143
sct,4,29,7.25
peak,18,29,1.6111111111111112
party,14,29,2.0714285714285716
ca-24,6,29,4.833333333333333
spirit,19,29,1.5263157894736843
contributor,26,29,1.1153846153846154
azacitidine,7,29,4.142857142857143
fli1,3,29,9.666666666666666
cimp,3,29,9.666666666666666
tar,5,29,5.8
repeat,19,29,1.5263157894736843
floor,9,29,3.2222222222222223
stopping,28,29,1.0357142857142858
immunophenotype,3,29,9.666666666666666
encounter,10,29,2.9
incurable,12,29,2.4166666666666665
descriptive,17,29,1.7058823529411764
rosette,3,29,9.666666666666666
apoptosis,20,29,1.45
nonmelanoma,21,29,1.380952380952381
employment,15,29,1.9333333333333333
ellison,9,29,3.2222222222222223
evident,22,29,1.3181818181818181
soy,3,28,9.333333333333334
physiological,21,28,1.3333333333333333
deleterious,10,28,2.8
recombinant,10,28,2.8
tki,13,28,2.1538461538461537
occlusive,5,28,5.6
vasomotor,5,28,5.6
latin,11,28,2.5454545454545454
af4,2,28,14.0
bph,5,28,5.6
dependence,13,28,2.1538461538461537
oncofertility,5,28,5.6
unprecedented,28,28,1.0
ceritinib,13,28,2.1538461538461537
honor,23,28,1.2173913043478262
outlook,22,28,1.2727272727272727
coronary,8,28,3.5
tuition,10,28,2.8
ppar,2,28,14.0
osteoporosis,10,28,2.8
temporal,11,28,2.5454545454545454
cordeiro,13,28,2.1538461538461537
pure,17,28,1.6470588235294117
output,14,28,2.0
neural,18,28,1.5555555555555556
hemorrhage,12,28,2.3333333333333335
deadly,24,28,1.1666666666666667
gbm,4,28,7.0
fred,22,28,1.2727272727272727
cigarettes,8,28,3.5
wbrt,2,28,14.0
verification,22,28,1.2727272727272727
competitive,22,28,1.2727272727272727
hamartoma,4,28,7.0
epirubicin,5,28,5.6
threat,24,28,1.1666666666666667
confusion,26,28,1.0769230769230769
accounting,24,28,1.1666666666666667
disrupt,25,28,1.12
blinatumomab,10,28,2.8
irinotecan,11,28,2.5454545454545454
mucosal,13,28,2.1538461538461537
father,23,28,1.2173913043478262
literacy,6,28,4.666666666666667
brigitte,4,28,7.0
involved,26,28,1.0769230769230769
modifier,14,28,2.0
harrison,4,28,7.0
mn1,2,28,14.0
incision,12,28,2.3333333333333335
exploratory,20,28,1.4
informal,9,28,3.111111111111111
betel,5,28,5.6
tonsil,14,28,2.0
poster,18,28,1.5555555555555556
cytometry,10,28,2.8
barr,15,28,1.8666666666666667
ocular,9,28,3.111111111111111
noninvasive,19,28,1.4736842105263157
implant,14,28,2.0
clinicopathological,9,28,3.111111111111111
h3.3,2,28,14.0
eradication,6,28,4.666666666666667
ide,11,28,2.5454545454545454
willing,20,28,1.4
gata1,2,28,14.0
megakaryoblastic,2,28,14.0
ram,4,28,7.0
tell,22,28,1.2727272727272727
marginal,8,28,3.5
discomfort,18,28,1.5555555555555556
stressful,18,28,1.5555555555555556
acquisition,16,28,1.75
transient,14,28,2.0
myh11,2,28,14.0
wt1,2,28,14.0
gastroesophageal,13,28,2.1538461538461537
dormant,11,28,2.5454545454545454
cachexia,12,28,2.3333333333333335
methionine,1,28,28.0
csbc,4,28,7.0
beacopp,1,27,27.0
interventional,13,27,2.076923076923077
merit,23,27,1.173913043478261
rationale,24,27,1.125
phrase,14,27,1.9285714285714286
bfm,4,27,6.75
warrant,18,27,1.5
pro,20,27,1.35
destruction,19,27,1.4210526315789473
maternal,9,27,3.0
stone,16,27,1.6875
commission,7,27,3.857142857142857
grateful,22,27,1.2272727272727273
posttransplant,4,27,6.75
pharynx,12,27,2.25
scintigraphy,9,27,3.0
ancestry,15,27,1.8
radiosurgery,8,27,3.375
craniospinal,4,27,6.75
temozolomide,8,27,3.375
fringe,16,27,1.6875
selectin,2,27,13.5
exclusion,16,27,1.6875
affair,19,27,1.4210526315789473
pleurodesis,2,27,13.5
serial,10,27,2.7
confirmation,17,27,1.588235294117647
venous,6,27,4.5
coffee,9,27,3.0
beverage,9,27,3.0
biotechnology,22,27,1.2272727272727273
astrazeneca,21,27,1.2857142857142858
coping,6,27,4.5
fashion,16,27,1.6875
duty,17,27,1.588235294117647
acrin,16,27,1.6875
teacher,14,27,1.9285714285714286
demonstrate,23,27,1.173913043478261
study,22,27,1.2272727272727273
baylor,15,27,1.8
1990,21,27,1.2857142857142858
trial,27,27,1.0
household,16,27,1.6875
lymphedema,12,27,2.25
commentary,23,27,1.173913043478261
overexpress,15,27,1.8
membership,16,27,1.6875
adrenalectomy,3,27,9.0
cbc,10,27,2.7
hip,19,27,1.4210526315789473
privilege,17,27,1.588235294117647
outer,18,27,1.5
homozygous,8,27,3.375
technological,23,27,1.173913043478261
scnc,1,27,27.0
neurosurgeon,14,27,1.9285714285714286
fdg,9,27,3.0
reverse,20,27,1.35
immunodeficiency,12,27,2.25
prize,9,27,3.0
benzodiazepine,4,27,6.75
variability,14,27,1.9285714285714286
photo,17,27,1.588235294117647
neuron,9,27,3.0
pubertal,3,27,9.0
edema,11,27,2.4545454545454546
wonder,18,27,1.5
duloxetine,7,27,3.857142857142857
extract,4,27,6.75
gabapentin,5,27,5.4
sdhd,1,27,27.0
cd8,7,27,3.857142857142857
conformal,11,27,2.4545454545454546
randomised,9,27,3.0
dlgnt,2,26,13.0
pharmacology,18,26,1.4444444444444444
fragment,11,26,2.3636363636363638
guilt,10,26,2.6
engage,24,26,1.0833333333333333
bevacizumab,15,26,1.7333333333333334
southern,14,26,1.8571428571428572
nomination,7,26,3.7142857142857144
periodic,21,26,1.2380952380952381
platt,2,26,13.0
zimmermann,5,26,5.2
documentation,20,26,1.3
cystic,11,26,2.3636363636363638
interfere,23,26,1.1304347826086956
ezhip,2,26,13.0
pdgfra,7,26,3.7142857142857144
gel,8,26,3.25
bench,20,26,1.3
varied,20,26,1.3
malt,7,26,3.7142857142857144
cmds,2,26,13.0
classified,12,26,2.1666666666666665
representation,20,26,1.3
fab,2,26,13.0
citalopram,4,26,6.5
thiosulfate,6,26,4.333333333333333
fetus,7,26,3.7142857142857144
cdkn2a,7,26,3.7142857142857144
bill,20,26,1.3
insertion,5,26,5.2
notch1,2,26,13.0
transmission,17,26,1.5294117647058822
stuff,15,26,1.7333333333333334
cd19,12,26,2.1666666666666665
closeout,6,26,4.333333333333333
hrql,1,26,26.0
tma,1,26,26.0
veno,5,26,5.2
parallel,25,26,1.04
noncancer,12,26,2.1666666666666665
larynx,8,26,3.25
dysregulation,12,26,2.1666666666666665
reuptake,5,26,5.2
ethical,17,26,1.5294117647058822
elevation,11,26,2.3636363636363638
enable,18,26,1.4444444444444444
steering,18,26,1.4444444444444444
nonprofit,26,26,1.0
intersection,17,26,1.5294117647058822
doctoral,17,26,1.5294117647058822
r21,12,26,2.1666666666666665
danish,12,26,2.1666666666666665
rolapitant,6,26,4.333333333333333
reed,12,26,2.1666666666666665
toxicology,12,26,2.1666666666666665
r33,6,26,4.333333333333333
seibel,22,26,1.1818181818181819
mixture,18,26,1.4444444444444444
sheath,7,26,3.7142857142857144
flexibility,19,26,1.368421052631579
patch,15,26,1.7333333333333334
quantity,21,26,1.2380952380952381
tomosynthesis,3,26,8.666666666666666
iiic,6,26,4.333333333333333
amsterdam,2,26,13.0
farber,21,26,1.2380952380952381
chaplain,5,26,5.2
maxillary,3,26,8.666666666666666
liaison,26,26,1.0
apolo,2,26,13.0
interstitial,9,26,2.888888888888889
11p15,3,26,8.666666666666666
foundational,18,26,1.4444444444444444
c19mc,2,26,13.0
adaptation,19,26,1.368421052631579
parental,11,26,2.3636363636363638
sonogram,17,26,1.5294117647058822
noninferiority,5,26,5.2
tcr,8,26,3.25
connective,19,26,1.368421052631579
apple,21,25,1.1904761904761905
obvious,21,25,1.1904761904761905
harmonization,6,25,4.166666666666667
cytarabine,12,25,2.0833333333333335
ticker,1,25,25.0
underrepresented,19,25,1.3157894736842106
preventable,20,25,1.25
cricoid,3,25,8.333333333333334
caudal,3,25,8.333333333333334
epstein,17,25,1.4705882352941178
breakpoint,3,25,8.333333333333334
cetuximab,8,25,3.125
ezh2,3,25,8.333333333333334
hemoglobin,20,25,1.25
overtreatment,16,25,1.5625
clock,8,25,3.125
nhl,13,25,1.9230769230769231
backbone,12,25,2.0833333333333335
recur,18,25,1.3888888888888888
express,24,25,1.0416666666666667
tablet,17,25,1.4705882352941178
legacy,15,25,1.6666666666666667
salt,12,25,2.0833333333333335
extremity,8,25,3.125
monday,18,25,1.3888888888888888
mack,7,25,3.5714285714285716
identity,19,25,1.3157894736842106
mentoring,13,25,1.9230769230769231
dream,24,25,1.0416666666666667
parenchymal,7,25,3.5714285714285716
competition,12,25,2.0833333333333335
bmc,18,25,1.3888888888888888
stroma,10,25,2.5
profit,22,25,1.1363636363636365
embolization,6,25,4.166666666666667
wire,15,25,1.6666666666666667
sore,17,25,1.4705882352941178
channel,17,25,1.4705882352941178
gynecol,11,25,2.272727272727273
prostatectomy,4,25,6.25
summit,13,25,1.9230769230769231
navigator,10,25,2.5
transcriptome,15,25,1.6666666666666667
symptomatology,6,25,4.166666666666667
hepatobiliary,5,25,5.0
darolutamide,4,25,6.25
pouch,5,25,5.0
scc,4,25,6.25
pappo,18,25,1.3888888888888888
brecht,15,25,1.6666666666666667
r61,5,25,5.0
align,22,25,1.1363636363636365
coli,8,25,3.125
hematologist,25,25,1.0
everyday,23,25,1.0869565217391304
tea,7,25,3.5714285714285716
subcommittee,2,25,12.5
phosphate,11,25,2.272727272727273
rating,13,25,1.9230769230769231
organism,21,25,1.1904761904761905
die,22,25,1.1363636363636365
migration,14,25,1.7857142857142858
rat,10,25,2.5
ischemic,4,25,6.25
oncoarray,4,25,6.25
minimize,21,25,1.1904761904761905
encouraging,24,25,1.0416666666666667
wrong,22,25,1.1363636363636365
stipend,9,25,2.7777777777777777
inc,16,25,1.5625
singer,17,25,1.4705882352941178
timeline,18,25,1.3888888888888888
play,22,25,1.1363636363636365
opposite,14,25,1.7857142857142858
confer,9,25,2.7777777777777777
ros1,7,25,3.5714285714285716
hyperthyroidism,8,25,3.125
proc,16,25,1.5625
stratakis,2,25,12.5
actinic,1,25,25.0
keratosis,2,25,12.5
encode,12,25,2.0833333333333335
strap,6,25,4.166666666666667
analytical,18,25,1.3888888888888888
genital,17,25,1.4705882352941178
crispr,12,24,2.0
seminoma,5,24,4.8
brother,17,24,1.411764705882353
sister,19,24,1.263157894736842
proper,21,24,1.1428571428571428
sacituzumab,2,24,12.0
prenatal,7,24,3.4285714285714284
icrp,3,24,8.0
exp,8,24,3.0
alter,22,24,1.0909090909090908
template,15,24,1.6
wood,13,24,1.8461538461538463
lapatinib,4,24,6.0
biliary,9,24,2.6666666666666665
tank,9,24,2.6666666666666665
timely,21,24,1.1428571428571428
controversy,16,24,1.5
pathophysiology,13,24,1.8461538461538463
p11,2,24,12.0
multilineage,2,24,12.0
q21,2,24,12.0
mllt10,2,24,12.0
melatonin,2,24,12.0
omic,16,24,1.5
bulky,8,24,3.0
ews,4,24,6.0
incidental,8,24,3.0
gas,14,24,1.7142857142857142
rely,24,24,1.0
nofo,18,24,1.3333333333333333
attachment,12,24,2.0
provocative,12,24,2.0
dead,14,24,1.7142857142857142
cognition,6,24,4.0
narrative,12,24,2.0
cap,13,24,1.8461538461538463
synchronous,6,24,4.0
loprinzi,3,24,8.0
cytology,8,24,3.0
aggressiveness,18,24,1.3333333333333333
defective,13,24,1.8461538461538463
canadian,16,24,1.5
p13,2,24,12.0
connections,24,24,1.0
bronchoscopy,6,24,4.0
vha,3,24,8.0
capture,21,24,1.1428571428571428
bendamustine,9,24,2.6666666666666665
nonsyndromic,4,24,6.0
angiocentric,3,24,8.0
cowden,3,24,8.0
oligodendroglioma,12,24,2.0
daughter,15,24,1.6
compartment,11,24,2.1818181818181817
brachytherapy,9,24,2.6666666666666665
inconsistent,12,24,2.0
drinking,9,24,2.6666666666666665
column,11,24,2.1818181818181817
flexible,14,24,1.7142857142857142
plexiform,9,24,2.6666666666666665
scrna,3,24,8.0
focused,22,24,1.0909090909090908
novo,7,24,3.4285714285714284
bmi,3,24,8.0
pink,17,24,1.411764705882353
inability,17,24,1.411764705882353
alanine,8,24,3.0
bronchial,10,24,2.4
psrc,5,24,4.8
quid,4,24,6.0
dosing,16,24,1.5
circle,17,24,1.411764705882353
visceral,10,24,2.4
girgis,2,24,12.0
administer,19,24,1.263157894736842
british,7,24,3.4285714285714284
carryover,4,24,6.0
zahir,9,24,2.6666666666666665
facial,14,24,1.7142857142857142
swollen,13,24,1.8461538461538463
calendar,20,24,1.2
subclonal,4,24,6.0
dux4,2,24,12.0
papilloma,10,24,2.4
recessive,6,23,3.8333333333333335
medulloepithelioma,3,23,7.666666666666667
occupational,17,23,1.3529411764705883
honest,13,23,1.7692307692307692
intra,9,23,2.5555555555555554
afraid,19,23,1.2105263157894737
parotid,9,23,2.5555555555555554
bronchiolitis,4,23,5.75
suitable,18,23,1.2777777777777777
inspirational,21,23,1.0952380952380953
puerto,11,23,2.090909090909091
street,10,23,2.3
ring,14,23,1.6428571428571428
funded,23,23,1.0
transformative,17,23,1.3529411764705883
sf424,20,23,1.15
friday,15,23,1.5333333333333334
bump,10,23,2.3
lifelong,14,23,1.6428571428571428
btk,8,23,2.875
sampling,10,23,2.3
presenter,15,23,1.5333333333333334
cardiotoxicity,7,23,3.2857142857142856
summarize,11,23,2.090909090909091
completeness,23,23,1.0
northwestern,17,23,1.3529411764705883
ear,14,23,1.6428571428571428
bypass,13,23,1.7692307692307692
fisher,8,23,2.875
pivotal,19,23,1.2105263157894737
cgt,1,23,23.0
abl,6,23,3.8333333333333335
tbel,5,23,4.6
disciplinary,16,23,1.4375
reversible,17,23,1.3529411764705883
bedtime,6,23,3.8333333333333335
prime,21,23,1.0952380952380953
cryotherapy,12,23,1.9166666666666667
centre,16,23,1.4375
investigate,23,23,1.0
chip,12,23,1.9166666666666667
muscularis,1,23,23.0
debate,14,23,1.6428571428571428
tradition,9,23,2.5555555555555554
r15,5,23,4.6
emtansine,14,23,1.6428571428571428
neighbor,13,23,1.7692307692307692
interference,11,23,2.090909090909091
venlafaxine,3,23,7.666666666666667
god,7,23,3.2857142857142856
massive,18,23,1.2777777777777777
pleomorphic,9,23,2.5555555555555554
linkedin,8,23,2.875
conservation,5,23,4.6
pal,10,23,2.3
dehydration,13,23,1.7692307692307692
a.m.,15,23,1.5333333333333334
chek2,4,23,5.75
menthol,5,23,4.6
itcr,5,23,4.6
polypectomy,1,23,23.0
reading,17,23,1.3529411764705883
pheos,2,23,11.5
gonadotropin,8,23,2.875
navigation,8,23,2.875
retina,9,23,2.5555555555555554
mode,17,23,1.3529411764705883
hear,19,23,1.2105263157894737
arsenic,14,23,1.6428571428571428
chemoradiotherapy,6,23,3.8333333333333335
biophysic,15,23,1.5333333333333334
hollow,15,23,1.5333333333333334
ambiguous,7,23,3.2857142857142856
clone,5,23,4.6
surprise,22,23,1.0454545454545454
ground,20,23,1.15
rescue,10,23,2.3
recall,14,22,1.5714285714285714
distinguish,18,22,1.2222222222222223
math,10,22,2.2
oligopolyposis,2,22,11.0
supervisor,8,22,2.75
eyelid,4,22,5.5
animation,18,22,1.2222222222222223
thoracic,12,22,1.8333333333333333
fox,12,22,1.8333333333333333
tubular,4,22,5.5
adhesion,14,22,1.5714285714285714
stimulation,16,22,1.375
creation,21,22,1.0476190476190477
schneider,6,22,3.6666666666666665
observed,13,22,1.6923076923076923
hlh,2,22,11.0
handful,22,22,1.0
stk11,3,22,7.333333333333333
considerable,19,22,1.1578947368421053
transform,15,22,1.4666666666666666
heat,21,22,1.0476190476190477
allocation,13,22,1.6923076923076923
regardless,19,22,1.1578947368421053
discov,5,22,4.4
mek,11,22,2.0
star,15,22,1.4666666666666666
combined,20,22,1.1
sinai,17,22,1.2941176470588236
monotherapy,11,22,2.0
bacterium,10,22,2.2
asp,8,22,2.75
breadth,19,22,1.1578947368421053
pericardium,3,22,7.333333333333333
aniridia,4,22,5.5
cardia,5,22,4.4
mercaptopurine,4,22,5.5
multinational,15,22,1.4666666666666666
neighboring,9,22,2.4444444444444446
finger,14,22,1.5714285714285714
nibib,8,22,2.75
t.j,2,22,11.0
nonpharmacological,6,22,3.6666666666666665
uridine,3,22,7.333333333333333
yellow,18,22,1.2222222222222223
jak2,3,22,7.333333333333333
biofilm,4,22,5.5
bcma,5,22,4.4
anxious,18,22,1.2222222222222223
educ,6,22,3.6666666666666665
trip,15,22,1.4666666666666666
widemann,7,22,3.142857142857143
inch,8,22,2.75
productivity,13,22,1.6923076923076923
fractionation,7,22,3.142857142857143
wbc,3,22,7.333333333333333
myb,3,22,7.333333333333333
infrared,4,22,5.5
pas,14,22,1.5714285714285714
mirtazapine,4,22,5.5
inactive,17,22,1.2941176470588236
bupropion,5,22,4.4
del,9,22,2.4444444444444446
council,17,22,1.2941176470588236
anomaly,5,22,4.4
oversight,13,22,1.6923076923076923
northern,18,22,1.2222222222222223
doi,8,22,2.75
dissertation,8,22,2.75
operative,9,22,2.4444444444444446
nonsense,5,22,4.4
astroblastoma,2,22,11.0
mycosis,14,22,1.5714285714285714
employee,9,22,2.4444444444444446
trauma,16,22,1.375
raloxifene,6,22,3.6666666666666665
ileum,4,22,5.5
socket,5,22,4.4
wikimedia,22,22,1.0
invite,19,22,1.1578947368421053
shoulder,19,22,1.1578947368421053
residency,15,22,1.4666666666666666
zfta,2,22,11.0
immigrant,7,22,3.142857142857143
briefing,19,22,1.1578947368421053
portable,11,22,2.0
choi,12,22,1.8333333333333333
microbe,13,22,1.6923076923076923
extended,16,22,1.375
akt,9,22,2.4444444444444446
package,18,22,1.2222222222222223
smokefree,6,22,3.6666666666666665
ldh,8,22,2.75
tam,6,22,3.6666666666666665
coding,12,22,1.8333333333333333
rppr,5,22,4.4
nonsurgical,3,22,7.333333333333333
relat,7,22,3.142857142857143
neratinib,1,22,22.0
hypercalcemia,9,21,2.3333333333333335
inequity,12,21,1.75
cigar,9,21,2.3333333333333335
equitable,18,21,1.1666666666666667
irrespective,8,21,2.625
methyltransferase,6,21,3.5
obligation,12,21,1.75
steady,19,21,1.105263157894737
caspian,3,21,7.0
pap,10,21,2.1
neurologic,13,21,1.6153846153846154
ventricular,8,21,2.625
analog,13,21,1.6153846153846154
conservative,12,21,1.75
pax3,3,21,7.0
comply,21,21,1.0
liu,10,21,2.1
busy,14,21,1.5
mammary,7,21,3.0
squibb,17,21,1.2352941176470589
housing,7,21,3.0
coordinating,13,21,1.6153846153846154
effect,16,21,1.3125
hematological,11,21,1.9090909090909092
fmtc,3,21,7.0
treatable,19,21,1.105263157894737
lymphadenectomy,8,21,2.625
ineffective,16,21,1.3125
win,11,21,1.9090909090909092
prc2,3,21,7.0
hemicolectomy,4,21,5.25
inside,13,21,1.6153846153846154
talented,16,21,1.3125
urothelial,11,21,1.9090909090909092
photoimmunotherapy,7,21,3.0
facit,2,21,10.5
ehealth,2,21,10.5
pretransplant,3,21,7.0
confirmatory,20,21,1.05
ptsd,2,21,10.5
impaired,8,21,2.625
urethra,7,21,3.0
chow,7,21,3.0
adjunct,12,21,1.75
zollinger,5,21,4.2
deposit,15,21,1.4
tan,13,21,1.6153846153846154
neoplastic,15,21,1.4
informative,18,21,1.1666666666666667
audio,8,21,2.625
cip,6,21,3.5
opioids,9,21,2.3333333333333335
concerned,21,21,1.0
makeup,17,21,1.2352941176470589
davy,12,21,1.75
asparaginase,5,21,4.2
moxetumomab,3,21,7.0
feed,14,21,1.5
southwestern,11,21,1.9090909090909092
atc,5,21,4.2
reminder,20,21,1.05
salpingo,8,21,2.625
chondrosarcoma,8,21,2.625
crosstalk,12,21,1.75
restaurant,8,21,2.625
echocardiography,5,21,4.2
demand,17,21,1.2352941176470589
quitline,7,21,3.0
buccal,3,21,7.0
pedigree,5,21,4.2
conflict,11,21,1.9090909090909092
reporter,8,21,2.625
modulator,13,21,1.6153846153846154
isoform,9,21,2.3333333333333335
seattle,18,21,1.1666666666666667
worldwide,18,21,1.1666666666666667
llc,10,21,2.1
cutoff,10,21,2.1
triplet,7,21,3.0
ghsg,1,21,21.0
carney,1,21,21.0
prolonged,15,21,1.4
carcinogenic,13,21,1.6153846153846154
esteem,10,21,2.1
sander,6,21,3.5
distance,10,21,2.1
senescence,7,21,3.0
ciliary,3,21,7.0
tvus,1,21,21.0
-associated,6,21,3.5
maoi,1,21,21.0
mile,10,21,2.1
appendectomy,4,21,5.25
umbrella,15,21,1.4
son,18,21,1.1666666666666667
descent,17,21,1.2352941176470589
gpoh,7,21,3.0
hallmark,18,21,1.1666666666666667
multisystem,3,20,6.666666666666667
cfh,1,20,20.0
modal,7,20,2.857142857142857
struggle,12,20,1.6666666666666667
moderator,7,20,2.857142857142857
proteasome,7,20,2.857142857142857
latency,6,20,3.3333333333333335
husband,11,20,1.8181818181818181
weekend,20,20,1.0
motivation,14,20,1.4285714285714286
gadolinium,7,20,2.857142857142857
prepared,16,20,1.25
carbon,15,20,1.3333333333333333
flu,10,20,2.0
ncoa2,2,20,10.0
par-25,6,20,3.3333333333333335
telomerase,4,20,5.0
paroxetine,5,20,4.0
coronavirus,5,20,4.0
surprised,19,20,1.0526315789473684
sept,13,20,1.5384615384615385
pbx1,2,20,10.0
mammalian,15,20,1.3333333333333333
urology,15,20,1.3333333333333333
transport,12,20,1.6666666666666667
serotonergic,2,20,10.0
atlanta,20,20,1.0
anticholinergic,3,20,6.666666666666667
nice,15,20,1.3333333333333333
touch,17,20,1.1764705882352942
dish,17,20,1.1764705882352942
sale,12,20,1.6666666666666667
men2b,5,20,4.0
ava,1,20,20.0
economy,12,20,1.6666666666666667
harris,12,20,1.6666666666666667
tough,17,20,1.1764705882352942
electromagnetic,2,20,10.0
-rearranged,2,20,10.0
dana,17,20,1.1764705882352942
granuloma,4,20,5.0
secretory,10,20,2.0
nephrogenic,2,20,10.0
autopsy,11,20,1.8181818181818181
medal,9,20,2.2222222222222223
antagonist,11,20,1.8181818181818181
unexplained,10,20,2.0
aaml0531,3,20,6.666666666666667
acad,10,20,2.0
inhibits,17,20,1.1764705882352942
addictive,9,20,2.2222222222222223
obama,14,20,1.4285714285714286
kdm5a,2,20,10.0
neonatal,5,20,4.0
excitement,18,20,1.1111111111111112
intention,11,20,1.8181818181818181
testicle,13,20,1.5384615384615385
yoga,12,20,1.6666666666666667
yolk,4,20,5.0
clearance,11,20,1.8181818181818181
infected,14,20,1.4285714285714286
mullighan,2,20,10.0
talent,14,20,1.4285714285714286
concordance,11,20,1.8181818181818181
orchiectomy,6,20,3.3333333333333335
train,16,20,1.25
fibrous,12,20,1.6666666666666667
hypotension,8,20,2.5
ventilator,6,20,3.3333333333333335
underway,20,20,1.0
radiother,8,20,2.5
dlbcl,13,20,1.5384615384615385
polygenic,6,20,3.3333333333333335
sport,16,20,1.25
gefitinib,10,20,2.0
-mutant,9,20,2.2222222222222223
strict,9,20,2.2222222222222223
carfilzomib,10,20,2.0
coordinator,17,20,1.1764705882352942
placement,7,20,2.857142857142857
abundance,15,20,1.3333333333333333
camera,13,20,1.5384615384615385
lutetium,7,20,2.857142857142857
ptpn11,2,20,10.0
tkis,10,20,2.0
purple,14,20,1.4285714285714286
threshold,9,20,2.2222222222222223
receive,13,20,1.5384615384615385
accident,19,20,1.0526315789473684
cmmrd,1,20,20.0
mbsr,2,20,10.0
proctocolectomy,1,20,20.0
prayer,4,20,5.0
testimony,4,20,5.0
wgs,5,20,4.0
gray,14,20,1.4285714285714286
mapping,11,20,1.8181818181818181
trep,7,20,2.857142857142857
display,11,20,1.8181818181818181
trigone,2,20,10.0
hypnotic,2,20,10.0
crossover,7,20,2.857142857142857
icon,3,20,6.666666666666667
communicate,17,20,1.1764705882352942
nonmedulloblastoma,2,20,10.0
von,9,20,2.2222222222222223
mutat,6,20,3.3333333333333335
neuroectodermal,4,20,5.0
korean,12,20,1.6666666666666667
craving,3,20,6.666666666666667
crebbp,2,20,10.0
carotene,7,20,2.857142857142857
phosphatase,12,20,1.6666666666666667
impair,17,19,1.1176470588235294
adoptive,12,19,1.5833333333333333
hub,13,19,1.4615384615384615
geroscience,3,19,6.333333333333333
neuroma,3,19,6.333333333333333
metarrestin,2,19,9.5
intraperitoneal,9,19,2.111111111111111
anatomic,14,19,1.3571428571428572
computing,11,19,1.7272727272727273
prep,3,19,6.333333333333333
noncancerous,15,19,1.2666666666666666
cdkn1b,2,19,9.5
instructor,7,19,2.7142857142857144
ureter,7,19,2.7142857142857144
yervoy,19,19,1.0
myth,19,19,1.0
anniversary,16,19,1.1875
lobule,5,19,3.8
subtle,10,19,1.9
mix,18,19,1.0555555555555556
nmtc,1,19,19.0
walk,12,19,1.5833333333333333
goiter,11,19,1.7272727272727273
interpersonal,9,19,2.111111111111111
dysgerminoma,1,19,19.0
inventory,6,19,3.1666666666666665
married,13,19,1.4615384615384615
panobinostat,5,19,3.8
retropharyngeal,3,19,6.333333333333333
pipe,9,19,2.111111111111111
onj,1,19,19.0
golf,5,19,3.8
orange,15,19,1.2666666666666666
rochester,14,19,1.3571428571428572
interplay,19,19,1.0
cortex,12,19,1.5833333333333333
mucus,12,19,1.5833333333333333
bile,14,19,1.3571428571428572
congestive,11,19,1.7272727272727273
nucleic,10,19,1.9
excisional,17,19,1.1176470588235294
ancillary,14,19,1.3571428571428572
motility,6,19,3.1666666666666665
tfe3,3,19,6.333333333333333
undergrad,9,19,2.111111111111111
microarray,8,19,2.375
sps,1,19,19.0
evasion,9,19,2.111111111111111
pns,1,19,19.0
deviate,19,19,1.0
devastating,15,19,1.2666666666666666
termination,6,19,3.1666666666666665
mucous,10,19,1.9
alert,16,19,1.1875
richard,11,19,1.7272727272727273
chapel,17,19,1.1176470588235294
nrsa,8,19,2.375
proliferative,10,19,1.9
drosha,3,19,6.333333333333333
mesenteric,6,19,3.1666666666666665
menstrual,9,19,2.111111111111111
lim,14,19,1.3571428571428572
sickle,11,19,1.7272727272727273
mouthwash,7,19,2.7142857142857144
sgm,2,19,9.5
alzheimer,10,19,1.9
identifiable,11,19,1.7272727272727273
astrocytic,4,19,4.75
reflect,19,19,1.0
csr,19,19,1.0
tebentafusp,4,19,4.75
lycopene,2,19,9.5
contraceptive,9,19,2.111111111111111
cemiplimab,5,19,3.8
ciloleucel,9,19,2.111111111111111
globe,19,19,1.0
mentee,10,19,1.9
cool,11,19,1.7272727272727273
cd30,8,19,2.375
raw,8,19,2.375
subsidy,5,19,3.8
pralsetinib,6,19,3.1666666666666665
boundary,15,19,1.2666666666666666
consultant,18,19,1.0555555555555556
nonsteroidal,4,19,4.75
keyword,6,19,3.1666666666666665
nciccrraretumor,18,19,1.0555555555555556
retinoic,9,19,2.111111111111111
choroid,6,19,3.1666666666666665
r50,4,19,4.75
tucatinib,4,19,4.75
coordinate,17,19,1.1176470588235294
residence,18,19,1.0555555555555556
church,7,19,2.7142857142857144
tony,5,19,3.8
lumbar,9,19,2.111111111111111
assumption,16,19,1.1875
impossible,18,19,1.0555555555555556
rico,10,19,1.9
potassium,7,19,2.7142857142857144
ctd²,3,19,6.333333333333333
gardner,9,19,2.111111111111111
sole,14,19,1.3571428571428572
dormancy,7,19,2.7142857142857144
hypoparathyroidism,4,19,4.75
architecture,19,19,1.0
cheek,10,19,1.9
unstable,6,19,3.1666666666666665
acceleration,12,19,1.5833333333333333
novartis,14,19,1.3571428571428572
netw,12,19,1.5833333333333333
histologic,15,19,1.2666666666666666
bio,12,19,1.5833333333333333
childbirth,8,19,2.375
square,2,19,9.5
nat,7,19,2.7142857142857144
angiosarcoma,4,19,4.75
deny,4,19,4.75
identify,18,19,1.0555555555555556
tmem127,1,19,19.0
pericardiocentesis,2,19,9.5
widget,4,19,4.75
popular,15,19,1.2666666666666666
causal,15,19,1.2666666666666666
precocious,2,19,9.5
survive,19,19,1.0
prospect,16,18,1.125
hoarseness,12,18,1.5
irregular,10,18,1.8
pump,10,18,1.8
muir,1,18,18.0
oar,4,18,4.5
shock,16,18,1.125
asxl1,3,18,6.0
arrow,11,18,1.6363636363636365
princess,5,18,3.6
bülow,1,18,18.0
retrovirus,6,18,3.0
dialysis,7,18,2.5714285714285716
müller,11,18,1.6363636363636365
hint,17,18,1.0588235294117647
hct,1,18,18.0
sad,8,18,2.25
manufacturing,12,18,1.5
tnbc,1,18,18.0
legislative,8,18,2.25
hippocampal,2,18,9.0
sigourney,2,18,9.0
pin,7,18,2.5714285714285716
hcg,5,18,3.6
friedman,9,18,2.0
ophthalmologist,18,18,1.0
sjcrh,3,18,6.0
documentary,10,18,1.8
p2ry8,2,18,9.0
thoracentesis,5,18,3.6
incident,7,18,2.5714285714285716
rem,4,18,4.5
aminotransferase,6,18,3.0
pct,1,18,18.0
satellite,6,18,3.0
magnification,8,18,2.25
machen,3,18,6.0
defibrotide,4,18,4.5
exonic,2,18,9.0
hypogonadism,4,18,4.5
bispecific,8,18,2.25
absorption,9,18,2.0
manufacture,18,18,1.0
dtc,6,18,3.0
strain,14,18,1.2857142857142858
guanylin,2,18,9.0
ethic,8,18,2.25
cdk,4,18,4.5
suggestive,10,18,1.8
snuff,6,18,3.0
tolerability,9,18,2.0
chart,16,18,1.125
norepinephrine,7,18,2.5714285714285716
pax,3,18,6.0
calcineurin,2,18,9.0
nur,5,18,3.6
comorbidity,7,18,2.5714285714285716
isolation,14,18,1.2857142857142858
usefulness,14,18,1.2857142857142858
trade,16,18,1.125
optimism,13,18,1.3846153846153846
mobility,11,18,1.6363636363636365
tmb,4,18,4.5
morphologic,9,18,2.0
produce,18,18,1.0
enhancement,14,18,1.2857142857142858
neurocytoma,2,18,9.0
apply,11,18,1.6363636363636365
showing,18,18,1.0
protease,7,18,2.5714285714285716
sdha,1,18,18.0
trimethylation,2,18,9.0
ototoxicity,2,18,9.0
expand,16,18,1.125
vgll2,2,18,9.0
hold,17,18,1.0588235294117647
islet,7,18,2.5714285714285716
discrimination,8,18,2.25
amusing,18,18,1.0
siopen,2,18,9.0
uncover,10,18,1.8
peritoneum,7,18,2.5714285714285716
religiousness,2,18,9.0
anecdotal,13,18,1.3846153846153846
replication,16,18,1.125
fax,15,18,1.2
obliterans,3,18,6.0
reflection,12,18,1.5
ntrk,8,18,2.25
sexuality,14,18,1.2857142857142858
trim28,2,18,9.0
marketing,10,18,1.8
zip,4,18,4.5
treatment,17,18,1.0588235294117647
horizon,15,18,1.2
paternal,6,18,3.0
mef2d,2,18,9.0
unclassifiable,3,18,6.0
subscale,9,18,2.0
q35,2,18,9.0
bold,12,18,1.5
uspstf,6,18,3.0
talc,2,18,9.0
stampede,2,18,9.0
tal1,2,18,9.0
submucosa,1,18,18.0
transitional,6,18,3.0
overcome,16,18,1.125
reach,17,18,1.0588235294117647
capable,17,18,1.0588235294117647
accepted,18,18,1.0
optimize,18,18,1.0
folate,9,18,2.0
hughes,13,18,1.3846153846153846
splicing,10,18,1.8
savard,2,18,9.0
ltr10,1,18,18.0
hunger,11,18,1.6363636363636365
composite,7,18,2.5714285714285716
gadd,2,18,9.0
thromboembolism,2,18,9.0
leptin,2,18,9.0
orbital,1,18,18.0
classifier,8,18,2.25
patent,10,18,1.8
create,12,18,1.5
incisional,14,18,1.2857142857142858
igh,2,18,9.0
ivc,4,18,4.5
bilirubin,4,18,4.5
raise,18,18,1.0
fdr,1,18,18.0
fresh,17,18,1.0588235294117647
invade,8,18,2.25
bug,10,18,1.8
crazy,11,18,1.6363636363636365
investor,3,18,6.0
quiz,9,18,2.0
aerobic,7,18,2.5714285714285716
topoisomerase,7,18,2.5714285714285716
ene,1,18,18.0
mitoxantrone,6,18,3.0
anastomosis,3,18,6.0
nomenclature,8,18,2.25
thorough,13,18,1.3846153846153846
slight,15,18,1.2
magnesium,8,18,2.25
enucleation,3,18,6.0
broken,10,18,1.8
hellman,6,18,3.0
predict,17,18,1.0588235294117647
damaging,12,18,1.5
tcf3,2,18,9.0
embryonic,6,18,3.0
commissioner,15,18,1.2
fna,9,18,2.0
curve,16,18,1.125
visible,15,18,1.2
agnostic,8,18,2.25
dis,7,18,2.5714285714285716
16q,2,18,9.0
palpable,11,18,1.6363636363636365
separation,9,17,1.8888888888888888
shah,13,17,1.3076923076923077
gastritis,8,17,2.125
pgt,2,17,8.5
proxy,9,17,1.8888888888888888
serology,5,17,3.4
hamartomatous,1,17,17.0
mystery,8,17,2.125
hra,5,17,3.4
robbin,17,17,1.0
eyeball,2,17,8.5
sessile,1,17,17.0
stature,3,17,5.666666666666667
underweight,1,17,17.0
drp-104,1,17,17.0
ferrari,15,17,1.1333333333333333
leptomeningeal,3,17,5.666666666666667
leisure,3,17,5.666666666666667
merck,9,17,1.8888888888888888
movie,11,17,1.5454545454545454
ventilation,8,17,2.125
sphenoid,1,17,17.0
secure,14,17,1.2142857142857142
hijacking,4,17,4.25
ucla,12,17,1.4166666666666667
reserve,7,17,2.4285714285714284
dgcr8,3,17,5.666666666666667
vary,15,17,1.1333333333333333
illustrate,13,17,1.3076923076923077
olaratumab,4,17,4.25
pharmacokinetic,12,17,1.4166666666666667
deviation,9,17,1.8888888888888888
emergent,10,17,1.7
mueller,9,17,1.8888888888888888
obstetric,6,17,2.8333333333333335
vinorelbine,4,17,4.25
sdhx,1,17,17.0
stevens,6,17,2.8333333333333335
chromogranin,6,17,2.8333333333333335
radioiodine,3,17,5.666666666666667
imts,3,17,5.666666666666667
glucocorticoid,5,17,3.4
thiopurine,3,17,5.666666666666667
visualize,16,17,1.0625
counsel,13,17,1.3076923076923077
jewish,7,17,2.4285714285714284
resectable,9,17,1.8888888888888888
cytoplasmic,3,17,5.666666666666667
nordic,8,17,2.125
latent,8,17,2.125
incontinence,7,17,2.4285714285714284
serosa,4,17,4.25
vertebral,3,17,5.666666666666667
meshinchi,3,17,5.666666666666667
arpa,5,17,3.4
liposomal,10,17,1.7
multivariate,12,17,1.4166666666666667
lifecycle,15,17,1.1333333333333333
krull,1,17,17.0
bay,8,17,2.125
viable,16,17,1.0625
scholarship,9,17,1.8888888888888888
berzosertib,5,17,3.4
fungoide,13,17,1.3076923076923077
betrnet,3,17,5.666666666666667
lopez,9,17,1.8888888888888888
drash,4,17,4.25
gurney,4,17,4.25
den,7,17,2.4285714285714284
ascite,9,17,1.8888888888888888
attache,13,17,1.3076923076923077
rank,12,17,1.4166666666666667
chtn,3,17,5.666666666666667
-positive,11,17,1.5454545454545454
crcs,1,17,17.0
yasui,1,17,17.0
denosumab,5,17,3.4
prone,12,17,1.4166666666666667
publishing,11,17,1.5454545454545454
extranodal,7,17,2.4285714285714284
motivated,13,17,1.3076923076923077
v600,9,17,1.8888888888888888
snp,8,17,2.125
fan,15,17,1.1333333333333333
chelsea,1,17,17.0
gordon,4,17,4.25
wedge,6,17,2.8333333333333335
axin2,1,17,17.0
dinah,13,17,1.3076923076923077
unselected,4,17,4.25
soc,10,17,1.7
cascade,7,17,2.4285714285714284
yearly,11,17,1.5454545454545454
marina,6,17,2.8333333333333335
transit,3,17,5.666666666666667
infarction,6,17,2.8333333333333335
primordial,3,17,5.666666666666667
tman,4,17,4.25
ipt,1,17,17.0
curtis,10,17,1.7
oncotarget,10,17,1.7
anus,14,17,1.2142857142857142
enasidenib,3,17,5.666666666666667
posttreatment,10,17,1.7
anorexia,10,17,1.7
bony,8,17,2.125
worried,15,17,1.1333333333333333
pob,4,17,4.25
rattle,1,17,17.0
ritual,5,17,3.4
acuity,2,17,8.5
ampulla,2,17,8.5
craniofacial,5,17,3.4
proud,14,17,1.2142857142857142
epigenomic,11,17,1.5454545454545454
schultz,8,17,2.125
physiology,15,17,1.1333333333333333
ned,10,17,1.7
parapharyngeal,2,17,8.5
establishment,16,17,1.0625
postchemotherapy,8,17,2.125
epimutation,1,17,17.0
characterized,9,17,1.8888888888888888
mediator,6,17,2.8333333333333335
abramson,14,17,1.2142857142857142
angioma,2,17,8.5
metabolomic,11,17,1.5454545454545454
stimulus,10,17,1.7
extend,17,17,1.0
operable,6,17,2.8333333333333335
cpg,5,17,3.4
incorporation,8,17,2.125
tailor,17,17,1.0
monohydrate,3,17,5.666666666666667
ca-25,4,17,4.25
describe,16,17,1.0625
irr,2,17,8.5
lecture,12,17,1.4166666666666667
palmer,7,17,2.4285714285714284
overwhelming,16,17,1.0625
surprising,17,17,1.0
basket,7,17,2.4285714285714284
chakraborty,3,17,5.666666666666667
par-18,1,17,17.0
ectodermal,8,17,2.125
idp,3,17,5.666666666666667
conformance,17,17,1.0
audit,6,17,2.8333333333333335
ctnnb1,3,17,5.666666666666667
shield,10,17,1.7
atrophy,11,17,1.5454545454545454
giant,11,17,1.5454545454545454
trunk,6,17,2.8333333333333335
interpreter,3,17,5.666666666666667
gps,17,17,1.0
gfr,2,17,8.5
neurosurgery,8,17,2.125
trimester,4,17,4.25
botanical,3,16,5.333333333333333
iotn,2,16,8.0
hole,14,16,1.1428571428571428
bedside,15,16,1.0666666666666667
vocal,9,16,1.7777777777777777
gatta,16,16,1.0
epi,2,16,8.0
hcl,2,16,8.0
stiff,7,16,2.2857142857142856
butow,4,16,4.0
krailo,16,16,1.0
nasdaq,1,16,16.0
manageable,16,16,1.0
chromoendoscopy,1,16,16.0
metaiodobenzylguanidine,5,16,3.2
secret,10,16,1.6
capstone,5,16,3.2
senescent,4,16,4.0
ann,11,16,1.4545454545454546
grad,6,16,2.6666666666666665
myocardial,5,16,3.2
heerema,3,16,5.333333333333333
lxr-623,2,16,8.0
unger,8,16,2.0
degradation,10,16,1.6
equation,8,16,2.0
dependency,12,16,1.3333333333333333
hopelessness,3,16,5.333333333333333
merchant,3,16,5.333333333333333
sternberg,8,16,2.0
pui,3,16,5.333333333333333
funny,11,16,1.4545454545454546
watson,10,16,1.6
laparoscopic,5,16,3.2
healing,11,16,1.4545454545454546
ntrk2,2,16,8.0
wtx,2,16,8.0
domestic,14,16,1.1428571428571428
colonoscopic,2,16,8.0
sensation,11,16,1.4545454545454546
heartbeat,14,16,1.1428571428571428
tremelimumab,8,16,2.0
lean,8,16,2.0
imperative,13,16,1.2307692307692308
fate,11,16,1.4545454545454546
antiemetic,7,16,2.2857142857142856
uniparental,4,16,4.0
leave,14,16,1.1428571428571428
dccss,1,16,16.0
tree,11,16,1.4545454545454546
palpation,8,16,2.0
linear,12,16,1.3333333333333333
road,14,16,1.1428571428571428
labeling,12,16,1.3333333333333333
six2,2,16,8.0
balanced,15,16,1.0666666666666667
frontal,6,16,2.6666666666666665
auditing,7,16,2.2857142857142856
pathogen,8,16,2.0
solitary,8,16,2.0
endoscope,8,16,2.0
california,15,16,1.0666666666666667
otorhinolaryngol,6,16,2.6666666666666665
socs1,2,16,8.0
bronchu,5,16,3.2
brake,13,16,1.2307692307692308
hematopoiesis,7,16,2.2857142857142856
metanephric,2,16,8.0
atiq,1,16,16.0
underscore,14,16,1.1428571428571428
connected,11,16,1.4545454545454546
town,12,16,1.3333333333333333
existence,11,16,1.4545454545454546
asthma,9,16,1.7777777777777777
lichen,3,16,5.333333333333333
q177r,2,16,8.0
truth,13,16,1.2307692307692308
missing,16,16,1.0
indoor,8,16,2.0
glis2,2,16,8.0
covid,10,16,1.6
pigment,7,16,2.2857142857142856
siop,5,16,3.2
schmidt,7,16,2.2857142857142856
tuberous,9,16,1.7777777777777777
milligram,6,16,2.6666666666666665
nail,8,16,2.0
hollink,2,16,8.0
bean,13,16,1.2307692307692308
nephroblastoma,4,16,4.0
tech,10,16,1.6
mulder,1,16,16.0
conflicting,9,16,1.7777777777777777
cohen,9,16,1.7777777777777777
t3a,1,16,16.0
prevertebral,3,16,5.333333333333333
eiap,10,16,1.6
nutm1,2,16,8.0
lar,4,16,4.0
tomorrow,12,16,1.3333333333333333
endosc,4,16,4.0
q23,2,16,8.0
clarification,13,16,1.2307692307692308
gonzalez,9,16,1.7777777777777777
scientist,10,16,1.6
tailorx,8,16,2.0
king,14,16,1.1428571428571428
overload,3,16,5.333333333333333
pptc,2,16,8.0
grant.gov,16,16,1.0
osteochondroma,1,16,16.0
shortage,15,16,1.0666666666666667
min,12,16,1.3333333333333333
mgmt,5,16,3.2
trioxide,7,16,2.2857142857142856
waste,13,16,1.2307692307692308
costly,13,16,1.2307692307692308
memo,16,16,1.0
overwhelmed,14,16,1.1428571428571428
zhao,15,16,1.0666666666666667
chinese,11,16,1.4545454545454546
leuk,5,16,3.2
tricyclic,3,16,5.333333333333333
rie,6,16,2.6666666666666665
emerge,13,16,1.2307692307692308
alien,12,16,1.3333333333333333
elacestrant,2,16,8.0
accure,1,16,16.0
worsen,14,16,1.1428571428571428
biennial,8,16,2.0
montefiore,5,16,3.2
attractive,14,16,1.1428571428571428
stricture,4,16,4.0
pnc,1,16,16.0
pontine,8,16,2.0
diamond,6,16,2.6666666666666665
tuesday,7,16,2.2857142857142856
metanephrine,2,16,8.0
intraoperative,5,16,3.2
ice,9,16,1.7777777777777777
responsiveness,11,16,1.4545454545454546
tmist,3,16,5.333333333333333
jemal,16,16,1.0
generate,12,16,1.3333333333333333
npm,2,16,8.0
hemispheric,2,16,8.0
mitotic,11,16,1.4545454545454546
hurdle,16,16,1.0
combo,12,16,1.3333333333333333
-negative,10,16,1.6
heterogenous,8,16,2.0
itt,3,16,5.333333333333333
integrate,14,16,1.1428571428571428
egleston,16,16,1.0
ritchey,16,16,1.0
age-,6,16,2.6666666666666665
lady,10,15,1.5
propranolol,4,15,3.75
il3,3,15,5.0
gathering,14,15,1.0714285714285714
near,12,15,1.25
rivera,6,15,2.5
ccsk,5,15,3.0
morphological,10,15,1.5
pharmacogenetic,5,15,3.0
capocaccia,15,15,1.0
botta,15,15,1.0
rarecarenet,15,15,1.0
splenectomy,3,15,5.0
intragenic,3,15,5.0
sebaceous,1,15,15.0
anthrax,2,15,7.5
nonrelapse,3,15,5.0
balloon,6,15,2.5
wallgren,3,15,5.0
lethality,6,15,2.5
holistic,14,15,1.0714285714285714
checklist,12,15,1.25
ampullary,2,15,7.5
entrectinib,7,15,2.142857142857143
generative,4,15,3.75
weber,5,15,3.0
hygiene,2,15,7.5
silver,15,15,1.0
bruera,4,15,3.75
compromise,12,15,1.25
larotrectinib,8,15,1.875
learner,4,15,3.75
nerv,7,15,2.142857142857143
erectile,7,15,2.142857142857143
multidimensional,9,15,1.6666666666666667
maturation,12,15,1.25
tuberculosis,7,15,2.142857142857143
seminal,7,15,2.142857142857143
hotspot,3,15,5.0
xp11,3,15,5.0
incremental,7,15,2.142857142857143
telemedicine,5,15,3.0
erk,3,15,5.0
discontinue,10,15,1.5
pfister,3,15,5.0
transrectal,2,15,7.5
potato,7,15,2.142857142857143
player,10,15,1.5
nab,3,15,5.0
beneficiary,5,15,3.0
cereal,10,15,1.5
epidermis,4,15,3.75
continuity,6,15,2.5
secrete,10,15,1.5
isolated,9,15,1.6666666666666667
inherent,14,15,1.0714285714285714
existential,5,15,3.0
license,9,15,1.6666666666666667
walsh,9,15,1.6666666666666667
breathlessness,2,15,7.5
omission,5,15,3.0
sirolimus,4,15,3.75
vigorous,9,15,1.6666666666666667
wan,9,15,1.6666666666666667
embryo,11,15,1.3636363636363635
kaplan,8,15,1.875
subclone,6,15,2.5
gardasil,8,15,1.875
affymetrix,2,15,7.5
motion,11,15,1.3636363636363635
measurable,13,15,1.1538461538461537
groin,8,15,1.875
neurotransmitter,8,15,1.875
gastrin,3,15,5.0
recommend,14,15,1.0714285714285714
olfactory,1,15,15.0
unchanged,12,15,1.25
leukemic,5,15,3.0
trimble,9,15,1.6666666666666667
drinker,2,15,7.5
meyer,7,15,2.142857142857143
understand,14,15,1.0714285714285714
surp,2,15,7.5
hairy,7,15,2.142857142857143
fistula,7,15,2.142857142857143
counter,11,15,1.3636363636363635
spending,12,15,1.25
implement,13,15,1.1538461538461537
par-24,7,15,2.142857142857143
neurol,6,15,2.5
u24,10,15,1.5
hampel,4,15,3.75
developer,12,15,1.25
chase,7,15,2.142857142857143
fuchs,3,15,5.0
nosi,6,15,2.5
≥10,5,15,3.0
posttherapy,4,15,3.75
counterpart,13,15,1.1538461538461537
nutritional,11,15,1.3636363636363635
rarity,14,15,1.0714285714285714
vol,13,15,1.1538461538461537
hypnosis,7,15,2.142857142857143
probiotic,1,15,15.0
globulin,5,15,3.0
additive,10,15,1.5
mount,12,15,1.25
landmark,12,15,1.25
granular,9,15,1.6666666666666667
mph,11,15,1.3636363636363635
interruption,12,15,1.25
bulletin,6,15,2.5
cytoplasm,11,15,1.3636363636363635
biophysical,13,15,1.1538461538461537
span,15,15,1.0
hydrogen,4,15,3.75
sweet,12,15,1.25
schwartz,9,15,1.6666666666666667
authorization,6,15,2.5
svc,1,15,15.0
manage,15,15,1.0
realistic,13,15,1.1538461538461537
glutamine,5,15,3.0
govitecan,3,15,5.0
starting,15,15,1.0
abuse,10,15,1.5
rfas,6,15,2.5
geller,7,15,2.142857142857143
alternate,13,15,1.1538461538461537
emory,14,15,1.0714285714285714
1980,13,15,1.1538461538461537
eculizumab,1,15,15.0
tab,4,15,3.75
handle,13,15,1.1538461538461537
court,4,15,3.75
quadrivalent,5,15,3.0
fundic,1,15,15.0
tag,10,15,1.5
langerhan,3,15,5.0
aggregate,14,15,1.0714285714285714
saharan,10,15,1.5
operating,12,15,1.25
hnscc,2,15,7.5
enzalutamide,8,15,1.875
invaluable,14,15,1.0714285714285714
justice,12,15,1.25
tyr,3,15,5.0
nob,8,15,1.875
facr,15,15,1.0
tnf,5,15,3.0
creatinine,4,15,3.75
tnfr2,1,15,15.0
plastic,13,15,1.1538461538461537
subclinical,5,15,3.0
carlos,15,15,1.0
battery,11,15,1.3636363636363635
remote,9,15,1.6666666666666667
rescorla,1,15,15.0
congressional,11,15,1.3636363636363635
plasticity,12,14,1.1666666666666667
frustration,9,14,1.5555555555555556
warm,12,14,1.1666666666666667
q13,2,14,7.0
multicentric,7,14,2.0
problematic,13,14,1.0769230769230769
caring,11,14,1.2727272727272727
-altered,2,14,7.0
shave,4,14,3.5
mskcc,8,14,1.75
abortion,2,14,7.0
serm,5,14,2.8
nopho,2,14,7.0
schwab,2,14,7.0
islander,13,14,1.0769230769230769
geriatr,6,14,2.3333333333333335
adam,10,14,1.4
debt,9,14,1.5555555555555556
q34,2,14,7.0
hr+/her2-,4,14,3.5
hall,11,14,1.2727272727272727
indigo,2,14,7.0
doublet,3,14,4.666666666666667
panic,4,14,3.5
uninterrupted,9,14,1.5555555555555556
valve,6,14,2.3333333333333335
myh,1,14,14.0
imfinzi,7,14,2.0
toll,12,14,1.1666666666666667
staining,7,14,2.0
dsm-5,4,14,3.5
walker,7,14,2.0
regulate,13,14,1.0769230769230769
makei,1,14,14.0
monoallelic,2,14,7.0
width,6,14,2.3333333333333335
gynecological,7,14,2.0
nsf,5,14,2.8
automatic,9,14,1.5555555555555556
reductase,5,14,2.8
exposome,2,14,7.0
jejunal,2,14,7.0
penetration,4,14,3.5
chicken,7,14,2.0
tazemetostat,5,14,2.8
lindor,2,14,7.0
stay,8,14,1.75
retroperitoneum,2,14,7.0
ruxolitinib,4,14,3.5
arrest,8,14,1.75
respective,12,14,1.1666666666666667
gynecology,6,14,2.3333333333333335
frasier,2,14,7.0
influential,10,14,1.4
turner,10,14,1.4
cream,6,14,2.3333333333333335
persist,12,14,1.1666666666666667
atr,4,14,3.5
ewsr1,2,14,7.0
strand,11,14,1.2727272727272727
suite,11,14,1.2727272727272727
mdm2,2,14,7.0
metric,9,14,1.5555555555555556
minicircle,3,14,4.666666666666667
homolog,5,14,2.8
propensity,10,14,1.4
nfe2l2,2,14,7.0
rice,11,14,1.2727272727272727
optical,12,14,1.1666666666666667
cosmetic,6,14,2.3333333333333335
monarch,3,14,4.666666666666667
straight,11,14,1.2727272727272727
attorney,4,14,3.5
oropharynx,4,14,3.5
module,9,14,1.5555555555555556
enthusiasm,14,14,1.0
snf,2,14,7.0
swi,2,14,7.0
egeblad,2,14,7.0
pack,8,14,1.75
flavor,9,14,1.5555555555555556
recombination,8,14,1.75
flush,4,14,3.5
bcl6,2,14,7.0
morehouse,6,14,2.3333333333333335
neuroendocrinology,4,14,3.5
trb,2,14,7.0
strange,12,14,1.1666666666666667
sharma,9,14,1.5555555555555556
microdeletion,3,14,4.666666666666667
recognize,14,14,1.0
discharge,5,14,2.8
begin,13,14,1.0769230769230769
constituent,5,14,2.8
glial,5,14,2.8
confident,14,14,1.0
baker,7,14,2.0
courtesy,11,14,1.2727272727272727
cern,3,14,4.666666666666667
club,5,14,2.8
siteman,4,14,3.5
mimetic,3,14,4.666666666666667
accountability,12,14,1.1666666666666667
doc,5,14,2.8
complaint,7,14,2.0
stewart,6,14,2.3333333333333335
nonseminomatous,2,14,7.0
pay,13,14,1.0769230769230769
brinkman,1,14,14.0
doe,5,14,2.8
mottok,2,14,7.0
dome,10,14,1.4
dermatology,8,14,1.75
union,12,14,1.1666666666666667
noncardia,3,14,4.666666666666667
hazardous,9,14,1.5555555555555556
instrumental,12,14,1.1666666666666667
underarm,8,14,1.75
p50,6,14,2.3333333333333335
bac,7,14,2.0
plot,7,14,2.0
tertiary,10,14,1.4
glomerular,3,14,4.666666666666667
ctla-4,9,14,1.5555555555555556
ingredient,9,14,1.5555555555555556
prkca,2,14,7.0
interface,14,14,1.0
neurooncol,8,14,1.75
harness,13,14,1.0769230769230769
visibility,4,14,3.5
amh,3,14,4.666666666666667
adiposity,2,14,7.0
sherman,8,14,1.75
sklar,2,14,7.0
kappab,2,14,7.0
thrombotic,2,14,7.0
mitigation,12,14,1.1666666666666667
korshunov,2,14,7.0
asplenia,1,14,14.0
quiet,12,14,1.1666666666666667
snv,1,14,14.0
oxaliplatin,6,14,2.3333333333333335
less,12,14,1.1666666666666667
ahn,8,14,1.75
inguinal,4,14,3.5
rebastinib,2,14,7.0
mitotane,1,14,14.0
relatlimab,2,14,7.0
following,10,14,1.4
ivosidenib,3,14,4.666666666666667
outweigh,14,14,1.0
ependymal,3,14,4.666666666666667
deauville,1,14,14.0
annal,8,14,1.75
learn,13,14,1.0769230769230769
sonidegib,5,14,2.8
gradual,7,14,2.0
dcog,4,14,3.5
snrna,2,14,7.0
gleevec,13,14,1.0769230769230769
alpelisib,2,14,7.0
vec,2,14,7.0
qualified,14,14,1.0
prescribing,7,14,2.0
fibroblast,11,14,1.2727272727272727
herd,8,14,1.75
bep,1,14,14.0
demoralization,2,14,7.0
teenage,7,14,2.0
p.p80r,2,14,7.0
hedgehog,8,14,1.75
hlf,2,14,7.0
reagent,11,14,1.2727272727272727
haploid,2,14,7.0
ancient,3,14,4.666666666666667
extraventricular,2,14,7.0
sipa,1,14,14.0
urban,10,14,1.4
frankfurt,2,14,7.0
discrepancy,10,14,1.4
bmpr1a,1,14,14.0
suppressive,11,14,1.2727272727272727
perform,14,14,1.0
t3b,1,14,14.0
burke,5,14,2.8
passionate,14,14,1.0
sharp,12,14,1.1666666666666667
suffering,11,14,1.2727272727272727
p13.3,2,14,7.0
p11.2,2,14,7.0
p23,2,14,7.0
hyperactivity,5,14,2.8
integral,14,14,1.0
arise,11,14,1.2727272727272727
societal,10,14,1.4
forest,8,14,1.75
niaid,7,14,2.0
ribosomal,4,14,3.5
igf2,3,13,4.333333333333333
tcrb,8,13,1.625
sdh,2,13,6.5
grow,12,13,1.0833333333333333
flag,13,13,1.0
asgcr,3,13,4.333333333333333
manuscript,9,13,1.4444444444444444
geneticist,7,13,1.8571428571428572
develop,13,13,1.0
retirement,6,13,2.1666666666666665
mara,7,13,1.8571428571428572
starch,3,13,4.333333333333333
danger,8,13,1.625
oncotype,5,13,2.6
depend,12,13,1.0833333333333333
schwannoma,10,13,1.3
tracer,5,13,2.6
indeterminate,9,13,1.4444444444444444
suicidality,2,13,6.5
fluorine,8,13,1.625
roger,9,13,1.4444444444444444
painless,11,13,1.1818181818181819
calaminus,1,13,13.0
resubmission,13,13,1.0
desktop,2,13,6.5
bci,1,13,13.0
wisdom,8,13,1.625
recruit,9,13,1.4444444444444444
lam,9,13,1.4444444444444444
bottleneck,9,13,1.4444444444444444
leukemogenic,4,13,3.25
cdkn1c,3,13,4.333333333333333
stark,13,13,1.0
vater,1,13,13.0
renewable,13,13,1.0
distention,4,13,3.25
swelling,10,13,1.3
pandolfi,2,13,6.5
corrective,1,13,13.0
cbiit,8,13,1.625
cheung,7,13,1.8571428571428572
grain,9,13,1.4444444444444444
ctiu,3,13,4.333333333333333
cyclosporine,3,13,4.333333333333333
overgrowth,7,13,1.8571428571428572
intraductal,2,13,6.5
18f,2,13,6.5
anorectal,3,13,4.333333333333333
cd34,5,13,2.6
allelic,5,13,2.6
han,10,13,1.3
notification,10,13,1.3
adolesc,7,13,1.8571428571428572
unrecognized,11,13,1.1818181818181819
nongerminomatous,1,13,13.0
screened,8,13,1.625
mandatory,10,13,1.3
cop,3,13,4.333333333333333
cfr,3,13,4.333333333333333
passage,7,13,1.8571428571428572
parson,7,13,1.8571428571428572
avoid,12,13,1.0833333333333333
annotation,9,13,1.4444444444444444
reg,3,13,4.333333333333333
tone,7,13,1.8571428571428572
homeostasis,7,13,1.8571428571428572
capillary,9,13,1.4444444444444444
sepsis,6,13,2.1666666666666665
toripalimab,2,13,6.5
xtrain,5,13,2.6
idelalisib,3,13,4.333333333333333
exhaustion,8,13,1.625
hasselblatt,3,13,4.333333333333333
dad,10,13,1.3
lkb1,4,13,3.25
pretreatment,11,13,1.1818181818181819
antipsychotic,5,13,2.6
reassurance,8,13,1.625
fludeoxyglucose,7,13,1.8571428571428572
rib,9,13,1.4444444444444444
mccaskill,4,13,3.25
bartosch,13,13,1.0
estradiol,6,13,2.1666666666666665
caregiving,9,13,1.4444444444444444
68ga,2,13,6.5
ppap,1,13,13.0
translate,12,13,1.0833333333333333
ecdnas,2,13,6.5
wound,12,13,1.0833333333333333
blockage,6,13,2.1666666666666665
fludarabine,4,13,3.25
cfdna,5,13,2.6
eng,4,13,3.25
perry,3,13,4.333333333333333
dek,3,13,4.333333333333333
workup,13,13,1.0
mekinist,12,13,1.0833333333333333
resolve,11,13,1.1818181818181819
rothmund,4,13,3.25
chromothripsis,4,13,3.25
pazopanib,7,13,1.8571428571428572
clarify,11,13,1.1818181818181819
scott,5,13,2.6
cathy,4,13,3.25
melanocyte,4,13,3.25
carcinomatosis,7,13,1.8571428571428572
rugo,2,13,6.5
vus,3,13,4.333333333333333
climate,2,13,6.5
personalized,12,13,1.0833333333333333
suzuki,6,13,2.1666666666666665
surviv,3,13,4.333333333333333
herb,4,13,3.25
england,12,13,1.0833333333333333
q32,3,13,4.333333333333333
eflornithine,3,13,4.333333333333333
realm,13,13,1.0
brainstem,7,13,1.8571428571428572
benjamin,7,13,1.8571428571428572
frontier,9,13,1.4444444444444444
satisfied,10,13,1.3
orientation,9,13,1.4444444444444444
subscription,10,13,1.3
affordability,10,13,1.3
dividend,7,13,1.8571428571428572
herbal,5,13,2.6
carotid,5,13,2.6
hijack,11,13,1.1818181818181819
caffeine,6,13,2.1666666666666665
possession,8,13,1.625
alcoholic,4,13,3.25
facet,11,13,1.1818181818181819
diary,2,13,6.5
basel,7,13,1.8571428571428572
affective,6,13,2.1666666666666665
basketball,3,13,4.333333333333333
noise,8,13,1.625
curr,8,13,1.625
reliability,13,13,1.0
pdmc,3,13,4.333333333333333
ease,12,13,1.0833333333333333
msk,4,13,3.25
constant,13,13,1.0
-like,5,13,2.6
undruggable,8,13,1.625
henderson,7,13,1.8571428571428572
peterson,6,13,2.1666666666666665
regret,6,13,2.1666666666666665
interpret,13,13,1.0
cetera,5,13,2.6
oncologic,9,13,1.4444444444444444
knife,9,13,1.4444444444444444
ftc,2,13,6.5
retinal,7,13,1.8571428571428572
compression,7,13,1.8571428571428572
custom,10,13,1.3
elucidate,12,13,1.0833333333333333
breathe,9,13,1.4444444444444444
electrolyte,8,13,1.625
ganitumab,2,13,6.5
pract,8,13,1.625
receiver,3,13,4.333333333333333
bioengineering,6,13,2.1666666666666665
csi,1,13,13.0
colonization,5,13,2.6
traffic,8,13,1.625
haas,8,13,1.625
arthritis,11,13,1.1818181818181819
gastroenteropancreatic,4,13,3.25
enema,3,13,4.333333333333333
t4a,2,13,6.5
drain,10,13,1.3
chi,10,13,1.3
oil,5,13,2.6
ginsburg,3,13,4.333333333333333
imagery,10,13,1.3
numerical,3,13,4.333333333333333
berger,6,13,2.1666666666666665
circular,8,13,1.625
acc,5,13,2.6
passive,6,13,2.1666666666666665
dollar,10,13,1.3
manipulation,12,13,1.0833333333333333
regenerative,5,13,2.6
enormous,13,13,1.0
münster,3,13,4.333333333333333
navigate,11,13,1.1818181818181819
heritage,9,13,1.4444444444444444
midgut,4,13,3.25
cd20,5,13,2.6
competence,4,13,3.25
restorative,1,13,13.0
microangiopathy,2,13,6.5
idiopathic,3,13,4.333333333333333
extrachromosomal,8,13,1.625
causative,8,13,1.625
vemurafenib,6,13,2.1666666666666665
smell,8,13,1.625
ceo,10,13,1.3
champion,7,13,1.8571428571428572
pharmacologic,12,13,1.0833333333333333
west,10,13,1.3
enrichment,10,13,1.3
kappa,6,13,2.1666666666666665
generic,5,13,2.6
military,11,13,1.1818181818181819
ball,11,13,1.1818181818181819
immunotherapeutic,11,13,1.1818181818181819
breastbone,7,13,1.8571428571428572
pyrimidine,4,13,3.25
antihistamine,5,12,2.4
bigas,4,12,3.0
chartmill,1,12,12.0
lifespan,9,12,1.3333333333333333
levine,9,12,1.3333333333333333
life,5,12,2.4
schwalbe,2,12,6.0
urologic,12,12,1.0
puzzle,8,12,1.5
intrachromosomal,2,12,6.0
laherparepvec,5,12,2.4
splenic,4,12,3.0
tinnitus,5,12,2.4
cic,2,12,6.0
loose,9,12,1.3333333333333333
wrist,9,12,1.3333333333333333
nafld,1,12,12.0
ealc,3,12,4.0
laparotomy,5,12,2.4
renew,11,12,1.0909090909090908
plagl1,2,12,6.0
issuance,11,12,1.0909090909090908
hepatology,4,12,3.0
smad4,1,12,12.0
threatening,11,12,1.0909090909090908
luminal,5,12,2.4
sd-101,1,12,12.0
hmlh1,3,12,4.0
histopathologic,7,12,1.7142857142857142
skitzki,2,12,6.0
fibrolamellar,2,12,6.0
adenomatosis,3,12,4.0
mask,9,12,1.3333333333333333
ethmoid,1,12,12.0
temel,2,12,6.0
overactive,8,12,1.5
implantation,9,12,1.3333333333333333
pa-24,5,12,2.4
hgnet,2,12,6.0
shankaran,2,12,6.0
thrombocytopenia,10,12,1.2
xanthoastrocytoma,7,12,1.7142857142857142
generating,12,12,1.0
funder,10,12,1.2
strengthen,11,12,1.0909090909090908
insurer,11,12,1.0909090909090908
der,6,12,2.0
latitude,2,12,6.0
lewis,8,12,1.5
commercialization,7,12,1.7142857142857142
bcc,4,12,3.0
irb,10,12,1.2
pupil,3,12,4.0
sclera,2,12,6.0
ultraviolet,11,12,1.0909090909090908
hick,7,12,1.7142857142857142
obstacle,10,12,1.2
loud,8,12,1.5
thai,1,12,12.0
telomere,3,12,4.0
glass,6,12,2.0
documenting,6,12,2.0
psychology,8,12,1.5
remke,2,12,6.0
ophthalmol,3,12,4.0
atrial,5,12,2.4
gastroint,5,12,2.4
byrne,5,12,2.4
bivalent,5,12,2.4
puncture,6,12,2.0
cytogenet,3,12,4.0
tel,2,12,6.0
atrophic,6,12,2.0
mod,3,12,4.0
feeding,10,12,1.2
discretion,12,12,1.0
apec,4,12,3.0
mathematic,9,12,1.3333333333333333
keynote,11,12,1.0909090909090908
army,7,12,1.7142857142857142
spore,7,12,1.7142857142857142
inject,7,12,1.7142857142857142
progestin,2,12,6.0
bam,2,12,6.0
klinefelter,3,12,4.0
cbl,2,12,6.0
setbp1,2,12,6.0
roof,5,12,2.4
hypomethylation,3,12,4.0
phaeochromocytoma,2,12,6.0
calculator,3,12,4.0
helminth,3,12,4.0
geographical,11,12,1.0909090909090908
ctr9,2,12,6.0
hyperglycemia,8,12,1.5
invention,9,12,1.3333333333333333
thomson,4,12,3.0
q36,2,12,6.0
remnant,4,12,3.0
homologous,8,12,1.5
neonate,5,12,2.4
prediabete,3,12,4.0
tap,9,12,1.3333333333333333
q24,2,12,6.0
cambridge,8,12,1.5
radionuclide,7,12,1.7142857142857142
cullen,1,12,12.0
vhl,5,12,2.4
pancaresurfup,1,12,12.0
machinery,10,12,1.2
antiretroviral,6,12,2.0
campaign,10,12,1.2
remedy,8,12,1.5
mucositis,10,12,1.2
monarche,2,12,6.0
titer,6,12,2.0
represent,12,12,1.0
rtk,5,12,2.4
zebrafish,2,12,6.0
mindset,7,12,1.7142857142857142
mecom,2,12,6.0
evi1,2,12,6.0
breakdown,12,12,1.0
puff,5,12,2.4
dnase,2,12,6.0
m.sc,7,12,1.7142857142857142
allergy,9,12,1.3333333333333333
cobimetinib,8,12,1.5
multifactorial,8,12,1.5
sickness,1,12,12.0
criticism,8,12,1.5
folic,5,12,2.4
pyogenic,1,12,12.0
asxl2,2,12,6.0
neurodegenerative,2,12,6.0
collective,10,12,1.2
stride,12,12,1.0
argani,4,12,3.0
xalkori,12,12,1.0
cervarix,7,12,1.7142857142857142
kaposiform,1,12,12.0
angiofibroma,3,12,4.0
vertebra,5,12,2.4
f1cdx,2,12,6.0
rbm15,2,12,6.0
radiologic,9,12,1.3333333333333333
nudt15,2,12,6.0
antinausea,3,12,4.0
paget,6,12,2.0
moskowitz,2,12,6.0
avascular,5,12,2.4
moist,5,12,2.4
axilla,5,12,2.4
mitchell,10,12,1.2
closure,8,12,1.5
proximity,11,12,1.0909090909090908
t1b,2,12,6.0
carbohydrate,8,12,1.5
langone,9,12,1.3333333333333333
moore,9,12,1.3333333333333333
febrile,9,12,1.3333333333333333
8q24,3,12,4.0
ash,3,12,4.0
spray,5,12,2.4
frameshift,4,12,3.0
unemployment,4,12,3.0
kaste,3,12,4.0
transduction,9,12,1.3333333333333333
clustering,6,12,2.0
devoted,11,12,1.0909090909090908
plexus,8,12,1.5
pargament,2,12,6.0
pancreatitis,6,12,2.0
disomy,4,12,3.0
williams,6,12,2.0
wellness,11,12,1.0909090909090908
inherit,5,12,2.4
ast,4,12,3.0
tarlock,2,12,6.0
gopal,6,12,2.0
come,12,12,1.0
efs,4,12,3.0
hydrate,3,12,4.0
lyssiotis,2,12,6.0
deneen,2,12,6.0
chloral,1,12,12.0
tnfaip3,2,12,6.0
cdk6,5,12,2.4
apart,2,12,6.0
aff1,2,12,6.0
mgus,2,12,6.0
pursuit,12,12,1.0
pneumococcal,2,12,6.0
nervousness,8,12,1.5
hosp,5,12,2.4
tendency,9,12,1.3333333333333333
methodological,9,12,1.3333333333333333
bunch,10,12,1.2
swedish,11,12,1.0909090909090908
pog,4,12,3.0
empathy,5,12,2.4
digest,9,12,1.3333333333333333
matching,8,12,1.5
unsuccessful,10,12,1.2
gastrinoma,3,12,4.0
qiagen,1,12,12.0
compr,11,12,1.0909090909090908
mng,1,12,12.0
ciita,2,12,6.0
pastoral,6,12,2.0
attendance,11,12,1.0909090909090908
wait,8,12,1.5
guiding,12,12,1.0
hirschsprung,2,12,6.0
structured,7,12,1.7142857142857142
essp,2,12,6.0
sen,10,12,1.2
organizer,10,12,1.2
arena,11,12,1.0909090909090908
igd,2,12,6.0
thoracoscopy,6,12,2.0
para,7,12,1.7142857142857142
neuropathologist,8,12,1.5
jps,1,12,12.0
tpm3,2,12,6.0
cole,9,12,1.3333333333333333
paperwork,7,12,1.7142857142857142
underlie,11,12,1.0909090909090908
p450,5,12,2.4
etctn,6,12,2.0
parenteral,7,12,1.7142857142857142
ca-125,5,12,2.4
constellation,7,12,1.7142857142857142
full,12,12,1.0
ban,6,12,2.0
carpenter,5,12,2.4
lactose,1,12,12.0
buchanan,9,12,1.3333333333333333
sdm,1,12,12.0
nida,2,12,6.0
yang,6,12,2.0
interception,8,12,1.5
hif-2,2,12,6.0
organizational,10,12,1.2
u54,8,12,1.5
suh,7,12,1.7142857142857142
valley,2,12,6.0
silicon,2,12,6.0
disadvantage,10,12,1.2
prognostication,5,12,2.4
teresa,11,12,1.0909090909090908
morphine,3,12,4.0
esis,3,12,4.0
formulary,5,12,2.4
cheese,7,12,1.7142857142857142
tight,10,12,1.2
dos,7,12,1.7142857142857142
apobec3,2,12,6.0
distinguished,12,12,1.0
sedative,5,12,2.4
ross,10,12,1.2
daytime,6,12,2.0
bonner,2,12,6.0
endocrinologist,10,12,1.2
evaluable,9,12,1.3333333333333333
hypoxia,5,12,2.4
malady,7,12,1.7142857142857142
emperor,7,12,1.7142857142857142
dive,11,12,1.0909090909090908
yap1,2,12,6.0
haploidentical,2,12,6.0
≥18,5,12,2.4
leaf,9,12,1.3333333333333333
sinonasal,2,11,5.5
wealth,11,11,1.0
behave,11,11,1.0
neutron,2,11,5.5
hookah,7,11,1.5714285714285714
erwinia,2,11,5.5
pommier,3,11,3.6666666666666665
paraneoplastic,3,11,3.6666666666666665
naïve,10,11,1.1
ecological,6,11,1.8333333333333333
elusive,11,11,1.0
shepherd,5,11,2.2
bird,7,11,1.5714285714285714
microorganism,9,11,1.2222222222222223
orbach,6,11,1.8333333333333333
heal,9,11,1.2222222222222223
dataviz,2,11,5.5
macroscopic,8,11,1.375
spike,5,11,2.2
grading,9,11,1.2222222222222223
cuzick,2,11,5.5
harsh,9,11,1.2222222222222223
secretarial,9,11,1.2222222222222223
okay,9,11,1.2222222222222223
polypeptide,3,11,3.6666666666666665
ptms,3,11,3.6666666666666665
computation,6,11,1.8333333333333333
immunophenotypic,4,11,2.75
negotiation,9,11,1.2222222222222223
chemopreventive,5,11,2.2
sudha,5,11,2.2
druggable,9,11,1.2222222222222223
eif4e,1,11,11.0
exogenous,7,11,1.5714285714285714
nutr,7,11,1.5714285714285714
foa,3,11,3.6666666666666665
sivaram,5,11,2.2
southeast,11,11,1.0
encourage,10,11,1.1
jenkin,6,11,1.8333333333333333
spatiotemporal,7,11,1.5714285714285714
villous,2,11,5.5
chrysanthemi,2,11,5.5
theoretical,9,11,1.2222222222222223
hyaluronidase,3,11,3.6666666666666665
managing,10,11,1.1
transportation,10,11,1.1
generalizable,6,11,1.8333333333333333
guarantee,10,11,1.1
atm,8,11,1.375
inter,6,11,1.8333333333333333
roadmap,8,11,1.375
subserosal,1,11,11.0
cooke,5,11,2.2
brca1/2,5,11,2.2
copanlisib,4,11,2.75
applied,11,11,1.0
inspiration,8,11,1.375
multisite,9,11,1.2222222222222223
extrapolation,3,11,3.6666666666666665
perforation,7,11,1.5714285714285714
shalet,2,11,5.5
cugh,3,11,3.6666666666666665
pea,8,11,1.375
erythropoietin,4,11,2.75
aggarwal,5,11,2.2
norm,9,11,1.2222222222222223
ophthalmology,3,11,3.6666666666666665
workbook,5,11,2.2
hallucination,7,11,1.5714285714285714
alfa,6,11,1.8333333333333333
gibson,6,11,1.8333333333333333
children,6,11,1.8333333333333333
contraindication,6,11,1.8333333333333333
willingness,10,11,1.1
consult,9,11,1.2222222222222223
inappropriate,10,11,1.1
curesearch,11,11,1.0
correction,10,11,1.1
methyl,8,11,1.375
scary,9,11,1.2222222222222223
administrator,11,11,1.0
centric,8,11,1.375
intravital,5,11,2.2
angry,9,11,1.2222222222222223
lanreotide,4,11,2.75
excretion,6,11,1.8333333333333333
garlic,3,11,3.6666666666666665
eager,11,11,1.0
log,7,11,1.5714285714285714
preserve,11,11,1.0
standardization,8,11,1.375
duodenectomy,2,11,5.5
leukemogenesis,3,11,3.6666666666666665
nonspecific,11,11,1.0
gill,2,11,5.5
super,9,11,1.2222222222222223
import,5,11,2.2
dore,4,11,2.75
azoospermia,2,11,5.5
awakening,3,11,3.6666666666666665
pinto,5,11,2.2
charter,4,11,2.75
auditory,1,11,11.0
connor,5,11,2.2
imbruvica,10,11,1.1
sedimentation,3,11,3.6666666666666665
mopp,2,11,5.5
spermatogenesis,2,11,5.5
dentist,6,11,1.8333333333333333
abdominopelvic,1,11,11.0
paucity,7,11,1.5714285714285714
p22,3,11,3.6666666666666665
1970,7,11,1.5714285714285714
revolution,9,11,1.2222222222222223
vii,3,11,3.6666666666666665
fitness,7,11,1.5714285714285714
hancock,8,11,1.375
nih,11,11,1.0
wkly,2,11,5.5
ceremony,8,11,1.375
nonmyeloablative,2,11,5.5
metastasized,9,11,1.2222222222222223
fpgl,1,11,11.0
dsm,3,11,3.6666666666666665
subclassification,4,11,2.75
type,9,11,1.2222222222222223
lay,11,11,1.0
nucl,7,11,1.5714285714285714
aspartate,9,11,1.2222222222222223
endeavor,10,11,1.1
hpt,1,11,11.0
windpipe,7,11,1.5714285714285714
ncat,7,11,1.5714285714285714
hürthle,1,11,11.0
neurotoxicity,9,11,1.2222222222222223
nobel,7,11,1.5714285714285714
sdhc,1,11,11.0
organized,10,11,1.1
provisional,5,11,2.2
fanconi,4,11,2.75
cushing,3,11,3.6666666666666665
cytochrome,6,11,1.8333333333333333
yale,10,11,1.1
engert,2,11,5.5
combinatorial,6,11,1.8333333333333333
baltimore,8,11,1.375
yassin,3,11,3.6666666666666665
sci,7,11,1.5714285714285714
mast,5,11,2.2
signaling,5,11,2.2
certificate,5,11,2.2
instant,9,11,1.2222222222222223
clark,8,11,1.375
discrete,9,11,1.2222222222222223
tih,11,11,1.0
graph,10,11,1.1
autonomy,6,11,1.8333333333333333
proactive,8,11,1.375
itching,9,11,1.2222222222222223
taking,10,11,1.1
kastrinos,1,11,11.0
obstet,6,11,1.8333333333333333
cystectomy,3,11,3.6666666666666665
hypertrophy,4,11,2.75
ctd,8,11,1.375
sweating,7,11,1.5714285714285714
formalin,6,11,1.8333333333333333
paraffin,7,11,1.5714285714285714
evade,11,11,1.0
pericarditis,3,11,3.6666666666666665
wbi,1,11,11.0
adapt,9,11,1.2222222222222223
depot,6,11,1.8333333333333333
coughing,5,11,2.2
cadmium,4,11,2.75
ehrhardt,1,11,11.0
leuprolide,4,11,2.75
uncomfortable,9,11,1.2222222222222223
burt,3,11,3.6666666666666665
arrangement,7,11,1.5714285714285714
christian,6,11,1.8333333333333333
reflux,7,11,1.5714285714285714
constraint,8,11,1.375
bariatric,3,11,3.6666666666666665
nominee,4,11,2.75
nejm,7,11,1.5714285714285714
predispose,5,11,2.2
doubt,11,11,1.0
einstein,4,11,2.75
dairy,3,11,3.6666666666666665
gerhard,4,11,2.75
brexucabtagene,4,11,2.75
beg,1,11,11.0
insulinoma,2,11,5.5
cytopenia,6,11,1.8333333333333333
cgi,2,11,5.5
logical,9,11,1.2222222222222223
jco,7,11,1.5714285714285714
compassionate,9,11,1.2222222222222223
catch,11,11,1.0
amenable,10,11,1.1
itd,3,11,3.6666666666666665
ensure,11,11,1.0
panelist,6,11,1.8333333333333333
d.v.m,9,11,1.2222222222222223
catalyst,11,11,1.0
noteworthy,10,11,1.1
larson,8,11,1.375
nonfunctional,5,11,2.2
hiaa,3,11,3.6666666666666665
hysterectomy,5,11,2.2
browser,7,11,1.5714285714285714
reward,11,11,1.0
serotherapy,1,11,11.0
howell,5,11,2.2
philipp,8,11,1.375
exit,9,11,1.2222222222222223
irreversible,5,11,2.2
actl,3,11,3.6666666666666665
micrometastase,4,11,2.75
showcase,11,11,1.0
alexander,7,11,1.5714285714285714
fedratinib,3,11,3.6666666666666665
multiply,9,11,1.2222222222222223
collarbone,7,11,1.5714285714285714
asa,4,11,2.75
wine,2,11,5.5
encouragement,10,11,1.1
momentum,6,11,1.8333333333333333
pearlman,4,11,2.75
gej,4,11,2.75
certification,9,11,1.2222222222222223
fuch,5,11,2.2
imetelstat,2,11,5.5
poem,3,11,3.6666666666666665
hawkins,4,11,2.75
underpinning,11,11,1.0
equivalence,3,11,3.6666666666666665
nia,2,11,5.5
aza,1,11,11.0
grant,9,11,1.2222222222222223
clean,10,11,1.1
ctep,10,11,1.1
guy,8,11,1.375
nortriptyline,4,11,2.75
invitation,8,11,1.375
pieterman,2,11,5.5
hdac,4,11,2.75
activator,7,11,1.5714285714285714
modify,11,11,1.0
reinduction,4,11,2.75
beck,9,11,1.2222222222222223
rigid,9,11,1.2222222222222223
construct,11,11,1.0
sertraline,4,11,2.75
retroperitoneoscopic,2,11,5.5
extraordinary,11,11,1.0
proteome,10,11,1.1
txt,1,11,11.0
texture,6,11,1.8333333333333333
trialist,2,11,5.5
escape,11,11,1.0
leukoencephalopathy,1,11,11.0
spare,11,11,1.0
pieter,3,11,3.6666666666666665
vertebrate,6,11,1.8333333333333333
ploidy,4,11,2.75
heuvel,3,11,3.6666666666666665
belinda,1,11,11.0
tear,4,11,2.75
pediatrica,7,11,1.5714285714285714
premalignant,8,11,1.375
sar,5,11,2.2
schiller,4,11,2.75
fortunate,9,11,1.2222222222222223
inoue,4,11,2.75
mecklin,1,11,11.0
dysgenesis,2,11,5.5
ineligible,8,10,1.25
catalytic,8,10,1.25
erb,1,10,10.0
francis,5,10,2.0
bryant,4,10,2.5
sociodemographic,6,10,1.6666666666666667
cd8+pd-1,2,10,5.0
overlying,1,10,10.0
r44,4,10,2.5
gastrinomas,2,10,5.0
outbreak,2,10,5.0
pound,6,10,1.6666666666666667
tfcp2,2,10,5.0
tracking,10,10,1.0
denileukin,2,10,5.0
diftitox,2,10,5.0
textbook,6,10,1.6666666666666667
load,7,10,1.4285714285714286
g34,2,10,5.0
metronomic,3,10,3.3333333333333335
disbelief,6,10,1.6666666666666667
echocardiographic,3,10,3.3333333333333335
posttraumatic,2,10,5.0
irritable,7,10,1.4285714285714286
upfront,8,10,1.25
climb,6,10,1.6666666666666667
antidiarrheal,4,10,2.5
h19,2,10,5.0
robotic,10,10,1.0
multinodular,4,10,2.5
humor,6,10,1.6666666666666667
akerström,2,10,5.0
frontline,7,10,1.4285714285714286
surround,10,10,1.0
shen,8,10,1.25
lamina,1,10,10.0
disparate,10,10,1.0
passenger,8,10,1.25
reluctant,8,10,1.25
leukoplakia,2,10,5.0
loperamide,3,10,3.3333333333333335
roundtable,5,10,2.0
atac,4,10,2.5
phytoestrogen,2,10,5.0
valvular,2,10,5.0
perioperative,2,10,5.0
occasional,6,10,1.6666666666666667
premm,1,10,10.0
perturbation,8,10,1.25
risky,8,10,1.25
pcdc,3,10,3.3333333333333335
fetoprotein,4,10,2.5
mcd,5,10,2.0
mc-1,2,10,5.0
disfigurement,8,10,1.25
dedication,10,10,1.0
desk,10,10,1.0
discordant,6,10,1.6666666666666667
subunit,4,10,2.5
kadish,1,10,10.0
servant,7,10,1.4285714285714286
ccnd3,2,10,5.0
id3,2,10,5.0
silo,8,10,1.25
extrinsic,6,10,1.6666666666666667
prof,7,10,1.4285714285714286
physicist,6,10,1.6666666666666667
psychometric,4,10,2.5
equality,6,10,1.6666666666666667
suspect,10,10,1.0
orbit,4,10,2.5
caitlin,1,10,10.0
doxycycline,1,10,10.0
barne,8,10,1.25
tetracycline,1,10,10.0
geography,9,10,1.1111111111111112
lbcl-,2,10,5.0
kmt2d,2,10,5.0
ileorectal,1,10,10.0
hemihypertrophy,4,10,2.5
require,10,10,1.0
sputum,6,10,1.6666666666666667
luman,4,10,2.5
massage,9,10,1.1111111111111112
expandable,4,10,2.5
claim,9,10,1.1111111111111112
stimulate,9,10,1.1111111111111112
rosen,4,10,2.5
megakaryocytic,2,10,5.0
collagen,8,10,1.25
gen,9,10,1.1111111111111112
ventricle,8,10,1.25
upstream,5,10,2.0
grem1,1,10,10.0
ppb,1,10,10.0
bread,6,10,1.6666666666666667
defining,4,10,2.5
chrpe,1,10,10.0
giardiello,1,10,10.0
granulocyte,6,10,1.6666666666666667
rmc,3,10,3.3333333333333335
tesirine,2,10,5.0
penis,7,10,1.4285714285714286
lpyl,2,10,5.0
garcía,10,10,1.0
tiredness,7,10,1.4285714285714286
employer,7,10,1.4285714285714286
policymaker,8,10,1.25
antimicrobial,5,10,2.0
superiority,4,10,2.5
dogma,4,10,2.5
leach,5,10,2.0
ribosome,6,10,1.6666666666666667
inhibitory,7,10,1.4285714285714286
elicit,4,10,2.5
shed,9,10,1.1111111111111112
upp1,1,10,10.0
mucinous,4,10,2.5
inpg,1,10,10.0
wellman,2,10,5.0
p97,3,10,3.3333333333333335
estimation,7,10,1.4285714285714286
occur,10,10,1.0
intracavitary,2,10,5.0
accumulate,10,10,1.0
mab,10,10,1.0
suppresse,8,10,1.25
gwas,6,10,1.6666666666666667
veer,6,10,1.6666666666666667
yao,7,10,1.4285714285714286
dissatisfaction,5,10,2.0
quarterly,8,10,1.25
birthday,7,10,1.4285714285714286
lawsuit,3,10,3.3333333333333335
cultured,8,10,1.25
deaconess,7,10,1.4285714285714286
vasculature,7,10,1.4285714285714286
measle,3,10,3.3333333333333335
miaskowski,1,10,10.0
adjunctive,4,10,2.5
threefold,5,10,2.0
beach,4,10,2.5
treg,2,10,5.0
diuretic,6,10,1.6666666666666667
bzip,2,10,5.0
kool,2,10,5.0
cotinine,5,10,2.0
batch,7,10,1.4285714285714286
soil,6,10,1.6666666666666667
postdiagnosis,1,10,10.0
podcast,10,10,1.0
sensorineural,1,10,10.0
abdoman,9,10,1.1111111111111112
ssa,1,10,10.0
laugh,2,10,5.0
congratulation,6,10,1.6666666666666667
pfizer,10,10,1.0
thoughtful,9,10,1.1111111111111112
masetti,2,10,5.0
climacteric,2,10,5.0
fail,10,10,1.0
schrimpf,2,10,5.0
hox,2,10,5.0
campbell,8,10,1.25
apnea,2,10,5.0
preterm,6,10,1.6666666666666667
thomas,8,10,1.25
rapamycin,7,10,1.4285714285714286
hammer,6,10,1.6666666666666667
lorlatinib,4,10,2.5
cannabinoid,4,10,2.5
nucleophosmin,2,10,5.0
lasker,3,10,3.3333333333333335
abrogate,3,10,3.3333333333333335
impediment,7,10,1.4285714285714286
react,10,10,1.0
tarceva,10,10,1.0
deliberate,10,10,1.0
gonad,3,10,3.3333333333333335
eurasian,2,10,5.0
libido,5,10,2.0
taste,9,10,1.1111111111111112
greer,5,10,2.0
cd10,2,10,5.0
unc,10,10,1.0
intralobar,2,10,5.0
ntrk1,2,10,5.0
pre-,8,10,1.25
cmml,4,10,2.5
fertilization,7,10,1.4285714285714286
ebmt,3,10,3.3333333333333335
irritation,7,10,1.4285714285714286
silence,8,10,1.25
predominate,4,10,2.5
inactivate,10,10,1.0
groupe,5,10,2.0
hscr,1,10,10.0
autoleucel,7,10,1.4285714285714286
nerd,2,10,5.0
accelerated,8,10,1.25
otologic,2,10,5.0
kimmel,9,10,1.1111111111111112
unbiased,8,10,1.25
catchment,7,10,1.4285714285714286
neutral,5,10,2.0
yan,6,10,1.6666666666666667
assoc,8,10,1.25
deformity,1,10,10.0
apact,2,10,5.0
tune,8,10,1.25
conception,5,10,2.0
rucaparib,5,10,2.0
pcp,3,10,3.3333333333333335
modulate,10,10,1.0
garden,6,10,1.6666666666666667
tightness,7,10,1.4285714285714286
thermometer,2,10,5.0
inserting,8,10,1.25
jennifer,5,10,2.0
acosog,3,10,3.3333333333333335
pptid,2,10,5.0
payment,6,10,1.6666666666666667
defray,5,10,2.0
gutierrez,5,10,2.0
nrg,5,10,2.0
histamine,3,10,3.3333333333333335
colorless,10,10,1.0
eisenhofer,2,10,5.0
unacceptable,10,10,1.0
trazodone,2,10,5.0
cannabis,3,10,3.3333333333333335
p13.1,2,10,5.0
positivity,6,10,1.6666666666666667
aggregation,6,10,1.6666666666666667
finish,8,10,1.25
mao,2,10,5.0
hughe,8,10,1.25
fascia,2,10,5.0
port,7,10,1.4285714285714286
lane,9,10,1.1111111111111112
plenary,8,10,1.25
camp,8,10,1.25
infratentorial,2,10,5.0
calculation,10,10,1.0
escalation,9,10,1.1111111111111112
neuromuscular,3,10,3.3333333333333335
g534e,1,10,10.0
mesenchymal,8,10,1.25
teh,7,10,1.4285714285714286
centralized,10,10,1.0
rgnt,2,10,5.0
identifi,4,10,2.5
calcification,6,10,1.6666666666666667
livehelp,7,10,1.4285714285714286
allowance,4,10,2.5
chiang,5,10,2.0
compact,8,10,1.25
carroll,4,10,2.5
rcb,1,10,10.0
adherent,4,10,2.5
tlc,3,10,3.3333333333333335
foundationone,7,10,1.4285714285714286
snack,7,10,1.4285714285714286
ultra,8,10,1.25
aplasia,7,10,1.4285714285714286
peroxide,1,10,10.0
transducer,5,10,2.0
histotype,3,10,3.3333333333333335
mrc,5,10,2.0
fool,2,10,5.0
taper,3,10,3.3333333333333335
biegel,2,10,5.0
client,2,10,5.0
virchow,5,10,2.0
nephrotoxicity,1,10,10.0
pptp,3,10,3.3333333333333335
tacrolimus,2,10,5.0
itchy,10,10,1.0
ncctg,3,10,3.3333333333333335
inrg,2,10,5.0
perez,6,10,1.6666666666666667
purchase,7,10,1.4285714285714286
gdxy,2,10,5.0
raimondi,2,10,5.0
civil,10,10,1.0
discordance,5,10,2.0
tmds,1,10,10.0
capivasertib,1,10,10.0
sufu,2,10,5.0
scheduling,9,10,1.1111111111111112
booth,7,10,1.4285714285714286
cdx,9,10,1.1111111111111112
ebctcg,2,10,5.0
agarwal,6,10,1.6666666666666667
micrograph,10,10,1.0
depletion,3,10,3.3333333333333335
nitrosamine,5,10,2.0
logistic,9,10,1.1111111111111112
pencil,6,10,1.6666666666666667
curettage,3,10,3.3333333333333335
cystitis,2,10,5.0
monogr,5,10,2.0
mc-2,2,10,5.0
marta,8,10,1.25
clonidine,1,10,10.0
cas9,5,10,2.0
ace,3,10,3.3333333333333335
accelerator,8,10,1.25
respite,3,10,3.3333333333333335
11q23,2,10,5.0
wise,10,10,1.0
programming,9,10,1.1111111111111112
microbial,6,10,1.6666666666666667
pdx,6,10,1.6666666666666667
numa,2,10,5.0
whipple,6,10,1.6666666666666667
magical,3,10,3.3333333333333335
bid,5,10,2.0
optimum,7,10,1.4285714285714286
mandible,4,10,2.5
subbiah,3,10,3.3333333333333335
pasudotox,3,10,3.3333333333333335
allowable,9,10,1.1111111111111112
4–96,2,10,5.0
pacak,2,10,5.0
paediatr,7,10,1.4285714285714286
wart,9,10,1.1111111111111112
bsa,5,10,2.0
mesothelin,4,10,2.5
amyloidosis,1,10,10.0
futibatinib,2,10,5.0
dosimetry,8,10,1.25
immunosuppressive,7,10,1.4285714285714286
privileged,10,10,1.0
photoabsorber,2,10,5.0
nephropathy,4,10,2.5
committed,9,10,1.1111111111111112
restore,10,10,1.0
encouraged,10,10,1.0
burst,6,10,1.6666666666666667
hetmna,2,10,5.0
dryness,6,10,1.6666666666666667
fletcher,8,10,1.25
r43,4,10,2.5
clarke,7,10,1.4285714285714286
robin,7,10,1.4285714285714286
vibration,5,10,2.0
sinusoidal,3,10,3.3333333333333335
meccc,1,10,10.0
jain,7,10,1.4285714285714286
mining,9,10,1.1111111111111112
fullness,6,10,1.6666666666666667
sea,10,10,1.0
song,6,10,1.6666666666666667
mirror,9,10,1.1111111111111112
immunological,6,10,1.6666666666666667
canc,9,10,1.1111111111111112
paratracheal,3,10,3.3333333333333335
intubation,5,10,2.0
announce,8,10,1.25
cease,1,10,10.0
philadelphia,10,10,1.0
anderson,7,10,1.4285714285714286
pnd,1,10,10.0
sympathetic,5,10,2.0
baile,1,10,10.0
wes,3,10,3.3333333333333335
glasdegib,1,10,10.0
quotation,4,10,2.5
transcriptase,4,10,2.5
pharmacodynamic,7,10,1.4285714285714286
gastrectomy,6,10,1.6666666666666667
cryopreservation,5,10,2.0
tendon,8,10,1.25
penn,8,10,1.25
langer,6,10,1.6666666666666667
cao,9,10,1.1111111111111112
bass,2,10,5.0
cd24,1,10,10.0
ryzhova,2,10,5.0
t790,2,10,5.0
hypertensive,5,10,2.0
assurance,7,9,1.2857142857142858
bankruptcy,4,9,2.25
r35,3,9,3.0
creativity,9,9,1.0
umap,2,9,4.5
pdox,1,9,9.0
haematolymphoid,3,9,3.0
oia,2,9,4.5
unsupervised,5,9,1.8
inactivity,8,9,1.125
metaecho,6,9,1.5
preemptive,6,9,1.5
decompression,3,9,3.0
undetectable,9,9,1.0
pact,3,9,3.0
ejaculation,4,9,2.25
easton,6,9,1.5
rebound,3,9,3.0
percutaneous,2,9,4.5
medial,3,9,3.0
sight,8,9,1.125
langerhans,3,9,3.0
orthostatic,3,9,3.0
hemodynamic,5,9,1.8
ecg,4,9,2.25
inspection,7,9,1.2857142857142858
superscript,1,9,9.0
adaptable,5,9,1.8
prototype,5,9,1.8
gep,2,9,4.5
cardiol,4,9,2.25
angiography,3,9,3.0
ecl,1,9,9.0
stepwise,6,9,1.5
breakfast,6,9,1.5
thymomas,2,9,4.5
thoracotomy,5,9,1.8
p01,7,9,1.2857142857142858
refined,8,9,1.125
dioxide,8,9,1.125
offering,7,9,1.2857142857142858
sweden,6,9,1.5
infinium,2,9,4.5
roy,5,9,1.8
conditional,5,9,1.8
perlmutter,7,9,1.2857142857142858
sparse,7,9,1.2857142857142858
intron,3,9,3.0
telangiectasia,5,9,1.8
preimplantation,2,9,4.5
blackfan,3,9,3.0
pret,1,9,9.0
resultant,7,9,1.2857142857142858
rrh,1,9,9.0
rheumatoid,7,9,1.2857142857142858
neuropathic,3,9,3.0
gravis,4,9,2.25
inconclusive,8,9,1.125
quantitation,7,9,1.2857142857142858
boland,1,9,9.0
otolaryngology,9,9,1.0
yurgelun,1,9,9.0
sonic,7,9,1.2857142857142858
goss,4,9,2.25
iie,5,9,1.8
crohn,5,9,1.8
gdan,3,9,3.0
misuse,4,9,2.25
ranking,7,9,1.2857142857142858
continent,4,9,2.25
reflex,6,9,1.5
cornell,8,9,1.125
unravel,9,9,1.0
sigmoidoscopy,4,9,2.25
circumvent,7,9,1.2857142857142858
rtog,4,9,2.25
periampullary,2,9,4.5
biochem,8,9,1.125
land,6,9,1.5
misinformation,5,9,1.8
grove,8,9,1.125
dopamine,4,9,2.25
transplanted,5,9,1.8
intricate,8,9,1.125
colorectum,2,9,4.5
binimetinib,3,9,3.0
encorafenib,3,9,3.0
tackle,9,9,1.0
epidemiologist,9,9,1.0
balmaña,1,9,9.0
sung,3,9,3.0
talimogene,4,9,2.25
characterisation,3,9,3.0
shulman,6,9,1.5
boer,3,9,3.0
ribeiro,3,9,3.0
schrappe,3,9,3.0
frail,3,9,3.0
favor,8,9,1.125
lindsey,3,9,3.0
science,6,9,1.5
radtke,3,9,3.0
tca,1,9,9.0
pharyngeal,3,9,3.0
intervention,3,9,3.0
manifest,6,9,1.5
washing,5,9,1.8
eventual,8,9,1.125
sc.d,9,9,1.0
overt,9,9,1.0
agaram,3,9,3.0
antimetabolite,7,9,1.2857142857142858
uninsured,7,9,1.2857142857142858
photocoagulation,2,9,4.5
prioritization,7,9,1.2857142857142858
inactivated,6,9,1.5
peptic,5,9,1.8
venclexta,8,9,1.125
tetraploid,3,9,3.0
thioguanine,3,9,3.0
smo,3,9,3.0
castellino,3,9,3.0
behav,7,9,1.2857142857142858
optimization,9,9,1.0
wolff,3,9,3.0
aris,1,9,9.0
chapter,9,9,1.0
abandonment,6,9,1.5
straightforward,9,9,1.0
marcucci,3,9,3.0
fluoxetine,3,9,3.0
andre,2,9,4.5
irritability,5,9,1.8
thorax,4,9,2.25
nonconsecutive,3,9,3.0
checkmate,7,9,1.2857142857142858
guilty,8,9,1.125
distressing,8,9,1.125
pharmacotherapy,5,9,1.8
mmrpro,1,9,9.0
weeraratna,3,9,3.0
hong,8,9,1.125
had,2,9,4.5
inactivator,3,9,3.0
migrate,8,9,1.125
cue,9,9,1.0
credible,8,9,1.125
agitation,2,9,4.5
psychomotor,3,9,3.0
activate,7,9,1.2857142857142858
simulation,8,9,1.125
paralysis,7,9,1.2857142857142858
eating,8,9,1.125
bronchodilator,5,9,1.8
attach,7,9,1.2857142857142858
gay,7,9,1.2857142857142858
electrical,7,9,1.2857142857142858
wireless,2,9,4.5
cea,3,9,3.0
vulvar,8,9,1.125
dactinomycin,3,9,3.0
oncological,9,9,1.0
albumin,6,9,1.5
angiogenesis,8,9,1.125
stichel,3,9,3.0
noncoding,5,9,1.8
fulfill,8,9,1.125
hdrp,3,9,3.0
appropriateness,7,9,1.2857142857142858
biomaterial,8,9,1.125
denial,8,9,1.125
developed,9,9,1.0
chemoimmunotherapy,7,9,1.2857142857142858
grieving,3,9,3.0
trilateral,3,9,3.0
prove,9,9,1.0
imt,6,9,1.5
dnr,4,9,2.25
receiving,8,9,1.125
landrum,3,9,3.0
ink,4,9,2.25
avrum,3,9,3.0
uncontrolled,8,9,1.125
knee,5,9,1.8
medicaid,4,9,2.25
complexion,4,9,2.25
cronin,3,9,3.0
alkaline,5,9,1.8
tactic,7,9,1.2857142857142858
paulk,3,9,3.0
blot,9,9,1.0
nonblinded,4,9,2.25
gao,8,9,1.125
packaging,7,9,1.2857142857142858
swing,6,9,1.5
balboni,2,9,4.5
prolongation,6,9,1.5
alignment,8,9,1.125
deterioration,8,9,1.125
satisfactory,6,9,1.5
fungal,5,9,1.8
lucky,8,9,1.125
level,8,9,1.125
signing,8,9,1.125
isotretinoin,3,9,3.0
equivocal,4,9,2.25
cooking,5,9,1.8
thorac,4,9,2.25
choose,7,9,1.2857142857142858
caribbean,6,9,1.5
ion,5,9,1.8
argument,6,9,1.5
cardiovasc,4,9,2.25
c420r,1,9,9.0
vanguard,9,9,1.0
inaugural,6,9,1.5
pxas,2,9,4.5
profession,7,9,1.2857142857142858
breakout,3,9,3.0
plx038,5,9,1.8
emily,3,9,3.0
stimulant,6,9,1.5
urinalysis,5,9,1.8
mandate,8,9,1.125
exosomal,1,9,9.0
constitutive,5,9,1.8
roche,9,9,1.0
concentrated,9,9,1.0
enthusiastic,8,9,1.125
bioinformatic,9,9,1.0
tafinlar,9,9,1.0
multiforme,5,9,1.8
postsurgical,8,9,1.125
elad,9,9,1.0
georgetown,9,9,1.0
dre,4,9,2.25
convenience,8,9,1.125
ca-23,5,9,1.8
walz,4,9,2.25
canonical,3,9,3.0
-rywn,2,9,4.5
feel,9,9,1.0
bubble,7,9,1.2857142857142858
chairs,9,9,1.0
boxberger,4,9,2.25
swerdlow,4,9,2.25
castrate,4,9,2.25
pemetrexed,5,9,1.8
omics,8,9,1.125
imperfect,8,9,1.125
mesoappendix,3,9,3.0
pis,7,9,1.2857142857142858
playlist,9,9,1.0
competency,8,9,1.125
station,6,9,1.5
internship,7,9,1.2857142857142858
remark,7,9,1.2857142857142858
fhh,1,9,9.0
glycan,2,9,4.5
barrett,4,9,2.25
pgls,1,9,9.0
m.b.a,9,9,1.0
moffitt,7,9,1.2857142857142858
cooling,1,9,9.0
meningeal,1,9,9.0
adaura,1,9,9.0
biomimetic,5,9,1.8
urogenital,6,9,1.5
sophisticated,9,9,1.0
ferritin,5,9,1.8
apheresis,6,9,1.5
sustain,9,9,1.0
ambitious,7,9,1.2857142857142858
modifying,8,9,1.125
fil,1,9,9.0
hat,8,9,1.125
succinate,2,9,4.5
fallout,6,9,1.5
adenoid,9,9,1.0
ctcae,5,9,1.8
endocrinology,5,9,1.8
hif-2α,1,9,9.0
belarus,5,9,1.8
autoantibody,6,9,1.5
ccrcc,2,9,4.5
barton,1,9,9.0
operational,7,9,1.2857142857142858
medroxyprogesterone,1,9,9.0
strike,9,9,1.0
fireside,5,9,1.8
mill,8,9,1.125
histocompatibility,5,9,1.8
t4b,2,9,4.5
sternothyroid,1,9,9.0
sternohyoid,1,9,9.0
presenting,9,9,1.0
billmire,1,9,9.0
alopecia,5,9,1.8
frazi,2,9,4.5
thyroxine,5,9,1.8
lhrh,3,9,3.0
pooled,5,9,1.8
michigan,9,9,1.0
epub,8,9,1.125
papseek,1,9,9.0
turnover,6,9,1.5
elisei,3,9,3.0
kimambo,3,9,3.0
methylator,3,9,3.0
thermal,1,9,9.0
harboring,5,9,1.8
reconstitution,2,9,4.5
flaxseed,2,9,4.5
spongy,7,9,1.2857142857142858
emergence,9,9,1.0
smear,9,9,1.0
researcher,9,9,1.0
gupta,7,9,1.2857142857142858
adh,4,9,2.25
tomivosertib,1,9,9.0
productive,9,9,1.0
acoustic,1,9,9.0
hyperactive,7,9,1.2857142857142858
tocilizumab,3,9,3.0
atom,6,9,1.5
startup,6,9,1.5
neven,3,9,3.0
thakker,3,9,3.0
slamon,2,9,4.5
zoledronate,2,9,4.5
frank,9,9,1.0
austrian,5,9,1.8
sturm,3,9,3.0
chlebowski,3,9,3.0
finnish,5,9,1.8
radon,5,9,1.8
waist,4,9,2.25
save,9,9,1.0
colored,7,9,1.2857142857142858
photograph,7,9,1.2857142857142858
sunburn,3,9,3.0
hovestadt,3,9,3.0
motley,1,9,9.0
palm,7,9,1.2857142857142858
interquartile,6,9,1.5
goldstein,7,9,1.2857142857142858
mohs,2,9,4.5
monoxide,5,9,1.8
hybrid,9,9,1.0
lgbtq+,2,9,4.5
mfolfirinox,2,9,4.5
diffusion,2,9,4.5
dementia,5,9,1.8
storer,2,9,4.5
bouffet,4,9,2.25
solicitation,3,9,3.0
freeze,8,9,1.125
poliovirus,2,9,4.5
martínez,8,9,1.125
meningococcal,3,9,3.0
bmt,3,9,3.0
carie,3,9,3.0
griffin,4,9,2.25
cardiotoxic,2,9,4.5
toolbox,8,9,1.125
cardioprotection,2,9,4.5
clement,1,9,9.0
apxa,3,9,3.0
inskip,3,9,3.0
menarche,5,9,1.8
forefront,8,9,1.125
hunt,6,9,1.5
leisenring,1,9,9.0
progeria,7,9,1.2857142857142858
crt,2,9,4.5
parathyroidectomy,2,9,4.5
cryptorchidism,5,9,1.8
paragangliomas,2,9,4.5
mulligan,1,9,9.0
feldman,7,9,1.2857142857142858
ciap2,1,9,9.0
u.s,9,9,1.0
tucker,6,9,1.5
xiao,7,9,1.2857142857142858
derivative,6,8,1.3333333333333333
tco,1,8,8.0
nitrogen,8,8,1.0
prn,1,8,8.0
trt,1,8,8.0
slnb,2,8,4.0
yeast,5,8,1.6
pra,5,8,1.6
crit,7,8,1.1428571428571428
primer,4,8,2.0
adulteration,1,8,8.0
intralymphatic,1,8,8.0
angioendothelioma,1,8,8.0
chorionic,5,8,1.6
fill,6,8,1.3333333333333333
evolve,8,8,1.0
ripamonti,3,8,2.6666666666666665
sam,1,8,8.0
shortening,5,8,1.6
rooij,2,8,4.0
rcope,2,8,4.0
scratch,8,8,1.0
psilocybin,1,8,8.0
lethargy,6,8,1.3333333333333333
deregulated,4,8,2.0
bear,8,8,1.0
lópez,6,8,1.3333333333333333
lock,7,8,1.1428571428571428
case,8,8,1.0
ifn,2,8,4.0
mayo,8,8,1.0
wirth,3,8,2.6666666666666665
79–94,1,8,8.0
parker,5,8,1.6
contracture,2,8,4.0
satish,4,8,2.0
hidden,6,8,1.3333333333333333
collins,7,8,1.1428571428571428
louis,2,8,4.0
methylphenidate,2,8,4.0
benchmark,5,8,1.6
standpoint,4,8,2.0
bite,6,8,1.3333333333333333
bronchospasm,3,8,2.6666666666666665
diminish,7,8,1.1428571428571428
neurodegeneration,2,8,4.0
nsaid,3,8,2.6666666666666665
uicc,6,8,1.3333333333333333
photomedicine,2,8,4.0
superficial,3,8,2.6666666666666665
2–3,2,8,4.0
arrhythmia,7,8,1.1428571428571428
explicit,6,8,1.3333333333333333
ectopic,5,8,1.6
cerebellum,7,8,1.1428571428571428
lasting,7,8,1.1428571428571428
secretary,6,8,1.3333333333333333
bearing,6,8,1.3333333333333333
neurology,5,8,1.6
revolutionary,7,8,1.1428571428571428
continuation,8,8,1.0
piiq,2,8,4.0
dysembryoplastic,2,8,4.0
conversion,8,8,1.0
10–20,3,8,2.6666666666666665
boom,7,8,1.1428571428571428
albany,2,8,4.0
cgci,2,8,4.0
lymphovascular,4,8,2.0
hay,4,8,2.0
premm5,1,8,8.0
winters,2,8,4.0
estrogenic,2,8,4.0
hipbone,8,8,1.0
bond,8,8,1.0
intolerance,5,8,1.6
aaa,3,8,2.6666666666666665
celebration,6,8,1.3333333333333333
faan,7,8,1.1428571428571428
memantine,2,8,4.0
crude,6,8,1.3333333333333333
splice,4,8,2.0
scared,6,8,1.3333333333333333
intractable,8,8,1.0
ache,4,8,2.0
mom,6,8,1.3333333333333333
postintervention,4,8,2.0
henrick,3,8,2.6666666666666665
reciprocal,5,8,1.6
venkatramani,5,8,1.6
smartphone,7,8,1.1428571428571428
gonadoblastoma,4,8,2.0
schleiermacher,2,8,4.0
pharmacogenomic,7,8,1.1428571428571428
vasoactive,3,8,2.6666666666666665
mut,2,8,4.0
aplastic,3,8,2.6666666666666665
patience,5,8,1.6
papillomatosis,3,8,2.6666666666666665
adriamycin,6,8,1.3333333333333333
takeaway,7,8,1.1428571428571428
recover,8,8,1.0
rodent,2,8,4.0
exacerbate,7,8,1.1428571428571428
swiss,3,8,2.6666666666666665
prelaryngeal,1,8,8.0
schmitt,4,8,2.0
delphian,1,8,8.0
mlox,1,8,8.0
rabbit,5,8,1.6
pajtler,2,8,4.0
inspire,6,8,1.3333333333333333
lineberger,8,8,1.0
coagulation,6,8,1.3333333333333333
intermittent,5,8,1.6
insipidus,1,8,8.0
oligodendroglial,3,8,2.6666666666666665
atp,5,8,1.6
aerosol,5,8,1.6
extraction,5,8,1.6
paulino,1,8,8.0
cedazuridine,4,8,2.0
n1b,1,8,8.0
ibfm,2,8,4.0
recruiting,7,8,1.1428571428571428
t1a,2,8,4.0
encodes,2,8,4.0
bureau,6,8,1.3333333333333333
nonkeratinizing,2,8,4.0
multitude,7,8,1.1428571428571428
analogy,4,8,2.0
reform,7,8,1.1428571428571428
transferase,4,8,2.0
folr1,2,8,4.0
microenvironmental,7,8,1.1428571428571428
redlich,4,8,2.0
miscarriage,4,8,2.0
supraclavicular,1,8,8.0
effector,4,8,2.0
valrubicin,2,8,4.0
mario,4,8,2.0
medimmune,6,8,1.3333333333333333
p21,2,8,4.0
n1a,1,8,8.0
brennan,5,8,1.6
gajjar,3,8,2.6666666666666665
pretracheal,1,8,8.0
glad,7,8,1.1428571428571428
allen,6,8,1.3333333333333333
prescribed,7,8,1.1428571428571428
intracellular,7,8,1.1428571428571428
plain,6,8,1.3333333333333333
teenager,8,8,1.0
ganglioneuromatosis,2,8,4.0
raralpha,2,8,4.0
fgfr2,4,8,2.0
npc,2,8,4.0
acetaldehyde,1,8,8.0
allegra,7,8,1.1428571428571428
picalm,2,8,4.0
werner,4,8,2.0
multivitamin,3,8,2.6666666666666665
battle,8,8,1.0
jeb,1,8,8.0
cox,7,8,1.1428571428571428
krause,2,8,4.0
h3.1,2,8,4.0
kite,3,8,2.6666666666666665
elli,5,8,1.6
hcv,4,8,2.0
adhd,1,8,8.0
apalutamide,1,8,8.0
hippocampus,2,8,4.0
jaundice,5,8,1.6
trio,6,8,1.3333333333333333
hcc,6,8,1.3333333333333333
colony,7,8,1.1428571428571428
ttmv,2,8,4.0
vdr,1,8,8.0
mcdermott,5,8,1.6
caveat,7,8,1.1428571428571428
enter,6,8,1.3333333333333333
character,6,8,1.3333333333333333
plzf,2,8,4.0
bra,5,8,1.6
export,5,8,1.6
tretinoin,2,8,4.0
appreciation,8,8,1.0
esr1,2,8,4.0
fivefold,6,8,1.3333333333333333
sallie,2,8,4.0
flyer,6,8,1.3333333333333333
-harboring,2,8,4.0
wheat,5,8,1.6
predilection,6,8,1.3333333333333333
intravesical,2,8,4.0
doctorate,8,8,1.0
ben,5,8,1.6
mistake,8,8,1.0
endogenous,6,8,1.3333333333333333
bathroom,5,8,1.6
unanticipated,4,8,2.0
visitor,5,8,1.6
hdl,1,8,8.0
sst,1,8,8.0
transgenic,6,8,1.3333333333333333
tet2,3,8,2.6666666666666665
periosteal,3,8,2.6666666666666665
smarca4,2,8,4.0
buzdar,2,8,4.0
dnet,2,8,4.0
siegel,7,8,1.1428571428571428
ruiz,5,8,1.6
retinoid,6,8,1.3333333333333333
guidez,2,8,4.0
compliant,5,8,1.6
folfox,2,8,4.0
twice,6,8,1.3333333333333333
evening,6,8,1.3333333333333333
chatgpt,2,8,4.0
stressor,8,8,1.0
friendly,7,8,1.1428571428571428
ciap1,1,8,8.0
substitution,7,8,1.1428571428571428
epilepsy,4,8,2.0
levy,5,8,1.6
cytoreductive,4,8,2.0
normalization,7,8,1.1428571428571428
fec,1,8,8.0
kidd,1,8,8.0
kerlevage,2,8,4.0
norton,5,8,1.6
modlin,1,8,8.0
hsnf5,2,8,4.0
enteroscopy,2,8,4.0
taxac,1,8,8.0
zoledronic,2,8,4.0
malabsorption,5,8,1.6
assume,7,8,1.1428571428571428
willis,3,8,2.6666666666666665
syndromic,4,8,2.0
arterial,4,8,2.0
lau,6,8,1.3333333333333333
peripartum,1,8,8.0
zuma-7,1,8,8.0
casanova,1,8,8.0
durability,8,8,1.0
enshaei,2,8,4.0
sather,4,8,2.0
vegf,3,8,2.6666666666666665
cgc,5,8,1.6
mastocytosis,3,8,2.6666666666666665
lomustine,4,8,2.0
afami,1,8,8.0
gpr161,2,8,4.0
bernstein,5,8,1.6
blow,6,8,1.3333333333333333
intraepithelial,4,8,2.0
dying,6,8,1.3333333333333333
harrington,5,8,1.6
ocean,4,8,2.0
intraosseous,2,8,4.0
rodger,4,8,2.0
bulb,4,8,2.0
aieop,4,8,2.0
consist,7,8,1.1428571428571428
glutathione,5,8,1.6
herrera,3,8,2.6666666666666665
dietitian,8,8,1.0
maleate,1,8,8.0
johansson,6,8,1.3333333333333333
exhausted,7,8,1.1428571428571428
chemoreduction,3,8,2.6666666666666665
neale,2,8,4.0
sahm,2,8,4.0
aml1,2,8,4.0
eliminate,8,8,1.0
attarbaschi,2,8,4.0
xie,6,8,1.3333333333333333
leak,7,8,1.1428571428571428
helpline,7,8,1.1428571428571428
helicase,2,8,4.0
ebl,1,8,8.0
quantify,8,8,1.0
coming,8,8,1.0
shago,2,8,4.0
comparator,7,8,1.1428571428571428
proctitis,3,8,2.6666666666666665
appeal,7,8,1.1428571428571428
gorlin,2,8,4.0
raue,3,8,2.6666666666666665
neurologist,6,8,1.3333333333333333
trace,7,8,1.1428571428571428
bloom,4,8,2.0
lumpy,3,8,2.6666666666666665
sprint,1,8,8.0
tagrisso,8,8,1.0
gather,8,8,1.0
blame,7,8,1.1428571428571428
mpnst,4,8,2.0
saadipour,4,8,2.0
refining,7,8,1.1428571428571428
assist,7,8,1.1428571428571428
alkaloid,2,8,4.0
walnut,7,8,1.1428571428571428
harbott,2,8,4.0
clinico,4,8,2.0
proportional,6,8,1.3333333333333333
fkhr,2,8,4.0
unresponsive,7,8,1.1428571428571428
177lu,3,8,2.6666666666666665
peanut,7,8,1.1428571428571428
waldeyer,8,8,1.0
norris,4,8,2.0
federico,3,8,2.6666666666666665
nrg1,1,8,8.0
speak,8,8,1.0
publish,6,8,1.3333333333333333
enestfreedom,2,8,4.0
bodily,7,8,1.1428571428571428
chairman,7,8,1.1428571428571428
tail,3,8,2.6666666666666665
attribute,6,8,1.3333333333333333
contiguous,4,8,2.0
submandibular,3,8,2.6666666666666665
thankful,8,8,1.0
haart,3,8,2.6666666666666665
fame,6,8,1.3333333333333333
mechlorethamine,3,8,2.6666666666666665
unvaccinated,5,8,1.6
msc,1,8,8.0
asbestos,5,8,1.6
fukuzawa,2,8,4.0
racemosa,1,8,8.0
steep,6,8,1.3333333333333333
lxr,2,8,4.0
h10,1,8,8.0
chevret,2,8,4.0
winship,8,8,1.0
cousin,5,8,1.6
foresti,2,8,4.0
ramirez,6,8,1.3333333333333333
macular,6,8,1.3333333333333333
jacob,4,8,2.0
dysfunctional,7,8,1.1428571428571428
mendenhall,3,8,2.6666666666666665
shern,3,8,2.6666666666666665
dis3l2,2,8,4.0
contain,7,8,1.1428571428571428
ado,7,8,1.1428571428571428
atrt,6,8,1.3333333333333333
kuiper,5,8,1.6
domingo,4,8,2.0
mit,6,8,1.3333333333333333
sato,4,8,2.0
xenograft,8,8,1.0
darien,3,8,2.6666666666666665
yoon,4,8,2.0
garber,6,8,1.3333333333333333
degeneration,6,8,1.3333333333333333
programme,7,8,1.1428571428571428
uva,2,8,4.0
dreamseq,1,8,8.0
infiltrative,5,8,1.6
pool,6,8,1.3333333333333333
cornea,2,8,4.0
opportunistic,7,8,1.1428571428571428
lysa,1,8,8.0
remifemin,1,8,8.0
cramping,2,8,4.0
reuse,8,8,1.0
deliberation,8,8,1.0
scalable,7,8,1.1428571428571428
fet,2,8,4.0
prosthesis,6,8,1.3333333333333333
plütschow,1,8,8.0
far,8,8,1.0
listen,7,8,1.1428571428571428
classify,6,8,1.3333333333333333
billing,6,8,1.3333333333333333
patti,3,8,2.6666666666666665
mosaicism,5,8,1.6
scaly,3,8,2.6666666666666665
microtubule,6,8,1.3333333333333333
aren03b2,4,8,2.0
torre,3,8,2.6666666666666665
setup,2,8,4.0
hirabayashi,2,8,4.0
robison,2,8,4.0
unwanted,8,8,1.0
mitomycin,4,8,2.0
inhalation,5,8,1.6
savage,4,8,2.0
pet2,1,8,8.0
bronchitis,6,8,1.3333333333333333
stratton,2,8,4.0
lymphoplasmacytic,1,8,8.0
schlumberger,3,8,2.6666666666666665
contractor,3,8,2.6666666666666665
rcc,3,8,2.6666666666666665
moderated,8,8,1.0
weakened,7,8,1.1428571428571428
toddler,4,8,2.0
disappearance,8,8,1.0
leukopenia,6,8,1.3333333333333333
-amplified,2,8,4.0
iqr,3,8,2.6666666666666665
pulse,7,8,1.1428571428571428
apoe,1,8,8.0
etf,1,8,8.0
otolaryngol,4,8,2.0
cancor,2,8,4.0
pharmacy,7,8,1.1428571428571428
dermatologist,4,8,2.0
lin28,2,8,4.0
lynparza,8,8,1.0
empiric,4,8,2.0
oyen,2,8,4.0
tender,4,8,2.0
c11orf95,2,8,4.0
jodele,1,8,8.0
kindle,7,8,1.1428571428571428
pinpoint,7,8,1.1428571428571428
noncitizen,8,8,1.0
atg,1,8,8.0
inaccurate,4,8,2.0
jean,8,8,1.0
indigenous,6,8,1.3333333333333333
shear,2,8,4.0
chanelle,2,8,4.0
erf,2,8,4.0
stretch,8,8,1.0
dyspnoea,1,8,8.0
residue,5,8,1.6
koster,2,8,4.0
beautiful,6,8,1.3333333333333333
welch,4,8,2.0
uninformative,2,8,4.0
chernobyl,6,8,1.3333333333333333
sage,4,8,2.0
herpesvirus,7,8,1.1428571428571428
terri,8,8,1.0
interphone,1,8,8.0
intrapericardial,2,8,4.0
appreciate,7,8,1.1428571428571428
expedite,8,8,1.0
indistinguishable,4,8,2.0
clarity,6,8,1.3333333333333333
concordant,8,8,1.0
tpmt,2,8,4.0
permit,7,8,1.1428571428571428
cd3,4,8,2.0
perivascular,5,8,1.6
malformation,4,8,2.0
sclerotherapy,2,8,4.0
reactivation,3,8,2.6666666666666665
repressor,2,8,4.0
thyrotropin,3,8,2.6666666666666665
schlenk,2,8,4.0
ernst,5,8,1.6
observe,8,8,1.0
cbtrus,2,8,4.0
pietsch,2,8,4.0
etp,2,8,4.0
witt,2,8,4.0
segregation,4,8,2.0
béné,2,8,4.0
hoxa,2,8,4.0
nup214,2,8,4.0
bag,6,8,1.3333333333333333
inhale,6,8,1.3333333333333333
daly,7,8,1.1428571428571428
u54s,7,8,1.1428571428571428
fuse,6,8,1.3333333333333333
winawer,2,8,4.0
lmo2,2,8,4.0
aprepitant,4,8,2.0
multimodality,5,8,1.6
supervision,6,8,1.3333333333333333
brazilian,2,8,4.0
lisocabtagene,3,8,2.6666666666666665
tlx3,2,8,4.0
schüz,1,8,8.0
enhanced,8,8,1.0
droplet,5,8,1.6
sandrini,1,8,8.0
wisconsin,7,8,1.1428571428571428
ebpalt,2,8,4.0
embolism,4,8,2.0
coach,6,8,1.3333333333333333
pleura,4,8,2.0
smr,2,8,4.0
suspicion,6,8,1.3333333333333333
ryan,7,8,1.1428571428571428
vector,4,8,2.0
bus,5,8,1.6
beacon,5,8,1.6
grimwade,2,8,4.0
putative,8,8,1.0
worta,4,8,2.0
hypereosinophilia,2,8,4.0
transgender,2,8,4.0
ecia,1,8,8.0
recreational,6,8,1.3333333333333333
erbitux,7,8,1.1428571428571428
kingdom,7,8,1.1428571428571428
factorial,3,8,2.6666666666666665
ramaswamy,2,8,4.0
australian,2,8,4.0
blueprint,6,8,1.3333333333333333
pötschg,2,8,4.0
morrow,7,8,1.1428571428571428
worden,5,8,1.6
slc44a1,2,8,4.0
ep300,2,8,4.0
hériti,2,8,4.0
cd33,3,8,2.6666666666666665
coalition,8,8,1.0
rhtsh,1,8,8.0
pathophysiological,7,8,1.1428571428571428
pass,8,8,1.0
applicability,8,8,1.0
bagatell,2,8,4.0
figo,1,8,8.0
shapiro,7,8,1.1428571428571428
icahn,8,8,1.0
evolutionary,6,8,1.3333333333333333
competent,8,8,1.0
intriguing,8,8,1.0
morgan,6,8,1.3333333333333333
entail,7,8,1.1428571428571428
amy,7,8,1.1428571428571428
driving,6,8,1.3333333333333333
wallace,6,8,1.3333333333333333
object,6,8,1.3333333333333333
pharma,7,8,1.1428571428571428
resilient,7,8,1.1428571428571428
undetermined,7,8,1.1428571428571428
normative,4,8,2.0
resilience,6,8,1.3333333333333333
actigraphy,1,8,8.0
tetraploidy,2,8,4.0
miller,6,8,1.3333333333333333
utero,4,8,2.0
multifaceted,8,8,1.0
terrible,8,8,1.0
kobak,3,8,2.6666666666666665
inequality,6,8,1.3333333333333333
polyclonal,2,8,4.0
ph+,2,8,4.0
mediate,7,8,1.1428571428571428
dip,6,8,1.3333333333333333
designing,8,8,1.0
kimryn,2,8,4.0
mini,6,8,1.3333333333333333
atrium,3,8,2.6666666666666665
dlco,2,8,4.0
fgps,1,8,8.0
thrombosis,3,8,2.6666666666666665
funeral,6,8,1.3333333333333333
alleviate,8,8,1.0
derivation,4,8,2.0
bian,7,8,1.1428571428571428
borderline,6,8,1.3333333333333333
cortisol,4,8,2.0
deshmukh,3,8,2.6666666666666665
nmf,2,8,4.0
beauty,7,8,1.1428571428571428
execution,7,7,1.0
sigurdson,2,7,3.5
devesa,5,7,1.4
sf-36,2,7,3.5
heel,7,7,1.0
approximate,6,7,1.1666666666666667
pseudomyogenic,1,7,7.0
brady,3,7,2.3333333333333335
megabase,5,7,1.4
amine,2,7,3.5
gait,3,7,2.3333333333333335
autonomic,5,7,1.4
afatinib,6,7,1.1666666666666667
noncompliance,2,7,3.5
ntap,3,7,2.3333333333333335
changer,6,7,1.1666666666666667
rubin,5,7,1.4
doug,7,7,1.0
adrenergic,4,7,1.75
castor,7,7,1.0
pth,2,7,3.5
hepatotoxicity,3,7,2.3333333333333335
heather,5,7,1.4
postnatal,3,7,2.3333333333333335
anxiolytic,3,7,2.3333333333333335
underestimate,6,7,1.1666666666666667
linaclotide,3,7,2.3333333333333335
polatuzumab,2,7,3.5
endoxifen,4,7,1.75
tease,7,7,1.0
downside,5,7,1.4
treating,7,7,1.0
monoamine,3,7,2.3333333333333335
cidc,1,7,7.0
reprogramming,4,7,1.75
gaba,3,7,2.3333333333333335
involuntary,4,7,1.75
epipodophyllotoxin,3,7,2.3333333333333335
turnaround,6,7,1.1666666666666667
harvard,5,7,1.4
subpopulation,6,7,1.1666666666666667
hydroxyindoleacetic,3,7,2.3333333333333335
procurement,5,7,1.4
diller,5,7,1.4
paice,4,7,1.75
impression,6,7,1.1666666666666667
sauce,5,7,1.4
iver,3,7,2.3333333333333335
symptomology,2,7,3.5
crack,7,7,1.0
chill,7,7,1.0
lonial,1,7,7.0
nonfamilial,4,7,1.75
acsm,1,7,7.0
olanzapine,5,7,1.4
tgfβ,2,7,3.5
toolkit,6,7,1.1666666666666667
carina,1,7,7.0
culprit,6,7,1.1666666666666667
pancan,2,7,3.5
tubule,3,7,2.3333333333333335
endobronchial,2,7,3.5
gd2,4,7,1.75
ablative,4,7,1.75
conceptual,7,7,1.0
martin,5,7,1.4
n0a,1,7,7.0
n0b,1,7,7.0
nonheritable,3,7,2.3333333333333335
appendicitis,4,7,1.75
redness,6,7,1.1666666666666667
bounce,7,7,1.0
bardia,3,7,2.3333333333333335
allergic,7,7,1.0
probable,7,7,1.0
urination,4,7,1.75
shopping,6,7,1.1666666666666667
qiu,4,7,1.75
univariate,4,7,1.75
necroptosis,3,7,2.3333333333333335
threonine,3,7,2.3333333333333335
carcinogenicity,5,7,1.4
notch,5,7,1.4
nct,4,7,1.75
trop2,1,7,7.0
granek,1,7,7.0
brauckhoff,2,7,3.5
q24h,1,7,7.0
proliferate,7,7,1.0
mucoepidermoid,2,7,3.5
volumetric,6,7,1.1666666666666667
lurie,2,7,3.5
sill,3,7,2.3333333333333335
hydration,2,7,3.5
facilitator,5,7,1.4
howe,6,7,1.1666666666666667
occlusion,4,7,1.75
allprep,1,7,7.0
etiologic,5,7,1.4
taylor,6,7,1.1666666666666667
skinner,3,7,2.3333333333333335
deafness,4,7,1.75
smac,1,7,7.0
thalamus,3,7,2.3333333333333335
ncic,2,7,3.5
dueck,5,7,1.4
helplessness,5,7,1.4
button,3,7,2.3333333333333335
treosulfan,2,7,3.5
m918,2,7,3.5
potency,7,7,1.0
npc-2003,1,7,7.0
dizzy,5,7,1.4
huntsman,6,7,1.1666666666666667
menstruation,5,7,1.4
fda,7,7,1.0
fibroadenoma,2,7,3.5
postmastectomy,1,7,7.0
evaluator,4,7,1.75
vape,5,7,1.4
fibromatosis,3,7,2.3333333333333335
fire,7,7,1.0
richardson,5,7,1.4
atomic,5,7,1.4
prioritize,7,7,1.0
stupid,5,7,1.4
sestak,2,7,3.5
tricky,7,7,1.0
storm,7,7,1.0
dyad,2,7,3.5
revlimid,7,7,1.0
≥38,2,7,3.5
neurosurgical,5,7,1.4
tribute,7,7,1.0
cellularity,5,7,1.4
disagreement,3,7,2.3333333333333335
mammaprint,1,7,7.0
pihkala,4,7,1.75
muscular,5,7,1.4
scoring,7,7,1.0
innermost,3,7,2.3333333333333335
glycomics,1,7,7.0
knowing,7,7,1.0
saarinen,4,7,1.75
grothey,1,7,7.0
eradicate,6,7,1.1666666666666667
erection,3,7,2.3333333333333335
gemzar,7,7,1.0
vega,5,7,1.4
seal,7,7,1.0
barkal,1,7,7.0
population,7,7,1.0
scrotum,5,7,1.4
nurture,5,7,1.4
gram,4,7,1.75
disappointing,6,7,1.1666666666666667
praise,4,7,1.75
muha,4,7,1.75
modular,6,7,1.1666666666666667
preferable,6,7,1.1666666666666667
ngcms,3,7,2.3333333333333335
occupation,5,7,1.4
forecast,6,7,1.1666666666666667
skeleton,4,7,1.75
umbilical,3,7,2.3333333333333335
revisit,7,7,1.0
candy,7,7,1.0
mgh,5,7,1.4
roemer,3,7,2.3333333333333335
cribriform,4,7,1.75
capital,6,7,1.1666666666666667
storage,5,7,1.4
establish,7,7,1.0
stick,7,7,1.0
fischer,5,7,1.4
certifie,7,7,1.0
klein,6,7,1.1666666666666667
petit,4,7,1.75
insensitive,7,7,1.0
intensification,6,7,1.1666666666666667
abcde,5,7,1.4
copd,5,7,1.4
endorsement,5,7,1.4
correspond,7,7,1.0
pet4,1,7,7.0
pale,5,7,1.4
sorror,1,7,7.0
cmv,1,7,7.0
bacillus,7,7,1.0
industrial,4,7,1.75
ntp,2,7,3.5
srinivasan,5,7,1.4
claude,6,7,1.1666666666666667
sullivan,3,7,2.3333333333333335
brilliant,3,7,2.3333333333333335
guess,7,7,1.0
reddick,2,7,3.5
recipe,7,7,1.0
finkelstein,6,7,1.1666666666666667
linac,4,7,1.75
brush,5,7,1.4
disproportionate,5,7,1.4
mammographic,5,7,1.4
nhlbi,3,7,2.3333333333333335
reproducibility,7,7,1.0
micrographic,2,7,3.5
jill,7,7,1.0
closing,7,7,1.0
electric,6,7,1.1666666666666667
electrodesiccation,2,7,3.5
sided,2,7,3.5
multiagent,6,7,1.1666666666666667
handy,6,7,1.1666666666666667
biobanking,4,7,1.75
liposome,3,7,2.3333333333333335
dioxin,1,7,7.0
headquarters,4,7,1.75
mel,3,7,2.3333333333333335
niosh,3,7,2.3333333333333335
spice,3,7,2.3333333333333335
turcotte,2,7,3.5
upd,3,7,2.3333333333333335
rplnd,1,7,7.0
tkd,3,7,2.3333333333333335
maraleucel,3,7,2.3333333333333335
inferiority,4,7,1.75
catalano,4,7,1.75
berk,1,7,7.0
embassy,4,7,1.75
dermis,2,7,3.5
derive,7,7,1.0
gpc1,1,7,7.0
dht,2,7,3.5
takeda,6,7,1.1666666666666667
peltomäki,2,7,3.5
monocytic,3,7,2.3333333333333335
triterpene,1,7,7.0
transaction,4,7,1.75
vogelstein,2,7,3.5
lupus,6,7,1.1666666666666667
infiltrate,7,7,1.0
ari,3,7,2.3333333333333335
lash,2,7,3.5
almaty,1,7,7.0
untch,3,7,2.3333333333333335
henrietta,3,7,2.3333333333333335
advani,3,7,2.3333333333333335
altorki,1,7,7.0
oligometastatic,1,7,7.0
igcs,1,7,7.0
snvs,2,7,3.5
mock,5,7,1.4
css,1,7,7.0
bishop,3,7,2.3333333333333335
shaw,7,7,1.0
mainstream,7,7,1.0
beren,2,7,3.5
census,7,7,1.0
dmitry,3,7,2.3333333333333335
numb,5,7,1.4
fihp,1,7,7.0
chordomas,1,7,7.0
meninge,7,7,1.0
confusing,7,7,1.0
yeat,3,7,2.3333333333333335
schmitz,3,7,2.3333333333333335
mitigate,6,7,1.1666666666666667
basement,5,7,1.4
hybridisation,3,7,2.3333333333333335
arimidex,3,7,2.3333333333333335
odom,5,7,1.4
corr,3,7,2.3333333333333335
chamber,5,7,1.4
cochlea,1,7,7.0
blgsp,2,7,3.5
stovall,2,7,3.5
maladaptive,3,7,2.3333333333333335
pancreaticoduodenectomy,3,7,2.3333333333333335
riley,3,7,2.3333333333333335
gcb,3,7,2.3333333333333335
hansson,3,7,2.3333333333333335
weissman,4,7,1.75
asplenic,2,7,3.5
preparative,3,7,2.3333333333333335
despair,3,7,2.3333333333333335
conte,3,7,2.3333333333333335
antianxiety,4,7,1.75
jing,7,7,1.0
soluble,5,7,1.4
glycomic,3,7,2.3333333333333335
ca-22,4,7,1.75
tanzania,4,7,1.75
groundwork,7,7,1.0
ligament,7,7,1.0
plate,6,7,1.1666666666666667
google,7,7,1.0
pearson,5,7,1.4
ahead,6,7,1.1666666666666667
addressing,7,7,1.0
affect,6,7,1.1666666666666667
schaapveld,2,7,3.5
bhatia,3,7,2.3333333333333335
fang,5,7,1.4
hodgson,5,7,1.4
p30,3,7,2.3333333333333335
r41,4,7,1.75
favourable,5,7,1.4
hyperprolactinemia,1,7,7.0
neighborhood,7,7,1.0
mehta,5,7,1.4
register,4,7,1.75
exemption,5,7,1.4
oligospermia,2,7,3.5
cornerstone,7,7,1.0
intended,5,7,1.4
keller,3,7,2.3333333333333335
sequencer,3,7,2.3333333333333335
norman,3,7,2.3333333333333335
jawbone,3,7,2.3333333333333335
biotech,5,7,1.4
longstanding,7,7,1.0
pudding,4,7,1.75
neuropathology,5,7,1.4
microfluidic,5,7,1.4
repeatable,4,7,1.75
enet,2,7,3.5
insert,5,7,1.4
adequacy,6,7,1.1666666666666667
fertil,2,7,3.5
cecum,4,7,1.75
assemble,7,7,1.0
prasad,5,7,1.4
venue,7,7,1.0
permeability,5,7,1.4
lymphomes,2,7,3.5
accompanied,5,7,1.4
dalton,5,7,1.4
usc,4,7,1.75
nephroma,4,7,1.75
downward,7,7,1.0
mcc,2,7,3.5
marital,3,7,2.3333333333333335
endometrium,3,7,2.3333333333333335
upset,5,7,1.4
liberal,6,7,1.1666666666666667
nmsc,1,7,7.0
oligodendrogliomas,4,7,1.75
reveal,5,7,1.4
prosthetic,1,7,7.0
transparency,6,7,1.1666666666666667
ding,5,7,1.4
evans,4,7,1.75
scoliosis,1,7,7.0
metastasize,6,7,1.1666666666666667
cholelithiasis,2,7,3.5
canal,4,7,1.75
wright,3,7,2.3333333333333335
erythema,4,7,1.75
juul,5,7,1.4
barium,3,7,2.3333333333333335
l'adulte,2,7,3.5
armenian,2,7,3.5
bronchogenic,1,7,7.0
qki,3,7,2.3333333333333335
delta,4,7,1.75
banking,6,7,1.1666666666666667
cirrhosis,4,7,1.75
combustion,7,7,1.0
enteropathy,5,7,1.4
mitby,1,7,7.0
unpleasant,6,7,1.1666666666666667
joy,7,7,1.0
viewpoint,7,7,1.0
prolong,7,7,1.0
planner,4,7,1.75
malnutrition,5,7,1.4
acronym,6,7,1.1666666666666667
witness,5,7,1.4
vestibular,3,7,2.3333333333333335
deruxtecan,2,7,3.5
clearing,7,7,1.0
palmar,3,7,2.3333333333333335
microcarcinoma,5,7,1.4
kumar,5,7,1.4
qual,3,7,2.3333333333333335
invisible,6,7,1.1666666666666667
correlating,4,7,1.75
unprepared,5,7,1.4
karnofsky,3,7,2.3333333333333335
feijen,1,7,7.0
presurgical,7,7,1.0
adl,3,7,2.3333333333333335
electricity,6,7,1.1666666666666667
mosaic,6,7,1.1666666666666667
e.g,5,7,1.4
prigerson,4,7,1.75
plausible,7,7,1.0
sarcopenia,4,7,1.75
francisco,2,7,3.5
maximal,4,7,1.75
1p36,3,7,2.3333333333333335
stuck,6,7,1.1666666666666667
vmjw,2,7,3.5
sanguineti,1,7,7.0
interagency,7,7,1.0
bet,3,7,2.3333333333333335
cci,2,7,3.5
teo,1,7,7.0
myasthenia,4,7,1.75
hyperthermic,2,7,3.5
hypogammaglobulinemia,5,7,1.4
stephen,7,7,1.0
shortcoming,7,7,1.0
construction,6,7,1.1666666666666667
immunofluorescence,4,7,1.75
wagner,7,7,1.0
hypersecretion,4,7,1.75
hostile,4,7,1.75
inform,5,7,1.4
carter,7,7,1.0
oocyte,3,7,2.3333333333333335
constine,3,7,2.3333333333333335
aleman,3,7,2.3333333333333335
hsp90,3,7,2.3333333333333335
canine,1,7,7.0
o'shaughnessy,2,7,3.5
adriatic,1,7,7.0
gdacs,1,7,7.0
myelopathy,1,7,7.0
academy,7,7,1.0
nhs,2,7,3.5
appreciable,6,7,1.1666666666666667
oxide,5,7,1.4
jump,7,7,1.0
antiandrogen,3,7,2.3333333333333335
transurethral,3,7,2.3333333333333335
posttesting,1,7,7.0
eva,7,7,1.0
deliver,6,7,1.1666666666666667
diarrhoea,3,7,2.3333333333333335
modulation,7,7,1.0
experiencing,7,7,1.0
wig,4,7,1.75
plco,3,7,2.3333333333333335
hale,2,7,3.5
jimenez,5,7,1.4
certainty,3,7,2.3333333333333335
gate,5,7,1.4
inattention,1,7,7.0
ulcerative,4,7,1.75
arber,3,7,2.3333333333333335
amivantamab,2,7,3.5
brafv600e,3,7,2.3333333333333335
exocrine,5,7,1.4
reconstructive,4,7,1.75
elongation,3,7,2.3333333333333335
pertinent,5,7,1.4
orthopedic,6,7,1.1666666666666667
egd,1,7,7.0
melanin,5,7,1.4
bob,2,7,3.5
psychologic,5,7,1.4
carmine,1,7,7.0
nephroblastomatosis,3,7,2.3333333333333335
navigating,5,7,1.4
metabolizing,4,7,1.75
italiano,4,7,1.75
quantum,5,7,1.4
simon,6,7,1.1666666666666667
blessing,7,7,1.0
sum,6,7,1.1666666666666667
preoccupation,3,7,2.3333333333333335
stillbirth,1,7,7.0
reaccumulation,1,7,7.0
osteoma,2,7,3.5
d.d.s,7,7,1.0
neutropenic,4,7,1.75
hyperexcitability,1,7,7.0
reddy,5,7,1.4
staggering,7,7,1.0
pds,5,7,1.4
suit,7,7,1.0
associazione,3,7,2.3333333333333335
italiana,3,7,2.3333333333333335
combomatch,3,7,2.3333333333333335
ematologia,3,7,2.3333333333333335
oncologia,3,7,2.3333333333333335
enteric,5,7,1.4
shr,1,7,7.0
connole,2,7,3.5
discourage,6,7,1.1666666666666667
graphic,4,7,1.75
vrie,4,7,1.75
integr,4,7,1.75
dinner,7,7,1.0
bakker,5,7,1.4
quotient,2,7,3.5
snap,4,7,1.75
thickening,4,7,1.75
pbsc,2,7,3.5
chem,4,7,1.75
ravi,7,7,1.0
submucosal,4,7,1.75
tier,1,7,7.0
sweeney,6,7,1.1666666666666667
triangle,3,7,2.3333333333333335
antisocial,4,7,1.75
fvc,2,7,3.5
wilson,4,7,1.75
collapse,2,7,3.5
injustice,4,7,1.75
ileostomy,1,7,7.0
filtration,3,7,2.3333333333333335
rao,7,7,1.0
cxdl,1,7,7.0
granule,3,7,2.3333333333333335
rtfc,1,7,7.0
espariat,3,7,2.3333333333333335
psma,2,7,3.5
ukall,3,7,2.3333333333333335
tuh,7,7,1.0
sézary,7,7,1.0
harold,6,7,1.1666666666666667
gateway,7,7,1.0
sleeve,7,7,1.0
ultrasensitive,4,7,1.75
selfish,3,7,2.3333333333333335
iphone,6,7,1.1666666666666667
daunting,7,7,1.0
augmentation,2,7,3.5
ample,7,7,1.0
aneuploidy,7,7,1.0
restructuring,3,7,2.3333333333333335
olopade,3,6,2.0
equine,3,6,2.0
caverly,1,6,6.0
biqsfp,3,6,2.0
piedmont,2,6,3.0
lifeline,3,6,2.0
dust,2,6,3.0
palpitation,6,6,1.0
artifact,5,6,1.2
flower,3,6,2.0
necitumumab,2,6,3.0
kl2,2,6,3.0
nhane,3,6,2.0
governmental,5,6,1.2
dismal,4,6,1.5
eft,2,6,3.0
longo,1,6,6.0
mauch,1,6,6.0
reliant,5,6,1.2
prodrug,1,6,6.0
cavalli,2,6,3.0
eraser,3,6,2.0
hd7,1,6,6.0
behringer,1,6,6.0
supp,4,6,1.5
bottle,6,6,1.0
benzinga,1,6,6.0
correlative,6,6,1.0
igf-1r,1,6,6.0
nexavar,6,6,1.0
tanning,4,6,1.5
nyse,1,6,6.0
1960,6,6,1.0
kobe,1,6,6.0
bleed,4,6,1.5
earning,1,6,6.0
interchangeable,1,6,6.0
hd16,1,6,6.0
biosimilarity,1,6,6.0
rough,4,6,1.5
pulsipher,1,6,6.0
hemolytic,1,6,6.0
alemtuzumab,1,6,6.0
stevenson,5,6,1.2
küpper,2,6,3.0
mofetil,1,6,6.0
mycophenolate,1,6,6.0
plagl2,2,6,3.0
convergence,6,6,1.0
akin,6,6,1.0
coyne,2,6,3.0
cibmtr,1,6,6.0
treasure,6,6,1.0
growing,6,6,1.0
ibrance,6,6,1.0
payload,4,6,1.5
cholangiocarcinoma,6,6,1.0
perseus,1,6,6.0
superoxide,2,6,3.0
affirm,6,6,1.0
gilteritinib,2,6,3.0
kent,3,6,2.0
caga,1,6,6.0
pearline,1,6,6.0
admiraal,2,6,3.0
opportune,6,6,1.0
sicg,1,6,6.0
ratain,1,6,6.0
ahle,1,6,6.0
wntd,3,6,2.0
dignicap,1,6,6.0
lyn,3,6,2.0
ryall,2,6,3.0
stabilization,6,6,1.0
packer,4,6,1.5
multiscale,5,6,1.2
ferry,2,6,3.0
pasini,1,6,6.0
triad,1,6,6.0
glycosylation,5,6,1.2
myers,4,6,1.5
notion,6,6,1.0
p27,1,6,6.0
whelan,2,6,3.0
stabilize,6,6,1.0
cancer-,6,6,1.0
bogeyman,3,6,2.0
boop,2,6,3.0
dusp2,2,6,3.0
junb,2,6,3.0
brice,3,6,2.0
tai,5,6,1.2
combustible,3,6,2.0
parenchyma,5,6,1.2
mackay,2,6,3.0
gonadotoxic,2,6,3.0
piloid,2,6,3.0
itch,5,6,1.2
osteopenia,3,6,2.0
immunol,4,6,1.5
spiller,4,6,1.5
moreira,3,6,2.0
habp2,1,6,6.0
jäger,2,6,3.0
monkey,1,6,6.0
repetitive,6,6,1.0
turp,1,6,6.0
psychoeducation,5,6,1.2
folder,3,6,2.0
crystallography,5,6,1.2
influenza,2,6,3.0
diphtheria,2,6,3.0
uneven,4,6,1.5
gentle,4,6,1.5
chao,2,6,3.0
od-24,4,6,1.5
ghost,3,6,2.0
nib,6,6,1.0
donepezil,1,6,6.0
corpus,6,6,1.0
familiarity,6,6,1.0
schlegel,6,6,1.0
absorptiometry,1,6,6.0
rad,3,6,2.0
hunter,5,6,1.2
craniopharyngiomas,4,6,1.5
tanner,2,6,3.0
toprak,2,6,3.0
actuarial,3,6,2.0
bennett,6,6,1.0
zytiga,6,6,1.0
suprasellar,1,6,6.0
dieffenbach,1,6,6.0
pfa,2,6,3.0
hoffman,6,6,1.0
siderosis,1,6,6.0
stegmai,3,6,2.0
zykadia,6,6,1.0
phipp,2,6,3.0
gliomatosis,6,6,1.0
wiestler,2,6,3.0
ohgaki,2,6,3.0
evaluated,5,6,1.2
cerebri,6,6,1.0
hank,4,6,1.5
narcolepsy,1,6,6.0
neurotoxic,2,6,3.0
mutism,1,6,6.0
tyacss,1,6,6.0
revenue,4,6,1.5
font,3,6,2.0
armitage,5,6,1.2
chf,2,6,3.0
moyamoya,1,6,6.0
admin,4,6,1.5
cardioprotective,2,6,3.0
tang,4,6,1.5
nephrotoxic,1,6,6.0
incorrect,6,6,1.0
iceberg,6,6,1.0
pca,4,6,1.5
leap,6,6,1.0
courageous,6,6,1.0
mercer,4,6,1.5
confused,6,6,1.0
systolic,4,6,1.5
sham,2,6,3.0
femara,5,6,1.2
editorialist,6,6,1.0
mage,1,6,6.0
inset,5,6,1.2
ccnb3,2,6,3.0
faraci,2,6,3.0
par-22,4,6,1.5
ca-20,4,6,1.5
genotyping,6,6,1.0
xing,4,6,1.5
cramp,5,6,1.2
plateau,3,6,2.0
push,4,6,1.5
tertile,2,6,3.0
sabin,5,6,1.2
understandable,6,6,1.0
landier,1,6,6.0
huff,2,6,3.0
lombardi,6,6,1.0
qin,2,6,3.0
myocarditis,6,6,1.0
dcp,5,6,1.2
plenty,5,6,1.2
prune,4,6,1.5
winther,1,6,6.0
popularity,6,6,1.0
picard,2,6,3.0
sanchez,4,6,1.5
rccs,2,6,3.0
tfeb,2,6,3.0
pomalidomide,3,6,2.0
teepen,1,6,6.0
dodd,2,6,3.0
salaverria,2,6,3.0
elotuzumab,2,6,3.0
rituxan,5,6,1.2
ramucirumab,5,6,1.2
tate,3,6,2.0
z0011,3,6,2.0
rockville,6,6,1.0
vcl,2,6,3.0
bike,4,6,1.5
immunoreactivity,4,6,1.5
d.o,6,6,1.0
cev,2,6,3.0
woolcock,2,6,3.0
p.l,2,6,3.0
encompass,5,6,1.2
chapuy,2,6,3.0
oschlie,2,6,3.0
lender,2,6,3.0
p44l,2,6,3.0
burkhardt,2,6,3.0
fmg,2,6,3.0
bisacodyl,2,6,3.0
toh,6,6,1.0
regorafenib,6,6,1.0
tall,4,6,1.5
causation,6,6,1.0
birinapant,1,6,6.0
pepper,5,6,1.2
gilead,3,6,2.0
holder,4,6,1.5
cologne,2,6,3.0
scchn,2,6,3.0
running,3,6,2.0
india,6,6,1.0
mynarek,2,6,3.0
vanderpool,4,6,1.5
brastianos,5,6,1.2
trading,3,6,2.0
markey,3,6,2.0
bih,6,6,1.0
unresolved,5,6,1.2
histiocytic,4,6,1.5
proceeding,5,6,1.2
yoo,5,6,1.2
default,6,6,1.0
outdoor,6,6,1.0
swimming,4,6,1.5
nongenetic,5,6,1.2
shared,6,6,1.0
visudyne,2,6,3.0
her3,3,6,2.0
awesome,5,6,1.2
primate,3,6,2.0
thalidomide,5,6,1.2
interneuron,3,6,2.0
insecurity,3,6,2.0
ribose,2,6,3.0
luo,5,6,1.2
generator,3,6,2.0
attraction,5,6,1.2
gril,3,6,2.0
winner,5,6,1.2
sth,1,6,6.0
drift,4,6,1.5
programmatic,6,6,1.0
configuration,3,6,2.0
ccl17,2,6,3.0
tarc,2,6,3.0
fedeli,1,6,6.0
erasmus,6,6,1.0
circuit,4,6,1.5
stringent,5,6,1.2
advertising,6,6,1.0
h1047r,1,6,6.0
ici,1,6,6.0
grocery,6,6,1.0
tapp,5,6,1.2
brook,5,6,1.2
rashid,4,6,1.5
pdcd1lg2,2,6,3.0
ian,4,6,1.5
diversion,3,6,2.0
urgency,4,6,1.5
chaperone,4,6,1.5
hoffner,2,6,3.0
microglobulin,2,6,3.0
sulfate,4,6,1.5
9q22.3,2,6,3.0
bran,3,6,2.0
vogel,4,6,1.5
illinois,4,6,1.5
sjmb03,3,6,2.0
hol,3,6,2.0
collateral,3,6,2.0
clonality,6,6,1.0
vidaza,4,6,1.5
mitosis,5,6,1.2
impairs,5,6,1.2
catheterization,3,6,2.0
meh,6,6,1.0
subxiphoid,1,6,6.0
understudied,6,6,1.0
cd274,2,6,3.0
johnston,6,6,1.0
smokefree.gov,5,6,1.2
eich,3,6,2.0
hypervariant,2,6,3.0
1950,6,6,1.0
garland,4,6,1.5
con,6,6,1.0
vagina,6,6,1.0
2000,5,6,1.2
esa,2,6,3.0
fermentable,2,6,3.0
gros,2,6,3.0
gna13,2,6,3.0
veterinary,2,6,3.0
assign,6,6,1.0
schwannomas,3,6,2.0
sensor,6,6,1.0
brock,4,6,1.5
bno,1,6,6.0
glance,4,6,1.5
roar,1,6,6.0
unconscious,5,6,1.2
unsure,5,6,1.2
perceive,6,6,1.0
container,6,6,1.0
reservoir,6,6,1.0
regrowth,5,6,1.2
bank,5,6,1.2
coate,3,6,2.0
murakami,5,6,1.2
javed,4,6,1.5
row,5,6,1.2
guardian,5,6,1.2
brave,6,6,1.0
analgesic,5,6,1.2
let-7,2,6,3.0
pragmatic,6,6,1.0
hic,1,6,6.0
philosophy,6,6,1.0
multicohort,4,6,1.5
pervasive,6,6,1.0
actaea,1,6,6.0
111in,1,6,6.0
hairpin,2,6,3.0
pastor,4,6,1.5
hui,3,6,2.0
sparano,2,6,3.0
stenosis,4,6,1.5
≤10,3,6,2.0
wedding,3,6,2.0
cedars,6,6,1.0
implementer,4,6,1.5
pdt,3,6,2.0
kitchen,5,6,1.2
coexistence,2,6,3.0
carlson,5,6,1.2
salad,2,6,3.0
butter,4,6,1.5
reyniès,2,6,3.0
cone,3,6,2.0
wheeler,6,6,1.0
chin,4,6,1.5
mediterranean,4,6,1.5
icr2,2,6,3.0
corporation,4,6,1.5
analogous,6,6,1.0
rar,2,6,3.0
ethanol,3,6,2.0
concerted,6,6,1.0
rom,2,6,3.0
intra-,2,6,3.0
ca-15,3,6,2.0
fluoride,2,6,3.0
pleased,6,6,1.0
info,5,6,1.2
hecht,5,6,1.2
lysis,4,6,1.5
par-17,2,6,3.0
silverman,5,6,1.2
retain,6,6,1.0
humility,3,6,2.0
deoxyactein,1,6,6.0
heritability,5,6,1.2
noncurative,1,6,6.0
tradeoff,4,6,1.5
velcade,6,6,1.0
epi-26,1,6,6.0
sala,3,6,2.0
hdr,2,6,3.0
coincide,6,6,1.0
suboptimal,6,6,1.0
bradley,6,6,1.0
subdivision,4,6,1.5
wxs,2,6,3.0
licensure,4,6,1.5
exclude,5,6,1.2
exploit,5,6,1.2
tattersall,2,6,3.0
q31,2,6,3.0
quiescent,5,6,1.2
achieve,6,6,1.0
sedentary,2,6,3.0
abbvie,5,6,1.2
glimpse,6,6,1.0
kutny,2,6,3.0
ironman,1,6,6.0
icr,3,6,2.0
acetylation,5,6,1.2
wt2,2,6,3.0
weaver,5,6,1.2
zotiraciclib,2,6,3.0
microbiology,6,6,1.0
silent,5,6,1.2
unaware,3,6,2.0
rupture,4,6,1.5
bonnet,2,6,3.0
onc206,4,6,1.5
nephrotic,5,6,1.2
loo,6,6,1.0
adulterant,1,6,6.0
biologics,6,6,1.0
tenured,3,6,2.0
lymphadenopathy,6,6,1.0
schottenfeld,2,6,3.0
weil,3,6,2.0
phila,1,6,6.0
southwest,5,6,1.2
burdensome,5,6,1.2
confounder,4,6,1.5
neumann,3,6,2.0
thyroiditis,4,6,1.5
rosenberg,3,6,2.0
weiner,4,6,1.5
celiac,3,6,2.0
locate,6,6,1.0
damm,2,6,3.0
remainder,6,6,1.0
tuning,4,6,1.5
swami,1,6,6.0
condom,2,6,3.0
sublingual,1,6,6.0
intravascular,3,6,2.0
nielsen,3,6,2.0
vos,3,6,2.0
myofibromatosis,5,6,1.2
myxoid,5,6,1.2
noncontiguous,2,6,3.0
measuring,6,6,1.0
precedence,3,6,2.0
ankle,5,6,1.2
undiagnosed,4,6,1.5
nbl,3,6,2.0
seppälä,1,6,6.0
agenesis,2,6,3.0
1p/19q,3,6,2.0
phototherapy,1,6,6.0
autoimmunity,5,6,1.2
pht,1,6,6.0
iacuc,4,6,1.5
contingent,6,6,1.0
editing,4,6,1.5
enterography,2,6,3.0
judge,4,6,1.5
wheezing,5,6,1.2
functionality,6,6,1.0
2–5,1,6,6.0
qualification,5,6,1.2
kazakhstan,3,6,2.0
akt1,4,6,1.5
encyclopedia,4,6,1.5
yesterday,6,6,1.0
purity,4,6,1.5
carether,1,6,6.0
rss,4,6,1.5
chang,6,6,1.0
billup,4,6,1.5
greg,4,6,1.5
furman,4,6,1.5
governing,6,6,1.0
rrr,1,6,6.0
antiestrogen,4,6,1.5
extravasation,2,6,3.0
leiomyoma,4,6,1.5
freedman,4,6,1.5
marriage,4,6,1.5
gruber,5,6,1.2
cajaiba,2,6,3.0
corresponding,5,6,1.2
raf,3,6,2.0
schut,1,6,6.0
marcus,4,6,1.5
parietal,3,6,2.0
convention,5,6,1.2
sorensen,2,6,3.0
anticipation,3,6,2.0
hattinger,2,6,3.0
trismus,3,6,2.0
wclc,2,6,3.0
indelicato,4,6,1.5
glandular,6,6,1.0
plantar,2,6,3.0
annu,5,6,1.2
pericardiotomy,2,6,3.0
television,6,6,1.0
thrombolysis,2,6,3.0
psychiatr,3,6,2.0
synergy,6,6,1.0
vyxeos,2,6,3.0
behavioural,5,6,1.2
i1307k,1,6,6.0
pa-25,2,6,3.0
refinement,6,6,1.0
gnas,2,6,3.0
rehab,6,6,1.0
aaltonen,3,6,2.0
ambros,2,6,3.0
houlston,2,6,3.0
endodermal,1,6,6.0
fujii,3,6,2.0
droh,6,6,1.0
bussey,2,6,3.0
mukherjee,5,6,1.2
klor,6,6,1.0
tsa,1,6,6.0
genotypic,3,6,2.0
davicioni,2,6,3.0
anticoagulant,2,6,3.0
happen,6,6,1.0
rohde,2,6,3.0
radioactivity,4,6,1.5
sakaguchi,2,6,3.0
sutent,6,6,1.0
neu,5,6,1.2
concert,6,6,1.0
subependymal,2,6,3.0
scalpel,3,6,2.0
olsson,3,6,2.0
silvestri,4,6,1.5
aide,3,6,2.0
obliteran,3,6,2.0
bronchiole,3,6,2.0
pollux,2,6,3.0
statistician,6,6,1.0
phillips,6,6,1.0
hpvs,3,6,2.0
strehl,2,6,3.0
keen,6,6,1.0
dicentric,2,6,3.0
okuno,2,6,3.0
oom,2,6,3.0
goodwin,4,6,1.5
high-,5,6,1.2
surrounding,6,6,1.0
zeller,4,6,1.5
illuminate,4,6,1.5
usability,5,6,1.2
homogeneous,5,6,1.2
statute,3,6,2.0
clappier,2,6,3.0
imaginary,4,6,1.5
uvb,2,6,3.0
worthlessness,2,6,3.0
deaminase,4,6,1.5
hovorkova,2,6,3.0
noa,4,6,1.5
heyman,2,6,3.0
stiffness,6,6,1.0
inefficient,3,6,2.0
mmrpredict,1,6,6.0
zuna,2,6,3.0
acceptability,4,6,1.5
pitfall,6,6,1.0
grassroots,6,6,1.0
nirogacestat,5,6,1.2
outlet,6,6,1.0
boyett,2,6,3.0
ocd,2,6,3.0
shuster,2,6,3.0
diaz,3,6,2.0
mention,5,6,1.2
phq-9,2,6,3.0
virginia,3,6,2.0
moorman,2,6,3.0
alaggio,4,6,1.5
csrn,3,6,2.0
spectrometry,4,6,1.5
chennai,2,6,3.0
deregulation,2,6,3.0
hypoplasia,3,6,2.0
quantification,5,6,1.2
prostaglandin,6,6,1.0
frightening,5,6,1.2
noonan,2,6,3.0
lin28b,2,6,3.0
niehs,6,6,1.0
isocitrate,6,6,1.0
hydroxyglutarate,2,6,3.0
mononuclear,2,6,3.0
indicative,5,6,1.2
digestion,6,6,1.0
aspartic,2,6,3.0
glycine,2,6,3.0
qualman,2,6,3.0
evaluating,6,6,1.0
//seer.cancer.gov,6,6,1.0
report_to_nation/,6,6,1.0
naaccr,6,6,1.0
psychiatrist,5,6,1.2
osteoclast,2,6,3.0
kamath,5,6,1.2
racism,5,6,1.2
milder,5,6,1.2
enl,2,6,3.0
weelderen,2,6,3.0
bachelor,6,6,1.0
renowned,6,6,1.0
vendor,4,6,1.5
dee,5,6,1.2
mathematician,4,6,1.5
cohesin,2,6,3.0
oliveira,5,6,1.2
bloomfield,2,6,3.0
6–12,3,6,2.0
mkl1,2,6,3.0
swallow,5,6,1.2
hypoxemia,2,6,3.0
striking,5,6,1.2
greenberg,5,6,1.2
meadow,4,6,1.5
clergy,4,6,1.5
mountaineer,1,6,6.0
corbacioglu,3,6,2.0
hosted,6,6,1.0
3–4,6,6,1.0
decker,5,6,1.2
coleman,5,6,1.2
detrimental,6,6,1.0
slater,4,6,1.5
elisa,4,6,1.5
gale,2,6,3.0
balgobind,2,6,3.0
pharmacist,6,6,1.0
multiplexed,3,6,2.0
kat6a,2,6,3.0
echocardiogram,4,6,1.5
renneville,2,6,3.0
oncogenetic,3,6,2.0
tasimelteon,1,6,6.0
commonality,4,6,1.5
ramelteon,1,6,6.0
schneppenheim,2,6,3.0
ino,2,6,3.0
psychotherapeutic,4,6,1.5
gallo,5,6,1.2
escitalopram,2,6,3.0
psqi,1,6,6.0
cd79a,2,6,3.0
diastolic,2,6,3.0
amitriptyline,2,6,3.0
hox11,2,6,3.0
rigor,6,6,1.0
spi1,2,6,3.0
kristal,1,6,6.0
roth,3,6,2.0
vate,2,6,3.0
springtime,5,6,1.2
radford,4,6,1.5
bullinger,2,6,3.0
anesthetic,2,6,3.0
bahrami,2,6,3.0
uncomplicated,4,6,1.5
enthusiast,3,6,2.0
potter,5,6,1.2
psychostimulant,2,6,3.0
juxtapose,2,6,3.0
transdermal,2,6,3.0
nagel,2,6,3.0
desirable,5,6,1.2
switching,4,6,1.5
calgb,5,6,1.2
titration,3,6,2.0
epitope,3,6,2.0
replace,5,6,1.2
methylprednisolone,4,6,1.5
twofold,3,6,2.0
radiography,3,6,2.0
hastened,2,6,3.0
stereotype,3,6,2.0
falini,2,6,3.0
unintended,4,6,1.5
spark,6,6,1.0
lerosey,2,6,3.0
janoueix,2,6,3.0
rpi,2,6,3.0
mense,4,6,1.5
pubmed,6,6,1.0
cadre,6,6,1.0
wuarin,4,6,1.5
customer,6,6,1.0
pollard,2,6,3.0
victory,6,6,1.0
ebp,2,6,3.0
smoldering,1,6,6.0
fbxw7,2,6,3.0
storefront,2,6,3.0
epor,2,6,3.0
nonsignificant,3,6,2.0
cardiologist,3,6,2.0
sustainability,5,6,1.2
difluoromethylornithine,2,6,3.0
clia,2,6,3.0
luad,2,6,3.0
empire,1,6,6.0
whole-,3,6,2.0
inheritable,4,6,1.5
turcot,3,6,2.0
cdkn2b,2,6,3.0
ms2010,2,6,3.0
873–90,1,6,6.0
war,4,6,1.5
multiplanar,1,6,6.0
provide,5,6,1.2
toi,2,6,3.0
preponderance,6,6,1.0
amenorrhea,3,6,2.0
pentagastrin,3,6,2.0
bower,3,6,2.0
hortobagyi,1,6,6.0
th3resa,2,6,3.0
dic,2,6,3.0
polyamine,3,6,2.0
pdgfrb,4,6,1.5
1q21,3,6,2.0
ounce,2,6,3.0
pvs,1,6,6.0
stic,1,6,6.0
taf15,2,6,3.0
waterpipe,4,6,1.5
anticonvulsant,3,6,2.0
opin,3,6,2.0
hartmann,6,6,1.0
robson,4,6,1.5
dacogen,6,6,1.0
schuffenecker,2,6,3.0
lambert,4,6,1.5
perrier,3,6,2.0
dunamis,4,6,1.5
fizazi,4,6,1.5
ptch1,2,6,3.0
lignans,1,6,6.0
chia,2,6,3.0
unbalanced,2,6,3.0
stomatitis,3,6,2.0
efficacious,6,6,1.0
neuroblastic,3,6,2.0
cunningham,6,6,1.0
kimmerer,2,6,3.0
distressed,5,6,1.2
loibl,2,6,3.0
capsular,5,6,1.2
multifocality,3,6,2.0
q22.1,2,6,3.0
lvef,1,6,6.0
vacuum,4,6,1.5
lego,2,6,3.0
np_057953.1,2,6,3.0
sleepiness,5,6,1.2
virology,6,6,1.0
udelsman,3,6,2.0
sod,1,6,6.0
cmf,1,6,6.0
vasopressor,1,6,6.0
bored,1,6,6.0
triploidy,2,6,3.0
quinone,6,6,1.0
pozzar,3,6,2.0
halt,4,6,1.5
nonneoplastic,3,6,2.0
schmid,1,6,6.0
isi,1,6,6.0
completing,6,6,1.0
recist,4,6,1.5
dawkin,2,6,3.0
isotope,4,6,1.5
ish,2,6,3.0
awake,3,6,2.0
pda,1,6,6.0
pirtobrutinib,1,6,6.0
etantr,2,6,3.0
neuropil,2,6,3.0
malik,6,6,1.0
actor,6,6,1.0
ito,5,5,1.0
cpr,1,5,5.0
decedent,2,5,2.5
dartmouth,4,5,1.25
immunosuppressant,3,5,1.6666666666666667
radium,2,5,2.5
nagorney,2,5,2.5
medicinal,2,5,2.5
balaguer,1,5,5.0
sradaev,5,5,1.0
werning,1,5,5.0
aronson,2,5,2.5
salient,2,5,2.5
grape,4,5,1.25
supradiaphragmatic,2,5,2.5
chauhan,1,5,5.0
gastroduodenal,2,5,2.5
nonhereditary,1,5,5.0
russo,3,5,1.6666666666666667
resuscitate,2,5,2.5
semi,4,5,1.25
bccs,1,5,5.0
carolina,5,5,1.0
seeger,3,5,1.6666666666666667
enrich,5,5,1.0
plasmapheresis,1,5,5.0
classifie,5,5,1.0
≥30,2,5,2.5
spur,5,5,1.0
futility,3,5,1.6666666666666667
biobank,5,5,1.0
whitton,1,5,5.0
dashboard,3,5,1.6666666666666667
taiwanese,5,5,1.0
invasiveness,3,5,1.6666666666666667
ullrich,3,5,1.6666666666666667
ogcr,4,5,1.25
b.s,5,5,1.0
sstr,2,5,2.5
gallagher,5,5,1.0
listeria,1,5,5.0
extraocular,2,5,2.5
neglia,1,5,5.0
nonhematopoietic,3,5,1.6666666666666667
dsrct,5,5,1.0
klokman,2,5,2.5
workflow,5,5,1.0
leary,3,5,1.6666666666666667
ontario,5,5,1.0
classroom,5,5,1.0
dfci,3,5,1.6666666666666667
bergö,1,5,5.0
bun,2,5,2.5
enterocolitis,2,5,2.5
motzer,3,5,1.6666666666666667
majhail,2,5,2.5
serve,5,5,1.0
assure,5,5,1.0
rnf43,1,5,5.0
mediastinoscope,3,5,1.6666666666666667
engraftment,3,5,1.6666666666666667
gliosarcoma,5,5,1.0
universe,5,5,1.0
paratesticular,3,5,1.6666666666666667
rhizome,1,5,5.0
u4c,1,5,5.0
mainstem,2,5,2.5
idarubicin,4,5,1.25
polite,1,5,5.0
projection,5,5,1.0
srebp,1,5,5.0
ejection,3,5,1.6666666666666667
pmmr,1,5,5.0
yescarta,5,5,1.0
cardioprotectant,1,5,5.0
bioactive,3,5,1.6666666666666667
pmcid,1,5,5.0
htp,1,5,5.0
bibliography,4,5,1.25
adventure,3,5,1.6666666666666667
speaking,4,5,1.25
pillow,4,5,1.25
naproxen,3,5,1.6666666666666667
paramount,5,5,1.0
hierarchy,5,5,1.0
cva,1,5,5.0
tia,1,5,5.0
inflation,3,5,1.6666666666666667
factory,5,5,1.0
pluijm,1,5,5.0
dickherber,4,5,1.25
semantic,3,5,1.6666666666666667
sotorasib,3,5,1.6666666666666667
pugh,3,5,1.6666666666666667
maze,3,5,1.6666666666666667
carrot,5,5,1.0
microbubble,5,5,1.0
intrapleural,2,5,2.5
cga,1,5,5.0
tension,4,5,1.25
chromaffin,3,5,1.6666666666666667
genereview,4,5,1.25
successive,5,5,1.0
cherry,2,5,2.5
technician,5,5,1.0
hrqol,2,5,2.5
30k,5,5,1.0
globocan,5,5,1.0
mirzaa,4,5,1.25
haplotype,4,5,1.25
result,5,5,1.0
paresis,3,5,1.6666666666666667
lea,1,5,5.0
pancancer,4,5,1.25
necessity,5,5,1.0
eisen,3,5,1.6666666666666667
clover,2,5,2.5
epoetin,2,5,2.5
dean,5,5,1.0
ashford,1,5,5.0
obsolete,4,5,1.25
barrera,2,5,2.5
milano,2,5,2.5
≤50,4,5,1.25
neurosurg,4,5,1.25
attribution,3,5,1.6666666666666667
payne,5,5,1.0
qaly,1,5,5.0
tracheal,2,5,2.5
vignette,2,5,2.5
microdontia,1,5,5.0
coordinated,5,5,1.0
sih,4,5,1.25
magazine,5,5,1.0
enterochromaffin,1,5,5.0
fnh,1,5,5.0
egapp,1,5,5.0
ataxia,3,5,1.6666666666666667
bloody,4,5,1.25
reauthorization,2,5,2.5
condition,5,5,1.0
mononucleotide,1,5,5.0
heterozygote,1,5,5.0
janeway,3,5,1.6666666666666667
diminutive,1,5,5.0
angiogenic,3,5,1.6666666666666667
landing,2,5,2.5
endurance,3,5,1.6666666666666667
tacstd1,1,5,5.0
established,5,5,1.0
lund,5,5,1.0
tumori,5,5,1.0
yasuda,3,5,1.6666666666666667
cesaro,2,5,2.5
violence,3,5,1.6666666666666667
causing,4,5,1.25
afinitor,3,5,1.6666666666666667
drowsiness,2,5,2.5
outgrowth,5,5,1.0
modafinil,1,5,5.0
lehman,4,5,1.25
foo,1,5,5.0
disodium,3,5,1.6666666666666667
1–2,1,5,5.0
socié,2,5,2.5
cheap,3,5,1.6666666666666667
venture,5,5,1.0
dumont,3,5,1.6666666666666667
humoral,1,5,5.0
antileukemic,2,5,2.5
emr,3,5,1.6666666666666667
networking,5,5,1.0
generalizability,5,5,1.0
varmus,5,5,1.0
tauziède,3,5,1.6666666666666667
delaney,3,5,1.6666666666666667
tetanus,2,5,2.5
ted,4,5,1.25
tom,3,5,1.6666666666666667
capper,3,5,1.6666666666666667
hoang,3,5,1.6666666666666667
cytomegalovirus,2,5,2.5
achievable,5,5,1.0
saline,3,5,1.6666666666666667
kyi,4,5,1.25
soravtansine,1,5,5.0
coffin,4,5,1.25
ursodeoxycholate,1,5,5.0
fdara,2,5,2.5
newspaper,3,5,1.6666666666666667
chronological,5,5,1.0
varying,5,5,1.0
intravasation,1,5,5.0
mutual,3,5,1.6666666666666667
haemopoietic,3,5,1.6666666666666667
abdel,3,5,1.6666666666666667
colectomie,1,5,5.0
angel,5,5,1.0
spicy,4,5,1.25
powered,5,5,1.0
undefined,3,5,1.6666666666666667
brunilde,3,5,1.6666666666666667
bei,3,5,1.6666666666666667
ffr,3,5,1.6666666666666667
sunday,4,5,1.25
leucovorin,3,5,1.6666666666666667
ecology,5,5,1.0
bertrand,3,5,1.6666666666666667
blanchard,5,5,1.0
instrumentation,4,5,1.25
taboo,5,5,1.0
hapb2,1,5,5.0
reasoning,2,5,2.5
bhatti,5,5,1.0
weitzman,5,5,1.0
scdna,1,5,5.0
inhibin,2,5,2.5
ophira,2,5,2.5
hydroalcoholic,1,5,5.0
educator,5,5,1.0
mistry,3,5,1.6666666666666667
infect,5,5,1.0
fptc,1,5,5.0
cytologic,1,5,5.0
studied,5,5,1.0
unfinished,2,5,2.5
unproven,3,5,1.6666666666666667
hotline,3,5,1.6666666666666667
skinn,2,5,2.5
rarer,5,5,1.0
cytochemistry,3,5,1.6666666666666667
reprod,2,5,2.5
program,5,5,1.0
darby,2,5,2.5
thrombus,3,5,1.6666666666666667
polycythemia,5,5,1.0
synonymous,5,5,1.0
burnichon,1,5,5.0
porter,5,5,1.0
grafting,2,5,2.5
1–4,3,5,1.6666666666666667
shut,5,5,1.0
disadvantaged,5,5,1.0
conjunctivitis,4,5,1.25
serine,3,5,1.6666666666666667
tung,2,5,2.5
d'etude,2,5,2.5
recalcitrant,3,5,1.6666666666666667
hangout,4,5,1.25
cleavage,3,5,1.6666666666666667
wet,5,5,1.0
grundy,3,5,1.6666666666666667
upright,4,5,1.25
dosimetric,1,5,5.0
ototoxic,1,5,5.0
schiavi,1,5,5.0
timmer,1,5,5.0
tape,5,5,1.0
dahl,2,5,2.5
agrawal,5,5,1.0
fairclough,2,5,2.5
bannayan,1,5,5.0
hnpgl,1,5,5.0
nonproband,1,5,5.0
retinopathy,1,5,5.0
ruvalcaba,1,5,5.0
laurel,1,5,5.0
thoracoscopic,2,5,2.5
pancreaticoduodenal,1,5,5.0
triage,5,5,1.0
chromium,4,5,1.25
nickel,5,5,1.0
indium,2,5,2.5
formaldehyde,4,5,1.25
loehrer,2,5,2.5
territory,5,5,1.0
mulvihill,3,5,1.6666666666666667
pad,4,5,1.25
accrue,3,5,1.6666666666666667
josé,3,5,1.6666666666666667
shop,5,5,1.0
void,5,5,1.0
paternity,2,5,2.5
profiled,5,5,1.0
tiffany,3,5,1.6666666666666667
fallacy,1,5,5.0
granisetron,3,5,1.6666666666666667
pmbcl,1,5,5.0
contributing,5,5,1.0
hrd,2,5,2.5
ophthalmic,2,5,2.5
detecting,5,5,1.0
nakamura,2,5,2.5
sidney,5,5,1.0
blastic,1,5,5.0
abecma,4,5,1.25
murphy,3,5,1.6666666666666667
aretz,1,5,5.0
hine,3,5,1.6666666666666667
uhlhaas,1,5,5.0
blunt,4,5,1.25
kisqali,3,5,1.6666666666666667
mistrust,5,5,1.0
physiologic,4,5,1.25
coccyx,1,5,5.0
proofreading,1,5,5.0
burn,5,5,1.0
minister,4,5,1.25
beau,2,5,2.5
merlano,2,5,2.5
discourse,3,5,1.6666666666666667
o'connor,4,5,1.25
tangen,1,5,5.0
multidrug,5,5,1.0
brigham,4,5,1.25
oligoastrocytoma,1,5,5.0
metallic,2,5,2.5
ohsu,4,5,1.25
libretto-001,2,5,2.5
resist,5,5,1.0
kelly,4,5,1.25
biochemist,3,5,1.6666666666666667
biofeedback,5,5,1.0
armengol,3,5,1.6666666666666667
bylund,1,5,5.0
nita,5,5,1.0
euro,4,5,1.25
farrington,2,5,2.5
hipec,1,5,5.0
brensinger,1,5,5.0
microbiota,4,5,1.25
chd,1,5,5.0
newborn,3,5,1.6666666666666667
program—21,3,5,1.6666666666666667
oversee,5,5,1.0
stockwell,1,5,5.0
terrific,5,5,1.0
steyerberg,1,5,5.0
interrupt,4,5,1.25
forman,2,5,2.5
williamson,4,5,1.25
rational,5,5,1.0
disparity,5,5,1.0
intolerable,4,5,1.25
payline,2,5,2.5
milne,3,5,1.6666666666666667
trail,5,5,1.0
doi:10.1038,3,5,1.6666666666666667
coaching,4,5,1.25
blinded,4,5,1.25
usa,5,5,1.0
fingerman,3,5,1.6666666666666667
cin,4,5,1.25
belumosudil,1,5,5.0
psychosomatic,2,5,2.5
saturation,4,5,1.25
ginger,2,5,2.5
cutler,1,5,5.0
escuddo,2,5,2.5
inspiratory,2,5,2.5
biorepository,4,5,1.25
ocnr,2,5,2.5
middleton,3,5,1.6666666666666667
abatacept,1,5,5.0
troublesome,5,5,1.0
novotny,4,5,1.25
boston,5,5,1.0
rydapt,5,5,1.0
brainer,3,5,1.6666666666666667
radiograph,2,5,2.5
insulator,3,5,1.6666666666666667
unituxin,5,5,1.0
cholecystectomy,3,5,1.6666666666666667
desperate,4,5,1.25
peel,1,5,5.0
discern,4,5,1.25
biogenesis,3,5,1.6666666666666667
etanercept,1,5,5.0
robot,3,5,1.6666666666666667
defecation,1,5,5.0
diminished,5,5,1.0
antithymocyte,1,5,5.0
adenopathy,4,5,1.25
sized,5,5,1.0
snapshot,5,5,1.0
subclass,3,5,1.6666666666666667
clip,4,5,1.25
yohe,1,5,5.0
unified,5,5,1.0
family,4,5,1.25
magnifying,3,5,1.6666666666666667
burning,5,5,1.0
debenedetti,3,5,1.6666666666666667
jakowle,5,5,1.0
pennsylvania,5,5,1.0
sol,5,5,1.0
hopkins,5,5,1.0
punch,5,5,1.0
hr-/her2,2,5,2.5
judicious,5,5,1.0
shade,4,5,1.25
brk,1,5,5.0
jnci,5,5,1.0
maxilla,2,5,2.5
liquor,2,5,2.5
unhealthy,5,5,1.0
neurobiol,3,5,1.6666666666666667
exemplary,5,5,1.0
e195,4,5,1.25
wayback,1,5,5.0
nuance,5,5,1.0
fowler,4,5,1.25
mitch,3,5,1.6666666666666667
sasse,1,5,5.0
neurogenic,3,5,1.6666666666666667
repression,3,5,1.6666666666666667
bate,4,5,1.25
turning,5,5,1.0
fourth,3,5,1.6666666666666667
interoperability,5,5,1.0
389–94,1,5,5.0
ileus,2,5,2.5
extralymphatic,1,5,5.0
fabulous,4,5,1.25
tanoue,1,5,5.0
distract,4,5,1.25
nonuser,3,5,1.6666666666666667
il-2,4,5,1.25
swallowing,3,5,1.6666666666666667
sabbatical,3,5,1.6666666666666667
sunlamp,3,5,1.6666666666666667
camitta,3,5,1.6666666666666667
eichenauer,1,5,5.0
wlhv,1,5,5.0
wang,5,5,1.0
openness,5,5,1.0
holding,2,5,2.5
audiotape,1,5,5.0
goldman,5,5,1.0
undertreatment,4,5,1.25
profitability,1,5,5.0
franklin,1,5,5.0
shelf,5,5,1.0
synbio,5,5,1.0
dentistry,4,5,1.25
messing,1,5,5.0
witte,5,5,1.0
violation,2,5,2.5
gynx,1,5,5.0
antiviral,4,5,1.25
flucytosine,1,5,5.0
sandlund,3,5,1.6666666666666667
motivate,5,5,1.0
harmless,5,5,1.0
barrow,3,5,1.6666666666666667
scheme,5,5,1.0
mai,5,5,1.0
destination,3,5,1.6666666666666667
sprycel,5,5,1.0
thermocoagulator,4,5,1.25
recommendation,5,5,1.0
integrin,1,5,5.0
polish,3,5,1.6666666666666667
whocc,1,5,5.0
warrior,5,5,1.0
consciousness,3,5,1.6666666666666667
qian,3,5,1.6666666666666667
readout,4,5,1.25
ibis,2,5,2.5
endothelium,5,5,1.0
atsdr,1,5,5.0
weed,5,5,1.0
springboard,4,5,1.25
socare,1,5,5.0
kristeller,1,5,5.0
nontoxic,4,5,1.25
outlined,5,5,1.0
fortitude,5,5,1.0
listening,5,5,1.0
logistical,5,5,1.0
verifie,3,5,1.6666666666666667
javacsript,4,5,1.25
ccct,4,5,1.25
denny,5,5,1.0
nonrandom,3,5,1.6666666666666667
shakun,5,5,1.0
nanotube,1,5,5.0
rebbeck,3,5,1.6666666666666667
jugular,4,5,1.25
shak,1,5,5.0
phyllode,2,5,2.5
lilly,4,5,1.25
ride,5,5,1.0
activist,5,5,1.0
chloride,5,5,1.0
bakita,1,5,5.0
itcs,1,5,5.0
ypt0,1,5,5.0
epidermoid,5,5,1.0
hbv,2,5,2.5
afternoon,4,5,1.25
fibrocystic,1,5,5.0
lamp,4,5,1.25
≥11,1,5,5.0
brachial,1,5,5.0
cannula,1,5,5.0
relaxed,5,5,1.0
galow,1,5,5.0
motivational,5,5,1.0
351–9,1,5,5.0
arc,4,5,1.25
tpzi,1,5,5.0
acne,5,5,1.0
germany,5,5,1.0
andersson,3,5,1.6666666666666667
raygada,5,5,1.0
predoc,3,5,1.6666666666666667
hogan,3,5,1.6666666666666667
kasper,3,5,1.6666666666666667
mattano,4,5,1.25
tgf,3,5,1.6666666666666667
rim,3,5,1.6666666666666667
voluntary,5,5,1.0
hahn,4,5,1.25
cytidine,3,5,1.6666666666666667
reproducible,4,5,1.25
ade,2,5,2.5
pellegata,2,5,2.5
loncastuximab,1,5,5.0
retrograde,4,5,1.25
p27kip1,2,5,2.5
koenig,2,5,2.5
inhaled,4,5,1.25
noah,2,5,2.5
myelodysplasia,3,5,1.6666666666666667
leakage,2,5,2.5
asct,2,5,2.5
altering,5,5,1.0
gimm,3,5,1.6666666666666667
lange,5,5,1.0
anthony,4,5,1.25
slit,4,5,1.25
competing,3,5,1.6666666666666667
gianni,1,5,5.0
gastrostomy,1,5,5.0
gnant,1,5,5.0
heath,4,5,1.25
indefinite,5,5,1.0
holy,5,5,1.0
sorry,5,5,1.0
della,2,5,2.5
retifanlimab,1,5,5.0
piccart,1,5,5.0
tumorigenic,4,5,1.25
rosner,4,5,1.25
qhs,1,5,5.0
sacral,5,5,1.0
metabolizer,1,5,5.0
vitreous,3,5,1.6666666666666667
fgfr,4,5,1.25
ripo,1,5,5.0
men2,2,5,2.5
arasens,1,5,5.0
mccallum,3,5,1.6666666666666667
destiny,2,5,2.5
vikram,5,5,1.0
dlwr,1,5,5.0
nonhormonal,1,5,5.0
suvà,1,5,5.0
linker,2,5,2.5
burnout,2,5,2.5
rhabdomyoma,1,5,5.0
myxoma,2,5,2.5
throw,4,5,1.25
garcia,5,5,1.0
nacional,3,5,1.6666666666666667
poon,5,5,1.0
pla,2,5,2.5
impotence,3,5,1.6666666666666667
maho,1,5,5.0
univariable,4,5,1.25
margetuximab,1,5,5.0
organic,4,5,1.25
cch,1,5,5.0
strive,5,5,1.0
dysgerminomas,1,5,5.0
biostatistic,3,5,1.6666666666666667
gershenson,1,5,5.0
knight,4,5,1.25
einhorn,1,5,5.0
costimulatory,3,5,1.6666666666666667
m.d,5,5,1.0
passik,2,5,2.5
spit,3,5,1.6666666666666667
raafat,1,5,5.0
delineation,5,5,1.0
semester,3,5,1.6666666666666667
restlessness,3,5,1.6666666666666667
5ar,1,5,5.0
hurricane,2,5,2.5
doherty,5,5,1.0
parke,2,5,2.5
sartor,1,5,5.0
wermer,3,5,1.6666666666666667
triton2,1,5,5.0
unleash,5,5,1.0
autonomous,4,5,1.25
acidic,3,5,1.6666666666666667
sin,5,5,1.0
chop,3,5,1.6666666666666667
biopharmaceutical,4,5,1.25
weird,5,5,1.0
upregulation,3,5,1.6666666666666667
empower,5,5,1.0
dilemma,5,5,1.0
lexicon,3,5,1.6666666666666667
virilization,4,5,1.25
scanning,5,5,1.0
embryogenesis,3,5,1.6666666666666667
crestin,1,5,5.0
jacobsen,5,5,1.0
curiosity,5,5,1.0
coal,4,5,1.25
sbl,1,5,5.0
clinomic,1,5,5.0
lang,3,5,1.6666666666666667
carotenoid,3,5,1.6666666666666667
lippman,4,5,1.25
scene,5,5,1.0
ssm,1,5,5.0
murthy,3,5,1.6666666666666667
rnase,3,5,1.6666666666666667
blocking,5,5,1.0
5–10,5,5,1.0
sheinfeld,2,5,2.5
christine,4,5,1.25
adjusted,5,5,1.0
450k,1,5,5.0
undesirable,3,5,1.6666666666666667
eytan,5,5,1.0
assembly,4,5,1.25
scopolamine,1,5,5.0
adjust,5,5,1.0
infertile,5,5,1.0
saturday,3,5,1.6666666666666667
cad,3,5,1.6666666666666667
intrusive,4,5,1.25
segue,5,5,1.0
ahmed,4,5,1.25
urokinase,1,5,5.0
greene,5,5,1.0
o'leary,5,5,1.0
embrace,4,5,1.25
oxidase,2,5,2.5
flank,3,5,1.6666666666666667
immunologic,3,5,1.6666666666666667
375–87,1,5,5.0
u133,1,5,5.0
cote,3,5,1.6666666666666667
zecca,2,5,2.5
cimac,1,5,5.0
conformation,4,5,1.25
doppler,3,5,1.6666666666666667
biomedicine,5,5,1.0
legend,3,5,1.6666666666666667
prevent,5,5,1.0
androl,2,5,2.5
blank,5,5,1.0
noradrenergic,1,5,5.0
hansen,5,5,1.0
cc0,5,5,1.0
qlq,3,5,1.6666666666666667
bauer,3,5,1.6666666666666667
ferrando,3,5,1.6666666666666667
lorenzo,4,5,1.25
licht,3,5,1.6666666666666667
biphasic,5,5,1.0
atherosclerosis,3,5,1.6666666666666667
wort,2,5,2.5
hyperthermia,5,5,1.0
iressa,5,5,1.0
conduction,4,5,1.25
intergenic,3,5,1.6666666666666667
inaba,3,5,1.6666666666666667
electrocardiogram,4,5,1.25
pcbt,1,5,5.0
biondi,3,5,1.6666666666666667
victor,5,5,1.0
hess,2,5,2.5
escc,3,5,1.6666666666666667
brandi,2,5,2.5
shao,3,5,1.6666666666666667
abrupt,2,5,2.5
retiform,1,5,5.0
synapse,2,5,2.5
substrate,5,5,1.0
ommaya,5,5,1.0
naloxone,3,5,1.6666666666666667
reynold,1,5,5.0
hypersomnia,3,5,1.6666666666666667
handling,4,5,1.25
metzger,4,5,1.25
perin,5,5,1.0
banerjee,4,5,1.25
ozogamicin,5,5,1.0
sertoli,5,5,1.0
cytological,2,5,2.5
pigmentation,5,5,1.0
cook,5,5,1.0
pharmacyclic,3,5,1.6666666666666667
sta-12,1,5,5.0
coadministration,3,5,1.6666666666666667
identifier,3,5,1.6666666666666667
docusate,2,5,2.5
unconventional,4,5,1.25
ligase,3,5,1.6666666666666667
diplopia,3,5,1.6666666666666667
petechia,4,5,1.25
rock,5,5,1.0
malfunction,4,5,1.25
softener,3,5,1.6666666666666667
generalized,4,5,1.25
nucleome,3,5,1.6666666666666667
noninferior,3,5,1.6666666666666667
hst,1,5,5.0
reassess,5,5,1.0
pretty,5,5,1.0
reclassification,5,5,1.0
footprint,4,5,1.25
cosmic,3,5,1.6666666666666667
overactivation,4,5,1.25
protooncogene,1,5,5.0
induce,5,5,1.0
autotransplantation,2,5,2.5
suppository,3,5,1.6666666666666667
kadcyla,5,5,1.0
fraumeni,3,5,1.6666666666666667
khan,5,5,1.0
simpson,4,5,1.25
lucas,5,5,1.0
yoshida,3,5,1.6666666666666667
underuse,4,5,1.25
forearm,3,5,1.6666666666666667
alumnus,5,5,1.0
rosenthal,4,5,1.25
aav9,1,5,5.0
boot,4,5,1.25
marcial,2,5,2.5
asset,4,5,1.25
omb,3,5,1.6666666666666667
ostomy,2,5,2.5
stadtman,3,5,1.6666666666666667
clostridium,2,5,2.5
looking,5,5,1.0
restrain,5,5,1.0
hinder,5,5,1.0
lmp1,3,5,1.6666666666666667
mad,5,5,1.0
schnittger,3,5,1.6666666666666667
plöckinger,2,5,2.5
stratified,3,5,1.6666666666666667
penetrate,3,5,1.6666666666666667
cohesive,5,5,1.0
pollution,5,5,1.0
fiction,3,5,1.6666666666666667
lmo1,3,5,1.6666666666666667
herpe,4,5,1.25
nhpco,3,5,1.6666666666666667
lunch,3,5,1.6666666666666667
filgrastim,3,5,1.6666666666666667
cd38,5,5,1.0
telomeric,3,5,1.6666666666666667
mandibulectomy,2,5,2.5
crystal,5,5,1.0
miracle,3,5,1.6666666666666667
simultaneous,5,5,1.0
precinct,2,5,2.5
tomato,2,5,2.5
technetium,4,5,1.25
kudo,5,5,1.0
soga,2,5,2.5
dance,2,5,2.5
mahoney,4,5,1.25
nuanced,5,5,1.0
goddard,4,5,1.25
eriksson,3,5,1.6666666666666667
kaiser,4,5,1.25
permanente,4,5,1.25
pop,4,5,1.25
fogarty,5,5,1.0
skilled,5,5,1.0
mindful,4,5,1.25
starvation,3,5,1.6666666666666667
counteract,5,5,1.0
remodeling,5,5,1.0
caron,1,5,5.0
reluctance,5,5,1.0
enforcement,3,5,1.6666666666666667
emanuel,3,5,1.6666666666666667
advent,4,5,1.25
interrogate,5,5,1.0
ambivalence,1,5,5.0
hessman,1,5,5.0
berman,4,5,1.25
situational,3,5,1.6666666666666667
pharmdx,5,5,1.0
ccpp,1,5,5.0
queen,5,5,1.0
overman,2,5,2.5
formulate,5,5,1.0
carbone,3,5,1.6666666666666667
concise,5,5,1.0
exascale,2,5,2.5
mcintyre,3,5,1.6666666666666667
handbook,5,5,1.0
convince,5,5,1.0
meiser,1,5,5.0
lacking,5,5,1.0
backpack,3,5,1.6666666666666667
walter,3,5,1.6666666666666667
4–6,2,5,2.5
oeffinger,2,5,2.5
visser,5,5,1.0
ognibene,3,5,1.6666666666666667
todd,5,5,1.0
rodin,3,5,1.6666666666666667
augment,5,5,1.0
sleepy,3,5,1.6666666666666667
latich,1,5,5.0
vitality,2,5,2.5
fung,3,5,1.6666666666666667
unemployed,2,5,2.5
dermatol,3,5,1.6666666666666667
vocational,1,5,5.0
correa,4,5,1.25
ricker,3,5,1.6666666666666667
advertisement,4,5,1.25
states,3,5,1.6666666666666667
terminus,3,5,1.6666666666666667
mirabello,3,5,1.6666666666666667
camargo,2,5,2.5
undue,5,5,1.0
district,5,5,1.0
interrogation,5,5,1.0
dawson,4,5,1.25
barsevick,2,5,2.5
eam,1,5,5.0
psychoeducational,3,5,1.6666666666666667
lozenge,3,5,1.6666666666666667
berchuck,1,5,5.0
holmqvist,2,5,2.5
cleaning,3,5,1.6666666666666667
clendenning,1,5,5.0
igm,4,5,1.25
accordance,5,5,1.0
thwart,5,5,1.0
trick,4,5,1.25
arnold,1,5,5.0
tractable,5,5,1.0
17p,3,5,1.6666666666666667
yap,3,5,1.6666666666666667
berlin,3,5,1.6666666666666667
keynote-811,1,5,5.0
polysomnography,1,5,5.0
capox,2,5,2.5
bos,3,5,1.6666666666666667
wilk,3,5,1.6666666666666667
virgone,3,5,1.6666666666666667
teno,2,5,2.5
leukocyte,4,5,1.25
differ,3,5,1.6666666666666667
12p,3,5,1.6666666666666667
isopropanolic,2,5,2.5
fgfr4,3,5,1.6666666666666667
lymphomatoid,2,5,2.5
police,3,5,1.6666666666666667
pride,5,5,1.0
maf,2,5,2.5
fitzgerald,3,5,1.6666666666666667
addicted,3,5,1.6666666666666667
peach,4,5,1.25
stadler,4,5,1.25
ton,5,5,1.0
checkup,5,5,1.0
schaefer,5,5,1.0
fidler,1,5,5.0
nonhematologic,5,5,1.0
chaotic,5,5,1.0
klöppel,1,5,5.0
gsds,1,5,5.0
fruitful,5,5,1.0
twist,5,5,1.0
avasopasem,2,5,2.5
non-,3,5,1.6666666666666667
humanity,5,5,1.0
planus,2,5,2.5
synaptic,2,5,2.5
prestigious,4,5,1.25
serological,4,5,1.25
zelboraf,5,5,1.0
valent,4,5,1.25
cotellic,5,5,1.0
innovate,4,5,1.25
improve,5,5,1.0
zimet,1,5,5.0
cyclin,4,5,1.25
nbib,3,5,1.6666666666666667
pioneer,5,5,1.0
rewarding,5,5,1.0
temazepam,1,5,5.0
endorse,3,5,1.6666666666666667
woo,4,5,1.25
areola,2,5,2.5
fourfold,1,5,5.0
lap,5,5,1.0
trustworthy,5,5,1.0
nmscs,1,5,5.0
owen,4,4,1.0
pointed,4,4,1.0
-based,4,4,1.0
gallbladder,4,4,1.0
trinquand,2,4,2.0
trump,3,4,1.3333333333333333
eat,3,4,1.3333333333333333
mcgrath,4,4,1.0
wasting,3,4,1.3333333333333333
jerk,1,4,4.0
français,3,4,1.3333333333333333
lipshultz,2,4,2.0
shorten,4,4,1.0
vaping,4,4,1.0
trials.cancer.gov,2,4,2.0
graux,2,4,2.0
refrain,4,4,1.0
hgsoc,1,4,4.0
nucleatum,2,4,2.0
obsessive,2,4,2.0
useless,4,4,1.0
daschner,4,4,1.0
mct1,1,4,4.0
metastasizer,1,4,4.0
constitution,3,4,1.3333333333333333
hox11l2,2,4,2.0
calquence,4,4,1.0
yamashita,3,4,1.3333333333333333
desipramine,3,4,1.3333333333333333
ryland,3,4,1.3333333333333333
multicancer,3,4,1.3333333333333333
seh,3,4,1.3333333333333333
nondiscrimination,2,4,2.0
icd-11,2,4,2.0
coma,4,4,1.0
tachycardia,4,4,1.0
glycosylase,2,4,2.0
tlx1,2,4,2.0
tremor,4,4,1.0
uvm,1,4,4.0
yearning,1,4,4.0
minigene,2,4,2.0
ophthalmologic,4,4,1.0
bonanno,1,4,4.0
appraisal,4,4,1.0
bowlby,1,4,4.0
christmas,3,4,1.3333333333333333
meritorious,4,4,1.0
ncbi,3,4,1.3333333333333333
prescriber,3,4,1.3333333333333333
mcl,3,4,1.3333333333333333
irg,2,4,2.0
pneumothorax,3,4,1.3333333333333333
relational,3,4,1.3333333333333333
sophia,2,4,2.0
desvenlafaxine,1,4,4.0
federation,2,4,2.0
aromatic,3,4,1.3333333333333333
wheeze,3,4,1.3333333333333333
app,4,4,1.0
cit,1,4,4.0
icg,2,4,2.0
aarp,2,4,2.0
tocchio,2,4,2.0
degnan,2,4,2.0
piper,2,4,2.0
buspirone,2,4,2.0
brenner,3,4,1.3333333333333333
periappendiceal,2,4,2.0
hesitancy,4,4,1.0
toilet,3,4,1.3333333333333333
quietness,3,4,1.3333333333333333
rocky,4,4,1.0
patient-,2,4,2.0
discontinuing,2,4,2.0
tqjs,1,4,4.0
alunbrig,4,4,1.0
snris,2,4,2.0
abraxane,3,4,1.3333333333333333
lazertinib,3,4,1.3333333333333333
analyzed,4,4,1.0
taxol,4,4,1.0
rejection,4,4,1.0
knowledgeable,4,4,1.0
hate,4,4,1.0
moratorium,1,4,4.0
uncontrollable,3,4,1.3333333333333333
acknowledgement,2,4,2.0
insignificant,4,4,1.0
punishment,4,4,1.0
compensate,4,4,1.0
pharmacotherapie,2,4,2.0
pause,4,4,1.0
cdc.gov,2,4,2.0
refer,4,4,1.0
aftermath,4,4,1.0
rylaze,2,4,2.0
bouvi,4,4,1.0
misunderstanding,4,4,1.0
welfare,4,4,1.0
iom,2,4,2.0
sstr2,2,4,2.0
polyomavirus,4,4,1.0
chiu,3,4,1.3333333333333333
ldct,2,4,2.0
airing,3,4,1.3333333333333333
wearable,4,4,1.0
forgo,4,4,1.0
unobligated,3,4,1.3333333333333333
aerts,1,4,4.0
pernicious,3,4,1.3333333333333333
krajinovic,2,4,2.0
fitbit,4,4,1.0
manag,4,4,1.0
madlensky,2,4,2.0
cerubidine,4,4,1.0
ology,2,4,2.0
administering,4,4,1.0
-free,4,4,1.0
tragedy,4,4,1.0
footstep,4,4,1.0
yumnah,2,4,2.0
comp,4,4,1.0
lexi,4,4,1.0
pih,4,4,1.0
-resistant,2,4,2.0
interior,4,4,1.0
inaccuracy,3,4,1.3333333333333333
psychopharmacol,3,4,1.3333333333333333
applesauce,3,4,1.3333333333333333
poultry,3,4,1.3333333333333333
enteropancreatic,3,4,1.3333333333333333
per,4,4,1.0
iotf,1,4,4.0
pressroom,1,4,4.0
osborne,3,4,1.3333333333333333
madison,3,4,1.3333333333333333
holland,3,4,1.3333333333333333
folfirinox,2,4,2.0
infer,3,4,1.3333333333333333
retromolar,2,4,2.0
papilla,2,4,2.0
chicago,4,4,1.0
aerodigestive,2,4,2.0
chl,1,4,4.0
pajak,1,4,4.0
erosion,3,4,1.3333333333333333
microvascular,4,4,1.0
intraoral,1,4,4.0
fawzy,2,4,2.0
glycolysis,2,4,2.0
saunder,4,4,1.0
glycobiologist,2,4,2.0
prgn-2012,1,4,4.0
ensley,1,4,4.0
franceschi,3,4,1.3333333333333333
universidad,2,4,2.0
laryngectomy,2,4,2.0
johnson,4,4,1.0
anand,4,4,1.0
keynote-048,1,4,4.0
osteoblast,3,4,1.3333333333333333
creutzig,2,4,2.0
neuhoff,2,4,2.0
glycobiology,2,4,2.0
sacrum,3,4,1.3333333333333333
cartilaginous,4,4,1.0
phenomenal,4,4,1.0
bostwick,1,4,4.0
andriole,1,4,4.0
alfredo,2,4,2.0
taki,2,4,2.0
controlling,3,4,1.3333333333333333
traveler,2,4,2.0
scarce,4,4,1.0
lehrich,2,4,2.0
meier,4,4,1.0
7–10,2,4,2.0
bell,3,4,1.3333333333333333
mcgowan,3,4,1.3333333333333333
iic,2,4,2.0
architectural,4,4,1.0
goodman,1,4,4.0
dihydrotestosterone,3,4,1.3333333333333333
onco,4,4,1.0
interpreting,4,4,1.0
henry,3,4,1.3333333333333333
gregory,4,4,1.0
mecucci,2,4,2.0
schoch,2,4,2.0
surge,4,4,1.0
columbia,4,4,1.0
genitalia,2,4,2.0
massachusetts,4,4,1.0
isaac,2,4,2.0
authoritative,3,4,1.3333333333333333
individual,3,4,1.3333333333333333
alkylating,2,4,2.0
disord,4,4,1.0
priest,1,4,4.0
herbicide,1,4,4.0
reinforcement,2,4,2.0
ligation,4,4,1.0
yamato,2,4,2.0
kolonel,1,4,4.0
wednesday,4,4,1.0
compatible,4,4,1.0
tempe,1,4,4.0
programmable,3,4,1.3333333333333333
consortia,2,4,2.0
gary,4,4,1.0
brian,3,4,1.3333333333333333
loan,4,4,1.0
oligo,3,4,1.3333333333333333
convey,4,4,1.0
lamble,2,4,2.0
sphincter,1,4,4.0
fulfillment,1,4,4.0
pcv,3,4,1.3333333333333333
raman,4,4,1.0
debra,1,4,4.0
pavlidis,2,4,2.0
peters,2,4,2.0
arentsen,2,4,2.0
malogolowkin,2,4,2.0
cartridge,4,4,1.0
inaccessible,4,4,1.0
giuliano,4,4,1.0
pile,2,4,2.0
tiacci,2,4,2.0
weill,4,4,1.0
epic,3,4,1.3333333333333333
mpn,1,4,4.0
forward,4,4,1.0
tubulovillous,1,4,4.0
adhere,4,4,1.0
existing,4,4,1.0
watanabe,4,4,1.0
dressing,4,4,1.0
lacasce,2,4,2.0
adapted,4,4,1.0
resiliency,3,4,1.3333333333333333
reductionist,2,4,2.0
-scale,2,4,2.0
stupidity,2,4,2.0
crowdsourcing,4,4,1.0
pub,4,4,1.0
aunt,4,4,1.0
lorazepam,2,4,2.0
anthropomorphic,2,4,2.0
reread,2,4,2.0
frustrating,4,4,1.0
spoiler,4,4,1.0
refusal,2,4,2.0
lercher,3,4,1.3333333333333333
lonely,3,4,1.3333333333333333
.gov,1,4,4.0
fritz,3,4,1.3333333333333333
wcd,3,4,1.3333333333333333
umar,4,4,1.0
myelopoiesis,2,4,2.0
gfi1b,2,4,2.0
destructive,4,4,1.0
nt5c2,2,4,2.0
roll,4,4,1.0
neuroleptic,2,4,2.0
jacobowski,4,4,1.0
natalie,4,4,1.0
imagine,4,4,1.0
polyglutamate,2,4,2.0
preleukemic,2,4,2.0
coffey,3,4,1.3333333333333333
nontumor,4,4,1.0
ikzf2,2,4,2.0
mrózek,2,4,2.0
diploid,2,4,2.0
yamazaki,3,4,1.3333333333333333
btg1,2,4,2.0
p190,2,4,2.0
transl,4,4,1.0
q31.1,2,4,2.0
bcl9,2,4,2.0
ukall2003,2,4,2.0
eosinophilia,2,4,2.0
pseudoautosomal,2,4,2.0
tpm4,2,4,2.0
mdiv,4,4,1.0
wachholtz,4,4,1.0
jayesh,4,4,1.0
lambda,2,4,2.0
lyl1,2,4,2.0
tal2,2,4,2.0
nvss,2,4,2.0
fralle,2,4,2.0
benc,2,4,2.0
arid1b,2,4,2.0
zeb2,2,4,2.0
abd,2,4,2.0
zinc,2,4,2.0
bilineal,2,4,2.0
munster,2,4,2.0
coenen,2,4,2.0
arasen,1,4,4.0
biphenotypic,2,4,2.0
enzymatic,2,4,2.0
clival,2,4,2.0
homozygosity,4,4,1.0
myelosuppression,4,4,1.0
advantageous,3,4,1.3333333333333333
phf6,2,4,2.0
mllt3,2,4,2.0
q26,2,4,2.0
brachyury,3,4,1.3333333333333333
runx1t1,2,4,2.0
hematolymphoid,2,4,2.0
polymorphic,4,4,1.0
mogamulizumab,4,4,1.0
helpless,3,4,1.3333333333333333
political,4,4,1.0
afdn,2,4,2.0
q27,2,4,2.0
nucleolus,3,4,1.3333333333333333
slovak,2,4,2.0
baked,3,4,1.3333333333333333
shiba,2,4,2.0
mlf1,2,4,2.0
q25,2,4,2.0
q21.3,2,4,2.0
6q27,2,4,2.0
dim,2,4,2.0
aaml1031,2,4,2.0
bomb,4,4,1.0
ubtf,2,4,2.0
microgranular,2,4,2.0
irvine,4,4,1.0
stat5b,2,4,2.0
ketoglutarate,2,4,2.0
dnmt3a,2,4,2.0
hesitant,4,4,1.0
strullu,2,4,2.0
caye,2,4,2.0
fraught,4,4,1.0
≥20,3,4,1.3333333333333333
nucleated,2,4,2.0
killing,4,4,1.0
unmodified,2,4,2.0
omim,2,4,2.0
mirage,2,4,2.0
fagioli,2,4,2.0
contrary,4,4,1.0
gata2,2,4,2.0
pigazzi,2,4,2.0
neurovegetative,2,4,2.0
ewog,2,4,2.0
rowland,3,4,1.3333333333333333
mycobacterial,2,4,2.0
yoshihara,4,4,1.0
paulsson,2,4,2.0
anagnostopoulos,2,4,2.0
amador,2,4,2.0
ensor,2,4,2.0
bercovich,2,4,2.0
suciu,2,4,2.0
dastugue,2,4,2.0
könig,2,4,2.0
noort,2,4,2.0
galimberti,3,4,1.3333333333333333
stair,4,4,1.0
borowitz,2,4,2.0
mcneer,2,4,2.0
taube,2,4,2.0
nelson,4,4,1.0
autio,2,4,2.0
barbany,2,4,2.0
isobe,2,4,2.0
möricke,2,4,2.0
churchman,2,4,2.0
harvey,2,4,2.0
pei,3,4,1.3333333333333333
iacobucci,2,4,2.0
closed,3,4,1.3333333333333333
hitzler,2,4,2.0
lymphangitic,2,4,2.0
mendoza,4,4,1.0
meeker,2,4,2.0
cario,2,4,2.0
csf1r,2,4,2.0
underwood,2,4,2.0
erythematosus,4,4,1.0
reshmi,2,4,2.0
morak,3,4,1.3333333333333333
thoracoscope,3,4,1.3333333333333333
vrooman,3,4,1.3333333333333333
fiocco,3,4,1.3333333333333333
stanulla,2,4,2.0
penetrant,1,4,4.0
differentiate,4,4,1.0
workgroup,1,4,4.0
papadopoulos,1,4,4.0
groden,1,4,4.0
ekg,2,4,2.0
goel,1,4,4.0
syngal,1,4,4.0
rex,2,4,2.0
voigt,2,4,2.0
jass,1,4,4.0
hoarse,4,4,1.0
widen,4,4,1.0
nonpaternity,1,4,4.0
amos,3,4,1.3333333333333333
nthl1,1,4,4.0
jagelman,1,4,4.0
pie,4,4,1.0
laparoscopy,4,4,1.0
fundus,2,4,2.0
ppis,2,4,2.0
hide,4,4,1.0
upsetting,3,4,1.3333333333333333
verify,4,4,1.0
fecundity,1,4,4.0
cox-2,1,4,4.0
tethered,3,4,1.3333333333333333
epinephrine,4,4,1.0
sdr,1,4,4.0
quantifie,2,4,2.0
premmplus,1,4,4.0
unpredictable,4,4,1.0
mendelian,3,4,1.3333333333333333
endometrioid,3,4,1.3333333333333333
homogenous,4,4,1.0
sixfold,2,4,2.0
howlader,3,4,1.3333333333333333
radar,4,4,1.0
accommodate,3,4,1.3333333333333333
transvaginal,2,4,2.0
ibuprofen,3,4,1.3333333333333333
motif,2,4,2.0
60–70,1,4,4.0
icc,2,4,2.0
hht,1,4,4.0
hemorrhagic,2,4,2.0
antineoplastic,3,4,1.3333333333333333
exudative,2,4,2.0
ssls,1,4,4.0
lncrna,2,4,2.0
møller,2,4,2.0
grover,1,4,4.0
dysphoric,1,4,4.0
menko,2,4,2.0
luijt,3,4,1.3333333333333333
björk,1,4,4.0
parc,1,4,4.0
recognizable,3,4,1.3333333333333333
iwama,2,4,2.0
chemokine,4,4,1.0
helper,4,4,1.0
mcgannon,1,4,4.0
healey,2,4,2.0
huntingt,3,4,1.3333333333333333
unspecified,4,4,1.0
cetta,1,4,4.0
vliegen,1,4,4.0
mathus,1,4,4.0
orphanet,3,4,1.3333333333333333
ursodeoxycholic,3,4,1.3333333333333333
mackey,3,4,1.3333333333333333
tuohy,2,4,2.0
cleary,3,4,1.3333333333333333
bailey,4,4,1.0
tomsic,2,4,2.0
emilia,3,4,1.3333333333333333
ended,4,4,1.0
aarnio,2,4,2.0
goldberg,4,4,1.0
rosa,4,4,1.0
douma,1,4,4.0
zhou,3,4,1.3333333333333333
uram,2,4,2.0
fink,4,4,1.0
marsh,3,4,1.3333333333333333
pilarski,2,4,2.0
bmp,2,4,2.0
categorization,4,4,1.0
contamination,2,4,2.0
parenthood,3,4,1.3333333333333333
reliance,4,4,1.0
aktan,1,4,4.0
gritz,1,4,4.0
vernon,1,4,4.0
conceive,3,4,1.3333333333333333
watt,2,4,2.0
malone,4,4,1.0
ivy,2,4,2.0
supercharge,2,4,2.0
sustainment,3,4,1.3333333333333333
ieee,2,4,2.0
ozer,4,4,1.0
société,3,4,1.3333333333333333
wwp1,1,4,4.0
cellulaire,2,4,2.0
thinning,3,4,1.3333333333333333
finished,3,4,1.3333333333333333
audiologist,1,4,4.0
distracted,4,4,1.0
multistep,4,4,1.0
lengthy,4,4,1.0
fascinated,4,4,1.0
emeritus,3,4,1.3333333333333333
induced,4,4,1.0
esi,2,4,2.0
casablanca,1,4,4.0
caput,4,4,1.0
insult,4,4,1.0
repercussion,4,4,1.0
worrisome,4,4,1.0
lyon,4,4,1.0
convene,4,4,1.0
acidity,3,4,1.3333333333333333
mainstay,3,4,1.3333333333333333
custard,2,4,2.0
soup,4,4,1.0
tingling,4,4,1.0
subscriber,2,4,2.0
unsuspected,4,4,1.0
foregut,2,4,2.0
thol,2,4,2.0
salpingectomy,2,4,2.0
mid-1990,4,4,1.0
populated,4,4,1.0
gaidzik,2,4,2.0
steatorrhea,3,4,1.3333333333333333
99mtc,2,4,2.0
paschka,2,4,2.0
conscious,4,4,1.0
dtpa,2,4,2.0
361–73,1,4,4.0
sphinct,1,4,4.0
serosal,1,4,4.0
umeda,2,4,2.0
gelatin,3,4,1.3333333333333333
hypoglycemia,3,4,1.3333333333333333
octreotate,2,4,2.0
preclude,3,4,1.3333333333333333
perceptual,3,4,1.3333333333333333
cili,2,4,2.0
spirometry,2,4,2.0
embolus,3,4,1.3333333333333333
heated,3,4,1.3333333333333333
indwelling,1,4,4.0
dudgeon,1,4,4.0
lek,4,4,1.0
jen,4,4,1.0
ipc,1,4,4.0
slurry,1,4,4.0
cardiothorac,2,4,2.0
pavletic,2,4,2.0
aorta,2,4,2.0
craniotomy,2,4,2.0
seap,1,4,4.0
keefe,2,4,2.0
polysaccharide,3,4,1.3333333333333333
ibs,1,4,4.0
stoma,2,4,2.0
assistive,3,4,1.3333333333333333
mpi,4,4,1.0
demonstrable,3,4,1.3333333333333333
qqq,2,4,2.0
oxycodone,2,4,2.0
mascc,1,4,4.0
tenderness,3,4,1.3333333333333333
inquire,4,4,1.0
hernia,3,4,1.3333333333333333
metoclopramide,2,4,2.0
difficile,3,4,1.3333333333333333
selinexor,1,4,4.0
decisional,2,4,2.0
broth,4,4,1.0
wolfe,2,4,2.0
pessimistic,2,4,2.0
cascinu,1,4,4.0
arthralgia,2,4,2.0
yogurt,3,4,1.3333333333333333
lausanne,4,4,1.0
photobiological,2,4,2.0
discernment,2,4,2.0
barré,2,4,2.0
guillain,2,4,2.0
maciejewski,2,4,2.0
sammie,2,4,2.0
premier,4,4,1.0
tycoon,2,4,2.0
infinite,2,4,2.0
nanomedicine,3,4,1.3333333333333333
photobiology,2,4,2.0
mechanic,3,4,1.3333333333333333
nano,2,4,2.0
anglia,2,4,2.0
photochemistry,2,4,2.0
shaped,4,4,1.0
yun,2,4,2.0
eschliman,1,4,4.0
tallman,2,4,2.0
uno,3,4,1.3333333333333333
sanz,2,4,2.0
thermotherapy,2,4,2.0
ayala,2,4,2.0
maher,3,4,1.3333333333333333
realism,3,4,1.3333333333333333
multiglandular,2,4,2.0
sawka,2,4,2.0
calcitonine,1,4,4.0
getc,1,4,4.0
broek,2,4,2.0
pacini,2,4,2.0
weitzel,3,4,1.3333333333333333
lesueur,2,4,2.0
ultrasonographic,3,4,1.3333333333333333
grosfeld,1,4,4.0
inverse,3,4,1.3333333333333333
fibrillation,3,4,1.3333333333333333
rutgers,4,4,1.0
unsafe,4,4,1.0
bcsc,1,4,4.0
crdc,2,4,2.0
ncip,2,4,2.0
nonsquamous,1,4,4.0
lag,2,4,2.0
mulrooney,1,4,4.0
bhakta,1,4,4.0
tonorezos,1,4,4.0
compendium,3,4,1.3333333333333333
hipaa,2,4,2.0
corepressor,2,4,2.0
broeder,1,4,4.0
dulman,1,4,4.0
barlow,2,4,2.0
kirchhoff,2,4,2.0
acknowledgment,3,4,1.3333333333333333
postcytotoxic,1,4,4.0
nathan,1,4,4.0
quadrant,2,4,2.0
comprehension,3,4,1.3333333333333333
vinca,1,4,4.0
genotoxic,2,4,2.0
castel,4,4,1.0
interindividual,2,4,2.0
scottish,2,4,2.0
mcgill,3,4,1.3333333333333333
nottage,1,4,4.0
urologist,4,4,1.0
stieglitz,2,4,2.0
goldschmidt,2,4,2.0
ishiguro,2,4,2.0
overbeek,2,4,2.0
rotz,2,4,2.0
dev,3,4,1.3333333333333333
yin,4,4,1.0
vathaire,2,4,2.0
undertreated,1,4,4.0
min/1.73,2,4,2.0
amifostine,2,4,2.0
≥40,1,4,4.0
s1826,2,4,2.0
bates,1,4,4.0
vasculopathy,1,4,4.0
smf,1,4,4.0
cripe,3,4,1.3333333333333333
hjh,1,4,4.0
shaikh,2,4,2.0
wexler,2,4,2.0
doody,2,4,2.0
brouwer,2,4,2.0
alkylator,2,4,2.0
hydrocortisone,2,4,2.0
headstrong,1,4,4.0
static,4,4,1.0
jacobson,4,4,1.0
friendship,2,4,2.0
morita,4,4,1.0
nonindependence,1,4,4.0
palsy,4,4,1.0
neurocognition,1,4,4.0
unmarried,3,4,1.3333333333333333
ali,3,4,1.3333333333333333
jacola,1,4,4.0
schouten,1,4,4.0
bmtss,2,4,2.0
enamel,1,4,4.0
osteoradionecrosis,1,4,4.0
dentition,2,4,2.0
dysmotility,2,4,2.0
conduit,4,4,1.0
statin,3,4,1.3333333333333333
ggt,2,4,2.0
lamprecht,2,4,2.0
prescribe,4,4,1.0
carmustine,1,4,4.0
lipoprotein,2,4,2.0
phlebotomy,3,4,1.3333333333333333
hypofunction,3,4,1.3333333333333333
kun,2,4,2.0
steinberger,2,4,2.0
uncompensated,1,4,4.0
pamphlet,2,4,2.0
iodide,1,4,4.0
prolactin,2,4,2.0
sonographic,2,4,2.0
circumference,2,4,2.0
gonzález,3,4,1.3333333333333333
dalal,4,4,1.0
prefrailty,1,4,4.0
prefrail,1,4,4.0
iersel,1,4,4.0
cattoni,2,4,2.0
hypothetical,2,4,2.0
percentile,2,4,2.0
salooja,2,4,2.0
raemaeker,2,4,2.0
l.e.a,1,4,4.0
auquier,1,4,4.0
pluimaker,1,4,4.0
spinelli,4,4,1.0
blum,2,4,2.0
donation,4,4,1.0
bacteremia,1,4,4.0
pertussis,2,4,2.0
malaria,3,4,1.3333333333333333
haemophilus,2,4,2.0
rubella,2,4,2.0
mump,2,4,2.0
interrupted,4,4,1.0
ljungman,2,4,2.0
diagnosed,1,4,4.0
mcmaster,3,4,1.3333333333333333
barlogis,1,4,4.0
calmette,4,4,1.0
bcg,4,4,1.0
childbearing,4,4,1.0
empowerment,4,4,1.0
legitimate,4,4,1.0
pancarelife,1,4,4.0
gynaecol,3,4,1.3333333333333333
denmark,3,4,1.3333333333333333
audiology,3,4,1.3333333333333333
halo,2,4,2.0
clemen,2,4,2.0
fontanesi,2,4,2.0
nephron,1,4,4.0
voiding,1,4,4.0
≥grade,1,4,4.0
wenger,3,4,1.3333333333333333
proteinuria,1,4,4.0
nephrology,1,4,4.0
brd,1,4,4.0
ctnet,3,4,1.3333333333333333
agricultural,2,4,2.0
-translocation,2,4,2.0
deoxynucleotidyl,2,4,2.0
encephalitis,2,4,2.0
risk,2,4,2.0
astro,3,4,1.3333333333333333
dota,2,4,2.0
unfavourable,3,4,1.3333333333333333
malpractice,1,4,4.0
cedm,1,4,4.0
hawaiian,4,4,1.0
lgbtq,3,4,1.3333333333333333
qter,2,4,2.0
experiential,2,4,2.0
pleomorphism,3,4,1.3333333333333333
didactic,4,4,1.0
olver,2,4,2.0
whitford,2,4,2.0
cameron,4,4,1.0
9p21,2,4,2.0
pq6,1,4,4.0
pq3,1,4,4.0
pq2,1,4,4.0
pq1,1,4,4.0
ca-16,2,4,2.0
pq7,1,4,4.0
ca-11,2,4,2.0
strugala,1,4,4.0
heffess,1,4,4.0
wieneke,1,4,4.0
worthy,4,4,1.0
deliberative,2,4,2.0
michalkiewicz,1,4,4.0
rel,2,4,2.0
il4r,2,4,2.0
invariant,2,4,2.0
zambetti,1,4,4.0
try,4,4,1.0
overdrive,3,4,1.3333333333333333
delicate,4,4,1.0
casino,3,4,1.3333333333333333
vehicle,4,4,1.0
socioecological,4,4,1.0
ritter,4,4,1.0
prohibit,2,4,2.0
wheel,3,4,1.3333333333333333
shout,2,4,2.0
saying,4,4,1.0
dufu,2,4,2.0
immortal,2,4,2.0
tsuyama,2,4,2.0
u.s.c,3,4,1.3333333333333333
valuation,1,4,4.0
minervini,1,4,4.0
contender,1,4,4.0
canslim,1,4,4.0
brushing,4,4,1.0
stand,4,4,1.0
prespecified,1,4,4.0
oestrogen,1,4,4.0
mamounas,1,4,4.0
null,4,4,1.0
sgroi,1,4,4.0
somerfield,2,4,2.0
anchor,4,4,1.0
her2-,1,4,4.0
hr+,2,4,2.0
comedo,1,4,4.0
peau,3,4,1.3333333333333333
cn1,1,4,4.0
pn0,1,4,4.0
infraclavicular,1,4,4.0
sbr,1,4,4.0
ypn0,1,4,4.0
fowble,1,4,4.0
flap,2,4,2.0
esophagitis,3,4,1.3333333333333333
florence,3,4,1.3333333333333333
gelber,1,4,4.0
immunomodulatory,4,4,1.0
gelman,1,4,4.0
neosphere,1,4,4.0
hannah,2,4,2.0
suman,1,4,4.0
hudis,1,4,4.0
dignam,1,4,4.0
burstein,2,4,2.0
boccardo,1,4,4.0
barrio,1,4,4.0
ribas,4,4,1.0
antoni,4,4,1.0
paterson,2,4,2.0
dent,3,4,1.3333333333333333
baselga,1,4,4.0
alexandra,4,4,1.0
leyland,1,4,4.0
tolaney,1,4,4.0
degrader,1,4,4.0
-mutated,2,4,2.0
entinostat,1,4,4.0
loading,2,4,2.0
impassion130,1,4,4.0
keynote-355,2,4,2.0
clodronate,2,4,2.0
pamidronate,1,4,4.0
ixabepilone,1,4,4.0
cape,4,4,1.0
keynote-158,2,4,2.0
soften,2,4,2.0
andré,2,4,2.0
bondarenko,2,4,2.0
lindley,2,4,2.0
costantino,2,4,2.0
belzutifan,3,4,1.3333333333333333
flipping,2,4,2.0
allitridum,1,4,4.0
kluin,2,4,2.0
guidry,2,4,2.0
educate,4,4,1.0
szczepanowski,2,4,2.0
auvil,2,4,2.0
electrocautery,1,4,4.0
stereotaxic,3,4,1.3333333333333333
pneumonectomy,2,4,2.0
pulmonol,2,4,2.0
pio,1,4,4.0
soul,3,4,1.3333333333333333
michelle,3,4,1.3333333333333333
nigms,2,4,2.0
mclaughlin,4,4,1.0
yuan,3,4,1.3333333333333333
ppcpc,1,4,4.0
ncinobreferral,4,4,1.0
cpfp,1,4,4.0
christina,3,4,1.3333333333333333
mailbox,2,4,2.0
flip,4,4,1.0
wtc,1,4,4.0
urinate,2,4,2.0
f32,1,4,4.0
malpass,1,4,4.0
kimberly,2,4,2.0
salazar,2,4,2.0
owsley,2,4,2.0
cruk,3,4,1.3333333333333333
nchs,2,4,2.0
analyst,4,4,1.0
parnes,2,4,2.0
sem,1,4,4.0
klapper,2,4,2.0
biopsychosocial,2,4,2.0
decrement,2,4,2.0
dombi,2,4,2.0
psychoneurological,1,4,4.0
mbat,1,4,4.0
dunford,2,4,2.0
nhgri,3,4,1.3333333333333333
scarf,2,4,2.0
statutory,3,4,1.3333333333333333
acquire,4,4,1.0
gunawardana,2,4,2.0
peaceful,3,4,1.3333333333333333
acr-368,1,4,4.0
constructive,4,4,1.0
mankind,2,4,2.0
alum,2,4,2.0
tri,2,4,2.0
fae,2,4,2.0
fledged,2,4,2.0
osmotic,2,4,2.0
checkmate-142,1,4,4.0
betty,2,4,2.0
bootcamp,2,4,2.0
system,3,4,1.3333333333333333
decipher,3,4,1.3333333333333333
k76,4,4,1.0
k23,4,4,1.0
k07,4,4,1.0
refrigerant,1,4,4.0
f.r.c.o.g,4,4,1.0
uh3,2,4,2.0
interchangeability,3,4,1.3333333333333333
expire,1,4,4.0
penberthy,2,4,2.0
lynne,2,4,2.0
cirb,1,4,4.0
siebert,2,4,2.0
aicda,1,4,4.0
unavoidable,4,4,1.0
cimicifuga,1,4,4.0
pharmacognosy,1,4,4.0
glycoside,1,4,4.0
gafner,1,4,4.0
prod,1,4,4.0
org,1,4,4.0
phytochemical,1,4,4.0
multibotanical,2,4,2.0
hubbard,2,4,2.0
standalone,3,4,1.3333333333333333
choriocarcinoma,3,4,1.3333333333333333
seminomatous,1,4,4.0
nondysgerminoma,1,4,4.0
microrna-371a-3p,1,4,4.0
germinoma,2,4,2.0
papillomaviruse,3,4,1.3333333333333333
unsatisfactory,2,4,2.0
schlatter,1,4,4.0
scrotal,1,4,4.0
vinocur,1,4,4.0
giller,2,4,2.0
nauseous,3,4,1.3333333333333333
nonsacrococcygeal,1,4,4.0
bernbeck,1,4,4.0
carver,2,4,2.0
megestrol,1,4,4.0
bother,2,4,2.0
pregabalin,1,4,4.0
messaging,4,4,1.0
isoflavone,1,4,4.0
cyproterone,1,4,4.0
electroacupuncture,1,4,4.0
ionizing,3,4,1.3333333333333333
cerebrum,3,4,1.3333333333333333
guardant360,2,4,2.0
edi,2,4,2.0
operator,4,4,1.0
manning,1,4,4.0
noncompliant,2,4,2.0
sweetgrass,2,4,2.0
tutorial,3,4,1.3333333333333333
ndccs,1,4,4.0
nosebleed,2,4,2.0
hematoma,3,4,1.3333333333333333
acupressure,2,4,2.0
denture,3,4,1.3333333333333333
closas,1,4,4.0
atheist,1,4,4.0
bagiella,1,4,4.0
peterman,1,4,4.0
dri,1,4,4.0
myelofibrosis,1,4,4.0
hypocalcemia,3,4,1.3333333333333333
bibbin,2,4,2.0
eja,2,4,2.0
bowles,2,4,2.0
obstetrics,2,4,2.0
post‐translational,2,4,2.0
stein,2,4,2.0
r03,3,4,1.3333333333333333
endpac,1,4,4.0
pancreatogenic,1,4,4.0
schöder,1,4,4.0
nutritionist,4,4,1.0
overactivity,4,4,1.0
bröckelmann,1,4,4.0
jane,4,4,1.0
hd13,1,4,4.0
hd10,1,4,4.0
canello,1,4,4.0
gela,1,4,4.0
fermé,1,4,4.0
childcare,4,4,1.0
akpek,2,4,2.0
youne,1,4,4.0
bfr14,1,4,4.0
schoettler,1,4,4.0
aiha,1,4,4.0
maculopapular,1,4,4.0
segmentation,1,4,4.0
pbmtc,1,4,4.0
ptctc,1,4,4.0
eapen,1,4,4.0
vzv,1,4,4.0
sublobar,2,4,2.0
mena,2,4,2.0
rachel,1,4,4.0
mced,1,4,4.0
ishikawa,4,4,1.0
mslt,1,4,4.0
kazior,1,4,4.0
hypocalciuric,1,4,4.0
usable,3,4,1.3333333333333333
pancreatectomy,1,4,4.0
parasympathetic,1,4,4.0
garbage,3,4,1.3333333333333333
fdopa,1,4,4.0
phenoxybenzamine,1,4,4.0
mir-886,1,4,4.0
elaborate,4,4,1.0
foxe1,1,4,4.0
pcnd,1,4,4.0
roble,1,4,4.0
clivus,1,4,4.0
gnrh,1,4,4.0
seasoned,4,4,1.0
starter,4,4,1.0
tnfrsf14,2,4,2.0
disabled,4,4,1.0
catarrhalis,2,4,2.0
curb,2,4,2.0
streamlined,4,4,1.0
-omic,4,4,1.0
wade,4,4,1.0
tyler,2,4,2.0
velocity,3,4,1.3333333333333333
installment,4,4,1.0
zenklusen,4,4,1.0
pcawgs,2,4,2.0
mandelblatt,2,4,2.0
embo,2,4,2.0
telenius,2,4,2.0
steidl,2,4,2.0
mural,2,4,2.0
maki,4,4,1.0
ivm,2,4,2.0
dunbar,2,4,2.0
raffeld,2,4,2.0
ctac,4,4,1.0
vasopressin,3,4,1.3333333333333333
differentiated,4,4,1.0
giannini,4,4,1.0
cardis,4,4,1.0
molinaro,4,4,1.0
hypermutation,3,4,1.3333333333333333
schuhmacher,2,4,2.0
hemophagocytic,2,4,2.0
parafollicular,3,4,1.3333333333333333
kiaa1549,2,4,2.0
unifocal,4,4,1.0
ablate,3,4,1.3333333333333333
≥55,1,4,4.0
gbq,1,4,4.0
hist1h3b,2,4,2.0
19q,2,4,2.0
codeletion,2,4,2.0
pseudorosette,2,4,2.0
lymphopenia,3,4,1.3333333333333333
diencephalic,2,4,2.0
6–10,4,4,1.0
pon,2,4,2.0
duclos,3,4,1.3333333333333333
lhermitte,3,4,1.3333333333333333
dia,2,4,2.0
pmmrdia,2,4,2.0
anticipated,4,4,1.0
landsvater,2,4,2.0
arginine,2,4,2.0
omohyoid,1,4,4.0
mucin,3,4,1.3333333333333333
ganglion,2,4,2.0
v600d,2,4,2.0
eml4,4,4,1.0
farrar,4,4,1.0
plentiful,4,4,1.0
lymphoblast,2,4,2.0
fighting,4,4,1.0
juncture,4,4,1.0
historic,4,4,1.0
spokesperson,4,4,1.0
cell-,3,4,1.3333333333333333
xml,3,4,1.3333333333333333
nccp,2,4,2.0
shh-2,2,4,2.0
sipple,4,4,1.0
corticotropinoma,2,4,2.0
relie,4,4,1.0
krijger,3,4,1.3333333333333333
corneal,2,4,2.0
nephrolithiasis,3,4,1.3333333333333333
suited,4,4,1.0
giusti,4,4,1.0
tyrosinase,2,4,2.0
waguespack,3,4,1.3333333333333333
extrarenal,2,4,2.0
r.a,3,4,1.3333333333333333
mben,2,4,2.0
nodularity,2,4,2.0
gli2,2,4,2.0
spliceosomal,2,4,2.0
neoplasia,4,4,1.0
guillem,3,4,1.3333333333333333
vicinity,4,4,1.0
dilley,2,4,2.0
retevmo,3,4,1.3333333333333333
ependymoblastoma,2,4,2.0
me4fdg,1,4,4.0
dworzak,2,4,2.0
plagl,2,4,2.0
15–20,3,4,1.3333333333333333
lyman,4,4,1.0
fade,4,4,1.0
etmrs,2,4,2.0
ooze,2,4,2.0
asymmetry,4,4,1.0
toenail,4,4,1.0
myxopapillary,4,4,1.0
estimable,3,4,1.3333333333333333
trove,4,4,1.0
marie,4,4,1.0
sky,4,4,1.0
kickoff,3,4,1.3333333333333333
schirmer,2,4,2.0
dhillon,1,4,4.0
pierre,4,4,1.0
consider,4,4,1.0
fukuoka,2,4,2.0
truncating,2,4,2.0
lapse,4,4,1.0
ramkissoon,2,4,2.0
visuospatial,1,4,4.0
vermeulen,3,4,1.3333333333333333
pfa-2,2,4,2.0
icctf,1,4,4.0
tabori,2,4,2.0
fluency,2,4,2.0
conclusive,4,4,1.0
priori,4,4,1.0
burford,2,4,2.0
bandopadhayay,4,4,1.0
compensatory,2,4,2.0
restoration,2,4,2.0
cardiorespiratory,4,4,1.0
nmda,1,4,4.0
hopkin,4,4,1.0
alertness,3,4,1.3333333333333333
mester,2,4,2.0
sereika,3,4,1.3333333333333333
bender,3,4,1.3333333333333333
gayden,2,4,2.0
hübner,2,4,2.0
mcdougall,3,4,1.3333333333333333
gestrich,2,4,2.0
herby,2,4,2.0
spreafico,2,4,2.0
rev.ed,2,4,2.0
bland,4,4,1.0
rehabil,3,4,1.3333333333333333
molinari,4,4,1.0
dressler,3,4,1.3333333333333333
rapp,2,4,2.0
cxorf67,2,4,2.0
graphical,4,4,1.0
leblanc,4,4,1.0
sarraf,2,4,2.0
pekmezci,2,4,2.0
upadhyaya,2,4,2.0
thermography,1,4,4.0
siever,2,4,2.0
automate,3,4,1.3333333333333333
cbtn,2,4,2.0
emrs,2,4,2.0
xia,2,4,2.0
forthcoming,4,4,1.0
johann,2,4,2.0
goniewicz,2,4,2.0
fruition,4,4,1.0
lafay,2,4,2.0
immunotoxin,4,4,1.0
product,4,4,1.0
brick,4,4,1.0
fac,3,4,1.3333333333333333
cyramza,4,4,1.0
radiosurgical,1,4,4.0
tumoricidal,2,4,2.0
alaskan,3,4,1.3333333333333333
scandinavia,2,4,2.0
morrissy,2,4,2.0
delineate,4,4,1.0
antiangiogenic,4,4,1.0
tamayo,2,4,2.0
giangaspero,2,4,2.0
biographical,4,4,1.0
uscis,4,4,1.0
viewing,4,4,1.0
sketch,4,4,1.0
homegrown,2,4,2.0
deck,4,4,1.0
authentication,4,4,1.0
fuh,4,4,1.0
tata,2,4,2.0
spin,4,4,1.0
immunoact,1,4,4.0
e189,3,4,1.3333333333333333
buchhalter,2,4,2.0
s41467,4,4,1.0
audry,1,4,4.0
baujat,1,4,4.0
appreciated,4,4,1.0
retrospect,4,4,1.0
initialization,1,4,4.0
astrocyte,2,4,2.0
ministry,4,4,1.0
varughese,3,4,1.3333333333333333
individualisation,3,4,1.3333333333333333
catc,3,4,1.3333333333333333
lunenburg,3,4,1.3333333333333333
dihydropyrimidine,3,4,1.3333333333333333
cpic,3,4,1.3333333333333333
planchon,2,4,2.0
gerber,3,4,1.3333333333333333
gessi,2,4,2.0
tme,3,4,1.3333333333333333
histogenetic,4,4,1.0
intermediary,4,4,1.0
shakeel,3,4,1.3333333333333333
boven,3,4,1.3333333333333333
hit,4,4,1.0
cyclic,2,4,2.0
jakobiec,2,4,2.0
amstutz,3,4,1.3333333333333333
indolence,3,4,1.3333333333333333
pharm.d,4,4,1.0
acyp2,1,4,4.0
dpd,3,4,1.3333333333333333
yokohata,2,4,2.0
ueno,2,4,2.0
layt,4,4,1.0
lin,4,4,1.0
nosologic,2,4,2.0
1–877–44u,4,4,1.0
commerce,3,4,1.3333333333333333
fluorodeoxyglucose,3,4,1.3333333333333333
automated,3,4,1.3333333333333333
kock,2,4,2.0
apy,3,4,1.3333333333333333
pirfenidone,2,4,2.0
jong,3,4,1.3333333333333333
biosensor,3,4,1.3333333333333333
sicker,4,4,1.0
spectroscopy,4,4,1.0
andreiuolo,2,4,2.0
coefficient,4,4,1.0
analyte,3,4,1.3333333333333333
rebecca,4,4,1.0
hielscher,2,4,2.0
spiegel,3,4,1.3333333333333333
fractional,2,4,2.0
ca-21,3,4,1.3333333333333333
ubiquitin,2,4,2.0
prkaca,2,4,2.0
cryoablation,2,4,2.0
recapitulate,4,4,1.0
worm,4,4,1.0
truncal,4,4,1.0
lfs,2,4,2.0
maintain,4,4,1.0
lsc,1,4,4.0
poikiloderma,3,4,1.3333333333333333
regeneration,3,4,1.3333333333333333
argue,4,4,1.0
ecm,3,4,1.3333333333333333
helen,4,4,1.0
-grade,1,4,4.0
ubiquitination,3,4,1.3333333333333333
posttranslational,3,4,1.3333333333333333
panhypopituitarism,4,4,1.0
scleroderma,4,4,1.0
zee,1,4,4.0
leung,2,4,2.0
fus,2,4,2.0
panniculitis,2,4,2.0
histiocyte,3,4,1.3333333333333333
mosby,3,4,1.3333333333333333
lactic,4,4,1.0
fev,2,4,2.0
bruton,3,4,1.3333333333333333
tocopherol,3,4,1.3333333333333333
nac,1,4,4.0
parameningeal,3,4,1.3333333333333333
srf,2,4,2.0
cited2,2,4,2.0
mentored,2,4,2.0
q14,2,4,2.0
botryoide,2,4,2.0
nonalveolar,2,4,2.0
ferlay,3,4,1.3333333333333333
lipton,3,4,1.3333333333333333
maya,2,4,2.0
d43,4,4,1.0
stud,3,4,1.3333333333333333
gallium,3,4,1.3333333333333333
tosylate,4,4,1.0
rumpler,2,4,2.0
p16,4,4,1.0
kozinetz,2,4,2.0
cannon,4,4,1.0
m.h.s,4,4,1.0
equip,4,4,1.0
conducting,4,4,1.0
nimhd,2,4,2.0
coworker,4,4,1.0
cocktail,3,4,1.3333333333333333
prb,4,4,1.0
finckenstein,2,4,2.0
newton,4,4,1.0
parham,2,4,2.0
lih,4,4,1.0
hr-/her2-,2,4,2.0
armed,4,4,1.0
fiberoptic,3,4,1.3333333333333333
opt,4,4,1.0
gloster,2,4,2.0
hugh,2,4,2.0
toe,4,4,1.0
lentiginous,2,4,2.0
acral,2,4,2.0
fece,2,4,2.0
seamless,4,4,1.0
substantive,4,4,1.0
foxo1,2,4,2.0
missiaglia,2,4,2.0
dehner,4,4,1.0
wale,4,4,1.0
fernandez,4,4,1.0
microphysiological,4,4,1.0
mccluggage,2,4,2.0
adenosarcoma,2,4,2.0
honorable,3,4,1.3333333333333333
retrieve,2,4,2.0
vet,4,4,1.0
clicking,4,4,1.0
lindau,4,4,1.0
janssen,4,4,1.0
kap,3,4,1.3333333333333333
snake,3,4,1.3333333333333333
par2,1,4,4.0
soh,4,4,1.0
reappraisal,4,4,1.0
somer,4,4,1.0
deacetylase,4,4,1.0
cyrta,2,4,2.0
remain,4,4,1.0
vitro,4,4,1.0
blindness,3,4,1.3333333333333333
satoh,2,4,2.0
badalian,2,4,2.0
calicheamicin,2,4,2.0
futuristic,4,4,1.0
regulating,4,4,1.0
monumental,4,4,1.0
intentional,4,4,1.0
hampton,2,4,2.0
grasp,4,4,1.0
rodzewicz,2,4,2.0
hélias,2,4,2.0
simard,1,4,4.0
picarsic,2,4,2.0
electrocardiography,3,4,1.3333333333333333
predisposing,4,4,1.0
pruritus,4,4,1.0
nonbenzodiazepine,2,4,2.0
resume,4,4,1.0
nap,2,4,2.0
nighttime,2,4,2.0
actigraph,1,4,4.0
clothing,4,4,1.0
quetiapine,1,4,4.0
hydroxyzine,1,4,4.0
alka,2,4,2.0
vaf,2,4,2.0
morozova,2,4,2.0
diphenhydramine,3,4,1.3333333333333333
frs2,2,4,2.0
staying,4,4,1.0
insomniac,1,4,4.0
gabaa,1,4,4.0
michel,3,4,1.3333333333333333
nabiximol,1,4,4.0
glycoprotein,4,4,1.0
trudel,2,4,2.0
ambro,2,4,2.0
hero,4,4,1.0
morini,2,4,2.0
martinez,4,4,1.0
restless,4,4,1.0
ibcsg,2,4,2.0
rus,4,4,1.0
oldridge,2,4,2.0
bellini,2,4,2.0
emil,4,4,1.0
barber,4,4,1.0
minnesota,4,4,1.0
butterworth,4,4,1.0
daniel,4,4,1.0
hrt,2,4,2.0
gail,3,4,1.3333333333333333
feinberg,4,4,1.0
decide,4,4,1.0
inevitable,3,4,1.3333333333333333
mcevoy,2,4,2.0
thrilled,4,4,1.0
anu,3,4,1.3333333333333333
rubinstein,4,4,1.0
affiliate,4,4,1.0
gammopathy,3,4,1.3333333333333333
underline,4,4,1.0
frustrated,4,4,1.0
navin,2,4,2.0
meticulous,3,4,1.3333333333333333
armpit,4,4,1.0
intratumoral,4,4,1.0
tsv,2,4,2.0
distributor,2,4,2.0
cmdcs,2,4,2.0
mirnapg,2,4,2.0
tonsing,4,4,1.0
papulosis,1,4,4.0
pertaining,4,4,1.0
bexarotene,3,4,1.3333333333333333
-forming,4,4,1.0
chamberlain,3,4,1.3333333333333333
radiosensitizer,1,4,4.0
grapefruit,3,4,1.3333333333333333
lime,3,4,1.3333333333333333
asad,4,4,1.0
hypospadia,4,4,1.0
cello,2,4,2.0
capella,2,4,2.0
congenita,2,4,2.0
functionalizing,3,4,1.3333333333333333
striata,2,4,2.0
joke,3,4,1.3333333333333333
crutch,1,4,4.0
pseudohermaphroditism,2,4,2.0
bowl,3,4,1.3333333333333333
pax6,2,4,2.0
kick,4,4,1.0
beer,3,4,1.3333333333333333
lom,2,4,2.0
gom,2,4,2.0
imprint,4,4,1.0
worthwhile,3,4,1.3333333333333333
wcc,2,4,2.0
isodisomy,2,4,2.0
miss,4,4,1.0
dicer,2,4,2.0
macrosomia,2,4,2.0
drama,4,4,1.0
midst,4,4,1.0
workout,4,4,1.0
wit,2,4,2.0
trabectedin,3,4,1.3333333333333333
//creativecommons.org,2,4,2.0
hohenstein,2,4,2.0
cry,4,4,1.0
grieve,3,4,1.3333333333333333
vacation,4,4,1.0
fighter,2,4,2.0
visionary,3,4,1.3333333333333333
blastemal,2,4,2.0
hinrichs,2,4,2.0
gpc3,1,4,4.0
arold,2,4,2.0
procure,2,4,2.0
achieving,4,4,1.0
rodrigo,4,4,1.0
pirb,2,4,2.0
bolt,4,4,1.0
oncogenesis,4,4,1.0
urinating,1,4,4.0
pi3,4,4,1.0
tide,4,4,1.0
upbeat,3,4,1.3333333333333333
hypercalcemic,2,4,2.0
irta,3,4,1.3333333333333333
atpase,3,4,1.3333333333333333
princeton,3,4,1.3333333333333333
unclassified,4,4,1.0
giving,3,4,1.3333333333333333
affiliation,4,4,1.0
luxury,4,4,1.0
homeodomain,4,4,1.0
ruteshouser,2,4,2.0
wegert,2,4,2.0
ywhae,2,4,2.0
hobby,4,4,1.0
saving,4,4,1.0
baskcomb,2,4,2.0
murray,4,4,1.0
racquet,2,4,2.0
yansong.bian,4,4,1.0
cpache,2,4,2.0
berny,2,4,2.0
ncicct,2,4,2.0
debaun,2,4,2.0
binge,1,4,4.0
giovannucci,3,4,1.3333333333333333
koester,2,4,2.0
norkool,3,4,1.3333333333333333
intrahepatic,4,4,1.0
varela,2,4,2.0
pritchard,4,4,1.0
cclg,4,4,1.0
gratia,2,4,2.0
breyanzi,3,4,1.3333333333333333
changemaker,2,4,2.0
darzalex,4,4,1.0
sa-3.0,4,4,1.0
minasian,3,4,1.3333333333333333
technology,4,4,1.0
r37,3,4,1.3333333333333333
group,4,4,1.0
substudy,2,4,2.0
pdxnet,3,4,1.3333333333333333
phosphoproteomic,2,4,2.0
iowa,4,4,1.0
discontinued,4,4,1.0
cabometyx,4,4,1.0
writer,4,4,1.0
snowball,2,4,2.0
eip,2,4,2.0
oyster,4,4,1.0
crowd,4,4,1.0
currency,2,4,2.0
matoso,2,4,2.0
commemorate,4,4,1.0
clothe,4,4,1.0
vismodegib,2,4,2.0
boxed,4,4,1.0
marzo,2,4,2.0
alfa-2b,2,4,2.0
ropeginterferon,1,4,4.0
reticulum,4,4,1.0
endoplasmic,4,4,1.0
connectstudy,4,4,1.0
ship,3,4,1.3333333333333333
xeb,1,4,4.0
spiral,4,4,1.0
idecabtagene,3,4,1.3333333333333333
convert,4,4,1.0
serono,4,4,1.0
emd,4,4,1.0
vicleucel,3,4,1.3333333333333333
hypoactive,2,4,2.0
mcgale,1,4,4.0
relativity-047,1,4,4.0
sévenet,2,4,2.0
dbgap,3,4,1.3333333333333333
nf2,3,4,1.3333333333333333
delegate,2,4,2.0
willmarth,1,4,4.0
abta,1,4,4.0
spectacular,4,4,1.0
univ,4,4,1.0
reimagine,2,4,2.0
vyxeo,1,4,4.0
kao,2,4,2.0
banana,4,4,1.0
burglary,2,4,2.0
circulating,4,4,1.0
ree,4,4,1.0
contradictory,4,4,1.0
binding,4,4,1.0
merci,1,4,4.0
theft,1,4,4.0
roadblock,3,4,1.3333333333333333
introductory,3,4,1.3333333333333333
karyotyping,4,4,1.0
scafoglio,1,3,3.0
endless,3,3,1.0
sludge,2,3,1.5
sarmiento,2,3,1.5
keynote-361,1,3,3.0
haduong,3,3,1.0
graduating,3,3,1.0
llorente,3,3,1.0
shocked,3,3,1.0
enjoy,3,3,1.0
burdened,1,3,3.0
poisoning,2,3,1.5
blurred,3,3,1.0
spite,3,3,1.0
engaged,3,3,1.0
gapps,1,3,3.0
burmeister,3,3,1.0
bavencio,3,3,1.0
innate,3,3,1.0
marked,3,3,1.0
congestion,3,3,1.0
trivial,3,3,1.0
manif,3,3,1.0
orderly,3,3,1.0
charite,3,3,1.0
radius,3,3,1.0
swab,2,3,1.5
esophagogastroduodenoscopy,2,3,1.5
multipronged,3,3,1.0
becker,2,3,1.5
labile,3,3,1.0
rigidity,2,3,1.5
veeraiah,2,3,1.5
wrap,3,3,1.0
arai,3,3,1.0
vogt,1,3,3.0
coating,3,3,1.0
decorate,2,3,1.5
abscopal,3,3,1.0
partnering,3,3,1.0
analeptic,1,3,3.0
dropdown,3,3,1.0
painting,3,3,1.0
breeze,3,3,1.0
millennium,3,3,1.0
ctcls,1,3,3.0
vilazodone,1,3,3.0
cyp3a4,2,3,1.5
accommodation,3,3,1.0
museum,2,3,1.5
seki,3,3,1.0
cheville,3,3,1.0
apathy,2,3,1.5
archer,3,3,1.0
promid,3,3,1.0
alternative,1,3,3.0
ricci,2,3,1.5
bidirectional,3,3,1.0
angiotensin,2,3,1.5
deh,3,3,1.0
tapering,2,3,1.5
bioavailability,3,3,1.0
20–40,3,3,1.0
lgcw,2,3,1.5
stepping,3,3,1.0
harb,3,3,1.0
drawback,3,3,1.0
rarest,2,3,1.5
precipitate,3,3,1.0
penelope,1,3,3.0
draw,3,3,1.0
dropout,3,3,1.0
afip,1,3,3.0
pst,1,3,3.0
homework,3,3,1.0
dignity,2,3,1.5
bioreactor,3,3,1.0
haque,3,3,1.0
tecartus,3,3,1.0
comprise,2,3,1.5
noncommercial,3,3,1.0
synthase,3,3,1.0
thymidylate,3,3,1.0
richness,3,3,1.0
xvi,3,3,1.0
handheld,2,3,1.5
proprietary,3,3,1.0
entertaining,2,3,1.5
uncle,3,3,1.0
ahlman,1,3,3.0
brittinger,3,3,1.0
lotsa,3,3,1.0
stockler,2,3,1.5
disconnected,3,3,1.0
irwin,3,3,1.0
wellbutrin,1,3,3.0
iqbal,3,3,1.0
saf,2,3,1.5
dearth,3,3,1.0
verzenio,2,3,1.5
lift,3,3,1.0
lose,3,3,1.0
plwh,3,3,1.0
plasmablastic,1,3,3.0
sativex,1,3,3.0
bausch,2,3,1.5
glaxosmithkline,2,3,1.5
subhashini,3,3,1.0
remodel,3,3,1.0
jagu,3,3,1.0
middle-,3,3,1.0
musselman,3,3,1.0
plat,3,3,1.0
yondelis,2,3,1.5
eaton,3,3,1.0
tanaka,3,3,1.0
pharm,3,3,1.0
hyun,3,3,1.0
andreu,3,3,1.0
hoc,2,3,1.5
dessert,3,3,1.0
repetition,2,3,1.5
baruch,3,3,1.0
nod,2,3,1.5
alprazolam,2,3,1.5
zarnegar,3,3,1.0
theophylline,2,3,1.5
reprogram,3,3,1.0
melbourne,3,3,1.0
zoom,3,3,1.0
johansen,2,3,1.5
accomplished,3,3,1.0
harmer,2,3,1.5
synthesize,2,3,1.5
hem,2,3,1.5
bolton,2,3,1.5
rabe,2,3,1.5
ethyl,2,3,1.5
instill,3,3,1.0
bent,1,3,3.0
catnon,1,3,3.0
yfg,1,3,3.0
forge,3,3,1.0
luck,3,3,1.0
tire,3,3,1.0
serendipitous,3,3,1.0
clausen,3,3,1.0
tripartite,3,3,1.0
proctectomy,1,3,3.0
stump,1,3,3.0
daniela,2,3,1.5
solary,3,3,1.0
astronaut,3,3,1.0
nonverbal,2,3,1.5
lodge,3,3,1.0
myorelaxant,1,3,3.0
center,3,3,1.0
nachman,3,3,1.0
osteogenic,3,3,1.0
concrete,3,3,1.0
butterfly,2,3,1.5
hamper,3,3,1.0
palmitate,1,3,3.0
jahn,3,3,1.0
retinyl,1,3,3.0
ecdna,3,3,1.0
inflammasome,1,3,3.0
zoladex,3,3,1.0
degrading,3,3,1.0
decarboxylase,1,3,3.0
e828,3,3,1.0
takagi,3,3,1.0
correlational,2,3,1.5
calcitriol,1,3,3.0
cis,3,3,1.0
sphere,3,3,1.0
diagram,3,3,1.0
buddy,3,3,1.0
hmsh2,1,3,3.0
enteral,3,3,1.0
elective,2,3,1.5
wildfire,2,3,1.5
haraldsdottir,1,3,3.0
pureed,2,3,1.5
wein,2,3,1.5
blanco,2,3,1.5
mountain,3,3,1.0
asking,3,3,1.0
somatization,2,3,1.5
realization,3,3,1.0
lupron,3,3,1.0
portenoy,2,3,1.5
doyle,3,3,1.0
dancing,2,3,1.5
clingy,3,3,1.0
sauter,1,3,3.0
skeptical,3,3,1.0
postloss,1,3,3.0
irving,3,3,1.0
injectable,2,3,1.5
pascoe,1,3,3.0
hostility,3,3,1.0
dufour,3,3,1.0
inconvenience,3,3,1.0
olsen,3,3,1.0
jot,1,3,3.0
staple,1,3,3.0
orthopsychiatry,1,3,3.0
o'malley,2,3,1.5
kazak,2,3,1.5
football,2,3,1.5
yamamoto,3,3,1.0
utmost,3,3,1.0
coyle,2,3,1.5
rps19,3,3,1.0
cangir,2,3,1.5
thesis,2,3,1.5
cope,3,3,1.0
ingestion,2,3,1.5
nurs,3,3,1.0
multiplicity,2,3,1.5
qiaamp,1,3,3.0
daryl,3,3,1.0
vascularity,2,3,1.5
duodenotomy,2,3,1.5
resource,3,3,1.0
nonradiation,2,3,1.5
bain,3,3,1.0
negate,2,3,1.5
akizuki,1,3,3.0
ampullectomy,1,3,3.0
supplementary,3,3,1.0
freezer,2,3,1.5
ono,3,3,1.0
enjoyment,3,3,1.0
siu,3,3,1.0
ambiant,1,3,3.0
5–20,3,3,1.0
zolpidem,1,3,3.0
carvykti,3,3,1.0
shiny,3,3,1.0
poison,3,3,1.0
waldenström,1,3,3.0
notochord,2,3,1.5
collecting,3,3,1.0
cyclase,3,3,1.0
deplete,3,3,1.0
pesticide,3,3,1.0
tartrate,2,3,1.5
macroglobulinemia,1,3,3.0
sunset,1,3,3.0
schonfeld,3,3,1.0
divert,3,3,1.0
edrn,2,3,1.5
alal,1,3,3.0
edinburgh,2,3,1.5
outgoing,3,3,1.0
glycoscience,1,3,3.0
pant,3,3,1.0
brim,3,3,1.0
nwts,3,3,1.0
mody,3,3,1.0
ncmh,1,3,3.0
cytometric,3,3,1.0
mallorca,1,3,3.0
innervation,3,3,1.0
manipulate,3,3,1.0
producer,3,3,1.0
hopeless,3,3,1.0
compile,3,3,1.0
split,3,3,1.0
robine,3,3,1.0
eszopiclone,1,3,3.0
postradiation,2,3,1.5
lymphangitis,2,3,1.5
carcinomatous,2,3,1.5
explain,3,3,1.0
commissure,1,3,3.0
browman,1,3,3.0
geenen,3,3,1.0
ridder,3,3,1.0
signet,1,3,3.0
efflux,2,3,1.5
cauterization,2,3,1.5
sasaki,3,3,1.0
ego,2,3,1.5
mangum,3,3,1.0
saha,3,3,1.0
infusional,2,3,1.5
warmth,3,3,1.0
fccx,1,3,3.0
gynaecological,3,3,1.0
felsher,1,3,3.0
withholding,3,3,1.0
distinguishable,3,3,1.0
turkey,3,3,1.0
pathogenetic,3,3,1.0
diplomacy,2,3,1.5
heald,1,3,3.0
shunt,3,3,1.0
spaander,2,3,1.5
furth,3,3,1.0
grady,1,3,3.0
bisulfite,2,3,1.5
compute,2,3,1.5
cira,3,3,1.0
chunk,3,3,1.0
dot,3,3,1.0
lance,3,3,1.0
blade,2,3,1.5
pericardiostomy,2,3,1.5
swim,2,3,1.5
venography,2,3,1.5
tst,1,3,3.0
bloch,3,3,1.0
ischemia,3,3,1.0
rub,3,3,1.0
mckenney,3,3,1.0
besponsa,3,3,1.0
perpetuate,3,3,1.0
fainting,3,3,1.0
thrombectomy,2,3,1.5
zikusoka,1,3,3.0
kulke,3,3,1.0
individualize,3,3,1.0
bath,2,3,1.5
biosynthesis,3,3,1.0
geiger,3,3,1.0
lls,1,3,3.0
ascierto,3,3,1.0
haematological,3,3,1.0
gastrointest,3,3,1.0
pappa,3,3,1.0
stroyakovskiy,3,3,1.0
locasale,2,3,1.5
heterodimer,1,3,3.0
nominal,1,3,3.0
hamilton,3,3,1.0
njft,1,3,3.0
glomerulosclerosis,3,3,1.0
presidential,2,3,1.5
arbor,2,3,1.5
impre,1,3,3.0
dinucleotide,2,3,1.5
ruminative,2,3,1.5
donadieu,3,3,1.0
subanalysis,3,3,1.0
bipolar,3,3,1.0
schizophrenia,2,3,1.5
medicare,3,3,1.0
agriculture,2,3,1.5
gastro,3,3,1.0
cxr,1,3,3.0
compulsive,2,3,1.5
engel,1,3,3.0
il-21,1,3,3.0
burtness,1,3,3.0
prebiotic,2,3,1.5
peiper,3,3,1.0
tsunami,3,3,1.0
hasle,3,3,1.0
crust,3,3,1.0
jehanne,3,3,1.0
hendrik,1,3,3.0
b12,2,3,1.5
hardcore,3,3,1.0
piqray,3,3,1.0
combine,3,3,1.0
divergence,3,3,1.0
palindromic,3,3,1.0
necessitate,3,3,1.0
bertucci,3,3,1.0
cd2,3,3,1.0
serologic,3,3,1.0
freckle,3,3,1.0
consanguinity,1,3,3.0
leukapheresis,2,3,1.5
jeen,3,3,1.0
angioinvasion,1,3,3.0
antecedent,2,3,1.5
soc-1,1,3,3.0
extragastric,1,3,3.0
vibrant,3,3,1.0
nyström,3,3,1.0
dude,1,3,3.0
mhealth,3,3,1.0
extraskeletal,3,3,1.0
r01s,2,3,1.5
impoverished,3,3,1.0
rinaldi,3,3,1.0
bystander,3,3,1.0
nonstandard,2,3,1.5
forster,3,3,1.0
distorted,3,3,1.0
desert,2,3,1.5
a3973,3,3,1.0
purged,3,3,1.0
pérez,3,3,1.0
vaccinia,1,3,3.0
subspecialtie,3,3,1.0
futile,3,3,1.0
bmj,3,3,1.0
respectful,2,3,1.5
campylobacter,2,3,1.5
surdez,3,3,1.0
cbme,1,3,3.0
furtado,3,3,1.0
strenuous,3,3,1.0
illicit,3,3,1.0
unidentified,2,3,1.5
bwv,1,3,3.0
cocaine,2,3,1.5
djv048,3,3,1.0
haploinsufficiency,3,3,1.0
olivi,3,3,1.0
fobt,2,3,1.5
46xy,3,3,1.0
roommate,3,3,1.0
ruppert,3,3,1.0
southeastern,3,3,1.0
impetus,3,3,1.0
tayob,2,3,1.5
countless,3,3,1.0
venkatachalam,3,3,1.0
panacea,2,3,1.5
mesh,3,3,1.0
butler,3,3,1.0
krapcho,3,3,1.0
disconnect,3,3,1.0
keck,3,3,1.0
causality,2,3,1.5
müllerian,3,3,1.0
lartruvo,2,3,1.5
staudt,3,3,1.0
dang,3,3,1.0
fettuccine,1,3,3.0
neomorphic,3,3,1.0
unavailable,3,3,1.0
comatose,3,3,1.0
järvinen,1,3,3.0
audiovisual,2,3,1.5
noncolorectal,2,3,1.5
definite,3,3,1.0
lst,1,3,3.0
sel,3,3,1.0
idoate,1,3,3.0
mediastinotomy,3,3,1.0
retromer,1,3,3.0
jail,3,3,1.0
otitis,2,3,1.5
nebulized,1,3,3.0
o'day,2,3,1.5
larkin,3,3,1.0
sud,3,3,1.0
transmembrane,2,3,1.5
advisable,2,3,1.5
sop,3,3,1.0
rankl,3,3,1.0
coloproctology,1,3,3.0
abbas,3,3,1.0
escp,1,3,3.0
methyldopa,3,3,1.0
ehtg,1,3,3.0
hubrecht,3,3,1.0
bordi,1,3,3.0
casper,2,3,1.5
davis,3,3,1.0
superfluous,3,3,1.0
hardy,3,3,1.0
decision,3,3,1.0
hurlstone,1,3,3.0
egds,1,3,3.0
appear,3,3,1.0
scavenge,3,3,1.0
kwon,2,3,1.5
happiness,3,3,1.0
coherence,2,3,1.5
koedoot,1,3,3.0
pistachio,1,3,3.0
hypermethylator,2,3,1.5
byram,3,3,1.0
chapman,3,3,1.0
republic,3,3,1.0
enolase,2,3,1.5
pane,1,3,3.0
apparatus,3,3,1.0
mcneil,3,3,1.0
extrapulmonary,3,3,1.0
decis,2,3,1.5
ingram,3,3,1.0
reichert,3,3,1.0
stiggelbout,2,3,1.5
solcia,1,3,3.0
genus,3,3,1.0
monetary,3,3,1.0
soloni,1,3,3.0
irrs,2,3,1.5
diligence,3,3,1.0
hr+/her2,2,3,1.5
reversal,3,3,1.0
silva,2,3,1.5
carvalho,3,3,1.0
illustrative,3,3,1.0
dun,2,3,1.5
divergent,3,3,1.0
reyes,3,3,1.0
somnolence,2,3,1.5
arousal,1,3,3.0
microdissection,3,3,1.0
proficiency,3,3,1.0
kymriah,3,3,1.0
aebi,2,3,1.5
proposition,3,3,1.0
inconsistency,3,3,1.0
incentive,2,3,1.5
inventor,3,3,1.0
afferent,1,3,3.0
exist,3,3,1.0
worthless,3,3,1.0
divided,3,3,1.0
douglas,3,3,1.0
moser,3,3,1.0
aldape,3,3,1.0
katrina,2,3,1.5
inrebic,3,3,1.0
onkol,3,3,1.0
strahlenther,3,3,1.0
russell,3,3,1.0
sousa,3,3,1.0
returning,3,3,1.0
albertsen,1,3,3.0
acetic,3,3,1.0
beretta,3,3,1.0
brr,1,3,3.0
intersect,2,3,1.5
cromoglycate,1,3,3.0
nhej,1,3,3.0
recurred,3,3,1.0
maibach,3,3,1.0
communicating,3,3,1.0
conundrum,3,3,1.0
nadler,3,3,1.0
/pi,3,3,1.0
blonquist,3,3,1.0
minocycline,1,3,3.0
mek1,3,3,1.0
horwitz,3,3,1.0
flourish,3,3,1.0
redesign,3,3,1.0
episome,3,3,1.0
poll,2,3,1.5
matted,2,3,1.5
velasco,2,3,1.5
millwood,3,3,1.0
putnam,3,3,1.0
thenci,2,3,1.5
connotation,3,3,1.0
prudent,3,3,1.0
baccalaureate,3,3,1.0
caucasian,3,3,1.0
soler,3,3,1.0
lucia,1,3,3.0
vera,3,3,1.0
strabismus,3,3,1.0
cherny,3,3,1.0
cd22,3,3,1.0
65–70,2,3,1.5
chau,3,3,1.0
ambivalent,3,3,1.0
blincyto,3,3,1.0
transformational,3,3,1.0
lan,3,3,1.0
meissner,3,3,1.0
myriad,3,3,1.0
spoon,3,3,1.0
molst,1,3,3.0
roswell,3,3,1.0
curette,3,3,1.0
measured,3,3,1.0
ital,2,3,1.5
mitral,2,3,1.5
prohibitive,3,3,1.0
layout,3,3,1.0
pulmonic,1,3,3.0
hof,3,3,1.0
annular,1,3,3.0
//onlinelibrary.wiley.com,2,3,1.5
guérin,3,3,1.0
rid,3,3,1.0
bronchoconstriction,2,3,1.5
mucocutaneous,2,3,1.5
replicate,3,3,1.0
pathognomonic,2,3,1.5
subsidiary,3,3,1.0
epistaxis,3,3,1.0
mis,2,3,1.5
6–24,2,3,1.5
aeruginosa,2,3,1.5
bakitas,1,3,3.0
pseudomona,3,3,1.0
cerebellar,2,3,1.5
lumoxiti,2,3,1.5
paradox,3,3,1.0
dow,3,3,1.0
mint,2,3,1.5
cain,2,3,1.5
hebert,3,3,1.0
proven,3,3,1.0
-high,2,3,1.5
sensitize,3,3,1.0
haploinsufficient,3,3,1.0
emptiness,3,3,1.0
illusion,3,3,1.0
mib-1,3,3,1.0
breastfeed,2,3,1.5
opposed,3,3,1.0
gna11,3,3,1.0
chs,1,3,3.0
wax,2,3,1.5
1800,3,3,1.0
imamura,3,3,1.0
rigter,2,3,1.5
temin,3,3,1.0
kwekkeboom,2,3,1.5
hepatectomy,2,3,1.5
brace,3,3,1.0
devine,3,3,1.0
fulguration,1,3,3.0
interpretive,2,3,1.5
fibroma,3,3,1.0
tayt,3,3,1.0
conceptualization,3,3,1.0
resignation,3,3,1.0
horton,3,3,1.0
skogseid,2,3,1.5
perren,2,3,1.5
-containing,2,3,1.5
shamberger,3,3,1.0
pull,3,3,1.0
coherent,2,3,1.5
kasabach,1,3,3.0
wildtype,3,3,1.0
hammond,2,3,1.5
microadenoma,2,3,1.5
stenting,2,3,1.5
chew,3,3,1.0
maria,3,3,1.0
kennedy,3,3,1.0
mas,1,3,3.0
locator,3,3,1.0
microvesicular,2,3,1.5
ssp,1,3,3.0
bioscience,3,3,1.0
promotional,3,3,1.0
placenta,3,3,1.0
omeprazole,2,3,1.5
best,3,3,1.0
believe,3,3,1.0
ehrlich,3,3,1.0
compulsion,1,3,3.0
denote,2,3,1.5
proficient,3,3,1.0
reap,3,3,1.0
richter,3,3,1.0
albrecht,3,3,1.0
giannakis,1,3,3.0
teeth,3,3,1.0
crypt,2,3,1.5
perkin,3,3,1.0
fingerprint,3,3,1.0
crime,3,3,1.0
ama,3,3,1.0
dilation,3,3,1.0
envision,3,3,1.0
mektovi,2,3,1.5
acetylcysteine,3,3,1.0
known,2,3,1.5
cycling,3,3,1.0
province,3,3,1.0
mpact,2,3,1.5
keeping,3,3,1.0
barnholtz,3,3,1.0
categorize,3,3,1.0
usher,3,3,1.0
neugut,2,3,1.5
cedar,2,3,1.5
enrolling,3,3,1.0
phoenix,2,3,1.5
ppm1d,3,3,1.0
priscilla,3,3,1.0
cotti,1,3,3.0
laterality,3,3,1.0
mammal,3,3,1.0
pépin,1,3,3.0
donahoe,1,3,3.0
regress,3,3,1.0
organisation,3,3,1.0
drosophila,3,3,1.0
smyrk,2,3,1.5
addison,3,3,1.0
marcon,3,3,1.0
governance,3,3,1.0
distension,3,3,1.0
dey,3,3,1.0
clotting,1,3,3.0
colman,3,3,1.0
howard,3,3,1.0
natarajan,3,3,1.0
duncan,3,3,1.0
mtb,1,3,3.0
ying,3,3,1.0
hopper,1,3,3.0
involuting,1,3,3.0
gastroenterologist,3,3,1.0
elect,3,3,1.0
john,3,3,1.0
ubiquitous,3,3,1.0
twj,1,3,3.0
rrso,1,3,3.0
cairn,1,3,3.0
unneeded,3,3,1.0
maryland,3,3,1.0
vigilant,3,3,1.0
barcelona,3,3,1.0
fabric,3,3,1.0
zauber,1,3,3.0
oversaw,3,3,1.0
hoifung,3,3,1.0
o'brien,1,3,3.0
gift,3,3,1.0
confidential,3,3,1.0
leah,3,3,1.0
laé,3,3,1.0
luteinizing,2,3,1.5
offerhaus,1,3,3.0
negotiate,3,3,1.0
chong,3,3,1.0
intraluminal,2,3,1.5
bull,3,3,1.0
gigantic,3,3,1.0
austin,3,3,1.0
nongovernment,3,3,1.0
foothold,3,3,1.0
monti,3,3,1.0
egrp,2,3,1.5
nonadherence,2,3,1.5
crest,3,3,1.0
senolytic,3,3,1.0
sox10,3,3,1.0
undergoing,3,3,1.0
pomalyst,3,3,1.0
marc,3,3,1.0
schaid,3,3,1.0
moran,3,3,1.0
tense,3,3,1.0
hemminki,3,3,1.0
gilotrif,3,3,1.0
goblet,2,3,1.5
bertario,1,3,3.0
cymbalta,3,3,1.0
sizable,3,3,1.0
ogivri,3,3,1.0
seeing,3,3,1.0
meyers,3,3,1.0
wynd,1,3,3.0
unreliable,3,3,1.0
vlp,2,3,1.5
multiomics,3,3,1.0
perjeta,3,3,1.0
debakey,2,3,1.5
noncarri,2,3,1.5
paul,2,3,1.5
unforeseen,3,3,1.0
luminary,3,3,1.0
speculation,3,3,1.0
bloated,2,3,1.5
audiological,2,3,1.5
expiration,3,3,1.0
pac,3,3,1.0
deng,3,3,1.0
upward,3,3,1.0
laquaglia,3,3,1.0
rubio,3,3,1.0
unpublished,3,3,1.0
wendel,1,3,3.0
cem,1,3,3.0
poop,1,3,3.0
mc2,2,3,1.5
phospho,3,3,1.0
hypergastrinemia,1,3,3.0
ganesh,2,3,1.5
vijay,3,3,1.0
nan,3,3,1.0
histiocytoma,3,3,1.0
motivator,3,3,1.0
ritchie,2,3,1.5
aps,2,3,1.5
5q21,1,3,3.0
tanezumab,1,3,3.0
shocking,3,3,1.0
pellet,2,3,1.5
levin,3,3,1.0
antral,2,3,1.5
eunice,3,3,1.0
maladaptation,1,3,3.0
merlino,3,3,1.0
ultralight,1,3,3.0
marketplace,3,3,1.0
misleading,2,3,1.5
gratitude,3,3,1.0
fong,3,3,1.0
simmang,1,3,3.0
gtpase,2,3,1.5
pursuing,3,3,1.0
ramification,3,3,1.0
bai,3,3,1.0
addendum,3,3,1.0
polypoid,3,3,1.0
bashford,3,3,1.0
roman,2,3,1.5
hpv-16,3,3,1.0
hawaii,1,3,3.0
jamboree,1,3,3.0
bapat,1,3,3.0
tafasitamab,1,3,3.0
unstructured,3,3,1.0
intersectional,3,3,1.0
phosphoinositide,3,3,1.0
multiomic,3,3,1.0
mutl,1,3,3.0
descriptor,2,3,1.5
unambiguous,3,3,1.0
steward,3,3,1.0
pleuro,1,3,3.0
fidelity,3,3,1.0
casale,1,3,3.0
avid,2,3,1.5
nimble,2,3,1.5
bluebird,2,3,1.5
ponce,2,3,1.5
hadley,1,3,3.0
nonaddictive,2,3,1.5
pienta,3,3,1.0
buffalo,3,3,1.0
utilize,3,3,1.0
flight,3,3,1.0
necrotic,3,3,1.0
collan,1,3,3.0
immunogenic,3,3,1.0
relatedness,2,3,1.5
entertainment,3,3,1.0
murano,2,3,1.5
highway,3,3,1.0
teamwork,3,3,1.0
dsrna,3,3,1.0
underactive,2,3,1.5
sponge,3,3,1.0
debris,3,3,1.0
shoe,3,3,1.0
aspirational,3,3,1.0
spend,3,3,1.0
suurmeijer,3,3,1.0
sparing,3,3,1.0
truncation,3,3,1.0
cruise,2,3,1.5
finder,2,3,1.5
multiparametric,1,3,3.0
braftovi,2,3,1.5
hgpin,1,3,3.0
ladewig,3,3,1.0
reassessment,3,3,1.0
preneoplastic,3,3,1.0
premalignancy,3,3,1.0
petabyte,3,3,1.0
australia,3,3,1.0
codori,1,3,3.0
yue,3,3,1.0
baptist,2,3,1.5
torlakovic,1,3,3.0
bronchoscope,2,3,1.5
leggett,1,3,3.0
postgrad,3,3,1.0
tet,1,3,3.0
kettering,3,3,1.0
convincing,3,3,1.0
explosion,3,3,1.0
hyper,2,3,1.5
mislabeling,1,3,3.0
kamihara,3,3,1.0
contributory,3,3,1.0
radioembolization,3,3,1.0
ixazomib,3,3,1.0
baron,2,3,1.5
microwave,2,3,1.5
gostout,1,3,3.0
aparicio,3,3,1.0
neuropeptide,2,3,1.5
micronutrient,2,3,1.5
niddk,2,3,1.5
amoroso,3,3,1.0
elise,3,3,1.0
gpa,3,3,1.0
macrae,1,3,3.0
suspension,2,3,1.5
radiosensitive,2,3,1.5
cruciferous,2,3,1.5
denis,2,3,1.5
merajver,2,3,1.5
epiglottis,2,3,1.5
legume,2,3,1.5
neurotensin,1,3,3.0
kinney,2,3,1.5
u.s.-based,3,3,1.0
westerman,1,3,3.0
cytosar,3,3,1.0
spector,3,3,1.0
withdraw,3,3,1.0
milieu,3,3,1.0
sil,3,3,1.0
zydelig,2,3,1.5
pineda,3,3,1.0
ergometry,2,3,1.5
everychild,1,3,3.0
ornithine,1,3,3.0
serin,3,3,1.0
virtue,2,3,1.5
sll,2,3,1.5
jost,2,3,1.5
lemon,3,3,1.0
ahnen,1,3,3.0
ordóñez,3,3,1.0
regain,3,3,1.0
taal,2,3,1.5
pee,2,3,1.5
biorepositorie,3,3,1.0
durno,1,3,3.0
hypersensitivity,3,3,1.0
connecticut,3,3,1.0
zanubrutinib,2,3,1.5
accompany,3,3,1.0
nontraditional,3,3,1.0
intricacy,3,3,1.0
swain,3,3,1.0
connectivity,3,3,1.0
almeida,2,3,1.5
disk,3,3,1.0
retire,3,3,1.0
inference,3,3,1.0
slor,1,3,3.0
womer,3,3,1.0
stencel,2,3,1.5
heiskanen,1,3,3.0
antagonistic,1,3,3.0
rotation,3,3,1.0
tagline,3,3,1.0
excite,3,3,1.0
latch,3,3,1.0
oftentime,3,3,1.0
brodeur,3,3,1.0
neurofibromin,1,3,3.0
parne,2,3,1.5
jew,2,3,1.5
blend,3,3,1.0
hawk,1,3,3.0
glasgow,3,3,1.0
daw,3,3,1.0
stachowicz,2,3,1.5
biased,3,3,1.0
souza,3,3,1.0
cassette,3,3,1.0
solano,3,3,1.0
przulj,1,3,3.0
synergistic,3,3,1.0
noh,3,3,1.0
uchicago,3,3,1.0
ivado,1,3,3.0
roo,3,3,1.0
distrust,3,3,1.0
fctc,1,3,3.0
extraintestinal,2,3,1.5
approachable,3,3,1.0
tonelli,2,3,1.5
refillable,1,3,3.0
sahasrabuddhe,2,3,1.5
duan,3,3,1.0
pentostatin,2,3,1.5
goto,3,3,1.0
sensitized,3,3,1.0
raber,3,3,1.0
neal,2,3,1.5
recurring,3,3,1.0
imjudo,3,3,1.0
volunteering,3,3,1.0
signpost,3,3,1.0
andrew,2,3,1.5
aldrich,3,3,1.0
abrahm,2,3,1.5
latchford,1,3,3.0
fnclcc,2,3,1.5
mschmidt,3,3,1.0
casserole,2,3,1.5
riddled,3,3,1.0
blanket,2,3,1.5
bathing,3,3,1.0
teunissen,3,3,1.0
fibromatous,2,3,1.5
agn,3,3,1.0
sand,3,3,1.0
lutathera,3,3,1.0
cmg2,1,3,3.0
exert,3,3,1.0
15–19,3,3,1.0
guaiac,2,3,1.5
cappel,1,3,3.0
hydrocele,3,3,1.0
nederveen,1,3,3.0
strauss,3,3,1.0
piwg,3,3,1.0
imag,3,3,1.0
acharya,3,3,1.0
tot,1,3,3.0
hack,3,3,1.0
occpr,2,3,1.5
natriuretic,2,3,1.5
chemother,2,3,1.5
myocardium,2,3,1.5
woodhouse,3,3,1.0
thiotepa,2,3,1.5
colloid,2,3,1.5
beat,3,3,1.0
cytol,3,3,1.0
tecentriq,3,3,1.0
pericardioscopy,1,3,3.0
colleoni,2,3,1.5
prosaposin,1,3,3.0
azygous,1,3,3.0
syncope,2,3,1.5
cd36,2,3,1.5
obtain,3,3,1.0
caval,1,3,3.0
circulatory,2,3,1.5
mirnas,3,3,1.0
flatus,1,3,3.0
diverticulitis,1,3,3.0
antacid,1,3,3.0
//clinicaltrials.gov,3,3,1.0
ct2,3,3,1.0
citrate,2,3,1.5
mg/5,1,3,3.0
elucidation,3,3,1.0
bicarbonate,2,3,1.5
methylnaltrexone,1,3,3.0
resorption,3,3,1.0
larsen,2,3,1.5
fcr,1,3,3.0
spence,3,3,1.0
liter,1,3,3.0
colicky,2,3,1.5
ganetespib,1,3,3.0
chock,3,3,1.0
mercadante,1,3,3.0
benzene,3,3,1.0
angelis,2,3,1.5
watery,2,3,1.5
-infected,2,3,1.5
marine,3,3,1.0
messinger,1,3,3.0
chocolate,2,3,1.5
rotavirus,2,3,1.5
fy26,3,3,1.0
intolerant,3,3,1.0
villus,1,3,3.0
perilongo,3,3,1.0
notorious,3,3,1.0
igf1r,1,3,3.0
her2climb,3,3,1.0
heuristic,3,3,1.0
institut,3,3,1.0
ziegler,3,3,1.0
synbiotic,1,3,3.0
immunother,3,3,1.0
morton,2,3,1.5
toast,3,3,1.0
pretzel,3,3,1.0
deterministic,3,3,1.0
tribe,2,3,1.5
exaggeration,1,3,3.0
lafayette,3,3,1.0
nolan,2,3,1.5
testament,3,3,1.0
numeric,3,3,1.0
bothersome,3,3,1.0
tübingen,1,3,3.0
par,3,3,1.0
insightful,3,3,1.0
cause,3,3,1.0
thrust,3,3,1.0
adventurous,3,3,1.0
soap,3,3,1.0
s41586,3,3,1.0
equipped,3,3,1.0
grandchild,3,3,1.0
granulocytic,3,3,1.0
ballard,3,3,1.0
dampen,3,3,1.0
relate,3,3,1.0
trader,3,3,1.0
portrayal,3,3,1.0
levendag,1,3,3.0
nexcar19,1,3,3.0
calculus,2,3,1.5
moor,3,3,1.0
rahul,2,3,1.5
megavoltage,1,3,3.0
geara,1,3,3.0
itami,1,3,3.0
anzai,1,3,3.0
navarro,3,3,1.0
nonresponsive,3,3,1.0
fluorescein,2,3,1.5
lid,2,3,1.5
biomicroscopy,2,3,1.5
quasi,3,3,1.0
ilic,2,3,1.5
baskin,3,3,1.0
dieckmann,2,3,1.5
roussy,3,3,1.0
merino,2,3,1.5
tarbell,3,3,1.0
nonendocrine,2,3,1.5
gustave,3,3,1.0
thrive,3,3,1.0
yip,2,3,1.5
jørgensen,3,3,1.0
laurence,3,3,1.0
carnaille,1,3,3.0
bifidobacterium,3,3,1.0
mfm,2,3,1.5
malaise,3,3,1.0
ser,3,3,1.0
castinetti,2,3,1.5
castagna,2,3,1.5
surv,3,3,1.0
transforming,3,3,1.0
chromatography,2,3,1.5
vestergaard,2,3,1.5
v804,1,3,3.0
athens,2,3,1.5
slogan,3,3,1.0
miyauchi,3,3,1.0
hippel,3,3,1.0
grubbs,2,3,1.5
murat,2,3,1.5
pichlmei,1,3,3.0
steele,2,3,1.5
cinacalcet,1,3,3.0
impractical,3,3,1.0
undetected,3,3,1.0
multikinase,1,3,3.0
hickey,2,3,1.5
sawin,2,3,1.5
dickson,2,3,1.5
scholten,2,3,1.5
endocr,2,3,1.5
prete,3,3,1.0
beemer,1,3,3.0
freyer,2,3,1.5
qualifying,3,3,1.0
boat,3,3,1.0
dea,2,3,1.5
gilbert,3,3,1.0
safeguard,3,3,1.0
neurother,3,3,1.0
messenger,3,3,1.0
sitc,2,3,1.5
1–800,2,3,1.5
hogg,3,3,1.0
securing,3,3,1.0
riely,1,3,3.0
sidebar,3,3,1.0
sommer,2,3,1.5
il12,1,3,3.0
one,3,3,1.0
duarte,3,3,1.0
ismail,3,3,1.0
macroenvironment,2,3,1.5
bernard,3,3,1.0
koong,1,3,3.0
parenting,2,3,1.5
tamp,3,3,1.0
moab,1,3,3.0
mostoufi,1,3,3.0
endocrinopathie,1,3,3.0
testimonial,3,3,1.0
dcc-2618,1,3,3.0
portability,3,3,1.0
abstinence,2,3,1.5
illegal,3,3,1.0
bjornard,1,3,3.0
commemoration,3,3,1.0
vuotto,1,3,3.0
multiethnic,3,3,1.0
berbi,1,3,3.0
onc,3,3,1.0
anonymous,3,3,1.0
il-15,2,3,1.5
extractehr,1,3,3.0
fhir,1,3,3.0
eshelman,1,3,3.0
tamara,3,3,1.0
eccdna,1,3,3.0
err,1,3,3.0
pancare,1,3,3.0
cavernomas,1,3,3.0
methylome,3,3,1.0
jonsson,3,3,1.0
hou,3,3,1.0
bhaduri,3,3,1.0
engine,3,3,1.0
mipogg,1,3,3.0
conclude,3,3,1.0
ghosh,1,3,3.0
mcleod,3,3,1.0
amazon,3,3,1.0
ighg,1,3,3.0
gaipo,1,3,3.0
balise,2,3,1.5
dbt,1,3,3.0
dalle,2,3,1.5
yeh,2,3,1.5
bielack,1,3,3.0
lcm,1,3,3.0
heymer,1,3,3.0
diallo,1,3,3.0
mallet,3,3,1.0
blu-285,1,3,3.0
geurt,2,3,1.5
agrusa,1,3,3.0
‎‎jun,1,3,3.0
ngan,2,3,1.5
substructure,1,3,3.0
hypercholesterolemia,2,3,1.5
regulome,2,3,1.5
anthraquinone,1,3,3.0
markov,2,3,1.5
bianchi,3,3,1.0
caller,3,3,1.0
guo,2,3,1.5
atherosclerotic,1,3,3.0
carvedilol,2,3,1.5
zisook,1,3,3.0
gdac,2,3,1.5
ajnr,3,3,1.0
neuroradiol,3,3,1.0
microbleed,1,3,3.0
handout,2,3,1.5
abecassis,3,3,1.0
shrestha,2,3,1.5
dal,2,3,1.5
haddy,1,3,3.0
alexandrov,2,3,1.5
kooijman,1,3,3.0
venzon,2,3,1.5
protectant,2,3,1.5
hensley,2,3,1.5
guha,1,3,3.0
schindera,1,3,3.0
blackburn,3,3,1.0
tcia,2,3,1.5
accessing,3,3,1.0
consolidated,3,3,1.0
valentine,3,3,1.0
vertigo,2,3,1.5
gliomagenesis,3,3,1.0
ment,3,3,1.0
nocturia,1,3,3.0
dysuria,1,3,3.0
minsk,2,3,1.5
psychosexual,1,3,3.0
spiegler,1,3,3.0
schreiber,1,3,3.0
tonning,1,3,3.0
rodwin,1,3,3.0
mirzaei,2,3,1.5
hobbie,1,3,3.0
stuber,1,3,3.0
maldevelopment,1,3,3.0
hypodontia,1,3,3.0
spiegelman,2,3,1.5
postal,3,3,1.0
iatrogenic,3,3,1.0
dürkop,3,3,1.0
olshan,3,3,1.0
h3k27,3,3,1.0
transfusional,1,3,3.0
gestational,3,3,1.0
remberger,2,3,1.5
vissink,1,3,3.0
pedersen,2,3,1.5
craft,3,3,1.0
raney,1,3,3.0
nimwegen,2,3,1.5
negger,1,3,3.0
waas,1,3,3.0
intrathoracic,2,3,1.5
butadiene,3,3,1.0
beryllium,3,3,1.0
reid,3,3,1.0
castiglione,1,3,3.0
felicetti,1,3,3.0
brignardello,1,3,3.0
trh,1,3,3.0
adrenocorticotropic,2,3,1.5
endocrinopathy,1,3,3.0
levothyroxine,2,3,1.5
underpowered,3,3,1.0
triglyceride,1,3,3.0
hirose,3,3,1.0
ferguson,2,3,1.5
0–4,2,3,1.5
meeteren,1,3,3.0
woolfrey,2,3,1.5
santen,1,3,3.0
bax,3,3,1.0
crowne,1,3,3.0
fraser,3,3,1.0
bordigoni,2,3,1.5
pacquement,2,3,1.5
-deficient,2,3,1.5
tramacere,1,3,3.0
kasteler,1,3,3.0
rodday,3,3,1.0
phipps,3,3,1.0
walking,3,3,1.0
booster,2,3,1.5
vinyl,3,3,1.0
hib,2,3,1.5
hydrocarbon,2,3,1.5
sinusitis,2,3,1.5
thalassemia,2,3,1.5
acip,1,3,3.0
dtap,2,3,1.5
qigong,1,3,3.0
reimmunization,2,3,1.5
mortal,1,3,3.0
zoster,3,3,1.0
varicella,2,3,1.5
tumorigenicity,3,3,1.0
normalize,2,3,1.5
disc,3,3,1.0
cosmesis,2,3,1.5
winkel,1,3,3.0
d'angelo,3,3,1.0
vertical,2,3,1.5
orthop,1,3,3.0
corti,2,3,1.5
torsion,1,3,3.0
interstrand,1,3,3.0
mac,2,3,1.5
antimüllerian,2,3,1.5
resulted,3,3,1.0
pci,1,3,3.0
attrition,3,3,1.0
medline,3,3,1.0
norway,2,3,1.5
spermatozoon,1,3,3.0
malposition,1,3,3.0
viviani,2,3,1.5
meistrich,1,3,3.0
nesbit,2,3,1.5
azoospermic,2,3,1.5
e31,2,3,1.5
heutte,2,3,1.5
luke,1,3,3.0
nakash,1,3,3.0
locatelli,2,3,1.5
szydlo,3,3,1.0
demeestere,2,3,1.5
expiratory,2,3,1.5
bccss,1,3,3.0
v10,1,3,3.0
/fvc,1,3,3.0
bronchiectasis,2,3,1.5
wefel,1,3,3.0
noninfectious,2,3,1.5
cochlear,1,3,3.0
foveal,1,3,3.0
stern,3,3,1.0
funduscopy,1,3,3.0
fabian,3,3,1.0
rotondo,3,3,1.0
localized,3,3,1.0
distraction,2,3,1.5
enterocystoplasty,1,3,3.0
unirradiated,1,3,3.0
blazer,3,3,1.0
nephritis,3,3,1.0
belt,3,3,1.0
breathless,3,3,1.0
hepatomegaly,2,3,1.5
retired,1,3,3.0
suffix,2,3,1.5
acetyl,1,3,3.0
nucleosome,2,3,1.5
vaccinate,3,3,1.0
bookstore,2,3,1.5
smoking—50,3,3,1.0
nflammation,1,3,3.0
gp100,1,3,3.0
premise,3,3,1.0
keto,3,3,1.0
pauli,1,3,3.0
tanizaki,1,3,3.0
bibeau,1,3,3.0
siena,1,3,3.0
cassi,1,3,3.0
konda,1,3,3.0
amelanotic,1,3,3.0
melanotic,1,3,3.0
kruse,2,3,1.5
pullen,1,3,3.0
smok,3,3,1.0
estro,1,3,3.0
gomez,2,3,1.5
maillard,2,3,1.5
iliac,1,3,3.0
shilling,3,3,1.0
cummings,3,3,1.0
elijah,3,3,1.0
h.r,1,3,3.0
hermelink,1,3,3.0
qaddoumi,3,3,1.0
broadband,1,3,3.0
israeli,3,3,1.0
pollack,3,3,1.0
chemobrain,1,3,3.0
amendment,3,3,1.0
orphan,3,3,1.0
prea,1,3,3.0
benasso,2,3,1.5
corvò,2,3,1.5
alaska,2,3,1.5
approach,3,3,1.0
siminoff,1,3,3.0
holme,2,3,1.5
simulated,2,3,1.5
tuk,3,3,1.0
zimmer,3,3,1.0
≥60,2,3,1.5
buckman,1,3,3.0
apoptotic,3,3,1.0
elena,3,3,1.0
marchal,1,3,3.0
connectedness,2,3,1.5
accountable,3,3,1.0
hesse,1,3,3.0
sisk,1,3,3.0
pq5,1,3,3.0
flavoring,3,3,1.0
habitual,2,3,1.5
pq12,1,3,3.0
pq11,1,3,3.0
pq10,1,3,3.0
pq9,1,3,3.0
100e,3,3,1.0
aldehyde,2,3,1.5
definable,2,3,1.5
discriminate,2,3,1.5
aldh2,1,3,3.0
localisation,3,3,1.0
vanilla,3,3,1.0
alcoholism,1,3,3.0
pelleti,3,3,1.0
tangible,3,3,1.0
spherical,2,3,1.5
paula,2,3,1.5
segregate,2,3,1.5
toledano,3,3,1.0
birch,2,3,1.5
s1801,1,3,3.0
landgren,3,3,1.0
pen,3,3,1.0
residential,3,3,1.0
sullen,1,3,3.0
tsai,3,3,1.0
affirmation,2,3,1.5
3–11,3,3,1.0
colotech,3,3,1.0
interstate,3,3,1.0
practicality,3,3,1.0
reddish,2,3,1.5
target-52,1,3,3.0
mrt,1,3,3.0
ucsf,2,3,1.5
dermabrasion,1,3,3.0
sunnybrook,3,3,1.0
jelly,2,3,1.5
adamantinomatous,1,3,3.0
imiquimod,1,3,3.0
e79,2,3,1.5
tibsovo,2,3,1.5
neuroscience,3,3,1.0
medic,3,3,1.0
bitcoin,1,3,3.0
blond,3,3,1.0
aapl,1,3,3.0
mpe,3,3,1.0
notched,1,3,3.0
musk,1,3,3.0
ltd,1,3,3.0
doubledown,1,3,3.0
buy,2,3,1.5
ally,3,3,1.0
bonus,3,3,1.0
pfgc,1,3,3.0
fried,3,3,1.0
vip,1,3,3.0
adr,2,3,1.5
ganglioneuroblastoma,3,3,1.0
standout,2,3,1.5
sasco,2,3,1.5
buttock,3,3,1.0
squeeze,3,3,1.0
mvst,1,3,3.0
bmy,1,3,3.0
facs,3,3,1.0
nigm,3,3,1.0
helix,3,3,1.0
inod,1,3,3.0
gamb,1,3,3.0
percepta,1,3,3.0
kotoučová,2,3,1.5
pfoh,2,3,1.5
canagliflozin,1,3,3.0
soot,3,3,1.0
doable,3,3,1.0
buck,3,3,1.0
isochromosome,3,3,1.0
hypomagnesemia,3,3,1.0
mxif,1,3,3.0
discriminator,3,3,1.0
pn1,1,3,3.0
originate,3,3,1.0
portrazza,3,3,1.0
cobas,3,3,1.0
aragaki,2,3,1.5
groshen,1,3,3.0
friebel,2,3,1.5
ravdin,1,3,3.0
tweet,3,3,1.0
paik,1,3,3.0
bartlett,2,3,1.5
cardoso,1,3,3.0
kraft,3,3,1.0
d'orange,2,3,1.5
cep17,1,3,3.0
jogging,3,3,1.0
ind,3,3,1.0
barrington,2,3,1.5
cm0,1,3,3.0
expander,1,3,3.0
insema,1,3,3.0
sso,2,3,1.5
fentiman,1,3,3.0
voss,2,3,1.5
schuster,2,3,1.5
kuske,1,3,3.0
needless,3,3,1.0
poortmans,1,3,3.0
overgaard,1,3,3.0
presymptomatic,2,3,1.5
annum,3,3,1.0
etna,1,3,3.0
geparsepto,1,3,3.0
moral,3,3,1.0
kloo,2,3,1.5
proportionate,2,3,1.5
anthracycline-,1,3,3.0
gim3,1,3,3.0
fata,1,3,3.0
poly,2,3,1.5
pallas,1,3,3.0
bonetti,3,3,1.0
geparsixto,1,3,3.0
train-2,1,3,3.0
dimerization,1,3,3.0
barbosa,3,3,1.0
minh,3,3,1.0
z1041,1,3,3.0
hera,1,3,3.0
kuehn,2,3,1.5
mauri,2,3,1.5
atempt,1,3,3.0
extenet,1,3,3.0
bimodal,3,3,1.0
schneeweiss,1,3,3.0
xp11.2,3,3,1.0
c9741,1,3,3.0
cirrincione,1,3,3.0
pienkowski,1,3,3.0
chavez,3,3,1.0
angulo,2,3,1.5
rubagotti,1,3,3.0
mouridsen,2,3,1.5
falkson,1,3,3.0
wolmark,1,3,3.0
hegg,1,3,3.0
semiglazov,1,3,3.0
kirk,3,3,1.0
dial,3,3,1.0
gebhart,1,3,3.0
procter,1,3,3.0
bcirg,1,3,3.0
calor,1,3,3.0
polyzos,2,3,1.5
monaleesa-7,2,3,1.5
perimenopausal,3,3,1.0
millisecond,1,3,3.0
qtcf,1,3,3.0
goudet,2,3,1.5
progestational,2,3,1.5
alimta,2,3,1.5
romero,2,3,1.5
gsk,2,3,1.5
stiller,3,3,1.0
adagrasib,2,3,1.5
finn,2,3,1.5
verma,1,3,3.0
campone,1,3,3.0
tripathy,2,3,1.5
falcon,3,3,1.0
seidman,1,3,3.0
venturini,2,3,1.5
ghersi,1,3,3.0
strontium-89,2,3,1.5
r13,3,3,1.0
sheer,3,3,1.0
triton3,1,3,3.0
sarah,3,3,1.0
wane,3,3,1.0
webinars,2,3,1.5
logic,2,3,1.5
biotab,1,3,3.0
communicable,3,3,1.0
immense,3,3,1.0
unvalidated,1,3,3.0
amoxicillin,1,3,3.0
thailand,1,3,3.0
parsonnet,2,3,1.5
odor,2,3,1.5
corn,2,3,1.5
pasta,3,3,1.0
beef,2,3,1.5
teasing,3,3,1.0
popsicle,3,3,1.0
cracker,3,3,1.0
finishing,3,3,1.0
ensartinib,2,3,1.5
grandpa,3,3,1.0
ambassador,3,3,1.0
pft,2,3,1.5
brainstorm,3,3,1.0
enhertu,3,3,1.0
mackall,3,3,1.0
mmupv1,1,3,3.0
sting,1,3,3.0
nexus,3,3,1.0
copolymer,1,3,3.0
dacomitinib,2,3,1.5
lover,3,3,1.0
repotrectinib,2,3,1.5
nhanes,1,3,3.0
specified,2,3,1.5
impulsive,3,3,1.0
golub,1,3,3.0
pfeiffer,3,3,1.0
hycamtin,3,3,1.0
mutated,2,3,1.5
bh3,1,3,3.0
nlrs,1,3,3.0
bronx,2,3,1.5
moh,2,3,1.5
regressive,3,3,1.0
ghz,1,3,3.0
emit,1,3,3.0
icnirp,1,3,3.0
kilogram,1,3,3.0
mobi,1,3,3.0
contraception,1,3,3.0
schoemaker,2,3,1.5
feychting,1,3,3.0
deltour,1,3,3.0
ahlbom,1,3,3.0
capstick,1,3,3.0
bioelectromagnetic,1,3,3.0
compatibility,2,3,1.5
contraction,1,3,3.0
fucoidan,1,3,3.0
philippine,2,3,1.5
byer,1,3,3.0
constituency,2,3,1.5
pittsburgh,3,3,1.0
commonwealth,2,3,1.5
spencer,3,3,1.0
keim,1,3,3.0
svynarenko,1,3,3.0
cozad,1,3,3.0
tepotinib,2,3,1.5
pertain,3,3,1.0
mccm,1,3,3.0
schram,1,3,3.0
intimate,3,3,1.0
fragile,3,3,1.0
synnotch,1,3,3.0
mathile,1,3,3.0
sorting,3,3,1.0
summation,1,3,3.0
sanda,1,3,3.0
cavazos,1,3,3.0
revumenib,2,3,1.5
pave,3,3,1.0
polunovsky,1,3,3.0
nextgen,3,3,1.0
tobias,3,3,1.0
preparedness,1,3,3.0
improper,3,3,1.0
horrific,3,3,1.0
shame,3,3,1.0
solo,3,3,1.0
rybrevant,3,3,1.0
akta,1,3,3.0
dunn,1,3,3.0
dhruva,1,3,3.0
interrelationship,3,3,1.0
aouizerat,1,3,3.0
cui,2,3,1.5
clinician,3,3,1.0
moss,2,3,1.5
armodafinil,1,3,3.0
holist,2,3,1.5
hematocrit,3,3,1.0
spatio,2,3,1.5
perturb,2,3,1.5
sno,2,3,1.5
send,3,3,1.0
cto,1,3,3.0
theresa,1,3,3.0
guido,1,3,3.0
pbt,1,3,3.0
valerie,2,3,1.5
leptomeninge,2,3,1.5
ctsp,1,3,3.0
keynote-040,2,3,1.5
pivot,2,3,1.5
gina,1,3,3.0
plata,1,3,3.0
tantrum,3,3,1.0
accord,3,3,1.0
bms-754807,1,3,3.0
femur,3,3,1.0
rotate,2,3,1.5
payback,2,3,1.5
vail,1,3,3.0
shortlist,2,3,1.5
finalist,3,3,1.0
overcooked,1,3,3.0
baudin,3,3,1.0
temple,3,3,1.0
mater,3,3,1.0
generality,3,3,1.0
crankiness,3,3,1.0
hug,2,3,1.5
agitated,3,3,1.0
bergström,3,3,1.0
ekbom,3,3,1.0
omf,3,3,1.0
misclassification,3,3,1.0
wia,1,3,3.0
pinkerton,2,3,1.5
transfection,3,3,1.0
tarlatamab,2,3,1.5
uth,1,3,3.0
astrocytomas,3,3,1.0
newsevent,1,3,3.0
//cancergenome.nih.gov,1,3,3.0
excise,3,3,1.0
tolerable,3,3,1.0
cox2,1,3,3.0
newsannouncement,1,3,3.0
votrient,3,3,1.0
oht,1,3,3.0
ncef,1,3,3.0
grid,3,3,1.0
detector,1,3,3.0
cartagena,3,3,1.0
m.b.b.s,3,3,1.0
dubois,2,3,1.5
saidu,3,3,1.0
rakiya,3,3,1.0
m.b.ch.b,3,3,1.0
nomonde,3,3,1.0
zambia,3,3,1.0
grail,3,3,1.0
paz,3,3,1.0
pillar,3,3,1.0
m.s.n,3,3,1.0
annette,3,3,1.0
are,3,3,1.0
ac→t,1,3,3.0
fn1,1,3,3.0
cash,2,3,1.5
postremission,1,3,3.0
schoot,2,3,1.5
decay,3,3,1.0
gavreto,3,3,1.0
mann,2,3,1.5
ashm,1,3,3.0
anecdote,3,3,1.0
shimaoka,1,3,3.0
schoenfeld,1,3,3.0
chatbot,1,3,3.0
blood-2018,1,3,3.0
apis,3,3,1.0
pif,1,3,3.0
retreatment,2,3,1.5
tao,1,3,3.0
slicing,1,3,3.0
jin,3,3,1.0
gondi,1,3,3.0
hydrophilic,1,3,3.0
lipophilic,1,3,3.0
brose,1,3,3.0
intrapersonal,2,3,1.5
fabricant,1,3,3.0
rhizoma,1,3,3.0
trka,2,3,1.5
greece,3,3,1.0
herbalgram,1,3,3.0
fusion−positive,1,3,3.0
cimicifugae,1,3,3.0
1ic,1,3,3.0
rossi,2,3,1.5
thistle,2,3,1.5
wuttke,1,3,3.0
hashtag,2,3,1.5
tolerant,2,3,1.5
supporter,3,3,1.0
perinatal,2,3,1.5
poynter,1,3,3.0
desquamation,2,3,1.5
interleukin,3,3,1.0
taker,2,3,1.5
lacrimal,2,3,1.5
pdgfr,3,3,1.0
iiia1,1,3,3.0
omentum,1,3,3.0
kebebew,3,3,1.0
spermatic,1,3,3.0
bunin,2,3,1.5
hurthle,2,3,1.5
bmmrd,3,3,1.0
royal,2,3,1.5
confuse,3,3,1.0
0–50,1,3,3.0
worsens,3,3,1.0
brewer,3,3,1.0
teske,1,3,3.0
bokemeyer,1,3,3.0
bacik,1,3,3.0
tumoral,3,3,1.0
beyer,1,3,3.0
shrunk,3,3,1.0
ican,1,3,3.0
fueyo,1,3,3.0
lymphohistiocytosis,2,3,1.5
maraba,1,3,3.0
reexamination,3,3,1.0
coburn,2,3,1.5
qam,1,3,3.0
nest,3,3,1.0
nonappendiceal,3,3,1.0
stearns,1,3,3.0
vincent,2,3,1.5
muffin,3,3,1.0
winstead,3,3,1.0
damicomw,3,3,1.0
reevaluation,3,3,1.0
stewardship,2,3,1.5
vorontsova,3,3,1.0
tronko,3,3,1.0
bogdanova,3,3,1.0
chornobyl,3,3,1.0
ukraine,3,3,1.0
iribarren,3,3,1.0
haselkorn,3,3,1.0
schilling,2,3,1.5
livolsi,2,3,1.5
exorbitant,3,3,1.0
falk,1,3,3.0
jeff,3,3,1.0
exploded,3,3,1.0
athlete,3,3,1.0
corps,1,3,3.0
vicent,2,3,1.5
astct,1,3,3.0
nosis,1,3,3.0
r42,3,3,1.0
uh2,2,3,1.5
bipap,2,3,1.5
sultan,1,3,3.0
isthmus,2,3,1.5
granzen,1,3,3.0
buehrlen,1,3,3.0
gandola,1,3,3.0
pineocytoma,2,3,1.5
strickler,3,3,1.0
rican,2,3,1.5
dimple,2,3,1.5
alh,1,3,3.0
enjoyable,1,3,3.0
porta,2,3,1.5
lightning,3,3,1.0
electrochemotherapy,1,3,3.0
prakash,3,3,1.0
inova,1,3,3.0
cyberknife,2,3,1.5
nasoscope,1,3,3.0
zumbrun,1,3,3.0
transillumination,3,3,1.0
astrow,1,3,3.0
fibrosarcoma,3,3,1.0
krupski,1,3,3.0
fetzer,1,3,3.0
durel,1,3,3.0
cytopathology,3,3,1.0
disfiguring,2,3,1.5
sipuleucel,2,3,1.5
cloning,2,3,1.5
biosketch,1,3,3.0
specialize,3,3,1.0
lighting,3,3,1.0
prashant,1,3,3.0
tasked,3,3,1.0
covering,3,3,1.0
wanping,2,3,1.5
nrt,1,3,3.0
hutchison,3,3,1.0
intervenor,1,3,3.0
doj,1,3,3.0
addictiveness,1,3,3.0
11-,3,3,1.0
rathl,1,3,3.0
microvasculature,3,3,1.0
ranging,3,3,1.0
dlt,3,3,1.0
gallamini,1,3,3.0
encephalopathy,3,3,1.0
≥12,2,3,1.5
hoppe,1,3,3.0
gospodarowicz,1,3,3.0
higgins,1,3,3.0
don,3,3,1.0
kirkwood,1,3,3.0
esterase,3,3,1.0
cotswold,1,3,3.0
photographer,3,3,1.0
böll,1,3,3.0
forero,1,3,3.0
rais,3,3,1.0
fanale,1,3,3.0
beloved,2,3,1.5
borchmann,1,3,3.0
consolidative,1,3,3.0
linfomi,1,3,3.0
luminari,1,3,3.0
aethera,1,3,3.0
h89,1,3,3.0
mounier,1,3,3.0
nademanee,1,3,3.0
boumendil,1,3,3.0
negrin,2,3,1.5
nogová,1,3,3.0
brunner,2,3,1.5
ricans,1,3,3.0
granola,2,3,1.5
neuroscientist,3,3,1.0
wilmot,3,3,1.0
letermovir,1,3,3.0
pneumocystis,1,3,3.0
antifungal,2,3,1.5
cghub,3,3,1.0
portrait,3,3,1.0
hyperbilirubinemia,1,3,3.0
overarching,3,3,1.0
ucsc,3,3,1.0
cecchetto,3,3,1.0
photopheresis,1,3,3.0
extracorporeal,1,3,3.0
thymocyte,1,3,3.0
ratg,1,3,3.0
carreras,1,3,3.0
anaemia,1,3,3.0
pardo,3,3,1.0
leuschner,3,3,1.0
dvorak,1,3,3.0
hyperpigmentation,2,3,1.5
weisdorf,1,3,3.0
ccbir,3,3,1.0
fev1,1,3,3.0
atenafu,1,3,3.0
appelbaum,1,3,3.0
asbmt,1,3,3.0
dipropionate,1,3,3.0
beclomethasone,1,3,3.0
strasser,1,3,3.0
française,2,3,1.5
ikigai,1,3,3.0
multilateral,1,3,3.0
bangladesh,1,3,3.0
robert,2,3,1.5
seropositivity,1,3,3.0
butt,1,3,3.0
receptor−positive,1,3,3.0
multicystic,1,3,3.0
compartmental,1,3,3.0
strn,1,3,3.0
icpc,1,3,3.0
nimh,2,3,1.5
repertoire,3,3,1.0
spect,2,3,1.5
bruscaggin,3,3,1.0
cuccaro,3,3,1.0
nhpi,1,3,3.0
alta,1,3,3.0
ligon,3,3,1.0
schade,3,3,1.0
sandwich,1,3,3.0
intrauterine,1,3,3.0
fppl,1,3,3.0
somatostatinomas,1,3,3.0
vipomas,1,3,3.0
sippel,1,3,3.0
mazeh,1,3,3.0
antigenic,3,3,1.0
≤18,3,3,1.0
intellect,3,3,1.0
formidable,3,3,1.0
eucalcemia,1,3,3.0
hyperfunctional,1,3,3.0
cdc73,1,3,3.0
christaki,1,3,3.0
triponez,1,3,3.0
fendrich,1,3,3.0
laat,1,3,3.0
dopa,1,3,3.0
shannon,3,3,1.0
rinke,3,3,1.0
fishbein,1,3,3.0
rijken,1,3,3.0
cascon,1,3,3.0
bayley,1,3,3.0
humble,3,3,1.0
albright,1,3,3.0
irrelevant,3,3,1.0
python,2,3,1.5
oxyphilia,1,3,3.0
mng1,1,3,3.0
c14orf93,1,3,3.0
jaffe,3,3,1.0
srgap1,1,3,3.0
rap1,1,3,3.0
trf1,1,3,3.0
6q22,1,3,3.0
iceland,1,3,3.0
exac,1,3,3.0
cdc42,1,3,3.0
nkx2.1,1,3,3.0
liyanarachchi,1,3,3.0
mckay,1,3,3.0
gong,3,3,1.0
cantara,1,3,3.0
azim,3,3,1.0
yau,2,3,1.5
emitter,1,3,3.0
resectoscope,1,3,3.0
juli,3,3,1.0
stacchiotti,1,3,3.0
scr,1,3,3.0
retrotransposable,1,3,3.0
tce,1,3,3.0
trainer,2,2,1.0
spell,2,2,1.0
oregon,2,2,1.0
alkylation,1,2,2.0
checker,2,2,1.0
iddir,2,2,1.0
ramp,2,2,1.0
preservative,2,2,1.0
arrive,2,2,1.0
ikegaki,2,2,1.0
criminal,2,2,1.0
myconnect,2,2,1.0
reassuring,2,2,1.0
nisreen,2,2,1.0
philanthropy,2,2,1.0
wint,2,2,1.0
inhibited,2,2,1.0
beaty,1,2,2.0
ambalavanan,2,2,1.0
sabbagh,2,2,1.0
diabetic,2,2,1.0
dehainault,2,2,1.0
bresler,2,2,1.0
jackson,2,2,1.0
dcc,1,2,2.0
tfa,1,2,2.0
weiser,2,2,1.0
hirsutism,2,2,1.0
appleby,1,2,2.0
nbl1,2,2,1.0
dinatale,2,2,1.0
gfp,1,2,2.0
tachypnea,2,2,1.0
eleveld,2,2,1.0
drb,1,2,2.0
midi,1,2,2.0
predictable,2,2,1.0
zullig,2,2,1.0
u01s,1,2,2.0
ffpe,2,2,1.0
ideker,1,2,2.0
covalent,1,2,2.0
gautier,2,2,1.0
trey,1,2,2.0
krogan,1,2,2.0
upswing,2,2,1.0
nevan,1,2,2.0
northeastern,2,2,1.0
schramm,2,2,1.0
nude,1,2,2.0
purification,2,2,1.0
rabadan,2,2,1.0
raul,2,2,1.0
doll,2,2,1.0
panitumumab,2,2,1.0
vito,1,2,2.0
vectibix,2,2,1.0
assenov,2,2,1.0
padovan,2,2,1.0
neel,2,2,1.0
merhar,2,2,1.0
quitting,2,2,1.0
caroline,2,2,1.0
peter,2,2,1.0
aspyrian,2,2,1.0
multiplex,2,2,1.0
imbalzano,2,2,1.0
ostrovnaya,2,2,1.0
emesis,2,2,1.0
sauer,1,2,2.0
stephanie,2,2,1.0
e1006501,2,2,1.0
rosswog,2,2,1.0
platz,1,2,2.0
fassunke,2,2,1.0
duplicative,2,2,1.0
sparber,1,2,2.0
cgmo,1,2,2.0
hankin,1,2,2.0
arbuckle,2,2,1.0
radhakrishnan,2,2,1.0
farnham,2,2,1.0
subglottis,1,2,2.0
david,2,2,1.0
swell,2,2,1.0
haruta,2,2,1.0
wavelength,2,2,1.0
periphery,2,2,1.0
ir700,2,2,1.0
emek,2,2,1.0
boman,2,2,1.0
mediating,2,2,1.0
inbox,2,2,1.0
traveled,2,2,1.0
borges,1,2,2.0
dennis,2,2,1.0
demir,2,2,1.0
customizable,2,2,1.0
coloful,1,2,2.0
hartlieb,2,2,1.0
eun,2,2,1.0
koneru,2,2,1.0
farooqi,2,2,1.0
boffetta,2,2,1.0
environ,2,2,1.0
stressed,2,2,1.0
meeser,2,2,1.0
kuttesch,1,2,2.0
werr,2,2,1.0
coamplification,2,2,1.0
monleon,2,2,1.0
barni,2,2,1.0
kryh,2,2,1.0
andrei,2,2,1.0
doxil,2,2,1.0
öberg,2,2,1.0
sandro,2,2,1.0
biomechanical,2,2,1.0
overdose,1,2,2.0
lyme,1,2,2.0
hantavirus,1,2,2.0
gaarder,2,2,1.0
gundem,2,2,1.0
ake,2,2,1.0
danzin,1,2,2.0
molenaar,2,2,1.0
neuritogenesis,2,2,1.0
durante,2,2,1.0
santagata,2,2,1.0
riedel,2,2,1.0
cent,2,2,1.0
por,1,2,2.0
refine,2,2,1.0
cavazza,2,2,1.0
pete,2,2,1.0
bju,2,2,1.0
garaventa,2,2,1.0
popovic,2,2,1.0
vandesompele,2,2,1.0
millis,2,2,1.0
mari,2,2,1.0
cáncer,2,2,1.0
syncytial,1,2,2.0
dengue,1,2,2.0
marshal,2,2,1.0
overcame,2,2,1.0
e27819,2,2,1.0
further,2,2,1.0
hta,1,2,2.0
greco,1,2,2.0
pharmacother,2,2,1.0
shallow,2,2,1.0
homelessness,1,2,2.0
berbegall,2,2,1.0
bogen,2,2,1.0
peifer,2,2,1.0
hertwig,2,2,1.0
heating,2,2,1.0
closeness,2,2,1.0
cws,1,2,2.0
valentijn,2,2,1.0
varadhachary,2,2,1.0
roderwieser,2,2,1.0
minimized,2,2,1.0
nonadenomatous,1,2,2.0
effort,2,2,1.0
studiengruppe,1,2,2.0
weichteilsarkom,1,2,2.0
dihydroxyvitamin,1,2,2.0
revise,2,2,1.0
screenshot,2,2,1.0
tonini,2,2,1.0
goggle,1,2,2.0
alford,1,2,2.0
kröger,2,2,1.0
kirsch,1,2,2.0
lnesg,2,2,1.0
solving,2,2,1.0
odc,1,2,2.0
naranjo,2,2,1.0
djos,2,2,1.0
extramurally,2,2,1.0
selling,2,2,1.0
sake,2,2,1.0
vaid,2,2,1.0
fanc,2,2,1.0
pson,2,2,1.0
stemm,2,2,1.0
response-,2,2,1.0
hibbitts,2,2,1.0
161a,2,2,1.0
depuydt,2,2,1.0
boeva,2,2,1.0
hocking,2,2,1.0
vonessen,1,2,2.0
bale,2,2,1.0
nct03107988,2,2,1.0
blossom,2,2,1.0
refreshing,2,2,1.0
bioengineer,2,2,1.0
greet,2,2,1.0
anbl1531,2,2,1.0
chd5,2,2,1.0
"33,000x",2,2,1.0
buzz,2,2,1.0
rarefied,2,2,1.0
constitute,2,2,1.0
spelman,2,2,1.0
troy,2,2,1.0
polytechnic,2,2,1.0
rensselaer,2,2,1.0
darkness,2,2,1.0
delaware,2,2,1.0
dover,2,2,1.0
thereabout,2,2,1.0
grandmother,2,2,1.0
technologist,2,2,1.0
oromucosal,1,2,2.0
michon,2,2,1.0
resting,2,2,1.0
schoolboy,2,2,1.0
gentleman,2,2,1.0
alcaide,2,2,1.0
lame,2,2,1.0
amplified,2,2,1.0
translator,2,2,1.0
irene,2,2,1.0
aminobutyric,2,2,1.0
intrigue,2,2,1.0
hometown,2,2,1.0
bioassay,2,2,1.0
copenhagen,2,2,1.0
glottis,1,2,2.0
carén,2,2,1.0
nethander,2,2,1.0
ht2,1,2,2.0
defferrari,2,2,1.0
subtherapeutic,1,2,2.0
htert,2,2,1.0
ultrabright,2,2,1.0
meme,2,2,1.0
restart,2,2,1.0
linzess,2,2,1.0
amplicon,2,2,1.0
12q15,2,2,1.0
ativan,2,2,1.0
mid-2024,2,2,1.0
wga,2,2,1.0
chore,2,2,1.0
clinvar,2,2,1.0
r1275,2,2,1.0
lifesaver,1,2,2.0
headset,2,2,1.0
q61,1,2,2.0
f1245,2,2,1.0
alkm,2,2,1.0
originating,2,2,1.0
gfi1,2,2,1.0
zaleplon,1,2,2.0
illuminating,2,2,1.0
ending,2,2,1.0
unfolded,2,2,1.0
gucy2c,2,2,1.0
guanylyl,2,2,1.0
typified,2,2,1.0
chester,2,2,1.0
twitch,2,2,1.0
mcclain,2,2,1.0
lonigro,2,2,1.0
zichner,2,2,1.0
emerged,2,2,1.0
debut,2,2,1.0
nonoverlapping,2,2,1.0
acgh,2,2,1.0
residuum,2,2,1.0
nca,2,2,1.0
fievet,2,2,1.0
nocturnal,1,2,2.0
nct00904241,2,2,1.0
pathobiological,2,2,1.0
11q,2,2,1.0
"50,000/µl",2,2,1.0
espie,1,2,2.0
5.7–7.0,2,2,1.0
karyorrhexis,2,2,1.0
sugary,2,2,1.0
bedroom,2,2,1.0
purine,2,2,1.0
dréno,2,2,1.0
ini1,2,2,1.0
eckstein,2,2,1.0
expectorant,2,2,1.0
belaud,2,2,1.0
v600e+,2,2,1.0
tardieu,2,2,1.0
kolenová,2,2,1.0
schwentner,2,2,1.0
jug,2,2,1.0
histiocytose,2,2,1.0
davidson,2,2,1.0
rotureau,2,2,1.0
e89473,2,2,1.0
pax5,2,2,1.0
váradi,2,2,1.0
bánusz,2,2,1.0
onselen,1,2,2.0
bourdeaut,2,2,1.0
csomor,2,2,1.0
bigenwald,2,2,1.0
berichel,2,2,1.0
p13.2,2,2,1.0
myoclonic,1,2,2.0
dugay,2,2,1.0
ikzf3,2,2,1.0
≥0.01,2,2,1.0
nonhypodiploid,2,2,1.0
日本語,1,2,2.0
abhyankar,2,2,1.0
scull,2,2,1.0
betz,2,2,1.0
-intact,2,2,1.0
vpreb1,2,2,1.0
deutsch,1,2,2.0
michaloglou,2,2,1.0
nightmare,2,2,1.0
vredeveld,2,2,1.0
soengas,2,2,1.0
brafe600,2,2,1.0
corollary,2,2,1.0
quang,2,2,1.0
multipotent,2,2,1.0
emile,2,2,1.0
schlosser,2,2,1.0
p210,2,2,1.0
barkaoui,2,2,1.0
marchand,2,2,1.0
português,1,2,2.0
interfant,2,2,1.0
15q,2,2,1.0
glutethimide,1,2,2.0
e28,2,2,1.0
phenytoin,2,2,1.0
lapillonne,2,2,1.0
dacic,2,2,1.0
csfr1,2,2,1.0
schutte,1,2,2.0
polski,1,2,2.0
broch,1,2,2.0
sateia,1,2,2.0
trusky,2,2,1.0
palesh,1,2,2.0
e165,2,2,1.0
nct00222612,2,2,1.0
memphis,2,2,1.0
roden,2,2,1.0
ayisyen,1,2,2.0
meignin,2,2,1.0
unequaled,2,2,1.0
isparitie,2,2,1.0
mid-1960,2,2,1.0
sleeping,2,2,1.0
all11,2,2,1.0
ms2003,2,2,1.0
jouenne,2,2,1.0
bugnet,2,2,1.0
hogstad,2,2,1.0
shady,2,2,1.0
hectic,2,2,1.0
ebf1,2,2,1.0
golden,2,2,1.0
kreyòl,1,2,2.0
berres,2,2,1.0
bosutinib,2,2,1.0
9p13.2,2,2,1.0
العربية,1,2,2.0
mme,2,2,1.0
metalloproteinase,2,2,1.0
navitoclax,2,2,1.0
igf2bp1,2,2,1.0
sabine,2,2,1.0
phosphor-,2,2,1.0
2p12,2,2,1.0
igl,2,2,1.0
igk,2,2,1.0
igh2,2,2,1.0
nontranslocation,2,2,1.0
jnk,2,2,1.0
grueling,2,2,1.0
tooke,2,2,1.0
chromosome­–positive,2,2,1.0
hoxa9,2,2,1.0
-binding,2,2,1.0
bead,2,2,1.0
hongwu,2,2,1.0
igf1,2,2,1.0
pawel,2,2,1.0
facing,2,2,1.0
zinecard,1,2,2.0
furtwängler,2,2,1.0
sr2211,2,2,1.0
bruised,2,2,1.0
donating,2,2,1.0
map3k1,2,2,1.0
pi3ca,2,2,1.0
bloodless,2,2,1.0
pram,1,2,2.0
berre,2,2,1.0
granulomatous,2,2,1.0
e33891,2,2,1.0
preusser,2,2,1.0
incarceration,1,2,2.0
vak,2,2,1.0
bumpy,2,2,1.0
epsilon,2,2,1.0
lysozyme,2,2,1.0
cd11c,2,2,1.0
myeloperoxidase,2,2,1.0
ajh,2,2,1.0
nos,2,2,1.0
interleukin-15,2,2,1.0
centrosomal,2,2,1.0
abolish,2,2,1.0
domingue,2,2,1.0
spindler,2,2,1.0
phace,1,2,2.0
shana,2,2,1.0
hoxa10,2,2,1.0
nonclonal,2,2,1.0
kdm6a,2,2,1.0
s43018,2,2,1.0
n486,2,2,1.0
bruise,2,2,1.0
p490,2,2,1.0
rikhia,2,2,1.0
nadolol,1,2,2.0
atenolol,1,2,2.0
rpn1,2,2,1.0
bcl2l1,2,2,1.0
q21.2,2,2,1.0
p13.1q22,2,2,1.0
ruppin,2,2,1.0
karyotypic,2,2,1.0
scl,2,2,1.0
sinha,1,2,2.0
map17,2,2,1.0
vay,2,2,1.0
tickoo,2,2,1.0
liability,1,2,2.0
cd11a,2,2,1.0
underinsured,2,2,1.0
purkinje,2,2,1.0
gauthier,2,2,1.0
whittle,2,2,1.0
m4eo,2,2,1.0
utsw,2,2,1.0
kohsaka,2,2,1.0
hyperleukocytosis,2,2,1.0
فارسی,1,2,2.0
10p11.2,2,2,1.0
abi1,2,2,1.0
szuhai,2,2,1.0
ancestor,1,2,2.0
nct04293562,2,2,1.0
rahm,2,2,1.0
transactivating,2,2,1.0
perrin,2,2,1.0
mandel,2,2,1.0
muh,2,2,1.0
xwnt5a,2,2,1.0
8p11,2,2,1.0
ror2,2,2,1.0
mds1,2,2,1.0
3q26,2,2,1.0
ngf,1,2,2.0
upstaged,2,2,1.0
impart,2,2,1.0
guillemot,2,2,1.0
mllt2,2,2,1.0
sizeable,2,2,1.0
venom,2,2,1.0
nonpainful,1,2,2.0
p15,2,2,1.0
5q35,2,2,1.0
wehrs,2,2,1.0
hoxb,2,2,1.0
loarer,2,2,1.0
inversion,2,2,1.0
bouvier,2,2,1.0
cutis,2,2,1.0
erythrophagocytosis,2,2,1.0
alendronate,2,2,1.0
fosamax,2,2,1.0
characterize,2,2,1.0
rcan1,2,2,1.0
unfit,1,2,2.0
gus2,2,2,1.0
hypoplastic,2,2,1.0
4–7,2,2,1.0
mrtfa,2,2,1.0
cd56,2,2,1.0
upstage,2,2,1.0
arctic,2,2,1.0
ercc6l2,2,2,1.0
archival,2,2,1.0
mnx1,2,2,1.0
krsková,2,2,1.0
fpd,2,2,1.0
diderot,1,2,2.0
bcor1,2,2,1.0
gdty,2,2,1.0
spartan,1,2,2.0
gdsy,2,2,1.0
precedent,2,2,1.0
d87,2,2,1.0
prosper,1,2,2.0
multiprotein,2,2,1.0
mrhalová,2,2,1.0
-td,2,2,1.0
tubal,2,2,1.0
nucleolar,2,2,1.0
m3v,2,2,1.0
overreaction,2,2,1.0
sumerauer,2,2,1.0
checking,2,2,1.0
checkboxe,2,2,1.0
delete,2,2,1.0
satisfying,2,2,1.0
chisholm,2,2,1.0
vamc,2,2,1.0
cbocs,2,2,1.0
referee,2,2,1.0
slider,2,2,1.0
ddx41,2,2,1.0
name,2,2,1.0
comma,2,2,1.0
semicolon,2,2,1.0
realtime,1,2,2.0
erythromicin,2,2,1.0
mbo3.204,2,2,1.0
thway,2,2,1.0
tbl1xr1,2,2,1.0
dctn1,2,2,1.0
wren,2,2,1.0
nascimento,2,2,1.0
cdm,2,2,1.0
mosquera,2,2,1.0
revertant,2,2,1.0
7q21.2,2,2,1.0
mlsm7,2,2,1.0
microbiologyopen,2,2,1.0
atxpc,2,2,1.0
sboner,2,2,1.0
shenoy,2,2,1.0
dispense,2,2,1.0
proponent,2,2,1.0
bullet,2,2,1.0
alvarez,2,2,1.0
dcml,2,2,1.0
monocytopenia,2,2,1.0
holmfeldt,2,2,1.0
mccastlain,2,2,1.0
wittsten,2,2,1.0
hyrenius,2,2,1.0
ikaro,2,2,1.0
nina,2,2,1.0
goorha,2,2,1.0
specify,2,2,1.0
bajpai,2,2,1.0
gata1s,2,2,1.0
truncated,2,2,1.0
erythroid,2,2,1.0
portend,2,2,1.0
trying,2,2,1.0
leftover,2,2,1.0
all97/99,2,2,1.0
rhoade,2,2,1.0
e29511,2,2,1.0
prps1,2,2,1.0
pondrom,2,2,1.0
drabbe,2,2,1.0
ganmore,2,2,1.0
flore,2,2,1.0
miami,2,2,1.0
e28486,2,2,1.0
apellaniz,2,2,1.0
sutcliffe,2,2,1.0
chilton,2,2,1.0
martineau,2,2,1.0
kommoss,2,2,1.0
synold,2,2,1.0
clg,2,2,1.0
billed,2,2,1.0
ehrs,1,2,2.0
muenster,2,2,1.0
fkf,2,2,1.0
lemez,2,2,1.0
mora,2,2,1.0
daya,2,2,1.0
metastasizing,2,2,1.0
shahbazian,2,2,1.0
lerner,2,2,1.0
shurtleff,2,2,1.0
wealthy,2,2,1.0
sarc,2,2,1.0
sickkids,2,2,1.0
oncoprint,1,2,2.0
e839,2,2,1.0
goldwass,2,2,1.0
skapek,2,2,1.0
emma,2,2,1.0
kanerva,2,2,1.0
izquierdo,2,2,1.0
minto,2,2,1.0
matheson,2,2,1.0
diddy,2,2,1.0
quest,2,2,1.0
broadfield,2,2,1.0
biloglav,2,2,1.0
egil,2,2,1.0
helman,2,2,1.0
gandemer,2,2,1.0
shepherdish,2,2,1.0
all-1992,2,2,1.0
koufos,2,2,1.0
all-2000,2,2,1.0
e109428,2,2,1.0
andersen,2,2,1.0
bhojwani,2,2,1.0
muzíková,2,2,1.0
chessell,2,2,1.0
e520,2,2,1.0
e510,2,2,1.0
spf,2,2,1.0
sunglass,2,2,1.0
jabbour,2,2,1.0
duffield,2,2,1.0
esphall,2,2,1.0
scrable,2,2,1.0
broniscer,2,2,1.0
aricò,2,2,1.0
horsley,2,2,1.0
delft,2,2,1.0
uckun,2,2,1.0
e2a,2,2,1.0
rubnitz,2,2,1.0
gaynon,2,2,1.0
otsubo,2,2,1.0
accomplice,2,2,1.0
noninfant,2,2,1.0
interfant-99,2,2,1.0
chmielecki,2,2,1.0
kitchingman,2,2,1.0
glossy,2,2,1.0
fatlike,1,2,2.0
rapion,2,2,1.0
auclerc,2,2,1.0
horizontal,2,2,1.0
dread,1,2,2.0
potuckova,2,2,1.0
vear,2,2,1.0
minson,2,2,1.0
/tcf3,2,2,1.0
crist,2,2,1.0
jnci.j,2,2,1.0
sensel,2,2,1.0
bardini,2,2,1.0
fazio,2,2,1.0
ciprofloxacin,2,2,1.0
shelat,2,2,1.0
cen,2,2,1.0
sisoudiya,2,2,1.0
lequin,2,2,1.0
legno,2,2,1.0
immunotype,2,2,1.0
plerixafor,2,2,1.0
pietra,2,2,1.0
orsmark,2,2,1.0
aurias,2,2,1.0
ebiomedicine,2,2,1.0
nebral,2,2,1.0
chord,2,2,1.0
thyca,2,2,1.0
cpx-351,2,2,1.0
zepeda,2,2,1.0
smadbeck,2,2,1.0
koleilat,2,2,1.0
sutton,2,2,1.0
willman,2,2,1.0
erythromycin,2,2,1.0
grimaldi,2,2,1.0
murgo,2,2,1.0
hasserjian,2,2,1.0
orazi,2,2,1.0
e66,2,2,1.0
e55,2,2,1.0
metronidazole,2,2,1.0
sh3,2,2,1.0
cej,2,2,1.0
outersterp,2,2,1.0
ssbp2,2,2,1.0
progenitor-,2,2,1.0
glue,2,2,1.0
waander,2,2,1.0
e2200048,2,2,1.0
medica,2,2,1.0
monforte,2,2,1.0
bakkus,2,2,1.0
muñoz,2,2,1.0
palmi,2,2,1.0
ubm,2,2,1.0
terrada,2,2,1.0
eckert,2,2,1.0
frech,2,2,1.0
e30996,2,2,1.0
wengyn,2,2,1.0
kovach,2,2,1.0
grümayer,2,2,1.0
panzer,2,2,1.0
schmäh,2,2,1.0
all97,2,2,1.0
delighted,2,2,1.0
rizopoulo,2,2,1.0
spred1,2,2,1.0
behrendtz,2,2,1.0
dörge,2,2,1.0
feng,2,2,1.0
mendioroz,2,2,1.0
krentz,2,2,1.0
gallimore,2,2,1.0
buitenkamp,2,2,1.0
ramanathan,2,2,1.0
affendie,2,2,1.0
bomken,2,2,1.0
e28341,2,2,1.0
ishimaru,2,2,1.0
imlygic,2,2,1.0
myc+,2,2,1.0
underappreciated,2,2,1.0
herbrueggen,2,2,1.0
horror,2,2,1.0
singapore,2,2,1.0
aej,2,2,1.0
yeoh,2,2,1.0
dagdan,2,2,1.0
modularity,2,2,1.0
overrepresentation,2,2,1.0
upbringing,2,2,1.0
maximize,2,2,1.0
mvhp,1,2,2.0
webber,2,2,1.0
doi.org/10.1186/1471-2334-13-593,2,2,1.0
kras2,1,2,2.0
morphogenetic,1,2,2.0
hinge,2,2,1.0
muto,1,2,2.0
fenoglio,1,2,2.0
booker,1,2,2.0
jeevaratnam,1,2,2.0
kanth,1,2,2.0
vecchia,2,2,1.0
slattery,1,2,2.0
fulfilling,2,2,1.0
promiscuous,2,2,1.0
stryker,2,2,1.0
barnetson,1,2,2.0
alava,2,2,1.0
gerde,1,2,2.0
helzlsouer,2,2,1.0
rozen,1,2,2.0
doorninck,2,2,1.0
lamlum,1,2,2.0
ophthalmological,2,2,1.0
soravia,1,2,2.0
spirio,1,2,2.0
leppert,1,2,2.0
thliveris,1,2,2.0
knot,2,2,1.0
deley,2,2,1.0
delattre,2,2,1.0
tenesa,1,2,2.0
amram,2,2,1.0
cooperate,2,2,1.0
shaky,2,2,1.0
e.w.i.n.g,2,2,1.0
emend,2,2,1.0
miyaki,1,2,2.0
papadopoulo,1,2,2.0
larrínaga,1,2,2.0
peñuela,1,2,2.0
bengoechea,1,2,2.0
crotty,2,2,1.0
lothe,1,2,2.0
mcgraw,2,2,1.0
workload,2,2,1.0
alvina,2,2,1.0
mccann,1,2,2.0
blasyk,1,2,2.0
hyman,1,2,2.0
mallory,2,2,1.0
tarkkanen,2,2,1.0
mackintosh,2,2,1.0
tacr1,1,2,2.0
ssrna,1,2,2.0
whitehall,1,2,2.0
simms,2,2,1.0
samowitz,1,2,2.0
caspari,1,2,2.0
tlr7,1,2,2.0
china,2,2,1.0
eliseo,2,2,1.0
monogenic,1,2,2.0
farm,2,2,1.0
6–7,2,2,1.0
aimed,2,2,1.0
domínguez,2,2,1.0
mlh1,1,2,2.0
scholz,2,2,1.0
laner,1,2,2.0
ccy,2,2,1.0
mugneret,2,2,1.0
naked,1,2,2.0
norwegian,2,2,1.0
lizard,2,2,1.0
bated,2,2,1.0
kindred,2,2,1.0
grimer,2,2,1.0
sdgs,1,2,2.0
taminiau,2,2,1.0
discussant,2,2,1.0
lively,2,2,1.0
tirode,2,2,1.0
foveolar,1,2,2.0
crompton,2,2,1.0
perotti,2,2,1.0
nongrowing,1,2,2.0
brohl,2,2,1.0
orlan,1,2,2.0
nonmetastasizing,2,2,1.0
e1004475,2,2,1.0
castle,2,2,1.0
sankar,2,2,1.0
sturt,1,2,2.0
morular,2,2,1.0
7–8,2,2,1.0
toguchida,2,2,1.0
palipudi,1,2,2.0
duodenography,1,2,2.0
yamaguchi,2,2,1.0
2drt,1,2,2.0
maciaszek,2,2,1.0
ppi,1,2,2.0
headwind,2,2,1.0
thermodynamic,2,2,1.0
lenvima,2,2,1.0
rozlytrek,2,2,1.0
selpercatnib,1,2,2.0
oak,2,2,1.0
erinma,2,2,1.0
elibe,2,2,1.0
observatory,2,2,1.0
defer,2,2,1.0
mbchb,2,2,1.0
garton,2,2,1.0
recalibration,2,2,1.0
resemble,2,2,1.0
juneteenth,1,2,2.0
kansara,2,2,1.0
khabbaze,2,2,1.0
cyclooxygenase,1,2,2.0
mucosectomy,1,2,2.0
pouchoscopie,1,2,2.0
usage,2,2,1.0
scandinavian,2,2,1.0
ireland,1,2,2.0
complicate,2,2,1.0
acneiform,1,2,2.0
employ,2,2,1.0
idol,2,2,1.0
incorporate,2,2,1.0
orifice,1,2,2.0
journalism,2,2,1.0
directorship,2,2,1.0
bhadrasain,2,2,1.0
audacious,2,2,1.0
beroukhim,2,2,1.0
scnas,1,2,2.0
gad,2,2,1.0
spurr,2,2,1.0
1395delgga,1,2,2.0
suehara,2,2,1.0
postcolectomy,1,2,2.0
biden‒harris,2,2,1.0
eosinophilic,2,2,1.0
nygc,1,2,2.0
preferential,2,2,1.0
nacev,2,2,1.0
noon,2,2,1.0
duplicate,2,2,1.0
rppa,2,2,1.0
ijaz,2,2,1.0
stuart,2,2,1.0
mutsβ,1,2,2.0
mutsα,1,2,2.0
intronic,1,2,2.0
v2.0,2,2,1.0
isodicentric,2,2,1.0
beta-,2,2,1.0
drissi,2,2,1.0
cumbersome,2,2,1.0
nonneville,2,2,1.0
henley,2,2,1.0
pathogenicity,2,2,1.0
top3a,2,2,1.0
scrutiny,2,2,1.0
unidentifiable,1,2,2.0
e15859,2,2,1.0
ognjanovic,2,2,1.0
cdh1,1,2,2.0
sigma,1,2,2.0
lait,2,2,1.0
transparent,2,2,1.0
plsd,1,2,2.0
eightfold,2,2,1.0
overestimation,2,2,1.0
hubmap,2,2,1.0
livelihood,2,2,1.0
yeager,2,2,1.0
249k,2,2,1.0
itemized,2,2,1.0
physicians,2,2,1.0
preeminent,2,2,1.0
mrcp,1,2,2.0
cholangiopancreatography,2,2,1.0
minus,2,2,1.0
ecologic,2,2,1.0
sdrs,1,2,2.0
disagree,1,2,2.0
p36,2,2,1.0
hyperspeed,2,2,1.0
ukcgg,1,2,2.0
acpgbi,1,2,2.0
ncoa1,2,2,1.0
qalys,1,2,2.0
connote,2,2,1.0
biostatistical,1,2,2.0
shipping,2,2,1.0
adaption,1,2,2.0
speculative,2,2,1.0
finite,1,2,2.0
jit,2,2,1.0
eus,1,2,2.0
fork,2,2,1.0
100k,2,2,1.0
nct01885702,1,2,2.0
keynote-177,1,2,2.0
dhfr,1,2,2.0
undertaken,2,2,1.0
awry,2,2,1.0
resected,2,2,1.0
immunomodulation,1,2,2.0
malignum,1,2,2.0
overestimate,2,2,1.0
disorganization,1,2,2.0
arteriovenous,1,2,2.0
dermatomyositis,2,2,1.0
flare,1,2,2.0
intussusception,1,2,2.0
usmstf,1,2,2.0
7–17,2,2,1.0
mahamdallie,2,2,1.0
postdeath,1,2,2.0
cavernous,2,2,1.0
jejunoileal,1,2,2.0
methylene,2,2,1.0
≤12,2,2,1.0
yost,2,2,1.0
hmp,1,2,2.0
tonzi,2,2,1.0
eyebrow,1,2,2.0
slice,2,2,1.0
finland,2,2,1.0
overtube,1,2,2.0
e5564,2,2,1.0
oxidant,1,2,2.0
inaccessibility,2,2,1.0
31a,2,2,1.0
poyastro,2,2,1.0
marinoff,2,2,1.0
grader,2,2,1.0
thrilling,2,2,1.0
etv1,2,2,1.0
baglietto,1,2,2.0
intrapsychic,1,2,2.0
numbed,2,2,1.0
immunomodulator,1,2,2.0
slack,2,2,1.0
dozois,1,2,2.0
irreproachable,2,2,1.0
troubling,2,2,1.0
halliday,2,2,1.0
koornstra,1,2,2.0
mesothelial,2,2,1.0
frost,2,2,1.0
yttrium,2,2,1.0
stroebe,1,2,2.0
takao,1,2,2.0
pou5f1,2,2,1.0
brosen,1,2,2.0
utsunomiya,2,2,1.0
mishima,1,2,2.0
aliment,2,2,1.0
saunders,1,2,2.0
ptm,2,2,1.0
myoepithelial,2,2,1.0
barker,1,2,2.0
e1007399,2,2,1.0
intrafamilial,2,2,1.0
tomlinson,2,2,1.0
tejpar,1,2,2.0
cuff,2,2,1.0
desaint,1,2,2.0
hoyer,2,2,1.0
arao,1,2,2.0
vink,2,2,1.0
farmer,2,2,1.0
sp3,2,2,1.0
hylind,1,2,2.0
samadder,1,2,2.0
solomon,2,2,1.0
ekici,2,2,1.0
penel,2,2,1.0
collard,2,2,1.0
chung,1,2,2.0
tiret,2,2,1.0
penna,1,2,2.0
clary,2,2,1.0
rhabdosarcoma,2,2,1.0
calabrese,2,2,1.0
chak,2,2,1.0
e54,1,2,2.0
pax7,2,2,1.0
posttransplantation,1,2,2.0
portuguese,2,2,1.0
pire,2,2,1.0
turchetti,1,2,2.0
jenkins,1,2,2.0
goodenberger,1,2,2.0
poulsen,2,2,1.0
boparai,1,2,2.0
ciltacabtagene,2,2,1.0
bel,1,2,2.0
castellví,1,2,2.0
ukaegbu,1,2,2.0
mercado,1,2,2.0
terdiman,1,2,2.0
blombery,1,2,2.0
bodmer,1,2,2.0
fredrickson,2,2,1.0
nonrisk,2,2,1.0
burgart,1,2,2.0
cawkwell,2,2,1.0
leenen,1,2,2.0
guard,1,2,2.0
hepatosplenic,2,2,1.0
thicken,2,2,1.0
kovac,1,2,2.0
leontovich,1,2,2.0
suther,1,2,2.0
kwok,2,2,1.0
goverde,1,2,2.0
grieu,1,2,2.0
latham,1,2,2.0
frankel,2,2,1.0
cragun,1,2,2.0
mangu,2,2,1.0
shirt,2,2,1.0
weinstein,2,2,1.0
sjögren,1,2,2.0
sijmon,1,2,2.0
pukkala,1,2,2.0
ligtenberg,1,2,2.0
cmj,2,2,1.0
broeke,1,2,2.0
lerman,1,2,2.0
flensburg,1,2,2.0
reggio,2,2,1.0
sistonen,1,2,2.0
mayoral,2,2,1.0
carboxy,2,2,1.0
noncarriers,1,2,2.0
loeffler,2,2,1.0
polysomnogram,2,2,1.0
renkonen,1,2,2.0
morreau,1,2,2.0
astolfi,2,2,1.0
buerki,2,2,1.0
self-,2,2,1.0
laramore,1,2,2.0
chromoendoscopic,1,2,2.0
chromoscopic,1,2,2.0
sinisalo,1,2,2.0
mather,1,2,2.0
canto,2,2,1.0
translocated,2,2,1.0
isidor,2,2,1.0
casey,2,2,1.0
beart,2,2,1.0
maeda,2,2,1.0
hawn,1,2,2.0
impower133,1,2,2.0
kutner,1,2,2.0
shiu,1,2,2.0
pretherapy,2,2,1.0
confidentiality,2,2,1.0
methylomic,2,2,1.0
stienen,1,2,2.0
acetylomic,2,2,1.0
semin,1,2,2.0
biomolecular,2,2,1.0
urquhart,1,2,2.0
nakau,1,2,2.0
reply,2,2,1.0
lier,1,2,2.0
mcmillan,2,2,1.0
mcw,2,2,1.0
bair,2,2,1.0
kam,1,2,2.0
multiorgan,2,2,1.0
górski,2,2,1.0
cybulski,2,2,1.0
1100delc,1,2,2.0
wijnen,2,2,1.0
heijboer,1,2,2.0
meijer,1,2,2.0
quintana,2,2,1.0
mundt,2,2,1.0
hepatol,2,2,1.0
chromoscopy,1,2,2.0
steroidal,2,2,1.0
cilta,2,2,1.0
stag2,2,2,1.0
việt,1,2,2.0
cd99,2,2,1.0
cytoskeleton,2,2,1.0
postdisclosure,1,2,2.0
0–1,2,2,1.0
0–100,1,2,2.0
tuq,1,2,2.0
continence,1,2,2.0
postsurgery,2,2,1.0
tiếng,1,2,2.0
繁體中文,1,2,2.0
gisselsson,2,2,1.0
oig,1,2,2.0
malformed,2,2,1.0
amniocentesis,1,2,2.0
nonparticipant,1,2,2.0
myer,2,2,1.0
bleiker,1,2,2.0
ashida,1,2,2.0
gaff,1,2,2.0
collin,2,2,1.0
duivenvoorden,1,2,2.0
behaviour,2,2,1.0
kriege,2,2,1.0
biomarkers,2,2,1.0
psychosom,2,2,1.0
lafon,2,2,1.0
rosenblatt,1,2,2.0
michie,1,2,2.0
qa22,2,2,1.0
hudson,2,2,1.0
loh18cr1,2,2,1.0
5q31,2,2,1.0
advise,2,2,1.0
contextual,2,2,1.0
alcanza,1,2,2.0
pcalcl,1,2,2.0
govern,2,2,1.0
unparalleled,2,2,1.0
massagué,1,2,2.0
fmi,1,2,2.0
sclcs,2,2,1.0
congenitale,2,2,1.0
ncats,2,2,1.0
8p12,2,2,1.0
bork,1,2,2.0
percy,2,2,1.0
repayment,2,2,1.0
pyroptosis,1,2,2.0
porcu,2,2,1.0
panoptosis,1,2,2.0
sanger,1,2,2.0
lite,2,2,1.0
scaffold,2,2,1.0
vegfa,2,2,1.0
6p12,2,2,1.0
canary,2,2,1.0
trizol,1,2,2.0
kdr,2,2,1.0
4q12,2,2,1.0
homology,2,2,1.0
aaml03p1,1,2,2.0
dominance,2,2,1.0
autism,2,2,1.0
a+avd,1,2,2.0
analyzer,1,2,2.0
beadchip,1,2,2.0
overrepresented,2,2,1.0
stanford,2,2,1.0
ultrastructural,2,2,1.0
città,1,2,2.0
thymine,2,2,1.0
recycling,2,2,1.0
valind,2,2,1.0
climbing,2,2,1.0
preventative,2,2,1.0
scienza,1,2,2.0
salute,1,2,2.0
skepticism,2,2,1.0
aliya,1,2,2.0
cpp,1,2,2.0
cregp,1,2,2.0
instructional,1,2,2.0
scant,2,2,1.0
harmanci,2,2,1.0
app/,1,2,2.0
//worldreport.nih.gov,1,2,2.0
pädiatrische,2,2,1.0
für,2,2,1.0
gesellschaft,2,2,1.0
pédiatrique,2,2,1.0
d'oncologie,2,2,1.0
internationale,2,2,1.0
sprout,2,2,1.0
broccoli,2,2,1.0
rodrigue,2,2,1.0
rumination,1,2,2.0
andrianteranagna,2,2,1.0
abcb11,2,2,1.0
ccrn,2,2,1.0
przegl,2,2,1.0
bień,2,2,1.0
godziński,2,2,1.0
balcerska,2,2,1.0
graf,2,2,1.0
sarabia,2,2,1.0
eta,2,2,1.0
nault,2,2,1.0
hämatologie,2,2,1.0
und,2,2,1.0
onkologie,2,2,1.0
ellence,2,2,1.0
headphone,2,2,1.0
lawn,2,2,1.0
earplug,1,2,2.0
karlsson,2,2,1.0
cloudy,1,2,2.0
pilati,2,2,1.0
honeyman,2,2,1.0
economics,2,2,1.0
dnajb1,2,2,1.0
circo,2,2,1.0
chewing,2,2,1.0
sugarless,2,2,1.0
claudin,2,2,1.0
pcsk9,1,2,2.0
strip,2,2,1.0
circos,2,2,1.0
sobin,2,2,1.0
hamburger,2,2,1.0
usd,2,2,1.0
banner,2,2,1.0
chws,1,2,2.0
flickr,1,2,2.0
metropolitan,2,2,1.0
poetry,2,2,1.0
cdn2a,2,2,1.0
ellipsis,1,2,2.0
thermostable,1,2,2.0
democracy,2,2,1.0
pathovax,1,2,2.0
enactment,2,2,1.0
woodruff,2,2,1.0
garavelli,2,2,1.0
haul,2,2,1.0
shokat,2,2,1.0
kevan,2,2,1.0
android,2,2,1.0
cellulose,2,2,1.0
ccne1,2,2,1.0
ramanujam,2,2,1.0
gog-0213,1,2,2.0
sumazin,2,2,1.0
fip1l1,2,2,1.0
shoelace,2,2,1.0
carrillo,2,2,1.0
ccitla,1,2,2.0
dmsp,1,2,2.0
wainwright,2,2,1.0
reixach,2,2,1.0
torren,2,2,1.0
gröbner,2,2,1.0
exponential,2,2,1.0
piemontese,2,2,1.0
consuming,2,2,1.0
wolfelt,2,2,1.0
newmarket,2,2,1.0
briefer,1,2,2.0
wass,2,2,1.0
irritated,2,2,1.0
complain,2,2,1.0
playful,2,2,1.0
sekiguchi,2,2,1.0
shanmugaratnam,1,2,2.0
wilder,2,2,1.0
eid,2,2,1.0
mailankody,1,2,2.0
farydak,2,2,1.0
paola,2,2,1.0
warminster,2,2,1.0
rainbow,2,2,1.0
quilt,2,2,1.0
atheneum,2,2,1.0
barney,2,2,1.0
doubleday,2,2,1.0
jovanovich,2,2,1.0
hell,2,2,1.0
muncie,2,2,1.0
confront,2,2,1.0
erickson,2,2,1.0
inserra,1,2,2.0
carretto,1,2,2.0
suster,2,2,1.0
vilarinho,2,2,1.0
ionized,2,2,1.0
русский,1,2,2.0
erson,2,2,1.0
tomaszek,1,2,2.0
trialists,1,2,2.0
cowen,1,2,2.0
allan,2,2,1.0
omay,2,2,1.0
resect,1,2,2.0
tagalog,1,2,2.0
creamy,2,2,1.0
hnf1a,2,2,1.0
mashed,2,2,1.0
macaroni,2,2,1.0
cottage,2,2,1.0
grit,2,2,1.0
oatmeal,2,2,1.0
dlk1,2,2,1.0
phitt,2,2,1.0
kwah,2,2,1.0
nct03017326,2,2,1.0
aisner,1,2,2.0
telling,2,2,1.0
carnation,2,2,1.0
nonfibrolamellar,2,2,1.0
smoothy,2,2,1.0
milkshake,2,2,1.0
한국어,1,2,2.0
tuna,2,2,1.0
mylifeline,2,2,1.0
strained,2,2,1.0
dnaj,2,2,1.0
embarrassed,2,2,1.0
stove,2,2,1.0
ncl,2,2,1.0
leidos,2,2,1.0
nami,1,2,2.0
trippel,2,2,1.0
chaplaincy,2,2,1.0
solidifie,2,2,1.0
shower,2,2,1.0
rail,2,2,1.0
erbs,1,2,2.0
repress,1,2,2.0
kreuder,2,2,1.0
circuitry,2,2,1.0
salk,2,2,1.0
rando,1,2,2.0
progeny,2,2,1.0
jia,2,2,1.0
pagès,2,2,1.0
puget,2,2,1.0
milde,2,2,1.0
hindgut,1,2,2.0
question,2,2,1.0
abnorm,1,2,2.0
inception,2,2,1.0
argentaffin,1,2,2.0
analytics,2,2,1.0
corner,2,2,1.0
henneken,2,2,1.0
guerrero,2,2,1.0
achlorhydria,2,2,1.0
blume,2,2,1.0
ileocecal,1,2,2.0
dysrhythmia,1,2,2.0
shofuda,2,2,1.0
ghasemi,2,2,1.0
exchange.nih.gov,2,2,1.0
spurious,2,2,1.0
endocardial,2,2,1.0
detoxification,1,2,2.0
swanson,2,2,1.0
scheil,2,2,1.0
eicker,2,2,1.0
hydroxytryptophan,1,2,2.0
keap1,2,2,1.0
gmp,2,2,1.0
piro,2,2,1.0
zschernack,2,2,1.0
mdp,1,2,2.0
-octreotide,2,2,1.0
divi,2,2,1.0
bendel,2,2,1.0
baroni,2,2,1.0
sundaresan,2,2,1.0
tricuspid,2,2,1.0
tandon,2,2,1.0
duchaine,2,2,1.0
panwalkar,2,2,1.0
h3k27me3,2,2,1.0
debelenko,2,2,1.0
argyrophil,1,2,2.0
rappel,1,2,2.0
shimizu,2,2,1.0
ikeda,1,2,2.0
fujimori,2,2,1.0
carcinoembryonic,2,2,1.0
bajetta,1,2,2.0
sandor,2,2,1.0
telecommunication,1,2,2.0
biomeca,2,2,1.0
guzman,2,2,1.0
hofland,1,2,2.0
herder,2,2,1.0
secretogranin,1,2,2.0
erratic,2,2,1.0
tsukamoto,1,2,2.0
sundin,1,2,2.0
orlefor,1,2,2.0
i-131,2,2,1.0
mancini,2,2,1.0
yakuwa,2,2,1.0
giacco,1,2,2.0
koura,1,2,2.0
wohler,2,2,1.0
fry,2,2,1.0
stagner,2,2,1.0
niwa,1,2,2.0
gip,1,2,2.0
cholecystokinin,1,2,2.0
cck,1,2,2.0
medulloepitheliomas,2,2,1.0
parity,2,2,1.0
bonfrer,1,2,2.0
zuetenhorst,1,2,2.0
kemp,2,2,1.0
norheim,1,2,2.0
esophagram,2,2,1.0
microvessel,2,2,1.0
vmat2,1,2,2.0
histidine,2,2,1.0
andrés,2,2,1.0
grouping,2,2,1.0
cervantes,2,2,1.0
secretin,2,2,1.0
adipose,1,2,2.0
peripancreatic,1,2,2.0
sabbaghian,2,2,1.0
oddi,1,2,2.0
palculict,2,2,1.0
neria,1,2,2.0
1074.e1,2,2,1.0
eberhart,2,2,1.0
plag,2,2,1.0
schwannomatosis,2,2,1.0
kor,2,2,1.0
volandes,1,2,2.0
cytostatic,2,2,1.0
subserosa,1,2,2.0
graaf,2,2,1.0
encase,1,2,2.0
dove,2,2,1.0
ramasubramanian,2,2,1.0
transcatheter,2,2,1.0
powder,2,2,1.0
triboulet,2,2,1.0
orthotopic,1,2,2.0
chemoresistant,2,2,1.0
tipifarnib,1,2,2.0
fluctuation,2,2,1.0
dunkel,2,2,1.0
pfaff,2,2,1.0
alena,2,2,1.0
wolter,1,2,2.0
oberg,1,2,2.0
mcentee,1,2,2.0
plea,1,2,2.0
heywood,1,2,2.0
sandostatin,2,2,1.0
tyr3,2,2,1.0
brp,1,2,2.0
nonoperative,2,2,1.0
gibril,2,2,1.0
makridis,1,2,2.0
mesentery,2,2,1.0
nonresected,1,2,2.0
fibrotic,2,2,1.0
chagpar,2,2,1.0
scoggin,2,2,1.0
landry,2,2,1.0
antitoxin,1,2,2.0
tem8,1,2,2.0
mmp,1,2,2.0
leppla,1,2,2.0
chowdhry,2,2,1.0
postobstructive,1,2,2.0
hypercalcaemic,2,2,1.0
calle,2,2,1.0
paez,2,2,1.0
gillings,2,2,1.0
confocal,2,2,1.0
weapon,2,2,1.0
prowess,2,2,1.0
culpability,2,2,1.0
invader,2,2,1.0
infamous,2,2,1.0
correctable,2,2,1.0
suwal,2,2,1.0
hijacked,2,2,1.0
layered,2,2,1.0
hypoxic,2,2,1.0
hypoventilation,1,2,2.0
diaphragmatic,1,2,2.0
westport,1,2,2.0
awkward,2,2,1.0
kleinman,2,2,1.0
gerge,2,2,1.0
ambulatory,2,2,1.0
promethazine,2,2,1.0
chlorpromazine,2,2,1.0
methylxanthine,1,2,2.0
bilevel,1,2,2.0
airflow,2,2,1.0
papillon,2,2,1.0
bronchopulmonary,2,2,1.0
mor,2,2,1.0
muer,1,2,2.0
pither,1,2,2.0
maceachern,1,2,2.0
moroni,1,2,2.0
chater,1,2,2.0
farncombe,1,2,2.0
paramalignant,1,2,2.0
nonopioid,2,2,1.0
tracheo,1,2,2.0
aggravate,1,2,2.0
cavanagh,2,2,1.0
vagal,2,2,1.0
dilute,2,2,1.0
atelectasis,1,2,2.0
krasna,1,2,2.0
lichter,2,2,1.0
ultralow,2,2,1.0
insufflation,1,2,2.0
logo,2,2,1.0
dermal,2,2,1.0
parvum,1,2,2.0
corynebacterium,1,2,2.0
dnmt3b,2,2,1.0
sclerosant,1,2,2.0
philanthropist,2,2,1.0
aliqopa,1,2,2.0
polycistron,2,2,1.0
patz,2,2,1.0
rezayee,2,2,1.0
uremia,2,2,1.0
satisfy,2,2,1.0
bergeron,2,2,1.0
tanguy,2,2,1.0
vaughan,2,2,1.0
renard,2,2,1.0
staffing,2,2,1.0
apical,2,2,1.0
orthopnea,1,2,2.0
transcutaneous,2,2,1.0
e28719,2,2,1.0
luther,2,2,1.0
phosphorus,2,2,1.0
compensator,1,2,2.0
amplitude,1,2,2.0
zih,2,2,1.0
deen,2,2,1.0
onureg,1,2,2.0
weng,2,2,1.0
alcantara,2,2,1.0
steimlé,2,2,1.0
miralda,1,2,2.0
permanyer,1,2,2.0
sauleda,1,2,2.0
sagristà,1,2,2.0
mercé,1,2,2.0
ang,2,2,1.0
posner,2,2,1.0
tsang,2,2,1.0
torino,2,2,1.0
okamoto,2,2,1.0
plethora,1,2,2.0
crump,2,2,1.0
mahapatra,2,2,1.0
norum,2,2,1.0
takiguchi,2,2,1.0
ander,2,2,1.0
fix,2,2,1.0
horner,2,2,1.0
hemoptysis,2,2,1.0
gaikwad,2,2,1.0
azygo,1,2,2.0
mansour,2,2,1.0
presynaptic,1,2,2.0
stimulates,2,2,1.0
histoplasmosis,1,2,2.0
mdsc,1,2,2.0
snaman,1,2,2.0
gmall,2,2,1.0
thrombolytic,1,2,2.0
plasminogen,2,2,1.0
diuresis,2,2,1.0
mediastinoscopy,2,2,1.0
dodge,2,2,1.0
patency,2,2,1.0
urbana,2,2,1.0
pronounced,2,2,1.0
champaign,2,2,1.0
pasca,2,2,1.0
supine,2,2,1.0
magliano,2,2,1.0
extubation,2,2,1.0
baak,2,2,1.0
karim,2,2,1.0
dar,2,2,1.0
doty,1,2,2.0
abner,2,2,1.0
imipramine,1,2,2.0
exhaustive,2,2,1.0
intervent,2,2,1.0
vasc,2,2,1.0
whitehead,2,2,1.0
unformed,1,2,2.0
tal,2,2,1.0
directional,2,2,1.0
mott,2,2,1.0
c.s,2,2,1.0
tramadol,1,2,2.0
colostomy,1,2,2.0
cavé,2,2,1.0
codeine,1,2,2.0
titrate,2,2,1.0
mcglade,2,2,1.0
hypokalemia,2,2,1.0
tcas,1,2,2.0
immobility,2,2,1.0
coall,2,2,1.0
meijerink,2,2,1.0
soni,2,2,1.0
haarlem,2,2,1.0
grotel,2,2,1.0
hdio,2,2,1.0
mcallister,2,2,1.0
irrigation,1,2,2.0
transanal,1,2,2.0
tale,2,2,1.0
abscess,2,2,1.0
fissure,2,2,1.0
p20,2,2,1.0
explant,2,2,1.0
hoff,2,2,1.0
straining,1,2,2.0
bulimia,1,2,2.0
megacolon,2,2,1.0
15–30,2,2,1.0
all,2,2,1.0
i.e,2,2,1.0
peristaltic,1,2,2.0
psyllium,1,2,2.0
12–24,2,2,1.0
caponero,1,2,2.0
tcrγ,2,2,1.0
sympathomimetic,2,2,1.0
antisecretory,1,2,2.0
flatulence,2,2,1.0
naldemedine,1,2,2.0
resort,2,2,1.0
glick,2,2,1.0
disaccharide,2,2,1.0
tcrgamma,2,2,1.0
paracrine,2,2,1.0
gotti,2,2,1.0
almazor,1,2,2.0
suarez,1,2,2.0
e1912,1,2,2.0
ceppi,2,2,1.0
diaphoresis,2,2,1.0
antihistaminic,2,2,1.0
hypotensive,2,2,1.0
len,2,2,1.0
kentsis,2,2,1.0
pnets,2,2,1.0
coregulation,2,2,1.0
fluoroscopy,1,2,2.0
kel,2,2,1.0
nongynecological,1,2,2.0
ngts,1,2,2.0
nasogastric,1,2,2.0
tyramine,1,2,2.0
alessandri,2,2,1.0
endometriosis,2,2,1.0
volvulus,1,2,2.0
synta,1,2,2.0
prochlorperazine,2,2,1.0
preparatory,2,2,1.0
juhnke,2,2,1.0
chu,2,2,1.0
methadone,1,2,2.0
butylbromide,1,2,2.0
scherr,2,2,1.0
interv,2,2,1.0
castaño,2,2,1.0
psychotic,2,2,1.0
kimura,2,2,1.0
crombet,2,2,1.0
shandong,2,2,1.0
rousseau,2,2,1.0
pseudomembranous,1,2,2.0
rudneva,2,2,1.0
mous,1,2,2.0
sjyc07,2,2,1.0
giardia,2,2,1.0
peculiar,2,2,1.0
gastroenteritis,1,2,2.0
antihypertensive,2,2,1.0
e131,2,2,1.0
exacerbation,2,2,1.0
umbralisib,1,2,2.0
refrigeration,2,2,1.0
fearful,2,2,1.0
lithium,1,2,2.0
strother,2,2,1.0
proinflammatory,2,2,1.0
atra,1,2,2.0
thrombocytopenic,2,2,1.0
fluvoxamine,2,2,1.0
iccp,2,2,1.0
flesh,2,2,1.0
lactobacillus,1,2,2.0
holmes,2,2,1.0
hagemeijer,2,2,1.0
snri,1,2,2.0
alkalization,1,2,2.0
neomycin,1,2,2.0
reduce,2,2,1.0
escherichia,2,2,1.0
lafage,2,2,1.0
fondelli,2,2,1.0
hellmann,2,2,1.0
duvelisib,1,2,2.0
icis,1,2,2.0
empathic,2,2,1.0
q8h,1,2,2.0
embedding,1,2,2.0
gri,2,2,1.0
flohr,2,2,1.0
schaeffeler,2,2,1.0
okine,2,2,1.0
loi,2,2,1.0
qtc,1,2,2.0
p.g12c,2,2,1.0
faithful,2,2,1.0
benson,2,2,1.0
picking,1,2,2.0
preintervention,2,2,1.0
schmiegelow,2,2,1.0
insecure,1,2,2.0
ceballos,2,2,1.0
mthfd1,2,2,1.0
noticeable,2,2,1.0
buttermilk,1,2,2.0
mthfr,2,2,1.0
halyard,2,2,1.0
lemieux,2,2,1.0
spinach,2,2,1.0
noodle,2,2,1.0
hart,2,2,1.0
roasted,2,2,1.0
semiannual,2,2,1.0
chiasson,2,2,1.0
popcorn,2,2,1.0
greasy,2,2,1.0
spousal,2,2,1.0
necessitating,2,2,1.0
diseased,2,2,1.0
rutkowski,2,2,1.0
percolate,2,2,1.0
costea,2,2,1.0
cyp,2,2,1.0
gartlehner,1,2,2.0
senator,2,2,1.0
starza,2,2,1.0
giacomo,2,2,1.0
convenient,2,2,1.0
garrè,2,2,1.0
cama,2,2,1.0
obscure,2,2,1.0
amaze,2,2,1.0
bendig,2,2,1.0
elegant,2,2,1.0
bueren,2,2,1.0
scavenger,2,2,1.0
budgetary,2,2,1.0
dimensionality,1,2,2.0
arrange,1,2,2.0
scaling,2,2,1.0
o'connell,2,2,1.0
cuillier,2,2,1.0
photochemical,2,2,1.0
eaonc,2,2,1.0
adaptability,2,2,1.0
shih,2,2,1.0
commonplace,2,2,1.0
tipping,2,2,1.0
stochastic,1,2,2.0
montefiori,2,2,1.0
renner,2,2,1.0
caruso,2,2,1.0
zolk,2,2,1.0
zhukova,2,2,1.0
nduom,2,2,1.0
masliah,2,2,1.0
scatter,1,2,2.0
intercession,2,2,1.0
angst,2,2,1.0
thaler,2,2,1.0
honoree,2,2,1.0
meg,2,2,1.0
endoscopist,1,2,2.0
suki,2,2,1.0
elite,2,2,1.0
undercover,2,2,1.0
archipelago,1,2,2.0
dalhoff,2,2,1.0
ramful,2,2,1.0
mcg,2,2,1.0
icpp,2,2,1.0
coveted,2,2,1.0
upenn,2,2,1.0
horne,2,2,1.0
e1000121,2,2,1.0
energetic,2,2,1.0
greger,2,2,1.0
deciding,2,2,1.0
terrified,2,2,1.0
haney,2,2,1.0
prima,2,2,1.0
iyengar,2,2,1.0
respectable,2,2,1.0
tormentor,2,2,1.0
lew,2,2,1.0
hyperbolic,2,2,1.0
ripple,2,2,1.0
pogue,2,2,1.0
disturb,2,2,1.0
innocuous,2,2,1.0
bane,2,2,1.0
priming,2,2,1.0
essence,2,2,1.0
activatable,2,2,1.0
mide,2,2,1.0
crew,2,2,1.0
aust,2,2,1.0
preapplication,2,2,1.0
elementary,2,2,1.0
pyromaniac,2,2,1.0
146a,2,2,1.0
referencing,2,2,1.0
diouf,2,2,1.0
obaid,2,2,1.0
remember,2,2,1.0
regretting,2,2,1.0
intertumoral,2,2,1.0
eloquent,2,2,1.0
mumbai,1,2,2.0
terrify,2,2,1.0
motive,2,2,1.0
ulterior,2,2,1.0
terrifie,2,2,1.0
medulloblastomic,2,2,1.0
insane,2,2,1.0
immunoresistance,2,2,1.0
k99s,2,2,1.0
bardeesy,2,2,1.0
indifferent,2,2,1.0
kocak,2,2,1.0
seat,2,2,1.0
caregiver,1,2,2.0
partner,1,2,2.0
medulloblastoma-96,2,2,1.0
moriyama,2,2,1.0
vezina,2,2,1.0
fos,2,2,1.0
crypto,2,2,1.0
sbf,2,2,1.0
protagonist,2,2,1.0
schuback,2,2,1.0
cryptocurrency,2,2,1.0
vietnam,2,2,1.0
showcasing,2,2,1.0
weisman,2,2,1.0
victim,2,2,1.0
jobin,2,2,1.0
lumley,2,2,1.0
biohazard,2,2,1.0
bolouri,2,2,1.0
partridge,2,2,1.0
nezu,2,2,1.0
doerner,2,2,1.0
uvea,2,2,1.0
rau,2,2,1.0
begemann,2,2,1.0
divorced,1,2,2.0
manara,2,2,1.0
tabuchi,2,2,1.0
schairer,2,2,1.0
waszak,2,2,1.0
exenteration,1,2,2.0
goemans,2,2,1.0
aggression,1,2,2.0
indocyanine,1,2,2.0
e0146614,2,2,1.0
faber,2,2,1.0
renaut,2,2,1.0
kolodziejczak,2,2,1.0
-year,2,2,1.0
ophthalmoscopy,2,2,1.0
srg,2,2,1.0
loy,2,2,1.0
nonpalpable,2,2,1.0
marceau,2,2,1.0
multigland,2,2,1.0
guerrini,2,2,1.0
sharangpani,1,2,2.0
carmignani,1,2,2.0
gbc,1,2,2.0
gadda,1,2,2.0
gazzano,1,2,2.0
nugent,2,2,1.0
duployez,2,2,1.0
expectant,2,2,1.0
benner,2,2,1.0
medulla,2,2,1.0
rahu,1,2,2.0
delellis,2,2,1.0
e1813,1,2,2.0
abrahamsson,2,2,1.0
thosani,1,2,2.0
yousaf,2,2,1.0
torso,2,2,1.0
ravindranath,2,2,1.0
goudswaard,2,2,1.0
cysteine,1,2,2.0
enlargement,2,2,1.0
masuoka,2,2,1.0
pruritic,1,2,2.0
e14,1,2,2.0
eubank,1,2,2.0
turek,1,2,2.0
guller,1,2,2.0
walther,1,2,2.0
pomeroy,2,2,1.0
gaasenbeek,2,2,1.0
wohllk,1,2,2.0
peyrl,2,2,1.0
kitamura,1,2,2.0
euromen,1,2,2.0
modigliani,1,2,2.0
anguiano,1,2,2.0
chocholous,2,2,1.0
komminoth,1,2,2.0
jpn,2,2,1.0
nakano,2,2,1.0
pitt,1,2,2.0
akechi,1,2,2.0
bischof,1,2,2.0
carrasquillo,2,2,1.0
ceccherini,1,2,2.0
sobrinho,2,2,1.0
longum,2,2,1.0
hietanen,2,2,1.0
verhaak,2,2,1.0
devolx,1,2,2.0
habdank,2,2,1.0
döhner,2,2,1.0
e30791,2,2,1.0
passim,2,2,1.0
patkar,2,2,1.0
premonitory,1,2,2.0
giwercman,2,2,1.0
tokumasu,2,2,1.0
falkoff,2,2,1.0
bradbury,2,2,1.0
weigh,2,2,1.0
erpelinck,2,2,1.0
desperation,1,2,2.0
ebg,1,2,2.0
rijks,1,2,2.0
polycomb,2,2,1.0
goldgar,2,2,1.0
sarcomatous,1,2,2.0
wouter,2,2,1.0
mathiesen,1,2,2.0
renzini,1,2,2.0
romei,1,2,2.0
cla,1,2,2.0
c634y,1,2,2.0
intersex,2,2,1.0
knutson,2,2,1.0
horwich,2,2,1.0
warholic,2,2,1.0
huddart,2,2,1.0
y791f,1,2,2.0
radmacher,2,2,1.0
baalc,2,2,1.0
hovland,2,2,1.0
biophy,2,2,1.0
abbey,2,2,1.0
siqueira,1,2,2.0
toledo,2,2,1.0
staffa,2,2,1.0
erlic,2,2,1.0
morris,2,2,1.0
state,2,2,1.0
sire,1,2,2.0
niccoli,1,2,2.0
cazzaniga,2,2,1.0
succinct,2,2,1.0
episodic,2,2,1.0
3dii,1,2,2.0
richie,1,2,2.0
krauter,2,2,1.0
viability,2,2,1.0
ramphal,2,2,1.0
milo,2,2,1.0
swansbury,2,2,1.0
kurmasheva,2,2,1.0
autotransplanted,2,2,1.0
sammon,2,2,1.0
nondominant,1,2,2.0
annunziata,2,2,1.0
branstetter,2,2,1.0
spermatocytic,1,2,2.0
p.cys634,1,2,2.0
kissane,1,2,2.0
e132,2,2,1.0
guida,2,2,1.0
machin,2,2,1.0
rio,2,2,1.0
tad,2,2,1.0
behrman,2,2,1.0
bao,2,2,1.0
scholastic,2,2,1.0
favour,2,2,1.0
stålberg,2,2,1.0
wakita,2,2,1.0
garner,2,2,1.0
bilezikian,1,2,2.0
alpermann,2,2,1.0
epz-6438,2,2,1.0
psycho,2,2,1.0
giarelli,1,2,2.0
haferlach,2,2,1.0
hazen,2,2,1.0
clonazepam,2,2,1.0
0–14,2,2,1.0
fasan,2,2,1.0
remodeled,2,2,1.0
soria,2,2,1.0
usptf,2,2,1.0
toulmonde,2,2,1.0
stratifie,2,2,1.0
pixabay,2,2,1.0
onvani,2,2,1.0
laughter,2,2,1.0
ffs,1,2,2.0
retardation,2,2,1.0
forecasting,2,2,1.0
claire,1,2,2.0
mzl,1,2,2.0
rawler,2,2,1.0
javelin,1,2,2.0
maturity,2,2,1.0
emw,2,2,1.0
citn-12,1,2,2.0
brittany,2,2,1.0
etame,2,2,1.0
pleasurable,2,2,1.0
verschueren,2,2,1.0
subpart,1,2,2.0
luatti,2,2,1.0
lieu,2,2,1.0
nucleoside,1,2,2.0
paulo,1,2,2.0
ramos,2,2,1.0
baldazzi,2,2,1.0
dept,2,2,1.0
ccbb,1,2,2.0
rihab,1,2,2.0
catch-22,2,2,1.0
hafez,2,2,1.0
hammad,2,2,1.0
haloperidol,2,2,1.0
maercker,1,2,2.0
early-,2,2,1.0
lori,2,2,1.0
gde7,1,2,2.0
aggregator,2,2,1.0
workspace,2,2,1.0
elsherif,2,2,1.0
ninlaro,2,2,1.0
cdsl,2,2,1.0
adeniran,2,2,1.0
compartmentalized,2,2,1.0
q21q26.2,2,2,1.0
blastomatous,1,2,2.0
bunt,2,2,1.0
multilingual,2,2,1.0
lugthart,2,2,1.0
tuft,1,2,2.0
otsuki,2,2,1.0
breed,2,2,1.0
hoogenboezem,2,2,1.0
gröschel,2,2,1.0
graeff,1,2,2.0
leeuw,1,2,2.0
knudsen,2,2,1.0
damaged,2,2,1.0
weitzner,2,2,1.0
diagnosing,2,2,1.0
kieran,2,2,1.0
alarming,2,2,1.0
seriousness,2,2,1.0
lanctot,1,2,2.0
linge,2,2,1.0
omcr,2,2,1.0
empliciti,2,2,1.0
johannes,2,2,1.0
omu041,2,2,1.0
enn,2,2,1.0
armamentarium,2,2,1.0
gasthuisberg,2,2,1.0
dugan,1,2,2.0
emso,2,2,1.0
3–5,1,2,2.0
nubeqa,2,2,1.0
facog,2,2,1.0
basophilia,2,2,1.0
tailbone,1,2,2.0
robustness,2,2,1.0
forego,2,2,1.0
torchia,2,2,1.0
ashani,2,2,1.0
bae,2,2,1.0
bryne,2,2,1.0
alsabeh,2,2,1.0
consequential,2,2,1.0
terabe,1,2,2.0
gundacker,2,2,1.0
mortar,2,2,1.0
ubbink,2,2,1.0
cardous,2,2,1.0
verifying,2,2,1.0
crackdown,2,2,1.0
retailer,2,2,1.0
ladder,2,2,1.0
lorenzi,1,2,2.0
unfettered,2,2,1.0
mentality,2,2,1.0
varlilumab,2,2,1.0
zinbryta,2,2,1.0
desensitization,2,2,1.0
heathy,2,2,1.0
streefkerk,1,2,2.0
unappealing,2,2,1.0
hijiya,1,2,2.0
krelina,1,2,2.0
inhabit,2,2,1.0
12–21,2,2,1.0
boerner,1,2,2.0
stalwart,2,2,1.0
olofsson,2,2,1.0
rossetti,1,2,2.0
maciej,2,2,1.0
i4351,1,2,2.0
infinity,2,2,1.0
zung,1,2,2.0
drott,2,2,1.0
wallkamm,2,2,1.0
wasilewski,2,2,1.0
ageberg,2,2,1.0
e52,2,2,1.0
stroup,1,2,2.0
dörlich,2,2,1.0
teniposide,1,2,2.0
nitrosourea,1,2,2.0
ehr,1,2,2.0
developing,2,2,1.0
nonirradiated,1,2,2.0
erkek,2,2,1.0
rousse,2,2,1.0
frühwald,2,2,1.0
antagonism,2,2,1.0
nonmodified,1,2,2.0
mayeur,2,2,1.0
neuroticism,2,2,1.0
asynchronous,1,2,2.0
zeeger,2,2,1.0
tauziede,2,2,1.0
cleric,1,2,2.0
sumegi,2,2,1.0
receptive,2,2,1.0
cytosine,2,2,1.0
lacoste,2,2,1.0
dumézy,2,2,1.0
irradiated,1,2,2.0
unexposed,1,2,2.0
strahm,1,2,2.0
by-4.0,2,2,1.0
netchine,2,2,1.0
subdiaphragmatic,2,2,1.0
pinheiro,2,2,1.0
fanca,2,2,1.0
mtt,1,2,2.0
mgy,1,2,2.0
bjornsson,2,2,1.0
togni,2,2,1.0
gerby,2,2,1.0
ferketich,1,2,2.0
zill,2,2,1.0
knowledgebase,1,2,2.0
thiolli,2,2,1.0
allodji,1,2,2.0
verbruggen,1,2,2.0
kok,1,2,2.0
clay,2,2,1.0
withrow,2,2,1.0
bayne,1,2,2.0
p13.3q24.3,2,2,1.0
gedman,2,2,1.0
psychosoc,2,2,1.0
ushered,2,2,1.0
demoor,1,2,2.0
freeman,2,2,1.0
cbp,2,2,1.0
moz,2,2,1.0
pgnt,2,2,1.0
veiga,1,2,2.0
appay,2,2,1.0
frobisher,1,2,2.0
holmberg,2,2,1.0
terui,2,2,1.0
vogelius,2,2,1.0
lebbink,1,2,2.0
s2d,1,2,2.0
alberti,1,2,2.0
ejm,2,2,1.0
vivanco,1,2,2.0
bertrum,2,2,1.0
terenziani,2,2,1.0
nucleocytoplasmic,2,2,1.0
nucleoporin,2,2,1.0
yaseen,2,2,1.0
heartened,2,2,1.0
leblond,1,2,2.0
jch,2,2,1.0
dainese,2,2,1.0
revelation,2,2,1.0
boull,1,2,2.0
kleinerman,1,2,2.0
hadland,2,2,1.0
rajaraman,2,2,1.0
wts,2,2,1.0
stro-002,2,2,1.0
cbf2at3,2,2,1.0
sunguc,1,2,2.0
shakir,2,2,1.0
faint,2,2,1.0
andrade,2,2,1.0
enblad,2,2,1.0
redmond,2,2,1.0
alte03n1,1,2,2.0
hageman,2,2,1.0
collapsed,1,2,2.0
int-0099,1,2,2.0
verburg,1,2,2.0
boete,1,2,2.0
hylkema,2,2,1.0
herrick,2,2,1.0
nyrop,1,2,2.0
procardio,1,2,2.0
sievers,2,2,1.0
chua,1,2,2.0
cytom,2,2,1.0
wehner,2,2,1.0
arrythmia,1,2,2.0
nonmajor,1,2,2.0
visualizing,2,2,1.0
cardiomyocyte,1,2,2.0
lei,2,2,1.0
skol,2,2,1.0
server,2,2,1.0
chochinov,1,2,2.0
gagliese,1,2,2.0
pericardiectomy,2,2,1.0
ldl,1,2,2.0
sarcoidosis,2,2,1.0
pacemaker,2,2,1.0
yen,2,2,1.0
eidenschink,2,2,1.0
e30251,2,2,1.0
tamburrini,2,2,1.0
trehan,2,2,1.0
bruge,2,2,1.0
hara,2,2,1.0
vinchon,2,2,1.0
noren,2,2,1.0
arteriopathy,1,2,2.0
espersen,2,2,1.0
messahel,2,2,1.0
onen,2,2,1.0
programmer,2,2,1.0
offset,2,2,1.0
caucasus,2,2,1.0
1940,2,2,1.0
≥250,1,2,2.0
antenatal,1,2,2.0
zutven,2,2,1.0
postpartum,1,2,2.0
ppcm,1,2,2.0
annotate,2,2,1.0
viewer,2,2,1.0
anesthesia,2,2,1.0
resemblance,2,2,1.0
antal,1,2,2.0
baat,1,2,2.0
dória,2,2,1.0
riepenhausen,1,2,2.0
schellong,1,2,2.0
cotton,2,2,1.0
correia,2,2,1.0
ridolfi,2,2,1.0
cranium,2,2,1.0
e120,2,2,1.0
brafv600,2,2,1.0
cerveira,2,2,1.0
hierarchical,2,2,1.0
ukw1,2,2,1.0
bories,2,2,1.0
villaluna,1,2,2.0
pdgfrα,1,2,2.0
embarrassment,2,2,1.0
drayt,2,2,1.0
negativistic,1,2,2.0
kewalramani,2,2,1.0
hagerty,2,2,1.0
struski,2,2,1.0
kline,1,2,2.0
asthenia,2,2,1.0
fullerton,1,2,2.0
waxer,1,2,2.0
morerio,2,2,1.0
bruin,2,2,1.0
mansouri,1,2,2.0
mah,2,2,1.0
rassekh,1,2,2.0
hemochromatosis,1,2,2.0
surfit,1,2,2.0
zürcher,1,2,2.0
coexpression,2,2,1.0
e50,2,2,1.0
vasculogenesis,2,2,1.0
glioneural,1,2,2.0
microglia,2,2,1.0
foreman,2,2,1.0
virasami,2,2,1.0
gamba,2,2,1.0
d'agostino,2,2,1.0
extravasate,2,2,1.0
othus,2,2,1.0
graduation,2,2,1.0
broo,2,2,1.0
ostronoff,2,2,1.0
oncohistone,2,2,1.0
neuroanatomical,1,2,2.0
hemiparesis,1,2,2.0
spasticity,1,2,2.0
ccl,2,2,1.0
steudel,2,2,1.0
thiede,2,2,1.0
h3.3g34,2,2,1.0
rhee,2,2,1.0
amlcg,2,2,1.0
ncq,1,2,2.0
neurosensory,1,2,2.0
charlton,2,2,1.0
842.e5,2,2,1.0
abla,2,2,1.0
centeredness,2,2,1.0
blink,2,2,1.0
alexandrescu,2,2,1.0
monosomal,2,2,1.0
cotter,2,2,1.0
shunting,1,2,2.0
matched,2,2,1.0
tie,2,2,1.0
rasche,2,2,1.0
ancestral,2,2,1.0
suwala,2,2,1.0
leucémie,1,2,2.0
kahalley,1,2,2.0
emre,1,2,2.0
moxon,1,2,2.0
sukonko,1,2,2.0
oleg,1,2,2.0
brière,2,2,1.0
minimizes,2,2,1.0
h3-/idh,2,2,1.0
noncaregiver,2,2,1.0
schuitema,1,2,2.0
baran,1,2,2.0
gioia,2,2,1.0
hastings,1,2,2.0
psychotropic,2,2,1.0
armando,2,2,1.0
stam,2,2,1.0
auvrignon,2,2,1.0
seidel,1,2,2.0
aliccs,1,2,2.0
salehabadi,2,2,1.0
script,2,2,1.0
jansen,2,2,1.0
schulte,1,2,2.0
brähler,1,2,2.0
kilgour,2,2,1.0
wheatley,2,2,1.0
scarpelli,2,2,1.0
pam,2,2,1.0
deceptive,2,2,1.0
dmg,2,2,1.0
bjørge,1,2,2.0
recklitis,1,2,2.0
varlet,2,2,1.0
inhaling,2,2,1.0
eruption,1,2,2.0
schoumans,2,2,1.0
fornerod,2,2,1.0
buczkowicz,2,2,1.0
armenia,2,2,1.0
observer,2,2,1.0
mader,1,2,2.0
otolaryngologist,2,2,1.0
temporomandibular,2,2,1.0
panorex,1,2,2.0
orthodontist,1,2,2.0
rinse,2,2,1.0
actinomycin,1,2,2.0
fractionated,1,2,2.0
pelucchi,2,2,1.0
hoeman,2,2,1.0
mullan,2,2,1.0
astronomy,2,2,1.0
rakopoulos,2,2,1.0
compartmentalization,2,2,1.0
teachable,2,2,1.0
acvr1,2,2,1.0
amphotericin,2,2,1.0
algar,2,2,1.0
barbiturate,2,2,1.0
heap,2,2,1.0
hepatotoxic,1,2,2.0
masood,2,2,1.0
radiomimetic,1,2,2.0
hepatopathy,1,2,2.0
darmanian,2,2,1.0
sos,2,2,1.0
cholestatic,2,2,1.0
teigler,2,2,1.0
submicroscopic,2,2,1.0
auffret,2,2,1.0
aldesleukin,2,2,1.0
çetiner,1,2,2.0
cimprich,1,2,2.0
alaluusua,1,2,2.0
stratum,2,2,1.0
radioresistant,2,2,1.0
chelation,2,2,1.0
lennerz,2,2,1.0
histomolecular,2,2,1.0
craniofac,1,2,2.0
neligan,1,2,2.0
gevorgyan,1,2,2.0
tosi,2,2,1.0
legert,1,2,2.0
grange,2,2,1.0
evolving,2,2,1.0
mathematics,2,2,1.0
wakimoto,2,2,1.0
megakaryblastic,2,2,1.0
maguire,2,2,1.0
spen,2,2,1.0
heyn,1,2,2.0
heckler,2,2,1.0
bölling,1,2,2.0
huryn,1,2,2.0
poppelreuter,1,2,2.0
kearney,1,2,2.0
deposition,2,2,1.0
buey,2,2,1.0
tomás,2,2,1.0
tefft,1,2,2.0
diagn,2,2,1.0
d'aronco,2,2,1.0
monni,2,2,1.0
mussa,2,2,1.0
hyperinsulinemia,1,2,2.0
e52237,1,2,2.0
raat,1,2,2.0
coniat,2,2,1.0
mercher,2,2,1.0
locasciulli,1,2,2.0
rouleau,2,2,1.0
nonautoimmune,1,2,2.0
nested,2,2,1.0
mobilization,2,2,1.0
d50,1,2,2.0
gfhc,2,2,1.0
gentry,2,2,1.0
thiamazole,1,2,2.0
d'hématologie,2,2,1.0
anticipating,1,2,2.0
fenneteau,2,2,1.0
duchayne,2,2,1.0
lion,2,2,1.0
level/,2,2,1.0
arndt,2,2,1.0
corticotropin,1,2,2.0
cohesion,2,2,1.0
hpa,1,2,2.0
saigal,2,2,1.0
bergman,2,2,1.0
pooling,2,2,1.0
radich,2,2,1.0
matsuda,2,2,1.0
sirohi,2,2,1.0
pubic,2,2,1.0
negligible,2,2,1.0
rgh,1,2,2.0
sds,1,2,2.0
nakao,2,2,1.0
generalize,2,2,1.0
spurt,2,2,1.0
subtypes,2,2,1.0
dyslipidemia,2,2,1.0
astroblastomas,2,2,1.0
galactorrhea,1,2,2.0
tihan,2,2,1.0
fatness,1,2,2.0
kendall,2,2,1.0
mohr,2,2,1.0
18–24,1,2,2.0
morbid,1,2,2.0
wentlandt,1,2,2.0
quartile,1,2,2.0
petersen,2,2,1.0
intervene,2,2,1.0
tytgat,1,2,2.0
molinatto,2,2,1.0
heide,1,2,2.0
bliek,2,2,1.0
gicquel,2,2,1.0
niemierko,2,2,1.0
merten,1,2,2.0
paugh,2,2,1.0
pape,1,2,2.0
lobo,1,2,2.0
sid,1,2,2.0
gaiero,2,2,1.0
cleft,1,2,2.0
ellershaw,2,2,1.0
ley,2,2,1.0
roncker,1,2,2.0
moschny,2,2,1.0
virappane,2,2,1.0
domagalla,2,2,1.0
udo,2,2,1.0
extrapolate,2,2,1.0
simeoni,2,2,1.0
sendker,2,2,1.0
boulad,2,2,1.0
huma,2,2,1.0
wingard,2,2,1.0
oshiro,1,2,2.0
mizumoto,1,2,2.0
boguszewski,1,2,2.0
belgium,2,2,1.0
teinturier,1,2,2.0
nen,1,2,2.0
sfeir,1,2,2.0
esas,1,2,2.0
rovelli,2,2,1.0
peeter,2,2,1.0
metaanalysis,2,2,1.0
okcu,2,2,1.0
siriwannangkul,2,2,1.0
didi,2,2,1.0
maas,2,2,1.0
geskus,1,2,2.0
meacham,1,2,2.0
rungjirajittranon,2,2,1.0
marakhonov,2,2,1.0
voskresenskaya,2,2,1.0
dam,2,2,1.0
ewer,1,2,2.0
jahnukainen,1,2,2.0
adams,2,2,1.0
virtanen,2,2,1.0
nysom,2,2,1.0
pdc,2,2,1.0
septicemia,2,2,1.0
aneurysm,2,2,1.0
fulminant,1,2,2.0
asb,2,2,1.0
acetylcholine,1,2,2.0
kuipers,2,2,1.0
gordish,2,2,1.0
dressman,2,2,1.0
gardening,2,2,1.0
steinemann,2,2,1.0
wildlife,2,2,1.0
barbaux,2,2,1.0
nonjudgmental,2,2,1.0
fibromyalgia,2,2,1.0
pneumococcus,2,2,1.0
tibetan,1,2,2.0
skokowa,2,2,1.0
germeshausen,2,2,1.0
gubler,2,2,1.0
mumps,1,2,2.0
seroprotection,1,2,2.0
niggli,2,2,1.0
maxson,2,2,1.0
guerreiro,2,2,1.0
revaccination,1,2,2.0
oki,2,2,1.0
hyposplenia,1,2,2.0
exposing,1,2,2.0
iga,1,2,2.0
penicillin,2,2,1.0
cwc,1,2,2.0
janu,2,2,1.0
stucklin,2,2,1.0
sombeck,2,2,1.0
wahab,2,2,1.0
ismer,2,2,1.0
readmission,2,2,1.0
acellular,2,2,1.0
regina,1,2,2.0
anticipate,2,2,1.0
petrella,1,2,2.0
meredith,2,2,1.0
duffy,2,2,1.0
idsa,2,2,1.0
polycyclic,2,2,1.0
figueroa,2,2,1.0
cpm,2,2,1.0
e200,2,2,1.0
ecil,2,2,1.0
hutter,2,2,1.0
einarsdottir,2,2,1.0
cordonnier,2,2,1.0
einsele,2,2,1.0
chiller,2,2,1.0
preconsultation,1,2,2.0
cgvhd,1,2,2.0
spectr,2,2,1.0
epiphysis,1,2,2.0
mybl1,2,2,1.0
mackenzie,2,2,1.0
reifenberger,2,2,1.0
janelsins,2,2,1.0
e212,2,2,1.0
aseptic,1,2,2.0
femoral,1,2,2.0
hamel,1,2,2.0
haidet,1,2,2.0
degenerative,1,2,2.0
religiosity,2,2,1.0
kyphosis,1,2,2.0
visuomotor,1,2,2.0
discernible,2,2,1.0
uninvolved,2,2,1.0
protrusion,2,2,1.0
grohmann,2,2,1.0
mouthpiece,2,2,1.0
rs11554137,2,2,1.0
endoprosthetic,1,2,2.0
loosening,1,2,2.0
nonunion,1,2,2.0
littman,2,2,1.0
silber,1,2,2.0
goodenough,1,2,2.0
r132,2,2,1.0
atkinson,2,2,1.0
karimova,1,2,2.0
ngo,2,2,1.0
bürger,2,2,1.0
retrieval,2,2,1.0
lüdeking,2,2,1.0
postinduction,2,2,1.0
giertz,1,2,2.0
zelent,2,2,1.0
premorbid,2,2,1.0
ceccarelli,2,2,1.0
tala,2,2,1.0
kushner,1,2,2.0
mullin,2,2,1.0
rigal,2,2,1.0
franz,2,2,1.0
orav,2,2,1.0
agricola,2,2,1.0
linking,1,2,2.0
hanley,2,2,1.0
carmel,2,2,1.0
cigarillo,1,2,2.0
antipromyelocytic,2,2,1.0
larouche,2,2,1.0
afc,1,2,2.0
kantarjian,2,2,1.0
dimov,2,2,1.0
peri-,2,2,1.0
sempere,2,2,1.0
oppa,1,2,2.0
gomis,2,2,1.0
immunocytochemical,2,2,1.0
flenghi,2,2,1.0
intracytoplasmic,1,2,2.0
leukemianet,2,2,1.0
ovum,2,2,1.0
siring,1,2,2.0
gestation,1,2,2.0
hypermutant,2,2,1.0
multimedia,2,2,1.0
ovulation,2,2,1.0
harmonise,1,2,2.0
shielding,1,2,2.0
vicentini,2,2,1.0
gonadotoxicity,2,2,1.0
ziffle,2,2,1.0
mutagenic,2,2,1.0
flamant,2,2,1.0
ragni,2,2,1.0
plotke,2,2,1.0
buckner,1,2,2.0
levitt,2,2,1.0
onodera,2,2,1.0
laufer,2,2,1.0
melnick,2,2,1.0
cooperativity,2,2,1.0
ditto,1,2,2.0
nussey,2,2,1.0
panasiuk,2,2,1.0
capitoli,2,2,1.0
nicolosi,2,2,1.0
brämswig,1,2,2.0
npc-9901,1,2,2.0
gattellari,1,2,2.0
boykoff,1,2,2.0
meijnder,2,2,1.0
phelp,2,2,1.0
deluca,2,2,1.0
borgström,1,2,2.0
loren,2,2,1.0
torra,2,2,1.0
buzaglo,2,2,1.0
kamel,2,2,1.0
moieni,1,2,2.0
catzavelos,2,2,1.0
redner,2,2,1.0
subramanian,1,2,2.0
1–30,2,2,1.0
malila,2,2,1.0
haematology,2,2,1.0
sandler,2,2,1.0
patchy,2,2,1.0
v30,2,2,1.0
hyperinflation,1,2,2.0
lassaletta,2,2,1.0
xuan,2,2,1.0
numeracy,2,2,1.0
burrow,2,2,1.0
diffusing,2,2,1.0
zapotocky,2,2,1.0
mcdonald,1,2,2.0
e364,2,2,1.0
misunderstand,2,2,1.0
exertion,1,2,2.0
d'hematologie,2,2,1.0
neuropsychol,2,2,1.0
mozziconacci,2,2,1.0
hindbrain,2,2,1.0
pillon,2,2,1.0
e29537,1,2,2.0
arvidson,2,2,1.0
pml-,2,2,1.0
schagen,1,2,2.0
splitting,2,2,1.0
aggressivity,1,2,2.0
p65,2,2,1.0
neuroimaging,2,2,1.0
winkler,2,2,1.0
dissolvable,2,2,1.0
gyrbe,1,2,2.0
chiasm,1,2,2.0
glaucoma,1,2,2.0
pallor,1,2,2.0
deformation,1,2,2.0
atlantic,1,2,2.0
epithelioma,1,2,2.0
keratoconjunctivitis,1,2,2.0
disengagement,2,2,1.0
xerophthalmia,1,2,2.0
zhu,2,2,1.0
snus,2,2,1.0
betterment,2,2,1.0
misperception,2,2,1.0
sison,2,2,1.0
nguyen,2,2,1.0
eisbruch,2,2,1.0
calderwood,2,2,1.0
ivin,2,2,1.0
mlf,1,2,2.0
goy,2,2,1.0
bidi,1,2,2.0
nonabandonment,1,2,2.0
islami,2,2,1.0
hyperfiltration,1,2,2.0
-later,1,2,2.0
interdependent,2,2,1.0
hfp,1,2,2.0
rbc,1,2,2.0
elicited,2,2,1.0
taxonomy,2,2,1.0
marlow,2,2,1.0
horowitz,2,2,1.0
cystatin,1,2,2.0
chomienne,2,2,1.0
tozer,1,2,2.0
weinfurt,2,2,1.0
quill,1,2,2.0
hydronephrosis,1,2,2.0
vesicoureteral,1,2,2.0
shamanna,2,2,1.0
kanagal,2,2,1.0
bing,2,2,1.0
feller,2,2,1.0
leiper,2,2,1.0
inrig,2,2,1.0
loghavi,2,2,1.0
thread,2,2,1.0
pratiti,2,2,1.0
lactalbumin,1,2,2.0
cardama,2,2,1.0
solis,2,2,1.0
thioridazine,2,2,1.0
hiccup,2,2,1.0
preexisting,2,2,1.0
emetogenic,2,2,1.0
vomit,2,2,1.0
varubi,2,2,1.0
tanneberger,2,2,1.0
fly,2,2,1.0
pethema,2,2,1.0
montesinos,2,2,1.0
c3i,2,2,1.0
immunize,2,2,1.0
cpc,2,2,1.0
9–10,2,2,1.0
exploitable,2,2,1.0
nonviral,2,2,1.0
zahrieh,2,2,1.0
jha,2,2,1.0
noble,2,2,1.0
sekere,2,2,1.0
sottile,2,2,1.0
aida,2,2,1.0
burglin,1,2,2.0
kwee,1,2,2.0
05/07/2025,1,2,2.0
imagination,2,2,1.0
breccia,2,2,1.0
noguera,2,2,1.0
hyperleucocytosis,2,2,1.0
herman,2,2,1.0
e248,2,2,1.0
krämer,1,2,2.0
rkg,1,2,2.0
e6713,1,2,2.0
extracervical,1,2,2.0
carlsen,1,2,2.0
høilund,1,2,2.0
hlubocky,2,2,1.0
daugherty,2,2,1.0
arrigoni,2,2,1.0
pizzey,2,2,1.0
beppu,2,2,1.0
adashek,1,2,2.0
reuter,2,2,1.0
bochtler,1,2,2.0
shimamura,2,2,1.0
otani,2,2,1.0
ishii,2,2,1.0
narumi,2,2,1.0
roukema,1,2,2.0
puschmann,2,2,1.0
davidsson,2,2,1.0
ea1131,2,2,1.0
guckenberger,1,2,2.0
kichenadasse,1,2,2.0
gefcapi,1,2,2.0
karow,2,2,1.0
mori,2,2,1.0
cruz,2,2,1.0
o'dorisio,2,2,1.0
consume,2,2,1.0
habermann,1,2,2.0
elsayem,1,2,2.0
alleviation,2,2,1.0
lammen,2,2,1.0
helsmoortel,2,2,1.0
c30,2,2,1.0
jak3,2,2,1.0
identifying,2,2,1.0
taskforce,1,2,2.0
toki,2,2,1.0
unrealistic,2,2,1.0
tatman,2,2,1.0
stout,2,2,1.0
sobol,2,2,1.0
appoint,2,2,1.0
reassure,2,2,1.0
amend,1,2,2.0
laudable,1,2,2.0
iavarone,2,2,1.0
alzner,2,2,1.0
sue,2,2,1.0
wechsler,2,2,1.0
katz,2,2,1.0
rovner,1,2,2.0
raini,2,2,1.0
roordink,1,2,2.0
makoul,1,2,2.0
rolling,2,2,1.0
nondisclosure,2,2,1.0
affectivity,1,2,2.0
nonbinary,2,2,1.0
queer,2,2,1.0
pond,1,2,2.0
mcelwaine,2,2,1.0
critique,2,2,1.0
scherwath,1,2,2.0
groet,2,2,1.0
implicit,2,2,1.0
affluent,1,2,2.0
moreno,2,2,1.0
griggs,2,2,1.0
simmon,2,2,1.0
lesbian,2,2,1.0
multicomponent,2,2,1.0
eder,1,2,2.0
recollection,2,2,1.0
nyulh,1,2,2.0
mere,2,2,1.0
dvd,2,2,1.0
pog-9481,2,2,1.0
zipursky,2,2,1.0
hyoo,2,2,1.0
gamis,2,2,1.0
fukui,1,2,2.0
mundschau,2,2,1.0
beale,1,2,2.0
schanz,2,2,1.0
haase,2,2,1.0
uemura,2,2,1.0
tulsky,2,2,1.0
delvaux,1,2,2.0
rhoa,2,2,1.0
merckaert,1,2,2.0
razavi,1,2,2.0
fallowfield,2,2,1.0
sphingosine-1,2,2,1.0
communication,2,2,1.0
reputable,2,2,1.0
interviewing,2,2,1.0
famcare,1,2,2.0
paladino,1,2,2.0
8–12,2,2,1.0
rath,2,2,1.0
stoffel,2,2,1.0
lazarus,2,2,1.0
buchholz,2,2,1.0
lynn,1,2,2.0
williston,2,2,1.0
inclination,1,2,2.0
assent,1,2,2.0
bullock,2,2,1.0
hind,2,2,1.0
choyke,2,2,1.0
elucidated,2,2,1.0
pq4,1,2,2.0
vdj,2,2,1.0
pg-13,1,2,2.0
simulate,2,2,1.0
lövgren,1,2,2.0
pqb3,1,2,2.0
pqb2,1,2,2.0
pqb1,1,2,2.0
pqa4,1,2,2.0
pqa3,1,2,2.0
pqa2,1,2,2.0
ddx3x,2,2,1.0
stead,2,2,1.0
nonrearranged,2,2,1.0
traeger,1,2,2.0
583.e5,2,2,1.0
nongerminal,2,2,1.0
eichler,2,2,1.0
starry,2,2,1.0
metformin,2,2,1.0
ca-12,2,2,1.0
pqd4,1,2,2.0
pqd3,1,2,2.0
pqd2,1,2,2.0
pqd1,1,2,2.0
pqc4,1,2,2.0
pqc3,1,2,2.0
pqc2,1,2,2.0
pqc1,1,2,2.0
pqb4,1,2,2.0
lamme,2,2,1.0
davey,2,2,1.0
gna12,2,2,1.0
tolani,1,2,2.0
lecturer,1,2,2.0
pose,2,2,1.0
gulack,1,2,2.0
epigenetics,2,2,1.0
andrology,1,2,2.0
pirl,1,2,2.0
xpo1,2,2,1.0
pianovski,1,2,2.0
muzikansky,2,2,1.0
reimand,2,2,1.0
grantsmanship,2,2,1.0
znf217,2,2,1.0
wasserman,2,2,1.0
ferrell,2,2,1.0
rapkin,2,2,1.0
englum,1,2,2.0
rialon,1,2,2.0
versteeg,2,2,1.0
nfkbie,2,2,1.0
abernethy,2,2,1.0
desirability,2,2,1.0
ki67,2,2,1.0
gra,1,2,2.0
dra,1,2,2.0
spillage,1,2,2.0
sengupta,2,2,1.0
esophagectomy,1,2,2.0
ctiia,2,2,1.0
cautionary,2,2,1.0
stegmaier,1,2,2.0
immunoediting,2,2,1.0
pdl1,2,2,1.0
vivek,2,2,1.0
smadar,2,2,1.0
negativity,2,2,1.0
ekkehard,2,2,1.0
cltc,2,2,1.0
bridging,2,2,1.0
fusonc2,1,2,2.0
exhale,2,2,1.0
2q35,2,2,1.0
atic,2,2,1.0
multiunit,2,2,1.0
hewer,2,2,1.0
cigarillos,2,2,1.0
pyrene,2,2,1.0
benzo,2,2,1.0
breathable,2,2,1.0
respirable,2,2,1.0
patron,2,2,1.0
alo17,2,2,1.0
rabkin,2,2,1.0
diluted,2,2,1.0
eef1a2,1,2,2.0
gentzke,2,2,1.0
homa,2,2,1.0
1p23,2,2,1.0
promoff,2,2,1.0
ca-8035a,2,2,1.0
5q36.1,2,2,1.0
rodgman,2,2,1.0
rental,2,2,1.0
fand,2,2,1.0
sporting,2,2,1.0
airport,2,2,1.0
cnsc,2,2,1.0
cso,2,2,1.0
airline,2,2,1.0
restricting,2,2,1.0
volatile,2,2,1.0
bader,2,2,1.0
internalized,2,2,1.0
sharfman,1,2,2.0
banked,2,2,1.0
men3,2,2,1.0
petzel,2,2,1.0
harnessing,2,2,1.0
mmwr.mm6748a3,2,2,1.0
hmdc,2,2,1.0
waxy,1,2,2.0
jared,2,2,1.0
target-00,1,2,2.0
mdls,1,2,2.0
pellegrino,2,2,1.0
fhwt,1,2,2.0
nonchemotherapeutic,2,2,1.0
lotion,2,2,1.0
matsuyama,2,2,1.0
atf7ip,2,2,1.0
yaspo,2,2,1.0
h3c2,2,2,1.0
h3c3,2,2,1.0
unproductive,2,2,1.0
uniformed,2,2,1.0
petroleum,1,2,2.0
crusty,1,2,2.0
aiming,2,2,1.0
pfa-1,2,2,1.0
trbj,2,2,1.0
cmdc,1,2,2.0
ngcm,1,2,2.0
neurosphere,2,2,1.0
diclofenac,1,2,2.0
5b35,2,2,1.0
hostess,2,2,1.0
eri,1,2,2.0
xeroderma,2,2,1.0
happening,2,2,1.0
houck,2,2,1.0
aspire,2,2,1.0
ogrodniczuk,2,2,1.0
skloot,2,2,1.0
psychother,2,2,1.0
pigmentosum,2,2,1.0
mirna2,2,2,1.0
culp,2,2,1.0
conquer,2,2,1.0
ncifoia,2,2,1.0
abcd,2,2,1.0
watchlist,1,2,2.0
milliard,2,2,1.0
jotting,2,2,1.0
wear,2,2,1.0
lofty,2,2,1.0
surreal,2,2,1.0
ridiculous,2,2,1.0
circuitous,2,2,1.0
foresight,2,2,1.0
suzy,2,2,1.0
pursuant,2,2,1.0
vibe,2,2,1.0
legendary,2,2,1.0
asymmetrical,2,2,1.0
nvda,1,2,2.0
dysregulate,2,2,1.0
mir142,2,2,1.0
nke,1,2,2.0
soar,1,2,2.0
eurusd,1,2,2.0
gualco,2,2,1.0
bioimmune,2,2,1.0
lone,2,2,1.0
gbpusd,1,2,2.0
schematic,2,2,1.0
volker,2,2,1.0
billionaire,1,2,2.0
kyprolis,2,2,1.0
elon,1,2,2.0
flagship,2,2,1.0
irf8,2,2,1.0
nct00059839,2,2,1.0
googl,1,2,2.0
goog,1,2,2.0
amzn,1,2,2.0
lymphohistiocytic,2,2,1.0
nvidia,1,2,2.0
democratic,2,2,1.0
9q33.2,2,2,1.0
secrecy,1,2,2.0
steve,2,2,1.0
mercy,2,2,1.0
openai,1,2,2.0
part,2,2,1.0
aiq,1,2,2.0
ita,2,2,1.0
aviation,1,2,2.0
prohibition,2,2,1.0
oval,1,2,2.0
traf1,2,2,1.0
19p13,2,2,1.0
coin,2,2,1.0
whisper,1,2,2.0
asi,1,2,2.0
ttyh1,2,2,1.0
atat,1,2,2.0
atour,1,2,2.0
garp,1,2,2.0
triathlon,2,2,1.0
tfg,2,2,1.0
runner,1,2,2.0
vipshop,1,2,2.0
marathon,2,2,1.0
collegial,2,2,1.0
myh9,2,2,1.0
msn,2,2,1.0
cookout,1,2,2.0
gdp,2,2,1.0
fitting,2,2,1.0
ane,1,2,2.0
rkh,2,2,1.0
cabot,2,2,1.0
nunt,2,2,1.0
bullish,1,2,2.0
laureate,2,2,1.0
yeung,2,2,1.0
villalobo,2,2,1.0
sennet,2,2,1.0
ankrd55,2,2,1.0
salmeron,2,2,1.0
pega,1,2,2.0
psychotraumatol,2,2,1.0
rcas,1,2,2.0
gratifying,2,2,1.0
farre,2,2,1.0
veracyte,2,2,1.0
provincial,2,2,1.0
adler,2,2,1.0
steatosis,1,2,2.0
seufert,2,2,1.0
leong,2,2,1.0
cauda,2,2,1.0
organization,2,2,1.0
athletics,1,2,2.0
masqué,2,2,1.0
scuoppo,2,2,1.0
palifermin,2,2,1.0
sncaip,2,2,1.0
havelange,2,2,1.0
tyrer,1,2,2.0
hoffmann,2,2,1.0
i17q,2,2,1.0
undertaking,2,2,1.0
reception,2,2,1.0
tirosh,2,2,1.0
itay,2,2,1.0
hout,2,2,1.0
b-20,1,2,2.0
≥31,1,2,2.0
≤25,1,2,2.0
nct00433589,1,2,2.0
mindact,1,2,2.0
nsclcs,1,2,2.0
glut,1,2,2.0
nct01351870,2,2,1.0
schlesner,2,2,1.0
subgrouping,2,2,1.0
colditz,1,2,2.0
kosary,2,2,1.0
attom,1,2,2.0
event,2,2,1.0
nct01049425,1,2,2.0
rxponder,1,2,2.0
risk-,1,2,2.0
berrino,2,2,1.0
kaak,1,2,2.0
reef,2,2,1.0
barrowdale,2,2,1.0
dfmo,2,2,1.0
bruehl,2,2,1.0
assaf,2,2,1.0
limacher,2,2,1.0
parmigiani,2,2,1.0
calzone,1,2,2.0
explosive,2,2,1.0
offit,2,2,1.0
domchek,2,2,1.0
kauff,1,2,2.0
zenaty,2,2,1.0
alés,2,2,1.0
isup,2,2,1.0
bonanni,2,2,1.0
aigrain,2,2,1.0
lmb,2,2,1.0
solin,1,2,2.0
poirel,2,2,1.0
brca1-,1,2,2.0
deffenbacher,2,2,1.0
emollient,2,2,1.0
makower,1,2,2.0
bridge2ai,2,2,1.0
peuchmaur,2,2,1.0
kreuz,2,2,1.0
mook,1,2,2.0
pickleball-5,2,2,1.0
boelen,2,2,1.0
curability,2,2,1.0
bryla,2,2,1.0
gluz,1,2,2.0
calculate,2,2,1.0
ileocolectomy,2,2,1.0
gs3,1,2,2.0
kalinsky,1,2,2.0
chrissy,2,2,1.0
cantor,2,2,1.0
sciences,2,2,1.0
immunohistological,2,2,1.0
cecectomy,2,2,1.0
balagué,2,2,1.0
acr,1,2,2.0
confine,2,2,1.0
farré,2,2,1.0
eli,2,2,1.0
zaldivar,2,2,1.0
ramis,2,2,1.0
-activated,2,2,1.0
auditor,1,2,2.0
≤2.0,1,2,2.0
cn1mi,1,2,2.0
viganò,2,2,1.0
hoffmeister,2,2,1.0
nonregional,1,2,2.0
briest,2,2,1.0
pn1a,1,2,2.0
tangent,1,2,2.0
b-32,1,2,2.0
almanac,1,2,2.0
subareolar,1,2,2.0
chromogenic,1,2,2.0
ileocecectomy,2,2,1.0
kin,2,2,1.0
aveyard,2,2,1.0
serie,2,2,1.0
noerenberg,2,2,1.0
pmbl,2,2,1.0
amaro,1,2,2.0
glycol,2,2,1.0
wazer,1,2,2.0
polyethylene,2,2,1.0
reimer,1,2,2.0
botteri,2,2,1.0
gentilini,1,2,2.0
krag,1,2,2.0
standardisation,1,2,2.0
medulloblastomas,2,2,1.0
supercomputer,1,2,2.0
ptch2,2,2,1.0
twa,2,2,1.0
renovation,2,2,1.0
hang,2,2,1.0
pittaluga,2,2,1.0
tennis,2,2,1.0
reside,2,2,1.0
b-15,1,2,2.0
jamanetworkopen.2022.28510,2,2,1.0
olivotto,2,2,1.0
cecchini,1,2,2.0
combat,2,2,1.0
tin,2,2,1.0
thymectomy,2,2,1.0
dnp,2,2,1.0
recht,1,2,2.0
taghian,1,2,2.0
wagener,2,2,1.0
82b,1,2,2.0
laptop,2,2,1.0
boice,2,2,1.0
sorbitol,2,2,1.0
mohlman,2,2,1.0
manola,1,2,2.0
lactulose,2,2,1.0
uganda,2,2,1.0
makerere,2,2,1.0
ctneobc,1,2,2.0
croi,1,2,2.0
unblinded,1,2,2.0
chevalier,2,2,1.0
nct00066690,1,2,2.0
nct00003016,1,2,2.0
supercomputing,2,2,1.0
romanet,2,2,1.0
hematop,2,2,1.0
ma17,1,2,2.0
benavidez,2,2,1.0
alphabetical,2,2,1.0
aminoglutethimide,2,2,1.0
nct00004205,1,2,2.0
myalgia,1,2,2.0
menqol,1,2,2.0
r.3a,2,2,1.0
olympia,1,2,2.0
adp,1,2,2.0
listserv,2,2,1.0
pankratz,2,2,1.0
abcsg-18,1,2,2.0
cd4,2,2,1.0
hydrated,2,2,1.0
herceptin,1,2,2.0
cef,1,2,2.0
sandmann,2,2,1.0
khanam,2,2,1.0
aphinity,1,2,2.0
tryphaena,1,2,2.0
110k,2,2,1.0
makarova,2,2,1.0
balbach,2,2,1.0
safeher,1,2,2.0
jury,2,2,1.0
texas,2,2,1.0
sakorafas,1,2,2.0
makri,2,2,1.0
persephone,1,2,2.0
hellenic,1,2,2.0
phare,1,2,2.0
finher,1,2,2.0
nct00021255,1,2,2.0
big-01,1,2,2.0
gloved,2,2,1.0
fehm,1,2,2.0
drier,2,2,1.0
hadjiathanasiou,2,2,1.0
ioannidis,2,2,1.0
bonn,2,2,1.0
neth,2,2,1.0
apt,1,2,2.0
rosenwald,2,2,1.0
geparquattro,1,2,2.0
akshintala,2,2,1.0
rezai,1,2,2.0
mansutti,1,2,2.0
moscardo,2,2,1.0
gbg,1,2,2.0
mestre,2,2,1.0
jackisch,1,2,2.0
vrien,2,2,1.0
placido,1,2,2.0
hemangioblastoma,2,2,1.0
medb-1,2,2,1.0
ncipptc,2,2,1.0
citron,1,2,2.0
teicher,2,2,1.0
lembersky,1,2,2.0
laurentiis,1,2,2.0
dowsett,1,2,2.0
engager,2,2,1.0
malouf,2,2,1.0
beverly,2,2,1.0
brüderlein,2,2,1.0
usor,1,2,2.0
yother,1,2,2.0
upheaval,2,2,1.0
winer,1,2,2.0
melzner,2,2,1.0
theodoridis,2,2,1.0
fatostatin,1,2,2.0
ejlertsen,1,2,2.0
franek,1,2,2.0
laden,2,2,1.0
tormey,1,2,2.0
giobbie,2,2,1.0
coombe,1,2,2.0
blok,2,2,1.0
lard,1,2,2.0
yardley,1,2,2.0
ctg,1,2,2.0
hurder,2,2,1.0
ranchin,2,2,1.0
iatropoulos,2,2,1.0
powle,1,2,2.0
mayer,1,2,2.0
lipatov,1,2,2.0
shanley,2,2,1.0
zettl,2,2,1.0
iwase,1,2,2.0
nascent,2,2,1.0
amir,2,2,1.0
kom,2,2,1.0
verrill,1,2,2.0
gligorov,1,2,2.0
bea,2,2,1.0
ibrahim,1,2,2.0
stony,2,2,1.0
glomerulopathy,2,2,1.0
masuda,2,2,1.0
lehtinen,1,2,2.0
joensuu,1,2,2.0
romond,1,2,2.0
lamant,2,2,1.0
weisenburger,2,2,1.0
sanso,2,2,1.0
erbb2,1,2,2.0
occasion,2,2,1.0
fitze,1,2,2.0
dcbh,1,2,2.0
alk+,2,2,1.0
tarantino,1,2,2.0
oudard,2,2,1.0
jassem,1,2,2.0
sakata,2,2,1.0
palli,2,2,1.0
inspiring,2,2,1.0
blackford,2,2,1.0
rocha,2,2,1.0
fialkowski,2,2,1.0
anowarul,1,2,2.0
duyster,2,2,1.0
e117,2,2,1.0
randau,2,2,1.0
monaleesa-2,1,2,2.0
paloma-1,1,2,2.0
lehnhardt,2,2,1.0
pericecal,2,2,1.0
prdm6,2,2,1.0
pre0102,1,2,2.0
postmonarch,1,2,2.0
downregulation,2,2,1.0
intramolecular,1,2,2.0
emerald,1,2,2.0
marini,2,2,1.0
serd,1,2,2.0
wessolowski,2,2,1.0
swish,1,2,2.0
sn-38,1,2,2.0
dalac,2,2,1.0
ahlenstiel,2,2,1.0
vrugt,2,2,1.0
grunow,2,2,1.0
cps,1,2,2.0
tiger,1,2,2.0
breast04,2,2,1.0
riding,2,2,1.0
melanosomal,2,2,1.0
encoding,2,2,1.0
hydrolysis,1,2,2.0
internalization,1,2,2.0
supratentorium,2,2,1.0
overexpressing,2,2,1.0
cleopatra,1,2,2.0
impassion131,1,2,2.0
olympiad,2,2,1.0
bolero-3,1,2,2.0
lengline,2,2,1.0
erythrodysesthesia,1,2,2.0
infratentorium,2,2,1.0
antiproliferative,2,2,1.0
xtandi,2,2,1.0
crowded,2,2,1.0
baleydier,2,2,1.0
abi-007,1,2,2.0
seggewiss,2,2,1.0
embraca,1,2,2.0
autophosphorylation,2,2,1.0
buechner,2,2,1.0
8–25,2,2,1.0
shh-1a,2,2,1.0
6q23.3,2,2,1.0
intermolecular,1,2,2.0
diéras,1,2,2.0
marfanoid,2,2,1.0
talking,2,2,1.0
cristofanilli,2,2,1.0
taxpayer,2,2,1.0
habitus,1,2,2.0
democratize,2,2,1.0
huober,1,2,2.0
stemmer,1,2,2.0
pippen,2,2,1.0
ugly,2,2,1.0
trishkina,2,2,1.0
bonneterre,1,2,2.0
ciruelos,2,2,1.0
cortés,1,2,2.0
2p16.1,2,2,1.0
her-2,1,2,2.0
vahdat,1,2,2.0
cescon,1,2,2.0
ettl,1,2,2.0
ozawa,2,2,1.0
wilcken,1,2,2.0
carmichael,1,2,2.0
ishaque,2,2,1.0
attenuation,2,2,1.0
river,2,2,1.0
marty,2,2,1.0
lagios,1,2,2.0
b-24,1,2,2.0
eortc-10853,1,2,2.0
clever,2,2,1.0
silverstein,1,2,2.0
counterpoint,2,2,1.0
vardapour,2,2,1.0
mccormick,1,2,2.0
peterse,1,2,2.0
bijker,1,2,2.0
proinsulin,2,2,1.0
biospecimens,2,2,1.0
louissaint,2,2,1.0
aidsinfo,1,2,2.0
bracanalysis,2,2,1.0
5–22,2,2,1.0
tulane,2,2,1.0
glucagonoma,2,2,1.0
p11.23,2,2,1.0
nct00898365,2,2,1.0
blip,2,2,1.0
1p32,2,2,1.0
mba,1,2,2.0
prolactinoma,2,2,1.0
pasternak,1,2,2.0
rhombic,2,2,1.0
disappointment,2,2,1.0
microprocessor,2,2,1.0
kreimer,2,2,1.0
aimee,2,2,1.0
distribute,2,2,1.0
synopsis,2,2,1.0
lawrence,2,2,1.0
reputation,2,2,1.0
e31258,2,2,1.0
bucket,1,2,2.0
sri,2,2,1.0
otx2,2,2,1.0
horn,2,2,1.0
lusc,1,2,2.0
cde,1,2,2.0
lacour,2,2,1.0
respected,2,2,1.0
validated,2,2,1.0
chulalongkorn,1,2,2.0
metadata,2,2,1.0
noor,1,2,2.0
koh,1,2,2.0
hungry,2,2,1.0
courtel,2,2,1.0
unaffordable,2,2,1.0
mahidol,1,2,2.0
ucec,1,2,2.0
coad,1,2,2.0
holt,2,2,1.0
tepper,1,2,2.0
pwt,1,2,2.0
pister,1,2,2.0
clarithromycin,2,2,1.0
fojo,2,2,1.0
sussman,2,2,1.0
rubber,2,2,1.0
bray,1,2,2.0
usaid,1,2,2.0
gianfagna,1,2,2.0
chiaradia,1,2,2.0
agudo,1,2,2.0
pera,1,2,2.0
lopes,1,2,2.0
ays,1,2,2.0
baan,1,2,2.0
ando,2,2,1.0
readability,2,2,1.0
plummer,2,2,1.0
enzler,2,2,1.0
böger,2,2,1.0
antibacterial,2,2,1.0
mechanobiology,2,2,1.0
organotypic,1,2,2.0
libtayo,2,2,1.0
rnaseq,2,2,1.0
tropical,2,2,1.0
-wild,2,2,1.0
queue,2,2,1.0
ingenuity,2,2,1.0
brm,2,2,1.0
cabbage,2,2,1.0
neczyporenko,2,2,1.0
shriver,2,2,1.0
jaime,2,2,1.0
hype,2,2,1.0
hsing,2,2,1.0
cake,2,2,1.0
turkbey,1,2,2.0
chex,1,2,2.0
pancoast,1,2,2.0
delaunoit,2,2,1.0
tig,1,2,2.0
notaro,1,2,2.0
grabiner,1,2,2.0
wagle,2,2,1.0
tuned,2,2,1.0
ihpp,1,2,2.0
datapalooza,1,2,2.0
roby,1,2,2.0
nxki,1,2,2.0
kozakewich,2,2,1.0
grabowski,2,2,1.0
rakheja,2,2,1.0
sidman,1,2,2.0
perna,2,2,1.0
butrynski,2,2,1.0
typing,2,2,1.0
intraventricular,2,2,1.0
pray,2,2,1.0
varatharajan,2,2,1.0
catastrophic,2,2,1.0
nigro,2,2,1.0
hindrance,2,2,1.0
capsaicin,2,2,1.0
p.p44l,2,2,1.0
kristine,1,2,2.0
calmodulin,2,2,1.0
overturn,2,2,1.0
chemoembolization,2,2,1.0
starts,2,2,1.0
center​​​​​​​,1,2,2.0
ronai,1,2,2.0
syndicate,2,2,1.0
embolize,1,2,2.0
extensible,2,2,1.0
sagar,2,2,1.0
markup,2,2,1.0
belly,2,2,1.0
ncicontentdissemination,2,2,1.0
rwlc,1,2,2.0
varga,2,2,1.0
polymer,2,2,1.0
mesencephalic,2,2,1.0
drying,2,2,1.0
adhesive,2,2,1.0
dearfield,1,2,2.0
nagy,2,2,1.0
fennell,2,2,1.0
colonoscope,2,2,1.0
tarone,2,2,1.0
genotoxicity,1,2,2.0
hayes,2,2,1.0
applying,2,2,1.0
bizengri,2,2,1.0
endosonography,2,2,1.0
shnayder,1,2,2.0
yelena,1,2,2.0
r60q,2,2,1.0
tour,2,2,1.0
boyle,2,2,1.0
dalouny,1,2,2.0
rohan,2,2,1.0
nichd,2,2,1.0
customization,2,2,1.0
gem,2,2,1.0
paf1c,2,2,1.0
azd4547,1,2,2.0
underused,2,2,1.0
mooney,2,2,1.0
theranostic,1,2,2.0
vikrant,2,2,1.0
epitranscriptome,1,2,2.0
stori,1,2,2.0
personalization,2,2,1.0
neurocytic,2,2,1.0
unexplored,2,2,1.0
macromolecule,2,2,1.0
murine,2,2,1.0
alba,2,2,1.0
cepc,1,2,2.0
specification,2,2,1.0
sone,2,2,1.0
deyrup,2,2,1.0
christ,2,2,1.0
pinpointing,2,2,1.0
lxrs,2,2,1.0
diarrheal,2,2,1.0
tukysa,1,2,2.0
firefighter,1,2,2.0
torrezan,2,2,1.0
reh,2,2,1.0
intraparenchymal,2,2,1.0
intramedullary,2,2,1.0
brd4,2,2,1.0
unintentional,2,2,1.0
d816v,2,2,1.0
k32,1,2,2.0
tireless,2,2,1.0
histomorphological,2,2,1.0
blood-2009,1,2,2.0
ascertain,2,2,1.0
orgasm,2,2,1.0
nonionizing,1,2,2.0
mariño,2,2,1.0
leukostrat,2,2,1.0
din,2,2,1.0
fcc,1,2,2.0
rod,2,2,1.0
draft,2,2,1.0
sáez,2,2,1.0
comer,2,2,1.0
incrementalist,2,2,1.0
cefalo,1,2,2.0
joined,2,2,1.0
cosmos,1,2,2.0
inflatable,2,2,1.0
synergize,2,2,1.0
-fold,2,2,1.0
heme,2,2,1.0
auvinen,1,2,2.0
fructose,1,2,2.0
hatch,2,2,1.0
organogenesis,2,2,1.0
intimacy,2,2,1.0
reverberation,1,2,2.0
hull,2,2,1.0
mhz,1,2,2.0
enestop,2,2,1.0
kännälä,1,2,2.0
eeften,1,2,2.0
generosity,2,2,1.0
-opening,2,2,1.0
ucsd,1,2,2.0
attract,2,2,1.0
pii,2,2,1.0
ung,2,2,1.0
kindergarten,2,2,1.0
-bac,2,2,1.0
mariana,1,2,2.0
reinforce,2,2,1.0
sell,2,2,1.0
amelioration,2,2,1.0
wipe,2,2,1.0
pitch,2,2,1.0
enriquez,2,2,1.0
marshall,2,2,1.0
guinea,1,2,2.0
papua,1,2,2.0
lao,2,2,1.0
sheat,2,2,1.0
unmanaged,1,2,2.0
clifford,2,2,1.0
redevelop,2,2,1.0
revert,1,2,2.0
barry,1,2,2.0
adrenocortal,2,2,1.0
wedekind,2,2,1.0
-leader,2,2,1.0
boatload,2,2,1.0
joked,2,2,1.0
irina,2,2,1.0
instinct,2,2,1.0
leonard,2,2,1.0
supraglottis,1,2,2.0
lubensky,2,2,1.0
boring,2,2,1.0
wendell,2,2,1.0
humbling,2,2,1.0
admire,2,2,1.0
chuaqui,2,2,1.0
entrepreneurship,2,2,1.0
entrepreneur,2,2,1.0
zenocutuzumab,2,2,1.0
meany,2,2,1.0
pca3,1,2,2.0
mcat,2,2,1.0
commercialize,2,2,1.0
expelling,2,2,1.0
hybreza,1,2,2.0
imperial,2,2,1.0
bissan,2,2,1.0
nonblood,2,2,1.0
overproduction,2,2,1.0
journal.pmed.0040198,2,2,1.0
sign,2,2,1.0
assault,2,2,1.0
balmain,2,2,1.0
gevorg,2,2,1.0
edynamic,2,2,1.0
highlighting,2,2,1.0
eileen,2,2,1.0
cancan,2,2,1.0
balancing,2,2,1.0
homeland,1,2,2.0
itk,2,2,1.0
hypermutator,2,2,1.0
esoteric,2,2,1.0
alie,2,2,1.0
capmatinib,2,2,1.0
basing,2,2,1.0
widened,2,2,1.0
inherited,2,2,1.0
julius,2,2,1.0
trim33,2,2,1.0
núria,2,2,1.0
recorded,1,2,2.0
erase,2,2,1.0
efa,1,2,2.0
hillman,2,2,1.0
raf1,2,2,1.0
nonresident,1,2,2.0
nejmoa1912735,2,2,1.0
nvhy,1,2,2.0
drugmaker,2,2,1.0
e20,1,2,2.0
weymann,1,2,2.0
gratified,2,2,1.0
molassiotis,1,2,2.0
platinol,2,2,1.0
pluripotency,2,2,1.0
doong,1,2,2.0
dimethyl,1,2,2.0
fatigued,2,2,1.0
chauqui,2,2,1.0
lymphotoxin,1,2,2.0
dudley,1,2,2.0
brant,1,2,2.0
e718,1,2,2.0
e706,1,2,2.0
molecules190913848,2,2,1.0
schimmel,1,2,2.0
calvo,1,2,2.0
lengacher,1,2,2.0
mijwel,1,2,2.0
anreddy,2,2,1.0
cherwin,1,2,2.0
paf1,2,2,1.0
e+r,1,2,2.0
sapna,1,2,2.0
meshwork,2,2,1.0
abcc10,2,2,1.0
frankl,1,2,2.0
abcg2,2,2,1.0
iranian,2,2,1.0
abcb1,2,2,1.0
participatory,1,2,2.0
re1,2,2,1.0
interpretable,2,2,1.0
-driven,2,2,1.0
factorization,2,2,1.0
biomolecule,1,2,2.0
concentric,2,2,1.0
26‒100,1,2,2.0
cardinal,2,2,1.0
medium-,2,2,1.0
synapsis,1,2,2.0
mittelman,2,2,1.0
subnational,2,2,1.0
hrhpv,1,2,2.0
risen,2,2,1.0
pdxs,2,2,1.0
kuo,2,2,1.0
clemson,1,2,2.0
benes,2,2,1.0
archived,1,2,2.0
heiko,1,2,2.0
bene,2,2,1.0
cyril,2,2,1.0
rtrb,2,2,1.0
zca1,2,2,1.0
drabick,2,2,1.0
eomi,1,2,2.0
merghoub,2,2,1.0
taha,2,2,1.0
mattel,2,2,1.0
unequal,2,2,1.0
cdna,2,2,1.0
perturbagen,1,2,2.0
by/4.0/,2,2,1.0
contagious,1,2,2.0
toy,1,2,2.0
fdv,1,2,2.0
leprevost,1,2,2.0
suitability,2,2,1.0
zynlonta,2,2,1.0
keynote-012,1,2,2.0
brabander,2,2,1.0
gym,2,2,1.0
aspscr,2,2,1.0
handwritten,2,2,1.0
schoolwork,1,2,2.0
crawford,2,2,1.0
gynaecology,2,2,1.0
multidomain,2,2,1.0
redox,2,2,1.0
ca-18,2,2,1.0
cediranib,2,2,1.0
stephenson,2,2,1.0
nintendo,1,2,2.0
gangliogliomas,2,2,1.0
voucher,2,2,1.0
acrivon,1,2,2.0
slotkin,1,2,2.0
mal,1,2,2.0
wcrd,1,2,2.0
biostatistician,2,2,1.0
urethral,1,2,2.0
gmb,1,2,2.0
holdhoff,2,2,1.0
nominate,2,2,1.0
wurzburg,2,2,1.0
eiler,2,2,1.0
plan.cancer.gov,2,2,1.0
blogger,2,2,1.0
setback,2,2,1.0
cafe,2,2,1.0
salon,2,2,1.0
deference,2,2,1.0
aesthetic,2,2,1.0
citywide,2,2,1.0
samaan,2,2,1.0
odorless,2,2,1.0
underdog,2,2,1.0
matthias,2,2,1.0
ituarte,2,2,1.0
arduous,2,2,1.0
aubermont,2,2,1.0
bachelot,2,2,1.0
metopic,2,2,1.0
livestream,1,2,2.0
bríd,2,2,1.0
helm,2,2,1.0
cinnamon,1,2,2.0
alma,2,2,1.0
investing,2,2,1.0
versteege,2,2,1.0
formative,2,2,1.0
knockin,2,2,1.0
empathetic,2,2,1.0
governor,2,2,1.0
lungevity,2,2,1.0
lawyer,2,2,1.0
backyard,1,2,2.0
stockpile,2,2,1.0
-march,2,2,1.0
extrovert,2,2,1.0
whi,1,2,2.0
borst,2,2,1.0
cucumber,1,2,2.0
anaerobic,2,2,1.0
watchable,2,2,1.0
ledge,2,2,1.0
trusting,2,2,1.0
obscurity,2,2,1.0
craniosynostosis,2,2,1.0
lurbinectedin,1,2,2.0
swot,2,2,1.0
gharib,2,2,1.0
dlle,1,2,2.0
bergholm,2,2,1.0
brisdelle,2,2,1.0
legault,1,2,2.0
shumaker,1,2,2.0
prentice,2,2,1.0
rossouw,1,2,2.0
japan,2,2,1.0
mga,2,2,1.0
nono,2,2,1.0
alta-1l,1,2,2.0
wakelee,2,2,1.0
cprd,1,2,2.0
qresearch,1,2,2.0
vinogradova,1,2,2.0
grandparent,2,2,1.0
cement,2,2,1.0
nonhormone,1,2,2.0
rorke,2,2,1.0
891–901,1,2,2.0
doi/10.1002,2,2,1.0
soccer,2,2,1.0
weeks.​,2,2,1.0
vailable,2,2,1.0
reissued,2,2,1.0
smile,2,2,1.0
k43,2,2,1.0
imdelltra,2,2,1.0
luzzatto,2,2,1.0
alex,1,2,2.0
legalistic,2,2,1.0
carousel,2,2,1.0
bring,2,2,1.0
pavel,2,2,1.0
g34r,2,2,1.0
methylguanine,2,2,1.0
chile,2,2,1.0
yolcu,1,2,2.0
corbin,2,2,1.0
ug3,2,2,1.0
pinder,1,2,2.0
basu,1,2,2.0
senegal,2,2,1.0
nonanaplastic,2,2,1.0
kessenbrock,1,2,2.0
caplin,2,2,1.0
pricing,2,2,1.0
polyak,2,2,1.0
oce,1,2,2.0
tolerating,2,2,1.0
loris,1,2,2.0
eti,1,2,2.0
höppener,2,2,1.0
myf,1,2,2.0
choueiri,2,2,1.0
tbbs,1,2,2.0
rickman,2,2,1.0
kerri,1,2,2.0
psy.d,1,2,2.0
scanxiety,2,2,1.0
c3b,1,2,2.0
geraldine,2,2,1.0
enlist,2,2,1.0
tecvayli,1,2,2.0
mrtx1133,1,2,2.0
iterative,2,2,1.0
dall'igna,2,2,1.0
fault,2,2,1.0
simplicity,2,2,1.0
ago2,2,2,1.0
unfold,2,2,1.0
oncologists,2,2,1.0
nci-,2,2,1.0
cryoem,2,2,1.0
krio,1,2,2.0
change,2,2,1.0
rigel,2,2,1.0
risc,2,2,1.0
deadenylation,2,2,1.0
escs,2,2,1.0
steal,1,2,2.0
polyuridylation,2,2,1.0
delaying,2,2,1.0
ctrp,1,2,2.0
lipkin,1,2,2.0
dkfz,1,2,2.0
carnival,2,2,1.0
blockbuster,2,2,1.0
downloadable,1,2,2.0
tut4,2,2,1.0
ncidose,1,2,2.0
standard-,2,2,1.0
besi,1,2,2.0
folaranmi,2,2,1.0
nofos,2,2,1.0
presbyterian,2,2,1.0
newyork,2,2,1.0
bertagnolli,1,2,2.0
busnardo,1,2,2.0
tut7,2,2,1.0
b-30,1,2,2.0
zoh,2,2,1.0
fujiki,1,2,2.0
nrsts-2005,1,2,2.0
sabcs,1,2,2.0
rastogi,2,2,1.0
sf425,1,2,2.0
unearth,2,2,1.0
valstar,2,2,1.0
toso,1,2,2.0
gad.256396.114,2,2,1.0
spill,2,2,1.0
sensitizer,1,2,2.0
metastasectomy,2,2,1.0
registrational,2,2,1.0
vcn-01,1,2,2.0
bibliometric,2,2,1.0
tahara,2,2,1.0
whitney,1,2,2.0
ugandan,1,2,2.0
blgs,1,2,2.0
nishikawa,2,2,1.0
bionetwork,2,2,1.0
fatcamera,2,2,1.0
grande,1,2,2.0
nc/4.0/,2,2,1.0
mesenchyme,2,2,1.0
mirvetuximab,1,2,2.0
rdi,1,2,2.0
inqovi,2,2,1.0
apmis,2,2,1.0
eden,1,2,2.0
sig,1,2,2.0
droz,2,2,1.0
gravitt,1,2,2.0
trialreach,1,2,2.0
courage,2,2,1.0
seq2,2,2,1.0
generous,1,2,2.0
cancerseek,1,2,2.0
erythroleukoplakia,1,2,2.0
dipgs,2,2,1.0
unmethylated,2,2,1.0
unwell,2,2,1.0
fibrodysplasia,2,2,1.0
ossificans,2,2,1.0
progressiva,2,2,1.0
h3.2,2,2,1.0
palescandolo,2,2,1.0
hgps,1,2,2.0
hist2h3c,2,2,1.0
cctg,1,2,2.0
thalamic,2,2,1.0
brierley,1,2,2.0
vermilion,2,2,1.0
maiti,2,2,1.0
e1147k,2,2,1.0
bilimoria,1,2,2.0
grodzinski,2,2,1.0
plight,2,2,1.0
gillander,2,2,1.0
gfap,2,2,1.0
astroblastic,2,2,1.0
heery,2,2,1.0
trkb,1,2,2.0
disruptive,2,2,1.0
limiting,2,2,1.0
kramer,2,2,1.0
peripatetic,1,2,2.0
microtublule,2,2,1.0
ncnpr,1,2,2.0
ahp,1,2,2.0
multicultural,2,2,1.0
shipment,2,2,1.0
thorner,2,2,1.0
alam,2,2,1.0
questionable,2,2,1.0
µ-opioid,1,2,2.0
womens,2,2,1.0
shot,2,2,1.0
liske,2,2,1.0
ribonuclease,2,2,1.0
kmi,1,2,2.0
fragandrea,2,2,1.0
xanthoastrocytomas,2,2,1.0
erythroplakia,1,2,2.0
monopreparation,1,2,2.0
nonprogressive,2,2,1.0
pockaj,2,2,1.0
troxel,1,2,2.0
polyhydramnio,2,2,1.0
sidi,2,2,1.0
seidlová,1,2,2.0
pri,2,2,1.0
2di,1,2,2.0
gurley,1,2,2.0
maturita,1,2,2.0
cancerfilm,1,2,2.0
adversity,2,2,1.0
regrown,1,2,2.0
dabrafinib,1,2,2.0
gregor,1,2,2.0
fak,1,2,2.0
baataar,1,2,2.0
arti,1,2,2.0
vegfr,1,2,2.0
panagopoulou,2,2,1.0
recycle,2,2,1.0
nct03157128,1,2,2.0
mesodermal,1,2,2.0
berni,2,2,1.0
texting,2,2,1.0
mci,1,2,2.0
pt1,1,2,2.0
pt2,2,2,1.0
bazinet,1,2,2.0
rouillard,1,2,2.0
segas,2,2,1.0
wobker,2,2,1.0
tuber,2,2,1.0
riccia,2,2,1.0
pelizzo,2,2,1.0
ontogenic,2,2,1.0
hustle,1,2,2.0
mitogen,2,2,1.0
amice,1,2,2.0
fritsch,1,2,2.0
nondysgerminomatous,1,2,2.0
d'cruz,2,2,1.0
huang,2,2,1.0
ormond,1,2,2.0
chandy,1,2,2.0
morais,2,2,1.0
pilomyxoid,2,2,1.0
cosmic-311,1,2,2.0
ganglioside,2,2,1.0
trbp,2,2,1.0
argonaute,2,2,1.0
consulting,2,2,1.0
microcarcinomas,2,2,1.0
earth,2,2,1.0
tgm-85/90/95,1,2,2.0
conter,1,2,2.0
faure,1,2,2.0
fonseca,1,2,2.0
compete,2,2,1.0
o'neill,2,2,1.0
sahn,1,2,2.0
1bb,1,2,2.0
nutm2b,2,2,1.0
gingival,1,2,2.0
berek,1,2,2.0
rudin,2,2,1.0
skeptic,1,2,2.0
undergoe,2,2,1.0
bilingual,2,2,1.0
tomographic,2,2,1.0
rosai,2,2,1.0
nutm2e,2,2,1.0
epigenotype,2,2,1.0
marsden,2,2,1.0
icr1,2,2,1.0
egler,1,2,2.0
pashankar,1,2,2.0
metcalfe,2,2,1.0
graduated,2,2,1.0
reinhard,1,2,2.0
baranzelli,1,2,2.0
randolph,1,2,2.0
altman,1,2,2.0
shayegan,1,2,2.0
decent,2,2,1.0
singla,1,2,2.0
pedicle,2,2,1.0
parametric,2,2,1.0
nct00053352,1,2,2.0
hemiscrotectomy,1,2,2.0
lengthened,2,2,1.0
autoregulatory,2,2,1.0
maligne,1,2,2.0
piotr,2,2,1.0
serio,2,2,1.0
bajorin,1,2,2.0
kondagunta,1,2,2.0
mazumdar,1,2,2.0
grill,2,2,1.0
oncosuppressor,2,2,1.0
ganjoo,2,2,1.0
allocate,2,2,1.0
nebulous,2,2,1.0
notebook,2,2,1.0
teach,2,2,1.0
rick,1,2,2.0
acknowledge,2,2,1.0
colorado,2,2,1.0
keynote-001,2,2,1.0
symbol,2,2,1.0
n2a,1,2,2.0
mun,2,2,1.0
gromei,1,2,2.0
siperstein,2,2,1.0
lymphomagenesis,2,2,1.0
andrykowski,2,2,1.0
ctroc,2,2,1.0
masticator,1,2,2.0
slct,1,2,2.0
cady,1,2,2.0
heartbreaking,2,2,1.0
kinetic,2,2,1.0
staunton,1,2,2.0
sgk1,2,2,1.0
crta,2,2,1.0
rae,1,2,2.0
precigen,1,2,2.0
vasodilatory,2,2,1.0
restitched,1,2,2.0
vms,1,2,2.0
wanebo,1,2,2.0
q9401,2,2,1.0
maneuver,2,2,1.0
renné,2,2,1.0
genistein,1,2,2.0
mesoblastic,2,2,1.0
doh,2,2,1.0
adaptimmune,1,2,2.0
berry,2,2,1.0
enterolactone,1,2,2.0
enterodiol,1,2,2.0
biglia,1,2,2.0
pandya,1,2,2.0
stearn,1,2,2.0
nct00002611,2,2,1.0
bein,2,2,1.0
antrum,2,2,1.0
zoloft,2,2,1.0
sood,1,2,2.0
woodward,2,2,1.0
menos,1,2,2.0
helli,1,2,2.0
pruthi,1,2,2.0
cfg,1,2,2.0
haggan,1,2,2.0
lignan,1,2,2.0
acuflash,1,2,2.0
alraek,1,2,2.0
borud,1,2,2.0
glossectomy,1,2,2.0
electro,2,2,1.0
schema,1,2,2.0
adenovirus,2,2,1.0
circumscribed,2,2,1.0
novelty,2,2,1.0
cane,2,2,1.0
hif,1,2,2.0
rrp,1,2,2.0
gilman,2,2,1.0
counterclockwise,2,2,1.0
phan,2,2,1.0
multilevel,1,2,2.0
dall,2,2,1.0
subtlety,2,2,1.0
thoroughness,2,2,1.0
abuzz,2,2,1.0
parking,2,2,1.0
credential,1,2,2.0
horrible,2,2,1.0
llm,2,2,1.0
nadeau,1,2,2.0
periosteum,1,2,2.0
stuschke,1,2,2.0
clockwise,2,2,1.0
veh,2,2,1.0
yeoman,2,2,1.0
morass,2,2,1.0
ontology,2,2,1.0
insular,2,2,1.0
marquee,2,2,1.0
academician,2,2,1.0
replicable,2,2,1.0
pixar,2,2,1.0
trephine,2,2,1.0
slick,2,2,1.0
cripp,1,2,2.0
brun,1,2,2.0
shore,2,2,1.0
incumbent,2,2,1.0
fake,2,2,1.0
textual,2,2,1.0
k27m,2,2,1.0
ceiling,2,2,1.0
cable,2,2,1.0
mazeron,1,2,2.0
vax,2,2,1.0
biosystem,2,2,1.0
fishing,2,2,1.0
pharmacologist,2,2,1.0
knack,2,2,1.0
//grants.nih.gov,2,2,1.0
disappointed,2,2,1.0
chaperonin,2,2,1.0
microsoft,2,2,1.0
conversational,2,2,1.0
casual,2,2,1.0
inflection,2,2,1.0
imagining,2,2,1.0
freaking,1,2,2.0
botanist,2,2,1.0
subtitle,2,2,1.0
overconfident,2,2,1.0
ethos,2,2,1.0
articulate,2,2,1.0
pmi,1,2,2.0
sharpen,1,2,2.0
kish,1,2,2.0
inn,1,2,2.0
nephromas,2,2,1.0
butera,1,2,2.0
crissman,1,2,2.0
engaging,2,2,1.0
refugee,1,2,2.0
bob.1,2,2,1.0
pemigatinib,1,2,2.0
pacritinib,1,2,2.0
obf.1,2,2,1.0
ervin,1,2,2.0
spiro,1,2,2.0
landed,1,2,2.0
scotch,1,2,2.0
nanomaterial,1,2,2.0
sl-401,1,2,2.0
bracelet,2,2,1.0
trodelvy,1,2,2.0
basin,2,2,1.0
sbrt,1,2,2.0
cpap,1,2,2.0
scavenging,1,2,2.0
oct2,2,2,1.0
braeuninger,2,2,1.0
bruce,2,2,1.0
ecancermedicalscience,1,2,2.0
e28880,2,2,1.0
infiltrating,1,2,2.0
ayan,1,2,2.0
arar2221,1,2,2.0
laryngoscopy,2,2,1.0
recursive,1,2,2.0
lydiatt,2,2,1.0
mohanti,1,2,2.0
sahai,1,2,2.0
extracapsular,2,2,1.0
insp,1,2,2.0
vannetzel,1,2,2.0
mouse,2,2,1.0
straathof,1,2,2.0
domenge,1,2,2.0
pignon,1,2,2.0
lumpiness,1,2,2.0
margarino,1,2,2.0
mexican,2,2,1.0
guardant,1,2,2.0
appendicular,2,2,1.0
ectasia,1,2,2.0
adenosis,1,2,2.0
microcalcification,2,2,1.0
corvo,1,2,2.0
pasqualucci,2,2,1.0
swift,1,2,2.0
plcis,1,2,2.0
boussin,1,2,2.0
radial,1,2,2.0
lipoma,2,2,1.0
huppmann,2,2,1.0
nicolae,2,2,1.0
ashtray,1,2,2.0
soda,1,2,2.0
bachaud,1,2,2.0
slc1a2,2,2,1.0
inhaler,1,2,2.0
dissolve,2,2,1.0
mcgoldrick,1,2,2.0
bolus,2,2,1.0
razor,2,2,1.0
covey,1,2,2.0
mep,1,2,2.0
interleukin-12,1,2,2.0
kicking,2,2,1.0
hivinfo,1,2,2.0
jaypirca,2,2,1.0
sterile,2,2,1.0
bdnf,2,2,1.0
mesangial,2,2,1.0
cobalt,2,2,1.0
immobilization,1,2,2.0
ncrna,2,2,1.0
schar,1,2,2.0
fountaine,2,2,1.0
ara,1,2,2.0
amit,2,2,1.0
subsection,2,2,1.0
thurner,2,2,1.0
cd28,2,2,1.0
romer,1,2,2.0
pratila,2,2,1.0
convinced,2,2,1.0
handzo,1,2,2.0
vanderwerker,1,2,2.0
bushwick,1,2,2.0
beek,2,2,1.0
kts,2,2,1.0
oasis,1,2,2.0
rhode,1,2,2.0
vandecreek,1,2,2.0
treger,2,2,1.0
edmondson,1,2,2.0
yanez,1,2,2.0
vanderwerk,1,2,2.0
prediagnosis,1,2,2.0
tarakeshwar,1,2,2.0
frenkel,1,2,2.0
sela,1,2,2.0
arye,1,2,2.0
halstead,1,2,2.0
0–2,2,2,1.0
kornblith,1,2,2.0
goulet,1,2,2.0
o'mahony,1,2,2.0
immeasurable,2,2,1.0
maugan,1,2,2.0
straightener,1,2,2.0
wording,2,2,1.0
-truncating,2,2,1.0
icbp,2,2,1.0
outlaw,1,2,2.0
cella,2,2,1.0
puchalski,1,2,2.0
niraparib,1,2,2.0
conspicuous,2,2,1.0
theology,1,2,2.0
pereira,2,2,1.0
korea,2,2,1.0
opted,2,2,1.0
carling,2,2,1.0
ahonen,2,2,1.0
hedendahl,2,2,1.0
carlberg,2,2,1.0
grønhøj,2,2,1.0
mirian,2,2,1.0
marcadis,2,2,1.0
flint,2,2,1.0
nouraei,2,2,1.0
sandhu,2,2,1.0
symmetrical,2,2,1.0
spitale,2,2,1.0
bongiovanni,2,2,1.0
credence,2,2,1.0
demineralization,2,2,1.0
0.84–4.04,2,2,1.0
okita,2,2,1.0
postprocedural,2,2,1.0
vaccarella,2,2,1.0
taxable,1,2,2.0
subdivide,2,2,1.0
compensation,1,2,2.0
bahl,2,2,1.0
curie,2,2,1.0
chimney,1,2,2.0
oda,2,2,1.0
marek,2,2,1.0
plemon,2,2,1.0
fenderson,2,2,1.0
bove,2,2,1.0
gastelum,2,2,1.0
hitmmob,1,2,2.0
rous,1,2,2.0
pd1,2,2,1.0
helical,2,2,1.0
ulcerated,1,2,2.0
pcb,2,2,1.0
hertz,2,2,1.0
ferris,1,2,2.0
barcoding,2,2,1.0
dietician,2,2,1.0
epifluorescence,2,2,1.0
pcori,1,2,2.0
haddock,1,2,2.0
dhodh,1,2,2.0
larion,1,2,2.0
polivy,2,2,1.0
author,2,2,1.0
suburban,1,2,2.0
parachute,2,2,1.0
chiaravalli,2,2,1.0
fibroid,2,2,1.0
gtn,1,2,2.0
cantilever,2,2,1.0
inlet,2,2,1.0
talazoparib,1,2,2.0
talzenna,2,2,1.0
laborious,2,2,1.0
rad50,1,2,2.0
elevate,2,2,1.0
whiteboard,2,2,1.0
suresh,2,2,1.0
repopulation,1,2,2.0
intuitive,2,2,1.0
saadi,2,2,1.0
solvent,2,2,1.0
nonmedical,2,2,1.0
cdk12,1,2,2.0
tortuosity,2,2,1.0
nondiagnostic,2,2,1.0
aegis,1,2,2.0
k08-,2,2,1.0
fukunaga,2,2,1.0
k38,2,2,1.0
r36,2,2,1.0
u34,2,2,1.0
r34,2,2,1.0
mim300373,2,2,1.0
naturopathy,2,2,1.0
u.s.-licensed,2,2,1.0
kogan,2,2,1.0
oncoprotein,2,2,1.0
jamanetworkopen.2022.32778,2,2,1.0
underrepresentation,1,2,2.0
cpa,1,2,2.0
fumagalli,2,2,1.0
mid-2006,2,2,1.0
ocs,1,2,2.0
mushroom,2,2,1.0
futreal,2,2,1.0
drawing,2,2,1.0
musician,2,2,1.0
interprofessional,1,2,2.0
moses,2,2,1.0
raghu,1,2,2.0
altria,1,2,2.0
guam,2,2,1.0
osteopathia,2,2,1.0
apartment,1,2,2.0
defendant,1,2,2.0
racketeering,1,2,2.0
yea,1,2,2.0
biggers,1,2,2.0
transaminase,2,2,1.0
versus,2,2,1.0
entospletinib,1,2,2.0
blake,1,2,2.0
undermine,2,2,1.0
picardi,1,2,2.0
osteoblastoma,1,2,2.0
participated,2,2,1.0
coulomb,2,2,1.0
rap,2,2,1.0
osteoid,1,2,2.0
-dotatate,2,2,1.0
adhering,2,2,1.0
hyperinflammatory,1,2,2.0
gitil,1,2,2.0
destroyer,2,2,1.0
eclectic,2,2,1.0
sophistication,2,2,1.0
slusher,1,2,2.0
doi:10.1126,1,2,2.0
musical,2,2,1.0
sim,2,2,1.0
blastema,2,2,1.0
bonadonna,1,2,2.0
haiman,1,2,2.0
dores,1,2,2.0
linet,1,2,2.0
heijman,1,2,2.0
eloranta,1,2,2.0
hemipelvicotomy,1,2,2.0
rhabdomyomatous,2,2,1.0
wooden,2,2,1.0
cutter,1,2,2.0
dabaja,1,2,2.0
acht,1,2,2.0
937–58,1,2,2.0
transverse,1,2,2.0
cobra,1,2,2.0
verch,2,2,1.0
dear,2,2,1.0
cd30-,1,2,2.0
cd15-,1,2,2.0
cd20-,1,2,2.0
universality,2,2,1.0
schumacher,2,2,1.0
notation,2,2,1.0
prechemotherapy,2,2,1.0
sumanta,2,2,1.0
holkova,1,2,2.0
site,2,2,1.0
görgen,1,2,2.0
transactivator,2,2,1.0
baue,1,2,2.0
9p24.1,2,2,1.0
botzen,2,2,1.0
siglec-10,1,2,2.0
gire,2,2,1.0
nct00943423,1,2,2.0
soaking,1,2,2.0
plastara,1,2,2.0
sundar,2,2,1.0
wittmann,2,2,1.0
zimber,2,2,1.0
cmr,1,2,2.0
hd6,1,2,2.0
nicole,2,2,1.0
hd14,1,2,2.0
gy–30,1,2,2.0
infradiaphragmatic,1,2,2.0
duffey,1,2,2.0
sigrid,2,2,1.0
casulo,1,2,2.0
beacoppbaseline,1,2,2.0
marrano,2,2,1.0
straus,1,2,2.0
vasculitis,1,2,2.0
s0816,1,2,2.0
abv,1,2,2.0
bacteriophage,2,2,1.0
intergruppo,1,2,2.0
zinzani,1,2,2.0
tweak,2,2,1.0
justin,2,2,1.0
petroni,1,2,2.0
0.379–0.717,1,2,2.0
richards,2,2,1.0
d'etudes,1,2,2.0
uric,2,2,1.0
urea,2,2,1.0
shipp,1,2,2.0
armand,1,2,2.0
santoro,1,2,2.0
ramchandren,1,2,2.0
kuruvilla,1,2,2.0
josting,1,2,2.0
maloney,2,2,1.0
wooten,2,2,1.0
sawas,1,2,2.0
val,2,2,1.0
arrival,2,2,1.0
caption,2,2,1.0
allo,2,2,1.0
strep,1,2,2.0
strobl,2,2,1.0
binkley,1,2,2.0
rsv,1,2,2.0
gumc,1,2,2.0
lentil,1,2,2.0
stake,2,2,1.0
madan,2,2,1.0
ewen,2,2,1.0
fay,2,2,1.0
yam,2,2,1.0
-specific,1,2,2.0
uln,1,2,2.0
polymyositis,1,2,2.0
nongermline,2,2,1.0
benoit,2,2,1.0
arbitrary,2,2,1.0
disposal,2,2,1.0
ppv,1,2,2.0
soon,2,2,1.0
jirovecii,1,2,2.0
brincidofovir,1,2,2.0
trisst,1,2,2.0
rebeck,1,2,2.0
harmony,2,2,1.0
atcc,1,2,2.0
freifeld,1,2,2.0
burik,1,2,2.0
sandmai,1,2,2.0
vocabulary,2,2,1.0
guerin,2,2,1.0
polio,1,2,2.0
performer,2,2,1.0
rupcr,1,2,2.0
prca,1,2,2.0
prbcs,1,2,2.0
b.a,2,2,1.0
pancanatla,2,2,1.0
uremic,1,2,2.0
labor-,2,2,1.0
source,2,2,1.0
lardy,2,2,1.0
aqueous,2,2,1.0
bohle,2,2,1.0
ravandi,1,2,2.0
tedious,2,2,1.0
aic,1,2,2.0
hypothesize,2,2,1.0
bronchioalveolar,1,2,2.0
a20,2,2,1.0
rajewsky,2,2,1.0
kanzler,2,2,1.0
gvl,1,2,2.0
cd52,1,2,2.0
reg3,1,2,2.0
bullous,1,2,2.0
stellate,2,2,1.0
helme,2,2,1.0
szabolcs,1,2,2.0
degrade,2,2,1.0
converge,2,2,1.0
przespolewski,1,2,2.0
shankar,2,2,1.0
thymoglobulin,1,2,2.0
dermatological,2,2,1.0
interleukin-2,2,2,1.0
galaverna,1,2,2.0
elsevi,2,2,1.0
soiffer,1,2,2.0
ruutu,1,2,2.0
synaptophysin,2,2,1.0
venoocclusive,1,2,2.0
fukuda,1,2,2.0
wienand,2,2,1.0
gde,1,2,2.0
cuvelier,1,2,2.0
map3k4,2,2,1.0
carabante,1,2,2.0
benítez,1,2,2.0
gil,2,2,1.0
hemopoietic,1,2,2.0
deeg,1,2,2.0
heslop,1,2,2.0
haplo,1,2,2.0
micromanipulation,1,2,2.0
bertaina,1,2,2.0
nct00006392,1,2,2.0
gynecomastia,2,2,1.0
buldini,1,2,2.0
nanowell,1,2,2.0
itp,1,2,2.0
coarse,2,2,1.0
arora,1,2,2.0
brd7,2,2,1.0
filipovich,1,2,2.0
couriel,1,2,2.0
griffith,2,2,1.0
allogenicity,1,2,2.0
sarcopenic,1,2,2.0
miklo,1,2,2.0
timescale,2,2,1.0
sorted,2,2,1.0
hepatitic,1,2,2.0
organelle,2,2,1.0
hsv,1,2,2.0
captopril,1,2,2.0
e141,1,2,2.0
miu,2,2,1.0
minimization,1,2,2.0
bhattacharyya,1,2,2.0
cd31,1,2,2.0
fresneau,1,2,2.0
hdac4,2,2,1.0
rater,1,2,2.0
winiarski,1,2,2.0
smedler,1,2,2.0
crittenden,1,2,2.0
drip,2,2,1.0
hooke,2,2,1.0
hockenbery,1,2,2.0
roentgenol,2,2,1.0
ajr,2,2,1.0
angelucci,1,2,2.0
sethi,2,2,1.0
l'hermine,2,2,1.0
petryk,1,2,2.0
monroe,2,2,1.0
hildebrandt,1,2,2.0
reichel,2,2,1.0
shanthikumar,1,2,2.0
houdouin,1,2,2.0
5–6,2,2,1.0
zoologist,1,2,2.0
aneuploid,2,2,1.0
cynical,1,2,2.0
patriarchal,1,2,2.0
hiv+,2,2,1.0
anthropologist,1,2,2.0
vocation,1,2,2.0
geneva,1,2,2.0
lancet,2,2,1.0
htmcp,2,2,1.0
//doi.org/10.1038,2,2,1.0
tie2,2,2,1.0
s41375,2,2,1.0
micrometastasis,2,2,1.0
e27069,2,2,1.0
chadburn,2,2,1.0
condeelis,2,2,1.0
grupp,2,2,1.0
cindy,2,2,1.0
tend,2,2,1.0
george,2,2,1.0
martel,1,2,2.0
lagergren,1,2,2.0
kigali,1,2,2.0
ncd,2,2,1.0
leather-,2,2,1.0
lu-177,1,2,2.0
rwanda,1,2,2.0
flutamide,2,2,1.0
gilling,2,2,1.0
nagata,1,2,2.0
bap1,1,2,2.0
perkins,1,2,2.0
esr,2,2,1.0
sugarbaker,1,2,2.0
oncogenome,2,2,1.0
extrapleural,1,2,2.0
0–3,2,2,1.0
agaimy,2,2,1.0
phylogenetic,1,2,2.0
maura,2,2,1.0
cyad-101,1,2,2.0
hgsc,1,2,2.0
cd8-,1,2,2.0
hgg,1,2,2.0
-century,2,2,1.0
crada,1,2,2.0
cellulitis,1,2,2.0
paan,1,2,2.0
pdf-210,1,2,2.0
tobaccocontrol-2020,1,2,2.0
luce,1,2,2.0
djv086,1,2,2.0
théry,1,2,2.0
bayesian,2,2,1.0
landis,1,2,2.0
lorsch,1,2,2.0
jon,1,2,2.0
rundown,2,2,1.0
tabak,1,2,2.0
caris,2,2,1.0
damasceno,2,2,1.0
biostatic,1,2,2.0
senate,1,2,2.0
pension,2,2,1.0
dawood,1,2,2.0
finetti,1,2,2.0
ziccheddu,2,2,1.0
otten,1,2,2.0
cloyd,2,2,1.0
spina,2,2,1.0
spielman,1,2,2.0
safi,1,2,2.0
nonavalent,1,2,2.0
meningitis,1,2,2.0
noted,1,2,2.0
expo,1,2,2.0
alig,2,2,1.0
e28154,1,2,2.0
paxman,1,2,2.0
garofalo,2,2,1.0
loco,1,2,2.0
tile,1,2,2.0
atf1,1,2,2.0
dockery,2,2,1.0
ruben,2,2,1.0
mgm,2,2,1.0
groundbreaking,2,2,1.0
segmentectomy,1,2,2.0
cader,2,2,1.0
cahps,1,2,2.0
omelet,1,2,2.0
fallon,2,2,1.0
professional,2,2,1.0
icelandic,2,2,1.0
bake,1,2,2.0
batter,1,2,2.0
sawhney,2,2,1.0
shiva,2,2,1.0
osamura,1,2,2.0
rbm38,2,2,1.0
actb,2,2,1.0
nephrol,2,2,1.0
nonproductive,2,2,1.0
aritro,2,2,1.0
nath,2,2,1.0
scand,2,2,1.0
thorsten,2,2,1.0
caraglia,1,2,2.0
vitale,1,2,2.0
goetze,2,2,1.0
universitario,2,2,1.0
spectral,2,2,1.0
octubre,2,2,1.0
mcwhinney,1,2,2.0
rpoc,2,2,1.0
262–66,1,2,2.0
locke,1,2,2.0
shalabi,1,2,2.0
laryngoscope,2,2,1.0
gratification,2,2,1.0
andreoli,2,2,1.0
igg1,2,2,1.0
partial-,1,2,2.0
collagenoma,1,2,2.0
debulk,1,2,2.0
aparathyroid,1,2,2.0
ing,2,2,1.0
catalyze,2,2,1.0
shirali,1,2,2.0
niederle,1,2,2.0
ap2s1,1,2,2.0
casr,1,2,2.0
carry,2,2,1.0
nonplatinum,2,2,1.0
platitude,2,2,1.0
chandrasekharappa,1,2,2.0
insulinomas,1,2,2.0
glucagonomas,1,2,2.0
avidity,1,2,2.0
hyperfunction,1,2,2.0
unnoticed,2,2,1.0
reoperative,1,2,2.0
hag,2,2,1.0
seatle,2,2,1.0
horm,1,2,2.0
angiofibromas,1,2,2.0
skarulis,1,2,2.0
dosseh,1,2,2.0
hepzato,1,2,2.0
fratini,1,2,2.0
giudici,1,2,2.0
uchino,1,2,2.0
langenbeck,1,2,2.0
howle,1,2,2.0
pardi,1,2,2.0
cetani,1,2,2.0
marx,1,2,2.0
tisch,1,2,2.0
habrand,2,2,1.0
pointon,1,2,2.0
o'riordain,1,2,2.0
men-1,1,2,2.0
bauter,1,2,2.0
cardot,1,2,2.0
georgitsi,1,2,2.0
uplifting,2,2,1.0
glomus,1,2,2.0
mitochondria,2,2,1.0
paraganglia,1,2,2.0
22q11.1,2,2,1.0
fluorohydroxyphenylalanine,1,2,2.0
comforting,2,2,1.0
fluorodopamine,1,2,2.0
albuquerque,2,2,1.0
normetanephrine,1,2,2.0
methoxytyramine,1,2,2.0
angio,1,2,2.0
leigh,1,2,2.0
p81l,1,2,2.0
superantigen,2,2,1.0
unsurpassed,2,2,1.0
sdhaf2,1,2,2.0
perseverance,2,2,1.0
unpaid,2,2,1.0
microdissected,2,2,1.0
zuckerkandl,1,2,2.0
bifurcation,1,2,2.0
doxazosin,1,2,2.0
benavente,2,2,1.0
jochmanova,1,2,2.0
disentangle,2,2,1.0
addict,2,2,1.0
nockel,1,2,2.0
extraadrenal,1,2,2.0
roqueplo,1,2,2.0
gimenez,1,2,2.0
afshar,2,2,1.0
niemeijer,1,2,2.0
longtime,2,2,1.0
rattenberry,1,2,2.0
steadfast,2,2,1.0
michor,2,2,1.0
d'amore,2,2,1.0
hensen,1,2,2.0
boedeker,1,2,2.0
gaal,1,2,2.0
corless,1,2,2.0
fluoro,1,2,2.0
boikos,1,2,2.0
sturgeon,1,2,2.0
pastan,2,2,1.0
kooi,2,2,1.0
mccune,1,2,2.0
franziska,2,2,1.0
cast,1,2,2.0
300k,1,2,2.0
50k,1,2,2.0
ften,1,2,2.0
pick,2,2,1.0
massink,2,2,1.0
alchemy,1,2,2.0
radaev,2,2,1.0
alcl99,2,2,1.0
kraveka,2,2,1.0
leon,2,2,1.0
markedly,2,2,1.0
excel,2,2,1.0
bosse,2,2,1.0
giudice,2,2,1.0
berko,2,2,1.0
mir-20a,1,2,2.0
5q31.2,1,2,2.0
p34,2,2,1.0
mariotto,2,2,1.0
feuer,2,2,1.0
glucuronide,1,2,2.0
informatics,2,2,1.0
lake,2,2,1.0
mir-146a,1,2,2.0
cncr.31549,1,2,2.0
centeno,2,2,1.0
malchoff,1,2,2.0
capezzone,1,2,2.0
ambe,2,2,1.0
filetti,1,2,2.0
cncr.31551,1,2,2.0
cavaco,1,2,2.0
2q21,1,2,2.0
abs/10.1002,1,2,2.0
tco1,1,2,2.0
canzian,1,2,2.0
androstanediol,1,2,2.0
departure,2,2,1.0
titf-1,1,2,2.0
a339v,1,2,2.0
prepubescent,1,2,2.0
flot,1,2,2.0
marafioti,2,2,1.0
moving,2,2,1.0
elana,2,2,1.0
legislature,1,2,2.0
prediagnostic,1,2,2.0
witek,2,2,1.0
long-,1,2,2.0
chicagochec,1,2,2.0
ale,1,2,2.0
chibbaro,1,2,2.0
bresson,1,2,2.0
e30358,1,2,2.0
ilanchezhian,1,2,2.0
irreproducible,2,2,1.0
hoch,1,2,2.0
chondroid,1,2,2.0
vcp,2,2,1.0
endonasal,1,2,2.0
intraprostatic,1,2,2.0
unidimensional,2,2,1.0
nanjing,1,2,2.0
b38,1,2,2.0
lcar,1,2,2.0
arab,1,2,2.0
uptodate,1,2,2.0
rpgs,1,2,2.0
r16,1,2,2.0
bobin,2,2,1.0
trichloroethylene,1,2,2.0
concentrating,1,1,1.0
semblance,1,1,1.0
reissue,1,1,1.0
ups,1,1,1.0
vipoma,1,1,1.0
11q13,1,1,1.0
policy,1,1,1.0
economist,1,1,1.0
floss,1,1,1.0
convalescent,1,1,1.0
normalcy,1,1,1.0
sip,1,1,1.0
ganglioneuromas,1,1,1.0
myplate,1,1,1.0
prong,1,1,1.0
marijuana,1,1,1.0
cosegregation,1,1,1.0
kytölä,1,1,1.0
floppy,1,1,1.0
farnebo,1,1,1.0
vannucci,1,1,1.0
façade,1,1,1.0
zaahl,1,1,1.0
toggled,1,1,1.0
václavíková,1,1,1.0
dvoráková,1,1,1.0
skába,1,1,1.0
meotti,1,1,1.0
disclaime,1,1,1.0
​​​application,1,1,1.0
​​​​​at,1,1,1.0
oer,1,1,1.0
puñale,1,1,1.0
arcade,1,1,1.0
ame,1,1,1.0
solar,1,1,1.0
usg,1,1,1.0
occupy,1,1,1.0
alsanea,1,1,1.0
unimaginable,1,1,1.0
e157,1,1,1.0
cylinder,1,1,1.0
rpm,1,1,1.0
netlabel,1,1,1.0
librivox,1,1,1.0
e150,1,1,1.0
pointing,1,1,1.0
upload,1,1,1.0
elwerr,1,1,1.0
chasseloup,1,1,1.0
nsa,1,1,1.0
e1493,1,1,1.0
prelinger,1,1,1.0
biodiversity,1,1,1.0
gutenberg,1,1,1.0
genealogy,1,1,1.0
fedlink,1,1,1.0
doom,1,1,1.0
compilation,1,1,1.0
shareware,1,1,1.0
transcervical,1,1,1.0
apk,1,1,1.0
vintage,1,1,1.0
emulation,1,1,1.0
console,1,1,1.0
downturn,1,1,1.0
zumsteg,1,1,1.0
heizmann,1,1,1.0
dralle,1,1,1.0
giroux,1,1,1.0
elston,1,1,1.0
gosnell,1,1,1.0
learoyd,1,1,1.0
-variant,1,1,1.0
archive-it.org,1,1,1.0
safari,1,1,1.0
firefox,1,1,1.0
chrome,1,1,1.0
kurzrock,1,1,1.0
vlog,1,1,1.0
videogame,1,1,1.0
274.html,1,1,1.0
files,1,1,1.0
caillou,1,1,1.0
ujhazy,1,1,1.0
taxotere,1,1,1.0
travagli,1,1,1.0
pdgf,1,1,1.0
zaret,1,1,1.0
piolat,1,1,1.0
differentiating,1,1,1.0
panin3,1,1,1.0
panin2,1,1,1.0
reprogrammed,1,1,1.0
ipsc,1,1,1.0
pluripotent,1,1,1.0
mpsnst,1,1,1.0
glut1,1,1,1.0
sglt2,1,1,1.0
sglt,1,1,1.0
rcr.v8i3.872,1,1,1.0
turbt,1,1,1.0
nonmuscle,1,1,1.0
nciecia,1,1,1.0
g.1,1,1,1.0
d.2.c,1,1,1.0
um1,1,1,1.0
u10,1,1,1.0
nct0123456,1,1,1.0
disseminate,1,1,1.0
knock,1,1,1.0
propose,1,1,1.0
jupiter-02,1,1,1.0
appalachian,1,1,1.0
highland,1,1,1.0
election,1,1,1.0
miao,1,1,1.0
pai,1,1,1.0
tantalizing,1,1,1.0
kwong,1,1,1.0
dynavax,1,1,1.0
plural,1,1,1.0
warn,1,1,1.0
instillation,1,1,1.0
harter,1,1,1.0
piyush,1,1,1.0
yovanni,1,1,1.0
polaris-02,1,1,1.0
fingernail,1,1,1.0
lawmaker,1,1,1.0
suntan,1,1,1.0
crayon,1,1,1.0
blonde,1,1,1.0
precious,1,1,1.0
leveraged,1,1,1.0
dovetail,1,1,1.0
exemplar,1,1,1.0
geospatial,1,1,1.0
balm,1,1,1.0
arcc,1,1,1.0
nasem,1,1,1.0
mmwr,1,1,1.0
sociology,1,1,1.0
politic,1,1,1.0
appalachia,1,1,1.0
arisen,1,1,1.0
stamp,1,1,1.0
postage,1,1,1.0
asymmetric,1,1,1.0
streak,1,1,1.0
vs.15,1,1,1.0
4.4–10.9,1,1,1.0
internist,1,1,1.0
rollan,1,1,1.0
sargen,1,1,1.0
russak,1,1,1.0
hrsa,1,1,1.0
cyr,1,1,1.0
reinvigorate,1,1,1.0
nct02915432,1,1,1.0
simplistic,1,1,1.0
amara,1,1,1.0
igg4k,1,1,1.0
mbb,1,1,1.0
mainland,1,1,1.0
jupitor-02,1,1,1.0
milicic,1,1,1.0
shibamoto,1,1,1.0
pisano,1,1,1.0
cabrera,1,1,1.0
fide,1,1,1.0
bona,1,1,1.0
converse,1,1,1.0
tahoe,1,1,1.0
carson,1,1,1.0
moon,1,1,1.0
osman,1,1,1.0
polonium–210,1,1,1.0
snoose,1,1,1.0
scent,1,1,1.0
powdered,1,1,1.0
rope,1,1,1.0
spitless,1,1,1.0
suck,1,1,1.0
iman,1,1,1.0
sponsorship,1,1,1.0
dahn,1,1,1.0
sohail,1,1,1.0
humanitarian,1,1,1.0
houlahan,1,1,1.0
hyperactivation,1,1,1.0
kamnerdsupaphon,1,1,1.0
ndumele,1,1,1.0
lorvidhaya,1,1,1.0
chitapanarux,1,1,1.0
rajan,1,1,1.0
petrini,1,1,1.0
jeremic,1,1,1.0
goepfert,1,1,1.0
dimery,1,1,1.0
pennebaker,1,1,1.0
nondeterminant,1,1,1.0
djordjevic,1,1,1.0
küchenhoff,1,1,1.0
stanfill,1,1,1.0
hodge,1,1,1.0
basicity,1,1,1.0
sckopke,1,1,1.0
fertilizer,1,1,1.0
ardizzoni,1,1,1.0
giaccone,1,1,1.0
bühner,1,1,1.0
blacker,1,1,1.0
symbolic,1,1,1.0
clapp,1,1,1.0
pascuzzi,1,1,1.0
loehr,1,1,1.0
lagay,1,1,1.0
christison,1,1,1.0
ozgediz,1,1,1.0
apraxia,1,1,1.0
aphasia,1,1,1.0
promis,1,1,1.0
witgert,1,1,1.0
yarker,1,1,1.0
munir,1,1,1.0
wee,1,1,1.0
interstudy,1,1,1.0
ligibel,1,1,1.0
scrambled,1,1,1.0
denlinger,1,1,1.0
folstein,1,1,1.0
methodical,1,1,1.0
npc-9902,1,1,1.0
perrea,1,1,1.0
tsigka,1,1,1.0
tee,1,1,1.0
bakoyianni,1,1,1.0
sikic,1,1,1.0
gutenkunst,1,1,1.0
giffard,1,1,1.0
joly,1,1,1.0
distractibility,1,1,1.0
psycinfo,1,1,1.0
santiago,1,1,1.0
cruzado,1,1,1.0
tasca,1,1,1.0
sherbet,1,1,1.0
neurobiology,1,1,1.0
deary,1,1,1.0
flan,1,1,1.0
whalley,1,1,1.0
mcginty,1,1,1.0
chemoendocrine,1,1,1.0
stew,1,1,1.0
investig,1,1,1.0
12–22,1,1,1.0
planet,1,1,1.0
6–65,1,1,1.0
marín,1,1,1.0
caringbridge,1,1,1.0
drug-,1,1,1.0
component,1,1,1.0
maintaining,1,1,1.0
seeker,1,1,1.0
≤16,1,1,1.0
coaster,1,1,1.0
roller,1,1,1.0
kahler,1,1,1.0
protuberan,1,1,1.0
dermatofibrosarcoma,1,1,1.0
urothelium,1,1,1.0
slowing,1,1,1.0
achy,1,1,1.0
≤60,1,1,1.0
acetylcholinesterase,1,1,1.0
insidious,1,1,1.0
excitotoxicity,1,1,1.0
neuroprotective,1,1,1.0
bdp,1,1,1.0
waitlist,1,1,1.0
rocque,1,1,1.0
castellon,1,1,1.0
peet,1,1,1.0
cactus,1,1,1.0
journaling,1,1,1.0
korstjen,1,1,1.0
cancercon,1,1,1.0
insider,1,1,1.0
d–6,1,1,1.0
usnihnci,1,1,1.0
//public.govdelivery.com,1,1,1.0
neurotrophin,1,1,1.0
ncicancertrial,1,1,1.0
pgcc,1,1,1.0
polyploid,1,1,1.0
potholder,1,1,1.0
10–30,1,1,1.0
stimulating,1,1,1.0
sturdy,1,1,1.0
tub,1,1,1.0
bathmat,1,1,1.0
bidstrup,1,1,1.0
rug,1,1,1.0
jar,1,1,1.0
rottmann,1,1,1.0
tuya,1,1,1.0
samimi,1,1,1.0
rembrandt,1,1,1.0
versatility,1,1,1.0
mumm,1,1,1.0
saykin,1,1,1.0
kesler,1,1,1.0
oscillation,1,1,1.0
malec,1,1,1.0
cicerone,1,1,1.0
unlimited,1,1,1.0
milbury,1,1,1.0
roni,1,1,1.0
e85,1,1,1.0
leskaroski,1,1,1.0
drosselmeyer,1,1,1.0
baumann,1,1,1.0
weisser,1,1,1.0
boele,1,1,1.0
undergraded,1,1,1.0
trabecular,1,1,1.0
patwardhan,1,1,1.0
narcotic,1,1,1.0
fenlon,1,1,1.0
shennan,1,1,1.0
sorock,1,1,1.0
ruiter,1,1,1.0
traceback,1,1,1.0
nonsurveillance,1,1,1.0
koevoets,1,1,1.0
madeddu,1,1,1.0
massa,1,1,1.0
anaemic,1,1,1.0
iconomou,1,1,1.0
zes,1,1,1.0
couture,1,1,1.0
attentional,1,1,1.0
jønsson,1,1,1.0
lundorff,1,1,1.0
tra,1,1,1.0
2.5:1,1,1,1.0
-cell,1,1,1.0
kohli,1,1,1.0
clemon,1,1,1.0
gistic,1,1,1.0
cbioportal,1,1,1.0
regurgitation,1,1,1.0
tcpa,1,1,1.0
bradykinin,1,1,1.0
laack,1,1,1.0
rosdhal,1,1,1.0
cgb,1,1,1.0
peiffer,1,1,1.0
eggplant,1,1,1.0
balcueva,1,1,1.0
s116,1,1,1.0
lusso,1,1,1.0
kallikrein,1,1,1.0
mbatch,1,1,1.0
crampy,1,1,1.0
funseq2,1,1,1.0
polypeptide-,1,1,1.0
glucagon,1,1,1.0
copper,1,1,1.0
fluorodopa,1,1,1.0
icomutto,1,1,1.0
viewgene,1,1,1.0
extrahepatic,1,1,1.0
sstrs,1,1,1.0
phe10-,1,1,1.0
dtp,1,1,1.0
firehose,1,1,1.0
firebrowse,1,1,1.0
fasmic,1,1,1.0
giri,1,1,1.0
muse,1,1,1.0
lncrnas,1,1,1.0
diphosphonate,1,1,1.0
tanric,1,1,1.0
survnet,1,1,1.0
kupelnick,1,1,1.0
statham,1,1,1.0
ganeshan,1,1,1.0
huncharek,1,1,1.0
thermogram,1,1,1.0
crocetti,1,1,1.0
callback,1,1,1.0
μmol/24,1,1,1.0
shortened,1,1,1.0
sfm,1,1,1.0
emerse,1,1,1.0
topographic,1,1,1.0
rogel,1,1,1.0
supraselective,1,1,1.0
github,1,1,1.0
terris,1,1,1.0
ramel,1,1,1.0
toliat,1,1,1.0
tönnie,1,1,1.0
karayiannakis,1,1,1.0
karatzas,1,1,1.0
0.63–1.010,1,1,1.0
geist,1,1,1.0
hybarger,1,1,1.0
homeobox,1,1,1.0
cdx-2,1,1,1.0
zamboni,1,1,1.0
barbareschi,1,1,1.0
anlauf,1,1,1.0
directed,1,1,1.0
aparna,1,1,1.0
riddell,1,1,1.0
redcap,1,1,1.0
luinetti,1,1,1.0
carcinoidosis,1,1,1.0
nccc,1,1,1.0
fiocca,1,1,1.0
gai,1,1,1.0
xiaowu,1,1,1.0
eccdnas,1,1,1.0
yuk,1,1,1.0
rosemurgy,1,1,1.0
anaesthesiol,1,1,1.0
shibiao,1,1,1.0
readable,1,1,1.0
oncokids,1,1,1.0
meddeb,1,1,1.0
blaschko,1,1,1.0
s69,1,1,1.0
seregni,1,1,1.0
auspex,1,1,1.0
hydroxyindole,1,1,1.0
t1–2,1,1,1.0
martinetti,1,1,1.0
victoria,1,1,1.0
jetmore,1,1,1.0
nct02633202,1,1,1.0
pasadena,1,1,1.0
j.tyson,1,1,1.0
quyen,1,1,1.0
dayal,1,1,1.0
jatoi,1,1,1.0
petra,1,1,1.0
gastroentero,1,1,1.0
attendant,1,1,1.0
hartford,1,1,1.0
kvols,1,1,1.0
reubi,1,1,1.0
wruble,1,1,1.0
bruïne,1,1,1.0
sanduleanu,1,1,1.0
osterlind,1,1,1.0
drivsholm,1,1,1.0
pancreastatin,1,1,1.0
sakoda,1,1,1.0
stridsberg,1,1,1.0
farmington,1,1,1.0
splanchnic,1,1,1.0
comline,1,1,1.0
m.h.a,1,1,1.0
liehr,1,1,1.0
botet,1,1,1.0
rösch,1,1,1.0
garske,1,1,1.0
lydia,1,1,1.0
hydroxytryprophan,1,1,1.0
ahlström,1,1,1.0
−1.4,1,1,1.0
octreoscan,1,1,1.0
performed,1,1,1.0
hoefnagel,1,1,1.0
phe1,1,1,1.0
thonneau,1,1,1.0
studeman,1,1,1.0
varkarakis,1,1,1.0
huyghe,1,1,1.0
endocrinoma,1,1,1.0
shebani,1,1,1.0
ghadirian,1,1,1.0
spermatogonia,1,1,1.0
impalpable,1,1,1.0
rorstad,1,1,1.0
orchiopexy,1,1,1.0
shipley,1,1,1.0
lope,1,1,1.0
benton,1,1,1.0
cryptorchid,1,1,1.0
bellutti,1,1,1.0
demarco,1,1,1.0
seminiferous,1,1,1.0
gonocyte,1,1,1.0
intratubular,1,1,1.0
twinship,1,1,1.0
subfertile,1,1,1.0
skakkebaek,1,1,1.0
akre,1,1,1.0
pettersson,1,1,1.0
richiardi,1,1,1.0
schembri,1,1,1.0
croughan,1,1,1.0
westberg,1,1,1.0
engholm,1,1,1.0
bostofte,1,1,1.0
denney,1,1,1.0
khandheria,1,1,1.0
landelius,1,1,1.0
catalona,1,1,1.0
ratiff,1,1,1.0
sagalowsky,1,1,1.0
reaffirmation,1,1,1.0
eclomas,1,1,1.0
unwarranted,1,1,1.0
vesicular,1,1,1.0
carboxylase,1,1,1.0
nijhoff,1,1,1.0
cytosolic,1,1,1.0
martinus,1,1,1.0
purwar,1,1,1.0
wouldn,1,1,1.0
iit,1,1,1.0
distinguishe,1,1,1.0
kloh,1,1,1.0
enteroendocrine,1,1,1.0
hasmukh,1,1,1.0
cofounder,1,1,1.0
devising,1,1,1.0
actalycabtagene,1,1,1.0
caliber,1,1,1.0
foulke,1,1,1.0
iain,1,1,1.0
deconvolve,1,1,1.0
berens,1,1,1.0
largevis,1,1,1.0
genre,1,1,1.0
octopus,1,1,1.0
höfler,1,1,1.0
repulsion,1,1,1.0
repulse,1,1,1.0
faithfulness,1,1,1.0
agreeable,1,1,1.0
biotherapeutic,1,1,1.0
-mediated,1,1,1.0
hyperphosphorylation,1,1,1.0
runtime,1,1,1.0
monophosphate,1,1,1.0
adenosine,1,1,1.0
contractility,1,1,1.0
neurotransmission,1,1,1.0
nonhepatic,1,1,1.0
antifibrotic,1,1,1.0
407–19,1,1,1.0
install,1,1,1.0
perforate,1,1,1.0
opentsne,1,1,1.0
repulsive,1,1,1.0
postembolization,1,1,1.0
transaminitis,1,1,1.0
foam,1,1,1.0
distrustful,1,1,1.0
crn,1,1,1.0
memorandum,1,1,1.0
diminution,1,1,1.0
oham,1,1,1.0
nominates,1,1,1.0
adcs,1,1,1.0
heske,1,1,1.0
ifns,1,1,1.0
emblem,1,1,1.0
i4c,1,1,1.0
longest,1,1,1.0
tachyphylaxis,1,1,1.0
stupor,1,1,1.0
geldanamycin,1,1,1.0
albuterol,1,1,1.0
necker,1,1,1.0
terfenadine,1,1,1.0
loratadine,1,1,1.0
cyproheptadine,1,1,1.0
diphenoxylate,1,1,1.0
hsps,1,1,1.0
hsp,1,1,1.0
bronchospastic,1,1,1.0
cocoon,1,1,1.0
pacmenc,1,1,1.0
angiosuppression,1,1,1.0
radiopeptide,1,1,1.0
faraoni,1,1,1.0
a-4084,1,1,1.0
krt17,1,1,1.0
reisine,1,1,1.0
panetta,1,1,1.0
minghini,1,1,1.0
raulf,1,1,1.0
welin,1,1,1.0
bakka,1,1,1.0
berstad,1,1,1.0
søreide,1,1,1.0
bumsoo,1,1,1.0
loftus,1,1,1.0
kisker,1,1,1.0
vatalanib,1,1,1.0
thrombospondin-1,1,1,1.0
provoke,1,1,1.0
nobin,1,1,1.0
monocyte,1,1,1.0
naim,1,1,1.0
orchestration,1,1,1.0
belviranli,1,1,1.0
kartal,1,1,1.0
sahin,1,1,1.0
fulfil,1,1,1.0
franzén,1,1,1.0
persson,1,1,1.0
kölby,1,1,1.0
antitumour,1,1,1.0
schillaci,1,1,1.0
angeletti,1,1,1.0
corleto,1,1,1.0
328s,1,1,1.0
gastroscopy,1,1,1.0
taubin,1,1,1.0
kharrat,1,1,1.0
perianaesthetic,1,1,1.0
gile,1,1,1.0
zuh,1,1,1.0
antimicrotubule,1,1,1.0
milas,1,1,1.0
berber,1,1,1.0
mazzaglia,1,1,1.0
byoo,1,1,1.0
tylén,1,1,1.0
wängberg,1,1,1.0
dearterialization,1,1,1.0
lunderquist,1,1,1.0
månsson,1,1,1.0
crave,1,1,1.0
8–14,1,1,1.0
posterolateral,1,1,1.0
ahrén,1,1,1.0
porous,1,1,1.0
azzoni,1,1,1.0
salaam,1,1,1.0
melcher,1,1,1.0
gauger,1,1,1.0
falchetti,1,1,1.0
milione,1,1,1.0
fave,1,1,1.0
delle,1,1,1.0
tanabe,1,1,1.0
ichikawa,1,1,1.0
antrectomy,1,1,1.0
winslet,1,1,1.0
peritonectomy,1,1,1.0
adenocarcinoid,1,1,1.0
abdul,1,1,1.0
ohrvall,1,1,1.0
lundström,1,1,1.0
rastad,1,1,1.0
borland,1,1,1.0
devascularization,1,1,1.0
fistulation,1,1,1.0
tenacity,1,1,1.0
i73,1,1,1.0
büchler,1,1,1.0
hatzitheoklito,1,1,1.0
makhlouf,1,1,1.0
yoshikane,1,1,1.0
givi,1,1,1.0
malafa,1,1,1.0
hodul,1,1,1.0
morley,1,1,1.0
compress,1,1,1.0
mondul,1,1,1.0
gauge,1,1,1.0
dedicate,1,1,1.0
clout,1,1,1.0
siewert,1,1,1.0
ballantyne,1,1,1.0
mani,1,1,1.0
bleday,1,1,1.0
kwaan,1,1,1.0
abdominoperineal,1,1,1.0
stinner,1,1,1.0
process,1,1,1.0
nasty,1,1,1.0
mirdametinib,1,1,1.0
zarnestra,1,1,1.0
controller,1,1,1.0
raffit,1,1,1.0
headfirst,1,1,1.0
finkel,1,1,1.0
toren,1,1,1.0
misinformed,1,1,1.0
depict,1,1,1.0
anthracis,1,1,1.0
dhart,1,1,1.0
staci,1,1,1.0
wolters,1,1,1.0
echelon,1,1,1.0
lending,1,1,1.0
hardware,1,1,1.0
calibration,1,1,1.0
komaroff,1,1,1.0
varricchio,1,1,1.0
pathophysiologie,1,1,1.0
operability,1,1,1.0
humidity,1,1,1.0
standard,1,1,1.0
waiver,1,1,1.0
repeatability,1,1,1.0
gantt,1,1,1.0
jeff.buchsbaum,1,1,1.0
pushpa,1,1,1.0
ossandom,1,1,1.0
sahasrabuddhevv,1,1,1.0
youngma,1,1,1.0
patriotis,1,1,1.0
days–19,1,1,1.0
accessory,1,1,1.0
exertional,1,1,1.0
borg,1,1,1.0
oxygenation,1,1,1.0
inorganic,1,1,1.0
underrecognized,1,1,1.0
christo,1,1,1.0
divir,1,1,1.0
paul.pearlman,1,1,1.0
acidotic,1,1,1.0
transdivisional,1,1,1.0
hemidiaphragm,1,1,1.0
guideline,1,1,1.0
mcfall,1,1,1.0
chemoreceptor,1,1,1.0
kortum,1,1,1.0
mozambique,1,1,1.0
claustrophobia,1,1,1.0
nebulization,1,1,1.0
scheel,1,1,1.0
dyspneic,1,1,1.0
physiotherapy,1,1,1.0
splinting,1,1,1.0
ming,1,1,1.0
paracentesis,1,1,1.0
dickherberaj,1,1,1.0
wallaceti,1,1,1.0
liddellr,1,1,1.0
huppi,1,1,1.0
liddell,1,1,1.0
injector,1,1,1.0
fulfaro,1,1,1.0
intradermal,1,1,1.0
crosby,1,1,1.0
wilcock,1,1,1.0
levitz,1,1,1.0
unpleasantness,1,1,1.0
0–10,1,1,1.0
rahimzadeh,1,1,1.0
midazolam,1,1,1.0
ginty,1,1,1.0
maureen,1,1,1.0
antiprostaglandin,1,1,1.0
sally,1,1,1.0
iwelunmor,1,1,1.0
lamanca,1,1,1.0
hasan,1,1,1.0
congleton,1,1,1.0
khunger,1,1,1.0
programmed,1,1,1.0
millifluidic,1,1,1.0
naidoo,1,1,1.0
parshall,1,1,1.0
undem,1,1,1.0
meltzer,1,1,1.0
widdicombe,1,1,1.0
lertzman,1,1,1.0
castro,1,1,1.0
yorkshire,1,1,1.0
coda,1,1,1.0
biomarks,1,1,1.0
lifegene,1,1,1.0
v169,1,1,1.0
rafael,1,1,1.0
postradiotherapy,1,1,1.0
epler,1,1,1.0
nonresectable,1,1,1.0
preston,1,1,1.0
manca,1,1,1.0
mantovani,1,1,1.0
accp,1,1,1.0
gaston,1,1,1.0
henoch,1,1,1.0
dorman,1,1,1.0
farquhar,1,1,1.0
bausewein,1,1,1.0
henson,1,1,1.0
cerchietti,1,1,1.0
navigante,1,1,1.0
colposcopy,1,1,1.0
keyscope,1,1,1.0
esquina,1,1,1.0
nava,1,1,1.0
hypoxemic,1,1,1.0
schoeller,1,1,1.0
hypoxaemic,1,1,1.0
leiva,1,1,1.0
archery,1,1,1.0
stoutz,1,1,1.0
dame,1,1,1.0
notre,1,1,1.0
zeppetella,1,1,1.0
allard,1,1,1.0
lieberman,1,1,1.0
transudative,1,1,1.0
mucolytic,1,1,1.0
dextromethorphan,1,1,1.0
antitussive,1,1,1.0
chemopad,1,1,1.0
anaphylactic,1,1,1.0
gag,1,1,1.0
postnasal,1,1,1.0
khalid,1,1,1.0
mounzih,1,1,1.0
schoenbrunner,1,1,1.0
ccop,1,1,1.0
urcc,1,1,1.0
isothermal,1,1,1.0
bushunow,1,1,1.0
7–21,1,1,1.0
3–17,1,1,1.0
"median,10",1,1,1.0
thé,1,1,1.0
chylothorax,1,1,1.0
multiloculated,1,1,1.0
wenig,1,1,1.0
stelow,1,1,1.0
noncardiogenic,1,1,1.0
thoracentese,1,1,1.0
reaccumulate,1,1,1.0
glyciome,1,1,1.0
ellington,1,1,1.0
loculation,1,1,1.0
costophrenic,1,1,1.0
lunz,1,1,1.0
pulm,1,1,1.0
anant,1,1,1.0
madabhushi,1,1,1.0
yarbro,1,1,1.0
pleurectomy,1,1,1.0
reexpansion,1,1,1.0
nyamewaa,1,1,1.0
asiedu,1,1,1.0
surtee,1,1,1.0
benten,1,1,1.0
xuyen,1,1,1.0
mebendazole,1,1,1.0
actin,1,1,1.0
bharadwaj,1,1,1.0
beamline,1,1,1.0
junker,1,1,1.0
holoye,1,1,1.0
torstveit,1,1,1.0
heffner,1,1,1.0
markman,1,1,1.0
gravelyn,1,1,1.0
suen,1,1,1.0
varlamov,1,1,1.0
egorov,1,1,1.0
akopov,1,1,1.0
time2,1,1,1.0
tremblay,1,1,1.0
philpott,1,1,1.0
schafer,1,1,1.0
cytophone,1,1,1.0
calla,1,1,1.0
colt,1,1,1.0
immunochemotherapy,1,1,1.0
intracavital,1,1,1.0
nagami,1,1,1.0
yim,1,1,1.0
bore,1,1,1.0
mcadams,1,1,1.0
nas.zahir,1,1,1.0
rezaian,1,1,1.0
emad,1,1,1.0
rogado,1,1,1.0
moragón,1,1,1.0
priestman,1,1,1.0
ostrowski,1,1,1.0
clerical,1,1,1.0
dhingra,1,1,1.0
jeffrie,1,1,1.0
costs-,1,1,1.0
authorship,1,1,1.0
hematogenous,1,1,1.0
perfusable,1,1,1.0
metfinder,1,1,1.0
preterminal,1,1,1.0
soong,1,1,1.0
hsu,1,1,1.0
monit,1,1,1.0
wasowski,1,1,1.0
sładek,1,1,1.0
kuzdzał,1,1,1.0
dimaio,1,1,1.0
incoming,1,1,1.0
mignolet,1,1,1.0
noppen,1,1,1.0
diastole,1,1,1.0
parasternal,1,1,1.0
fergus,1,1,1.0
mkm,1,1,1.0
silhouette,1,1,1.0
friction,1,1,1.0
friedreich,1,1,1.0
kussmaul,1,1,1.0
stretching,1,1,1.0
pleuritic,1,1,1.0
dmc,1,1,1.0
filling,1,1,1.0
methysergide,1,1,1.0
isoniazid,1,1,1.0
hydralazine,1,1,1.0
procainamide,1,1,1.0
tram,1,1,1.0
chromic,1,1,1.0
capsid,1,1,1.0
lost,1,1,1.0
dsbs,1,1,1.0
cytospin,1,1,1.0
alternans,1,1,1.0
lipogenesis,1,1,1.0
cripsr,1,1,1.0
qrs,1,1,1.0
mchri,1,1,1.0
lymphoepithelioma,1,1,1.0
equalization,1,1,1.0
transthoracic,1,1,1.0
thinness,1,1,1.0
panoptosome,1,1,1.0
endowed,1,1,1.0
vilanova,1,1,1.0
cuiñas,1,1,1.0
riego,1,1,1.0
effusive,1,1,1.0
mentzer,1,1,1.0
ladue,1,1,1.0
wroblewski,1,1,1.0
bisel,1,1,1.0
politi,1,1,1.0
galli,1,1,1.0
kanneganti,1,1,1.0
bussani,1,1,1.0
devi,1,1,1.0
pericardectomy,1,1,1.0
pericardiopleural,1,1,1.0
himelman,1,1,1.0
kisanuki,1,1,1.0
thirumala,1,1,1.0
grossman,1,1,1.0
metastastic,1,1,1.0
evasive,1,1,1.0
metastasis-,1,1,1.0
celermajer,1,1,1.0
kanuru,1,1,1.0
beauchamp,1,1,1.0
guberman,1,1,1.0
massague,1,1,1.0
skarin,1,1,1.0
autoinflammatory,1,1,1.0
woodard,1,1,1.0
warren,1,1,1.0
tensional,1,1,1.0
herz,1,1,1.0
civelli,1,1,1.0
martinoni,1,1,1.0
deciphering,1,1,1.0
nwogu,1,1,1.0
akino,1,1,1.0
yamakido,1,1,1.0
shinkai,1,1,1.0
toker,1,1,1.0
ducatman,1,1,1.0
achor,1,1,1.0
thurber,1,1,1.0
relay,1,1,1.0
rockey,1,1,1.0
kircher,1,1,1.0
mediates,1,1,1.0
unappreciated,1,1,1.0
girardi,1,1,1.0
aasebø,1,1,1.0
tiver,1,1,1.0
tabeta,1,1,1.0
corry,1,1,1.0
moriya,1,1,1.0
actomyosin,1,1,1.0
lewinter,1,1,1.0
vaitkus,1,1,1.0
fenstad,1,1,1.0
assawakawintip,1,1,1.0
lekhakul,1,1,1.0
rafique,1,1,1.0
seward,1,1,1.0
syphilitic,1,1,1.0
portrayed,1,1,1.0
paralyzed,1,1,1.0
graphene,1,1,1.0
cyanosis,1,1,1.0
biodegradable,1,1,1.0
photonic,1,1,1.0
wurtz,1,1,1.0
millaire,1,1,1.0
pericardoscopy,1,1,1.0
finzi,1,1,1.0
delebecq,1,1,1.0
janecki,1,1,1.0
porte,1,1,1.0
blumenstock,1,1,1.0
landreneau,1,1,1.0
tulika,1,1,1.0
obituary,1,1,1.0
walled,1,1,1.0
subcarinal,1,1,1.0
hilar,1,1,1.0
boyage,1,1,1.0
azygos,1,1,1.0
mcdowell,1,1,1.0
brachiocephalic,1,1,1.0
substernal,1,1,1.0
behçet,1,1,1.0
deoxyribonucleic,1,1,1.0
mediastinitis,1,1,1.0
intracaval,1,1,1.0
jejuni,1,1,1.0
hashimoto,1,1,1.0
monocytoid,1,1,1.0
reocclusion,1,1,1.0
reopen,1,1,1.0
streptokinase,1,1,1.0
jyw,1,1,1.0
angioimmunoblastic,1,1,1.0
occluded,1,1,1.0
granulomatosis,1,1,1.0
sternotomy,1,1,1.0
nk-/t,1,1,1.0
immunoproliferative,1,1,1.0
yom,1,1,1.0
lobar,1,1,1.0
feinmesser,1,1,1.0
florid,1,1,1.0
lymphomatosis,1,1,1.0
netter,1,1,1.0
yahalom,1,1,1.0
prez,1,1,1.0
graor,1,1,1.0
gluten,1,1,1.0
yellin,1,1,1.0
lebeau,1,1,1.0
australas,1,1,1.0
gauden,1,1,1.0
standby,1,1,1.0
radiosensitivity,1,1,1.0
lymphotrophic,1,1,1.0
psoriasis,1,1,1.0
wiskott,1,1,1.0
tiuxetan,1,1,1.0
ibritumomab,1,1,1.0
nicholson,1,1,1.0
sawada,1,1,1.0
tanigawa,1,1,1.0
mangantig,1,1,1.0
würschmidt,1,1,1.0
mydin,1,1,1.0
rigsby,1,1,1.0
logue,1,1,1.0
shimm,1,1,1.0
leech,1,1,1.0
cliffton,1,1,1.0
salsali,1,1,1.0
okekpa,1,1,1.0
bongard,1,1,1.0
ptld,1,1,1.0
trolox,1,1,1.0
anesthesiologist,1,1,1.0
gothenburg,1,1,1.0
neuropsychologist,1,1,1.0
neuroradiologist,1,1,1.0
anesthesiology,1,1,1.0
neuman,1,1,1.0
telander,1,1,1.0
pokorny,1,1,1.0
poplack,1,1,1.0
d'angio,1,1,1.0
substantiate,1,1,1.0
reidy,1,1,1.0
dondelinger,1,1,1.0
endovascular,1,1,1.0
neutralize,1,1,1.0
ettle,1,1,1.0
referent,1,1,1.0
hussain,1,1,1.0
iv125,1,1,1.0
iv111,1,1,1.0
carpia,1,1,1.0
tse,1,1,1.0
sjogren,1,1,1.0
hpv16/18,1,1,1.0
sabrina,1,1,1.0
wrath,1,1,1.0
dihydrofolate,1,1,1.0
ipf,1,1,1.0
survivin,1,1,1.0
chronobiology,1,1,1.0
nonembryonic,1,1,1.0
byproduct,1,1,1.0
watsonjo,1,1,1.0
classifying,1,1,1.0
answering,1,1,1.0
dikshit,1,1,1.0
soerjomataram,1,1,1.0
debilitation,1,1,1.0
elemento,1,1,1.0
atony,1,1,1.0
olivier,1,1,1.0
transposase,1,1,1.0
lnrna,1,1,1.0
enigmatic,1,1,1.0
adami,1,1,1.0
sammy,1,1,1.0
moschen,1,1,1.0
lacy,1,1,1.0
e359,1,1,1.0
xena,1,1,1.0
semisynthetic,1,1,1.0
tumormap,1,1,1.0
josh,1,1,1.0
spellman,1,1,1.0
broom,1,1,1.0
wcm,1,1,1.0
nikolaus,1,1,1.0
dac,1,1,1.0
bedpan,1,1,1.0
rheinbay,1,1,1.0
commode,1,1,1.0
esther,1,1,1.0
rameen,1,1,1.0
leafy,1,1,1.0
6–8,1,1,1.0
instructive,1,1,1.0
lubricant,1,1,1.0
cimetidine,1,1,1.0
sennoside,1,1,1.0
frcpath,1,1,1.0
inhumanity,1,1,1.0
colonialism,1,1,1.0
slavery,1,1,1.0
collier,1,1,1.0
0.5–6,1,1,1.0
worldview,1,1,1.0
distend,1,1,1.0
osmolarity,1,1,1.0
prism,1,1,1.0
cometriq,1,1,1.0
rtog-0225,1,1,1.0
dua,1,1,1.0
nusa,1,1,1.0
guanylate,1,1,1.0
opiate,1,1,1.0
zain,1,1,1.0
lubiprostone,1,1,1.0
naloxegol,1,1,1.0
binti,1,1,1.0
rosnah,1,1,1.0
amtha,1,1,1.0
parascandola,1,1,1.0
formic,1,1,1.0
malaysian,1,1,1.0
mehrotra,1,1,1.0
gat,1,1,1.0
thayalasekeran,1,1,1.0
katakami,1,1,1.0
lissner,1,1,1.0
boatwright,1,1,1.0
moehl,1,1,1.0
karver,1,1,1.0
faecal,1,1,1.0
mahsa,1,1,1.0
mekhael,1,1,1.0
trisakti,1,1,1.0
universitas,1,1,1.0
consensual,1,1,1.0
mclane,1,1,1.0
mcshane,1,1,1.0
dantron,1,1,1.0
rahmi,1,1,1.0
incarcerated,1,1,1.0
disimpacted,1,1,1.0
irritate,1,1,1.0
hypertonic,1,1,1.0
dilatation,1,1,1.0
marking,1,1,1.0
haustral,1,1,1.0
sigmoid,1,1,1.0
wellbeing,1,1,1.0
auscultation,1,1,1.0
sdg,1,1,1.0
misattribution,1,1,1.0
immunoepidemiology,1,1,1.0
vasovagal,1,1,1.0
aeration,1,1,1.0
sciecesn,1,1,1.0
recap,1,1,1.0
tembakau,1,1,1.0
asean,1,1,1.0
unabsorbed,1,1,1.0
m21,1,1,1.0
haozous,1,1,1.0
touching,1,1,1.0
inoperability,1,1,1.0
decompress,1,1,1.0
tavazoie,1,1,1.0
mikaeel,1,1,1.0
antimetastatic,1,1,1.0
cinvanti,1,1,1.0
tower,1,1,1.0
paralytic,1,1,1.0
jenga,1,1,1.0
s305,1,1,1.0
marin,1,1,1.0
-ct,1,1,1.0
ghoshal,1,1,1.0
madariaga,1,1,1.0
cd002764,1,1,1.0
tempest,1,1,1.0
ramus,1,1,1.0
colic,1,1,1.0
disimpaction,1,1,1.0
peristalsis,1,1,1.0
antispasmodic,1,1,1.0
felix,1,1,1.0
dimenhydrinate,1,1,1.0
folinic,1,1,1.0
folfiri,1,1,1.0
repici,1,1,1.0
schwarz,1,1,1.0
vall,1,1,1.0
blair,1,1,1.0
riccioni,1,1,1.0
cogliandolo,1,1,1.0
coco,1,1,1.0
camúñez,1,1,1.0
potluri,1,1,1.0
fradejas,1,1,1.0
lobato,1,1,1.0
santos,1,1,1.0
ochi,1,1,1.0
maeyama,1,1,1.0
horiuchi,1,1,1.0
s314,1,1,1.0
nciresearchctr,1,1,1.0
ncitreatment,1,1,1.0
ncidrdoug,1,1,1.0
caraceni,1,1,1.0
conno,1,1,1.0
razzaq,1,1,1.0
centralize,1,1,1.0
vek,1,1,1.0
lopera,1,1,1.0
dauphine,1,1,1.0
watkinson,1,1,1.0
aviv,1,1,1.0
endolumenal,1,1,1.0
lavery,1,1,1.0
senagore,1,1,1.0
pah,1,1,1.0
lah,1,1,1.0
tah,1,1,1.0
sastre,1,1,1.0
antonio,1,1,1.0
astounding,1,1,1.0
parasitic,1,1,1.0
protozoan,1,1,1.0
axumin,1,1,1.0
bedridden,1,1,1.0
undressing,1,1,1.0
f18,1,1,1.0
fluciclovine,1,1,1.0
panzeri,1,1,1.0
fainsinger,1,1,1.0
kalaidopoulou,1,1,1.0
tsilika,1,1,1.0
shigella,1,1,1.0
cryptosporidium,1,1,1.0
lamblia,1,1,1.0
gmi-1271,1,1,1.0
cereus,1,1,1.0
perfringen,1,1,1.0
mozobil,1,1,1.0
perisinusoidal,1,1,1.0
misoprostol,1,1,1.0
digoxin,1,1,1.0
colchicine,1,1,1.0
sticky,1,1,1.0
aortics,1,1,1.0
vagotomy,1,1,1.0
trevor,1,1,1.0
esophagogastrectomy,1,1,1.0
sipkins,1,1,1.0
4–10,1,1,1.0
5–8,1,1,1.0
regressing,1,1,1.0
10–11,1,1,1.0
auslander,1,1,1.0
cabazitaxel,1,1,1.0
clofarabine,1,1,1.0
ziv,1,1,1.0
melon,1,1,1.0
noam,1,1,1.0
sauerkraut,1,1,1.0
unfiltered,1,1,1.0
xii,1,1,1.0
cleveland,1,1,1.0
maeve,1,1,1.0
subsalicylate,1,1,1.0
bismuth,1,1,1.0
charcoal,1,1,1.0
kaolin,1,1,1.0
adsorbent,1,1,1.0
methylcellulose,1,1,1.0
gelatinous,1,1,1.0
indigestion,1,1,1.0
promotility,1,1,1.0
osmolality,1,1,1.0
gravity,1,1,1.0
modeler,1,1,1.0
sickkid,1,1,1.0
wisam,1,1,1.0
2–8,1,1,1.0
3–7,1,1,1.0
vsl,1,1,1.0
gabaergic,1,1,1.0
tagore,1,1,1.0
mohita,1,1,1.0
sukrit,1,1,1.0
resumption,1,1,1.0
irritant,1,1,1.0
yiling,1,1,1.0
isotonic,1,1,1.0
podium,1,1,1.0
stasis,1,1,1.0
rho,1,1,1.0
humayun,1,1,1.0
salicylate,1,1,1.0
mouhita,1,1,1.0
microenvironmnental,1,1,1.0
zongjie,1,1,1.0
sileni,1,1,1.0
chiarion,1,1,1.0
caro,1,1,1.0
bernabe,1,1,1.0
ovulatory,1,1,1.0
oncoimmunology,1,1,1.0
budesonide,1,1,1.0
coreceptor,1,1,1.0
phosphatidylinositol,1,1,1.0
fare,1,1,1.0
atropine,1,1,1.0
respond,1,1,1.0
cholinergic,1,1,1.0
mitra,1,1,1.0
sneha,1,1,1.0
laurberg,1,1,1.0
yde,1,1,1.0
mcf10dcis,1,1,1.0
tuchmann,1,1,1.0
micozzi,1,1,1.0
dragoni,1,1,1.0
cartoni,1,1,1.0
gabrail,1,1,1.0
zacker,1,1,1.0
huber,1,1,1.0
klar,1,1,1.0
convertase,1,1,1.0
proprotein,1,1,1.0
cleeland,1,1,1.0
rutledge,1,1,1.0
tannir,1,1,1.0
leboulleux,1,1,1.0
marohl,1,1,1.0
curigliano,1,1,1.0
bursa,1,1,1.0
hypophysis,1,1,1.0
minnetonka,1,1,1.0
busulfex,1,1,1.0
nda,1,1,1.0
palazzo,1,1,1.0
dupont,1,1,1.0
charuhas,1,1,1.0
fuhrman,1,1,1.0
feig,1,1,1.0
yahanda,1,1,1.0
naymagon,1,1,1.0
rosenmuller,1,1,1.0
maerevoet,1,1,1.0
kalakonda,1,1,1.0
somaiah,1,1,1.0
razak,1,1,1.0
eustachian,1,1,1.0
skoulidis,1,1,1.0
krasg12c,1,1,1.0
aio,1,1,1.0
mavoric,1,1,1.0
vorinostat,1,1,1.0
pinter,1,1,1.0
bagot,1,1,1.0
pi3kδ,1,1,1.0
samaniego,1,1,1.0
faustman,1,1,1.0
bastholt,1,1,1.0
joost,1,1,1.0
mertz,1,1,1.0
mazzaferro,1,1,1.0
llovet,1,1,1.0
sorce,1,1,1.0
oza,1,1,1.0
frangou,1,1,1.0
choanae,1,1,1.0
escudi,1,1,1.0
gavriatopoulou,1,1,1.0
vogl,1,1,1.0
chari,1,1,1.0
e522,1,1,1.0
e511,1,1,1.0
sadal,1,1,1.0
cavallo,1,1,1.0
vrese,1,1,1.0
cpt-11,1,1,1.0
kobayashi,1,1,1.0
cotreatment,1,1,1.0
verweij,1,1,1.0
sparreboom,1,1,1.0
kehrer,1,1,1.0
amadori,1,1,1.0
bichisao,1,1,1.0
hipple,1,1,1.0
persinger,1,1,1.0
m.p.s,1,1,1.0
infus,1,1,1.0
savy,1,1,1.0
kozelsky,1,1,1.0
polisena,1,1,1.0
université,1,1,1.0
peña,1,1,1.0
karimi,1,1,1.0
cd005496,1,1,1.0
bassler,1,1,1.0
alfaleh,1,1,1.0
cd003019,1,1,1.0
grilbrun,1,1,1.0
huertas,1,1,1.0
cd004611,1,1,1.0
pillai,1,1,1.0
cd004827,1,1,1.0
ospina,1,1,1.0
isolauri,1,1,1.0
clammy,1,1,1.0
schrezenmeir,1,1,1.0
ippoliti,1,1,1.0
beny,1,1,1.0
haim,1,1,1.0
zidan,1,1,1.0
wadler,1,1,1.0
rustum,1,1,1.0
gebbia,1,1,1.0
microfracture,1,1,1.0
basuk,1,1,1.0
donato,1,1,1.0
delia,1,1,1.0
e30328,1,1,1.0
lactocare,1,1,1.0
eghbali,1,1,1.0
cd006634,1,1,1.0
s136,1,1,1.0
mantyh,1,1,1.0
cholestyramine,1,1,1.0
unplanned,1,1,1.0
mucoid,1,1,1.0
absorptive,1,1,1.0
tenesmus,1,1,1.0
copiktra,1,1,1.0
salgado,1,1,1.0
tucson,1,1,1.0
blanchette,1,1,1.0
bourassa,1,1,1.0
n00ca,1,1,1.0
nondrug,1,1,1.0
durrant,1,1,1.0
cuboidal,1,1,1.0
champlin,1,1,1.0
carbonation,1,1,1.0
carbonated,1,1,1.0
igor,1,1,1.0
asparagus,1,1,1.0
microdialysis,1,1,1.0
trek,1,1,1.0
peeled,1,1,1.0
thoh,1,1,1.0
kiosk,1,1,1.0
videoconference,1,1,1.0
euphoria,1,1,1.0
pastry,1,1,1.0
immunochemical,1,1,1.0
coconut,1,1,1.0
curd,1,1,1.0
prospr,1,1,1.0
pradi,1,1,1.0
mettler,1,1,1.0
gusev,1,1,1.0
alve,1,1,1.0
florescu,1,1,1.0
loge,1,1,1.0
sharara,1,1,1.0
fadel,1,1,1.0
abou,1,1,1.0
trophoblastic,1,1,1.0
dehiscence,1,1,1.0
hyalinization,1,1,1.0
arteriole,1,1,1.0
xatmep,1,1,1.0
trexall,1,1,1.0
nutmeg,1,1,1.0
antifolate,1,1,1.0
discoloration,1,1,1.0
moonshotsm,1,1,1.0
halm,1,1,1.0
parkland,1,1,1.0
bipartisan,1,1,1.0
owever,1,1,1.0
twin,1,1,1.0
minsky,1,1,1.0
wellwood,1,1,1.0
wobbe,1,1,1.0
lillemoe,1,1,1.0
periocular,1,1,1.0
yasko,1,1,1.0
bartholomew,1,1,1.0
pentoxifylline,1,1,1.0
beard,1,1,1.0
pich,1,1,1.0
unruly,1,1,1.0
-drug,1,1,1.0
tykerb,1,1,1.0
involute,1,1,1.0
aor,1,1,1.0
subrecipient,1,1,1.0
angiogram,1,1,1.0
notifie,1,1,1.0
unexpended,1,1,1.0
flattening,1,1,1.0
aspree,1,1,1.0
crimson,1,1,1.0
lightened,1,1,1.0
spidery,1,1,1.0
clamage,1,1,1.0
invest,1,1,1.0
mirasol,1,1,1.0
eclampsia,1,1,1.0
timolol,1,1,1.0
jourdain,1,1,1.0
upp2,1,1,1.0
sluggish,1,1,1.0
motorcycle,1,1,1.0
sidecar,1,1,1.0
matt,1,1,1.0
costa,1,1,1.0
trenaunay,1,1,1.0
klippel,1,1,1.0
maffucci,1,1,1.0
bluish,1,1,1.0
slender,1,1,1.0
scarring,1,1,1.0
scarred,1,1,1.0
rounded,1,1,1.0
purplish,1,1,1.0
brownish,1,1,1.0
calzola,1,1,1.0
pseudo,1,1,1.0
benioff,1,1,1.0
davani,1,1,1.0
behrous,1,1,1.0
ticket,1,1,1.0
parasomnia,1,1,1.0
electroencephalogram,1,1,1.0
oscar,1,1,1.0
restful,1,1,1.0
paradoxic,1,1,1.0
hrushesky,1,1,1.0
hirshkowitz,1,1,1.0
caulet,1,1,1.0
ohayon,1,1,1.0
pigeon,1,1,1.0
tranquilizer,1,1,1.0
methaqualone,1,1,1.0
depressant,1,1,1.0
amobarbital,1,1,1.0
secobarbital,1,1,1.0
pentobarbital,1,1,1.0
bardwell,1,1,1.0
e342,1,1,1.0
e335,1,1,1.0
otte,1,1,1.0
hervouet,1,1,1.0
blanchet,1,1,1.0
concentrate,1,1,1.0
jitteriness,1,1,1.0
phencyclidine,1,1,1.0
electromyography,1,1,1.0
oculography,1,1,1.0
electroencephalography,1,1,1.0
doghramji,1,1,1.0
boonstra,1,1,1.0
barbera,1,1,1.0
chouinard,1,1,1.0
kairaitis,1,1,1.0
erroneous,1,1,1.0
casden,1,1,1.0
profant,1,1,1.0
retiring,1,1,1.0
snoring,1,1,1.0
severe-,1,1,1.0
roesch,1,1,1.0
israel,1,1,1.0
ancoli,1,1,1.0
littner,1,1,1.0
kushida,1,1,1.0
scid-5,1,1,1.0
michaud,1,1,1.0
vallière,1,1,1.0
science+business,1,1,1.0
jungquist,1,1,1.0
nonsleep,1,1,1.0
daylight,1,1,1.0
blinding,1,1,1.0
vcbt,1,1,1.0
biophysiological,1,1,1.0
complemented,1,1,1.0
verbalization,1,1,1.0
dress,1,1,1.0
tryptophan,1,1,1.0
bedcover,1,1,1.0
wrinkle,1,1,1.0
prominence,1,1,1.0
lunesta,1,1,1.0
crush,1,1,1.0
6.25–12.5,1,1,1.0
ambien,1,1,1.0
seroquel,1,1,1.0
remeron,1,1,1.0
desyrel,1,1,1.0
pamelor,1,1,1.0
elavil,1,1,1.0
silenor,1,1,1.0
doxepin,1,1,1.0
chaos,1,1,1.0
atarax,1,1,1.0
veena,1,1,1.0
foreclosure,1,1,1.0
vistaril,1,1,1.0
benadryl,1,1,1.0
restoril,1,1,1.0
0.5–4,1,1,1.0
0.25–2,1,1,1.0
tardive,1,1,1.0
extrapyramidal,1,1,1.0
15–45,1,1,1.0
confluence,1,1,1.0
operationalization,1,1,1.0
studts,1,1,1.0
noradrenaline,1,1,1.0
muscarinic,1,1,1.0
sedating,1,1,1.0
quota,1,1,1.0
tremen,1,1,1.0
bootzin,1,1,1.0
strategix,1,1,1.0
scofield,1,1,1.0
drake,1,1,1.0
associative,1,1,1.0
exerts,1,1,1.0
dyskinesia,1,1,1.0
filing,1,1,1.0
cassidy,1,1,1.0
e51,1,1,1.0
dirksen,1,1,1.0
colecchi,1,1,1.0
schott,1,1,1.0
feasibilty,1,1,1.0
wohlgemuth,1,1,1.0
edinger,1,1,1.0
alessi,1,1,1.0
annurev.soc.27.1.363,1,1,1.0
sociol,1,1,1.0
lgae014,1,1,1.0
jncimonographs,1,1,1.0
samson,1,1,1.0
lgae002,1,1,1.0
jncimonograph,1,1,1.0
morgenthaler,1,1,1.0
multifactor,1,1,1.0
nonpharmacologic,1,1,1.0
detachment,1,1,1.0
buysse,1,1,1.0
foldvary,1,1,1.0
scheid,1,1,1.0
gonioscopy,1,1,1.0
ramakrishnan,1,1,1.0
psychopharmacology,1,1,1.0
intraday,1,1,1.0
faul,1,1,1.0
baird,1,1,1.0
somerville,1,1,1.0
sprod,1,1,1.0
iris,1,1,1.0
mustian,1,1,1.0
lissoni,1,1,1.0
baruchel,1,1,1.0
perithyroidal,1,1,1.0
haimov,1,1,1.0
nachbur,1,1,1.0
ueli,1,1,1.0
smit,1,1,1.0
overriding,1,1,1.0
geijlswijk,1,1,1.0
encel,1,1,1.0
vandermeer,1,1,1.0
non-24,1,1,1.0
chakravorty,1,1,1.0
helium,1,1,1.0
prim,1,1,1.0
vanillylmandelic,1,1,1.0
pagel,1,1,1.0
mechanismsi,1,1,1.0
eeg,1,1,1.0
psychoactive,1,1,1.0
ponder,1,1,1.0
men-2,1,1,1.0
endocannabinoid,1,1,1.0
carrion,1,1,1.0
arias,1,1,1.0
e2979,1,1,1.0
e2968,1,1,1.0
exceptionality,1,1,1.0
poot,1,1,1.0
neuhold,1,1,1.0
kaserer,1,1,1.0
laxity,1,1,1.0
lordosis,1,1,1.0
kyphoscoliosis,1,1,1.0
murillo,1,1,1.0
schierenbeck,1,1,1.0
eversion,1,1,1.0
dorsal,1,1,1.0
mandalà,1,1,1.0
panje,1,1,1.0
obstipation,1,1,1.0
sling,1,1,1.0
tracheostomy,1,1,1.0
lichenoid,1,1,1.0
decannulation,1,1,1.0
extratumoral,1,1,1.0
flurazepam,1,1,1.0
polypharmacy,1,1,1.0
0.5–1,1,1,1.0
cannabidiol,1,1,1.0
tetrahydrocannabinol,1,1,1.0
cisnet,1,1,1.0
hcf,1,1,1.0
kepal,1,1,1.0
niftp,1,1,1.0
efvptc,1,1,1.0
rate—1.75,1,1,1.0
preventing,1,1,1.0
mete,1,1,1.0
guyétant,1,1,1.0
mcconahey,1,1,1.0
robbins,1,1,1.0
url,1,1,1.0
endocrime,1,1,1.0
lba505,1,1,1.0
harvest,1,1,1.0
grauer,1,1,1.0
rôle,1,1,1.0
fagan,1,1,1.0
flourié,1,1,1.0
rambaud,1,1,1.0
soreness,1,1,1.0
linehan,1,1,1.0
begnign,1,1,1.0
harst,1,1,1.0
s13613,1,1,1.0
disservice,1,1,1.0
haymart,1,1,1.0
megan,1,1,1.0
q11.2q21.2,1,1,1.0
fewtrell,1,1,1.0
ednrb,1,1,1.0
puffenberger,1,1,1.0
mccallion,1,1,1.0
monjur,1,1,1.0
attié,1,1,1.0
celli,1,1,1.0
mycobacterium,1,1,1.0
furst,1,1,1.0
ago,1,1,1.0
limbert,1,1,1.0
ketoacidosis,1,1,1.0
endowment,1,1,1.0
khcf,1,1,1.0
qatamish,1,1,1.0
fundraising,1,1,1.0
videocast,1,1,1.0
15–16,1,1,1.0
artic,1,1,1.0
orig,1,1,1.0
malmigration,1,1,1.0
ckj,1,1,1.0
t39,1,1,1.0
t29,1,1,1.0
nciccrraretumorclinic,1,1,1.0
failsafe,1,1,1.0
positioned,1,1,1.0
cipri,1,1,1.0
wahl,1,1,1.0
antiperspirant,1,1,1.0
neurocristopathie,1,1,1.0
deodorant,1,1,1.0
fenretinide,1,1,1.0
polyadenylation,1,1,1.0
belong,1,1,1.0
ritz,1,1,1.0
takahashi,1,1,1.0
papi,1,1,1.0
sergey,1,1,1.0
heteroduplex,1,1,1.0
lanky,1,1,1.0
kilobase,1,1,1.0
fiegel,1,1,1.0
theilen,1,1,1.0
gfroerer,1,1,1.0
tally,1,1,1.0
ruling,1,1,1.0
mellinghoff,1,1,1.0
o'neal,1,1,1.0
lafreniere,1,1,1.0
postpone,1,1,1.0
ginet,1,1,1.0
voranigo,1,1,1.0
t13,1,1,1.0
aaci,1,1,1.0
kroustrup,1,1,1.0
cheer,1,1,1.0
papathoma,1,1,1.0
sarika,1,1,1.0
servi,1,1,1.0
ciampi,1,1,1.0
rpg,1,1,1.0
arun,1,1,1.0
c634f,1,1,1.0
c630r,1,1,1.0
c620f,1,1,1.0
c618f,1,1,1.0
c611f,1,1,1.0
c609f,1,1,1.0
goncalve,1,1,1.0
c634,1,1,1.0
dasilva,1,1,1.0
c634r,1,1,1.0
yansong,1,1,1.0
diverging,1,1,1.0
tagmentation,1,1,1.0
scavarda,1,1,1.0
displacement,1,1,1.0
dop,1,1,1.0
cranston,1,1,1.0
hofstra,1,1,1.0
habra,1,1,1.0
kouvaraki,1,1,1.0
silico,1,1,1.0
7–87,1,1,1.0
wasteful,1,1,1.0
cosegregate,1,1,1.0
p.ser649leu,1,1,1.0
p.tyr791phe,1,1,1.0
r912p,1,1,1.0
s891a,1,1,1.0
a883f,1,1,1.0
cadsr,1,1,1.0
v804l,1,1,1.0
l790f,1,1,1.0
schaap,1,1,1.0
moer,1,1,1.0
quality-,1,1,1.0
hinze,1,1,1.0
cebrian,1,1,1.0
wsi,1,1,1.0
boccia,1,1,1.0
bolino,1,1,1.0
rothberg,1,1,1.0
betsos,1,1,1.0
seri,1,1,1.0
nijmegen,1,1,1.0
iwashita,1,1,1.0
okinaga,1,1,1.0
sezary,1,1,1.0
carniti,1,1,1.0
s41597,1,1,1.0
ornstrup,1,1,1.0
michaelsen,1,1,1.0
høxbroe,1,1,1.0
cafferty,1,1,1.0
purchasing,1,1,1.0
breakage,1,1,1.0
retk666n,1,1,1.0
papagiannakopoulo,1,1,1.0
zakalik,1,1,1.0
ukkat,1,1,1.0
noncysteine,1,1,1.0
rohmer,1,1,1.0
thale,1,1,1.0
panniculitic,1,1,1.0
hyperfractionated,1,1,1.0
gardet,1,1,1.0
lathia,1,1,1.0
benveniste,1,1,1.0
quayle,1,1,1.0
jackal,1,1,1.0
raccoon,1,1,1.0
krautscheid,1,1,1.0
margraf,1,1,1.0
pławski,1,1,1.0
ryś,1,1,1.0
kaczmarek,1,1,1.0
s904s,1,1,1.0
g691s,1,1,1.0
pollán,1,1,1.0
romitti,1,1,1.0
ceolin,1,1,1.0
triumphant,1,1,1.0
joyful,1,1,1.0
komiku,1,1,1.0
freak,1,1,1.0
midlife,1,1,1.0
loyalty,1,1,1.0
tgg,1,1,1.0
tgc,1,1,1.0
bach,1,1,1.0
holm,1,1,1.0
ilia,1,1,1.0
bode,1,1,1.0
kuhn,1,1,1.0
därr,1,1,1.0
hypertens,1,1,1.0
simonnet,1,1,1.0
no.6,1,1,1.0
alkeran,1,1,1.0
calcimimetic,1,1,1.0
binney,1,1,1.0
aparathyroidism,1,1,1.0
reimplantation,1,1,1.0
taller,1,1,1.0
physique,1,1,1.0
mattress,1,1,1.0
hotel,1,1,1.0
cloth,1,1,1.0
motorbike,1,1,1.0
postresection,1,1,1.0
libretto,1,1,1.0
skype,1,1,1.0
metabolize,1,1,1.0
schneyer,1,1,1.0
authentic,1,1,1.0
franc,1,1,1.0
casilla,1,1,1.0
egido,1,1,1.0
cowboy,1,1,1.0
censi,1,1,1.0
torresan,1,1,1.0
dpa,1,1,1.0
dunstheimer,1,1,1.0
kuhlen,1,1,1.0
maino,1,1,1.0
fugazzola,1,1,1.0
pretherapeutic,1,1,1.0
individualization,1,1,1.0
3di,1,1,1.0
valine,1,1,1.0
anaganti,1,1,1.0
wizard,1,1,1.0
carlomagno,1,1,1.0
scherübl,1,1,1.0
mutagenesis,1,1,1.0
seib,1,1,1.0
carayon,1,1,1.0
baloch,1,1,1.0
hershman,1,1,1.0
expletive,1,1,1.0
hostalek,1,1,1.0
razvi,1,1,1.0
chou,1,1,1.0
spanheimer,1,1,1.0
holzhausen,1,1,1.0
paw,1,1,1.0
came,1,1,1.0
injured,1,1,1.0
ulfman,1,1,1.0
valk,1,1,1.0
elevator,1,1,1.0
bilaterality,1,1,1.0
pertsemlidis,1,1,1.0
caragliano,1,1,1.0
inabnet,1,1,1.0
condense,1,1,1.0
t68,1,1,1.0
t53,1,1,1.0
mologni,1,1,1.0
redaelli,1,1,1.0
tuch,1,1,1.0
peacock,1,1,1.0
cheerleader,1,1,1.0
t52,1,1,1.0
t41,1,1,1.0
concede,1,1,1.0
brilliance,1,1,1.0
sigh,1,1,1.0
epm,1,1,1.0
meijs,1,1,1.0
salvatori,1,1,1.0
paragliola,1,1,1.0
enby,1,1,1.0
anz,1,1,1.0
gorelik,1,1,1.0
cabalag,1,1,1.0
relax,1,1,1.0
bendeka,1,1,1.0
belrapzo,1,1,1.0
mus,1,1,1.0
duh,1,1,1.0
blouch,1,1,1.0
erica,1,1,1.0
competitor,1,1,1.0
optimist,1,1,1.0
eternal,1,1,1.0
macdonald,1,1,1.0
kroode,1,1,1.0
ironic,1,1,1.0
dazord,1,1,1.0
ligneau,1,1,1.0
spl,1,1,1.0
normocalcemia,1,1,1.0
perpetuity,1,1,1.0
1ia,1,1,1.0
merge,1,1,1.0
plon,1,1,1.0
alphabetic,1,1,1.0
texan,1,1,1.0
mold,1,1,1.0
emulate,1,1,1.0
magnetism,1,1,1.0
videographer,1,1,1.0
lsu,1,1,1.0
comedy,1,1,1.0
skit,1,1,1.0
partaked,1,1,1.0
toughness,1,1,1.0
sarcastic,1,1,1.0
codification,1,1,1.0
vague,1,1,1.0
enact,1,1,1.0
clause,1,1,1.0
congress,1,1,1.0
hiram,1,1,1.0
claire.mccarthy,1,1,1.0
prank,1,1,1.0
selectivity,1,1,1.0
whimsical,1,1,1.0
realizing,1,1,1.0
wyndham,1,1,1.0
ncioga,1,1,1.0
endearment,1,1,1.0
cytotoxicity,1,1,1.0
hearted,1,1,1.0
miserable,1,1,1.0
grab,1,1,1.0
backspin,1,1,1.0
registering,1,1,1.0
kathleen,1,1,1.0
margarita,1,1,1.0
windmill,1,1,1.0
oshin,1,1,1.0
choir,1,1,1.0
tournament,1,1,1.0
misconduct,1,1,1.0
tae,1,1,1.0
whirlwind,1,1,1.0
rivalland,1,1,1.0
up-,1,1,1.0
condensation,1,1,1.0
gareth,1,1,1.0
oncomine,1,1,1.0
são,1,1,1.0
joining,1,1,1.0
jamile,1,1,1.0
cancer.gov/personalgenomic,1,1,1.0
badgering,1,1,1.0
radiogenic,1,1,1.0
plasticity.​,1,1,1.0
poisonous,1,1,1.0
ry38k,1,1,1.0
fictional,1,1,1.0
decorating,1,1,1.0
baking,1,1,1.0
citn,1,1,1.0
network-12,1,1,1.0
gefinitib,1,1,1.0
unheard,1,1,1.0
recertifie,1,1,1.0
hasten,1,1,1.0
sit,1,1,1.0
ipass,1,1,1.0
therascreen,1,1,1.0
biontech,1,1,1.0
moderna,1,1,1.0
mrna-4157,1,1,1.0
rgq,1,1,1.0
methylpseudouridine,1,1,1.0
herpes,1,1,1.0
distracting,1,1,1.0
overexert,1,1,1.0
replicase,1,1,1.0
potluck,1,1,1.0
coax,1,1,1.0
stretcher,1,1,1.0
stubborn,1,1,1.0
aura,1,1,1.0
remembrance,1,1,1.0
vigil,1,1,1.0
candlelight,1,1,1.0
unsaid,1,1,1.0
ussr,1,1,1.0
salnikok,1,1,1.0
caringinfo,1,1,1.0
rain,1,1,1.0
charitable,1,1,1.0
civic,1,1,1.0
tty,1,1,1.0
becaue,1,1,1.0
rear,1,1,1.0
suzzy,1,1,1.0
converging,1,1,1.0
connie,1,1,1.0
emmet,1,1,1.0
petersburg,1,1,1.0
orchestrate,1,1,1.0
renee,1,1,1.0
charity,1,1,1.0
synaptogenesis,1,1,1.0
glypican,1,1,1.0
manipulating,1,1,1.0
toby,1,1,1.0
excitatory,1,1,1.0
r88q,1,1,1.0
h1047r-,1,1,1.0
treh,1,1,1.0
milky,1,1,1.0
predecessor,1,1,1.0
backflow,1,1,1.0
utis,1,1,1.0
affecting,1,1,1.0
yeo,1,1,1.0
baassiri,1,1,1.0
uti,1,1,1.0
elapse,1,1,1.0
cuddle,1,1,1.0
unethical,1,1,1.0
conceiving,1,1,1.0
obstetrician,1,1,1.0
venerable,1,1,1.0
5.8–6.6,1,1,1.0
5.5–6.2,1,1,1.0
7.2–8.1,1,1,1.0
enlightenment,1,1,1.0
5–17,1,1,1.0
1970–99,1,1,1.0
ignorance,1,1,1.0
docs,1,1,1.0
flute,1,1,1.0
kayla,1,1,1.0
snapchat,1,1,1.0
soldier,1,1,1.0
sogol,1,1,1.0
multiplexing,1,1,1.0
underside,1,1,1.0
runaway,1,1,1.0
exposure-,1,1,1.0
unfair,1,1,1.0
mate,1,1,1.0
conjecture,1,1,1.0
fermat,1,1,1.0
charisma,1,1,1.0
peng,1,1,1.0
boss,1,1,1.0
eyed,1,1,1.0
astrobiology,1,1,1.0
astrophysic,1,1,1.0
maladjustment,1,1,1.0
monitored,1,1,1.0
disabling,1,1,1.0
6.2–7.4,1,1,1.0
smrs,1,1,1.0
kurt,1,1,1.0
e30212,1,1,1.0
majoring,1,1,1.0
commend,1,1,1.0
beast,1,1,1.0
midway,1,1,1.0
brokerage,1,1,1.0
recession,1,1,1.0
questionnaire-,1,1,1.0
flier,1,1,1.0
forerunner,1,1,1.0
burned,1,1,1.0
toogood,1,1,1.0
rebholz,1,1,1.0
cayacs,1,1,1.0
continue,1,1,1.0
lovely,1,1,1.0
andreano,1,1,1.0
bagnasco,1,1,1.0
consultancy,1,1,1.0
cfp,1,1,1.0
esbenshade,1,1,1.0
whoop,1,1,1.0
salloum,1,1,1.0
durham,1,1,1.0
chastagner,1,1,1.0
precarious,1,1,1.0
wje,1,1,1.0
disciplined,1,1,1.0
emerson,1,1,1.0
savvy,1,1,1.0
sørensen,1,1,1.0
budgeting,1,1,1.0
lown,1,1,1.0
oite,1,1,1.0
solopreneurship,1,1,1.0
operate,1,1,1.0
blogging,1,1,1.0
discretionary,1,1,1.0
cannavale,1,1,1.0
dissimilar,1,1,1.0
humane,1,1,1.0
avatar,1,1,1.0
e2255395,1,1,1.0
e182453,1,1,1.0
remittance,1,1,1.0
remittent,1,1,1.0
kilsdonk,1,1,1.0
7.1–12.5,1,1,1.0
sevenfold,1,1,1.0
topmost,1,1,1.0
grama,1,1,1.0
lakshmi,1,1,1.0
masker,1,1,1.0
thanks,1,1,1.0
candor,1,1,1.0
comic,1,1,1.0
e29,1,1,1.0
pretense,1,1,1.0
pajolek,1,1,1.0
nebula,1,1,1.0
keegan,1,1,1.0
serv,1,1,1.0
casillas,1,1,1.0
monk,1,1,1.0
chlorambucil,1,1,1.0
buddhist,1,1,1.0
famous,1,1,1.0
0.95–25.6,1,1,1.0
0–12,1,1,1.0
upregulated,1,1,1.0
pdfs,1,1,1.0
1.3–5.2,1,1,1.0
1.9–16.2,1,1,1.0
fermentation,1,1,1.0
0.83–3.33,1,1,1.0
distilled,1,1,1.0
cider,1,1,1.0
superactive,1,1,1.0
linearity,1,1,1.0
4–23,1,1,1.0
fibromyxoma,1,1,1.0
multiplicative,1,1,1.0
absorb,1,1,1.0
oxidation,1,1,1.0
9.1–12,1,1,1.0
avert,1,1,1.0
breaking,1,1,1.0
moderation,1,1,1.0
grewal,1,1,1.0
1.4–6.5,1,1,1.0
3.6–7.8,1,1,1.0
4.4–20.7,1,1,1.0
≥400,1,1,1.0
deroo,1,1,1.0
stampfer,1,1,1.0
6.2–13.4,1,1,1.0
3.1–27.0,1,1,1.0
1.5–14.3,1,1,1.0
1.05–11.0,1,1,1.0
bagnardi,1,1,1.0
373–472,1,1,1.0
96:3–1383,1,1,1.0
2.4–4.8,1,1,1.0
1.0–1.1,1,1,1.0
sccs,1,1,1.0
carbamate,1,1,1.0
differed,1,1,1.0
resveratrol,1,1,1.0
9.2–669.9,1,1,1.0
mahabir,1,1,1.0
nonrhabdomyosarcoma,1,1,1.0
chikritzhs,1,1,1.0
fedirko,1,1,1.0
rehm,1,1,1.0
1.0–11.2,1,1,1.0
3.9–9.9,1,1,1.0
3.7–11.0,1,1,1.0
sohi,1,1,1.0
≥480,1,1,1.0
1.4–3.9,1,1,1.0
7.6–16.4,1,1,1.0
3.4–6.1,1,1,1.0
1.4–6.6,1,1,1.0
naimi,1,1,1.0
2.3–23.6,1,1,1.0
2.6–35.2,1,1,1.0
1.9–8.5,1,1,1.0
polh,1,1,1.0
xpg,1,1,1.0
xpf,1,1,1.0
xpe,1,1,1.0
xpd,1,1,1.0
xpb,1,1,1.0
xpa,1,1,1.0
angiomyolipoma,1,1,1.0
ptch,1,1,1.0
fancg,1,1,1.0
fancf,1,1,1.0
fance,1,1,1.0
fancc,1,1,1.0
fancb,1,1,1.0
sherk,1,1,1.0
koshiol,1,1,1.0
petrick,1,1,1.0
pancytopenia,1,1,1.0
collegiate,1,1,1.0
woodhoo,1,1,1.0
treated,1,1,1.0
quintile,1,1,1.0
xenobiotic,1,1,1.0
oxidoreductase-1,1,1,1.0
nad,1,1,1.0
gst,1,1,1.0
conjugation,1,1,1.0
electrophilic,1,1,1.0
rey,1,1,1.0
4.0–38.0,1,1,1.0
nnakelu,1,1,1.0
odutola,1,1,1.0
thirman,1,1,1.0
stathopoulos,1,1,1.0
ntanasis,1,1,1.0
dhaduk,1,1,1.0
psaltopoulou,1,1,1.0
korma,1,1,1.0
wolk,1,1,1.0
lindblad,1,1,1.0
rashidkhani,1,1,1.0
10:431–444,1,1,1.0
e30258,1,1,1.0
ferro,1,1,1.0
enoch,1,1,1.0
yokoyama,1,1,1.0
multitarget,1,1,1.0
kanda,1,1,1.0
supiot,1,1,1.0
stornetta,1,1,1.0
tehard,1,1,1.0
horst,1,1,1.0
pecollo,1,1,1.0
beane,1,1,1.0
garavello,1,1,1.0
turati,1,1,1.0
wolden,1,1,1.0
tisagenleucel,1,1,1.0
celgene,1,1,1.0
fimmu.2017.01447,1,1,1.0
medlineplus,1,1,1.0
bouvard,1,1,1.0
gapstur,1,1,1.0
bjergaard,1,1,1.0
trone,1,1,1.0
hesselink,1,1,1.0
zan,1,1,1.0
masculine,1,1,1.0
admit,1,1,1.0
codirector,1,1,1.0
sabra,1,1,1.0
lowry,1,1,1.0
a041202,1,1,1.0
holden,1,1,1.0
hemmersmei,1,1,1.0
gaffney,1,1,1.0
carcangiu,1,1,1.0
hr=0.352,1,1,1.0
castiglioni,1,1,1.0
mahé,1,1,1.0
benadjaoud,1,1,1.0
pdtcs,1,1,1.0
kube,1,1,1.0
rb1germline,1,1,1.0
millot,1,1,1.0
chaussade,1,1,1.0
bajaj,1,1,1.0
gallotto,1,1,1.0
baliga,1,1,1.0
e206,1,1,1.0
e196,1,1,1.0
shivaani,1,1,1.0
salama,1,1,1.0
boon,1,1,1.0
cns-2019,1,1,1.0
necrophorum,1,1,1.0
proteolytic,1,1,1.0
braam,1,1,1.0
simplified,1,1,1.0
keske,1,1,1.0
coroiu,1,1,1.0
porphyromona,1,1,1.0
marchetti,1,1,1.0
thorsness,1,1,1.0
sigel,1,1,1.0
disregard,1,1,1.0
viehmann,1,1,1.0
maccarthy,1,1,1.0
redundant,1,1,1.0
boja,1,1,1.0
cos,1,1,1.0
cléro,1,1,1.0
wootton,1,1,1.0
fleitz,1,1,1.0
unfolding,1,1,1.0
folding,1,1,1.0
scwhartz,1,1,1.0
sumoylation,1,1,1.0
65.e11,1,1,1.0
keynote-062,1,1,1.0
keynote-180,1,1,1.0
keynote-181,1,1,1.0
cino,1,1,1.0
e383,1,1,1.0
tukenova,1,1,1.0
krasin,1,1,1.0
mcfarlane,1,1,1.0
w-260,1,1,1.0
woodhousee,1,1,1.0
hisada,1,1,1.0
tavelin,1,1,1.0
daurismo,1,1,1.0
authorize,1,1,1.0
waespe,1,1,1.0
owner,1,1,1.0
bard,1,1,1.0
nave,1,1,1.0
amorim,1,1,1.0
research.​,1,1,1.0
arroyo,1,1,1.0
bennion,1,1,1.0
ashmead,1,1,1.0
wyatt,1,1,1.0
gorge,1,1,1.0
stymy,1,1,1.0
hypomethylating,1,1,1.0
burch,1,1,1.0
berrington,1,1,1.0
saslow,1,1,1.0
cigsar,1,1,1.0
tieu,1,1,1.0
maribs,1,1,1.0
boggis,1,1,1.0
flushed,1,1,1.0
karyadi,1,1,1.0
witkowski,1,1,1.0
goudie,1,1,1.0
giuseppe,1,1,1.0
cullinan,1,1,1.0
malkin,1,1,1.0
breakup,1,1,1.0
nhne,1,1,1.0
underdiagnosis,1,1,1.0
nhnes,1,1,1.0
sjdawn,1,1,1.0
1.3–3.7,1,1,1.0
learned,1,1,1.0
2.5–12.3,1,1,1.0
professionalism,1,1,1.0
wold,1,1,1.0
cai,1,1,1.0
hypertriglyceridemia,1,1,1.0
hulymsta,1,1,1.0
rong,1,1,1.0
asgharzadeh,1,1,1.0
shahab,1,1,1.0
cardiometabolic,1,1,1.0
prrt,1,1,1.0
shain,1,1,1.0
alan,1,1,1.0
anthracyclines,1,1,1.0
0.01–19.99,1,1,1.0
1.1–2.5,1,1,1.0
1.4–8.5,1,1,1.0
fertig,1,1,1.0
game3d,1,1,1.0
ghobrial,1,1,1.0
erivedge,1,1,1.0
mid-1980,1,1,1.0
feer,1,1,1.0
ter,1,1,1.0
peg,1,1,1.0
pancarditis,1,1,1.0
roh,1,1,1.0
0.41–5.16,1,1,1.0
carnitine,1,1,1.0
q10,1,1,1.0
coenzyme,1,1,1.0
césar,1,1,1.0
ca2,1,1,1.0
gaudet,1,1,1.0
mia,1,1,1.0
0.3–1.4,1,1,1.0
isoequivalent,1,1,1.0
6.2–19.1,1,1,1.0
fedex,1,1,1.0
prepare,1,1,1.0
equivalency,1,1,1.0
6.3–11.0,1,1,1.0
euro2k,1,1,1.0
nct02066181,1,1,1.0
nontraumatic,1,1,1.0
a091105,1,1,1.0
gounder,1,1,1.0
mrinal,1,1,1.0
devise,1,1,1.0
cavernoma,1,1,1.0
bioenergetic,1,1,1.0
jacqueline,1,1,1.0
faulty,1,1,1.0
recognizing,1,1,1.0
ahod1331,1,1,1.0
0.2–41.5,1,1,1.0
fibroelastosis,1,1,1.0
≥0.70,1,1,1.0
estimator,1,1,1.0
jolt,1,1,1.0
counseled,1,1,1.0
≥15,1,1,1.0
≥100,1,1,1.0
kickstart,1,1,1.0
odette,1,1,1.0
nonanthracycline,1,1,1.0
imvigor211,1,1,1.0
imvigor210,1,1,1.0
danube,1,1,1.0
keynote-045,1,1,1.0
sa-4.0,1,1,1.0
0–17,1,1,1.0
4.9–50.2,1,1,1.0
bb2121,1,1,1.0
counteractive,1,1,1.0
l6794,1,1,1.0
/macrophage,1,1,1.0
emophagocytic,1,1,1.0
odomzo,1,1,1.0
bruch,1,1,1.0
keratinocyte,1,1,1.0
uncooperative,1,1,1.0
dcis,1,1,1.0
reconsider,1,1,1.0
bansal,1,1,1.0
hammoud,1,1,1.0
irfc,1,1,1.0
isatuximab,1,1,1.0
subclavian,1,1,1.0
vase,1,1,1.0
kyproli,1,1,1.0
e108,1,1,1.0
hauptmann,1,1,1.0
nunez,1,1,1.0
iibeta,1,1,1.0
lyu,1,1,1.0
khalfe,1,1,1.0
differentiator,1,1,1.0
eaml,1,1,1.0
electrocardiographic,1,1,1.0
soliman,1,1,1.0
jitc-2020,1,1,1.0
lag-3,1,1,1.0
tsc1,1,1,1.0
trialconnect,1,1,1.0
aplenc,1,1,1.0
p9425,1,1,1.0
abve,1,1,1.0
commyounity,1,1,1.0
dupuis,1,1,1.0
careline,1,1,1.0
devitto,1,1,1.0
way,1,1,1.0
cd003917,1,1,1.0
temptation,1,1,1.0
myelocytic,1,1,1.0
admirable,1,1,1.0
sacrifice,1,1,1.0
krauss,1,1,1.0
cd005006,1,1,1.0
derivate,1,1,1.0
cederkvist,1,1,1.0
jco2018784595,1,1,1.0
grainge,1,1,1.0
medium,1,1,1.0
heroic,1,1,1.0
dahut,1,1,1.0
sear,1,1,1.0
traveling,1,1,1.0
mutz,1,1,1.0
dijk,1,1,1.0
dorresteijn,1,1,1.0
veloz,1,1,1.0
valente,1,1,1.0
passos,1,1,1.0
shelly,1,1,1.0
deciphera,1,1,1.0
perinatol,1,1,1.0
haythe,1,1,1.0
lewey,1,1,1.0
6p21.2,1,1,1.0
singh,1,1,1.0
slc22a17,1,1,1.0
rarg,1,1,1.0
bhavsar,1,1,1.0
celf4,1,1,1.0
lombraña,1,1,1.0
quiñone,1,1,1.0
hyaluronan,1,1,1.0
ugt1a6,1,1,1.0
slc28a3,1,1,1.0
stivarga,1,1,1.0
untreatable,1,1,1.0
rueegg,1,1,1.0
munich,1,1,1.0
accruing,1,1,1.0
coast,1,1,1.0
spewak,1,1,1.0
alduhaiby,1,1,1.0
ramjaun,1,1,1.0
nohria,1,1,1.0
punglia,1,1,1.0
hooimeijer,1,1,1.0
wrote,1,1,1.0
bottinor,1,1,1.0
goroncy,1,1,1.0
rubinek,1,1,1.0
chait,1,1,1.0
hines,1,1,1.0
54–59.4,1,1,1.0
nonambulatory,1,1,1.0
audits,1,1,1.0
nct00085202,1,1,1.0
drone,1,1,1.0
conklin,1,1,1.0
fleet,1,1,1.0
s12915,1,1,1.0
soil-,1,1,1.0
bachelors,1,1,1.0
0–19,1,1,1.0
mediation,1,1,1.0
outcast,1,1,1.0
impulsivity,1,1,1.0
cargo,1,1,1.0
truck,1,1,1.0
makhafola,1,1,1.0
mbele,1,1,1.0
pegaspargase,1,1,1.0
nct00549848,1,1,1.0
whipworm,1,1,1.0
trichuris,1,1,1.0
hookworm,1,1,1.0
arithmetic,1,1,1.0
spelling,1,1,1.0
neurobehavioral,1,1,1.0
schistosome,1,1,1.0
immunoregulatory,1,1,1.0
multiparty,1,1,1.0
slope,1,1,1.0
ricciardone,1,1,1.0
preradiation,1,1,1.0
lou,1,1,1.0
intracerebral,1,1,1.0
delineated,1,1,1.0
dystrophic,1,1,1.0
lacune,1,1,1.0
neurofeedback,1,1,1.0
antiepilepsy,1,1,1.0
mischaracterized,1,1,1.0
sheltzer,1,1,1.0
1–49,1,1,1.0
2.53–19.1,1,1,1.0
1.44–13.8,1,1,1.0
1.96–12.6,1,1,1.0
proverbial,1,1,1.0
13q,1,1,1.0
terrifying,1,1,1.0
hyg,1,1,1.0
trop,1,1,1.0
immunotolerance,1,1,1.0
nonindependent,1,1,1.0
vcs,1,1,1.0
icaya,1,1,1.0
papilledema,1,1,1.0
nystagmus,1,1,1.0
conferencing,1,1,1.0
florato,1,1,1.0
areflexia,1,1,1.0
1–29,1,1,1.0
myelitis,1,1,1.0
aristidis,1,1,1.0
1.06–18.08,1,1,1.0
9.1–14.5,1,1,1.0
califano,1,1,1.0
mediated,1,1,1.0
municipality,1,1,1.0
dur,1,1,1.0
u2cs,1,1,1.0
boyfriend,1,1,1.0
u24s,1,1,1.0
u41s,1,1,1.0
2.11–162.64,1,1,1.0
subsample,1,1,1.0
1.8–3.8,1,1,1.0
1.26–10.97,1,1,1.0
p30s,1,1,1.0
enfant,1,1,1.0
modified,1,1,1.0
romantic,1,1,1.0
e2316077,1,1,1.0
recchia,1,1,1.0
jdk,1,1,1.0
bernal,1,1,1.0
stavinoha,1,1,1.0
mahajan,1,1,1.0
tyc,1,1,1.0
mullerian,1,1,1.0
nieman,1,1,1.0
annett,1,1,1.0
santucci,1,1,1.0
noncentral,1,1,1.0
blessed,1,1,1.0
harper,1,1,1.0
marusak,1,1,1.0
kalifa,1,1,1.0
errand,1,1,1.0
stretched,1,1,1.0
iv25,1,1,1.0
mulhern,1,1,1.0
knapp,1,1,1.0
mcnall,1,1,1.0
exhausting,1,1,1.0
cheerful,1,1,1.0
mabbott,1,1,1.0
blotchy,1,1,1.0
nassar,1,1,1.0
a9961,1,1,1.0
e363,1,1,1.0
forced,1,1,1.0
e30910,1,1,1.0
traunwieser,1,1,1.0
e456,1,1,1.0
neurobehavioural,1,1,1.0
scaduto,1,1,1.0
voicemail,1,1,1.0
catania,1,1,1.0
waber,1,1,1.0
pulsifer,1,1,1.0
moyer,1,1,1.0
closet,1,1,1.0
brodsky,1,1,1.0
shabason,1,1,1.0
neuropsychology,1,1,1.0
ethicist,1,1,1.0
ellenberg,1,1,1.0
patay,1,1,1.0
honored,1,1,1.0
certify,1,1,1.0
darji,1,1,1.0
daryani,1,1,1.0
edelmann,1,1,1.0
anixt,1,1,1.0
stefanski,1,1,1.0
breiger,1,1,1.0
halsey,1,1,1.0
veerman,1,1,1.0
buizer,1,1,1.0
neuropsychologic,1,1,1.0
bracken,1,1,1.0
balsamo,1,1,1.0
iyer,1,1,1.0
kingma,1,1,1.0
e466,1,1,1.0
anisotropy,1,1,1.0
khong,1,1,1.0
suction,1,1,1.0
sanju,1,1,1.0
maurice,1,1,1.0
jamc,1,1,1.0
sadighi,1,1,1.0
varedi,1,1,1.0
schaffer,1,1,1.0
neurophysiological,1,1,1.0
kandula,1,1,1.0
electrophysiological,1,1,1.0
seth,1,1,1.0
alejandro,1,1,1.0
biorender.com,1,1,1.0
kenborg,1,1,1.0
lavecchia,1,1,1.0
sedate,1,1,1.0
phs002790,1,1,1.0
luba,1,1,1.0
coenraadts,1,1,1.0
bonneau,1,1,1.0
accession,1,1,1.0
rickardsson,1,1,1.0
hörnquist,1,1,1.0
pancreatoblastoma,1,1,1.0
vegesna,1,1,1.0
prebys,1,1,1.0
e7422,1,1,1.0
hillenbrand,1,1,1.0
neuroanatomic,1,1,1.0
tamne,1,1,1.0
seitz,1,1,1.0
dieluweit,1,1,1.0
hhs.gov,1,1,1.0
e1124,1,1,1.0
drotar,1,1,1.0
rourke,1,1,1.0
quitter,1,1,1.0
contexts,1,1,1.0
kurdyak,1,1,1.0
sutradhar,1,1,1.0
surviving,1,1,1.0
dunja,1,1,1.0
telltale,1,1,1.0
violent,1,1,1.0
ap1,1,1,1.0
apos,1,1,1.0
hypocalcification,1,1,1.0
dwarfism,1,1,1.0
curvature,1,1,1.0
odontoblast,1,1,1.0
biorender,1,1,1.0
domesticated,1,1,1.0
junk,1,1,1.0
biofrontiers,1,1,1.0
boulder,1,1,1.0
hypnosi,1,1,1.0
solve,1,1,1.0
shy,1,1,1.0
saliccs,1,1,1.0
uneasiness,1,1,1.0
karlson,1,1,1.0
hagmann,1,1,1.0
obsession,1,1,1.0
phobia,1,1,1.0
malocclusion,1,1,1.0
lighted,1,1,1.0
birthdate,1,1,1.0
sialagogue,1,1,1.0
defitelio,1,1,1.0
chlorhexidine,1,1,1.0
microflora,1,1,1.0
remediation,1,1,1.0
2.1–74.4,1,1,1.0
hyposalivation,1,1,1.0
unstimulated,1,1,1.0
premolar,1,1,1.0
stunting,1,1,1.0
mandibular,1,1,1.0
guarding,1,1,1.0
antireflux,1,1,1.0
dysphagia,1,1,1.0
kub,1,1,1.0
≥50,1,1,1.0
30–49.9,1,1,1.0
arr,1,1,1.0
8–19,1,1,1.0
broh,1,1,1.0
firth,1,1,1.0
encopresis,1,1,1.0
commonsense,1,1,1.0
hyperbaric,1,1,1.0
pilocarpine,1,1,1.0
sialogogue,1,1,1.0
periodontal,1,1,1.0
preeclampsia,1,1,1.0
apgar,1,1,1.0
stain,1,1,1.0
cryostat,1,1,1.0
molten,1,1,1.0
monoacinar,1,1,1.0
rone,1,1,1.0
dcbsurp23,1,1,1.0
vulberability,1,1,1.0
fengyuan,1,1,1.0
thorssen,1,1,1.0
zervantonakis,1,1,1.0
mahashetty,1,1,1.0
saanika,1,1,1.0
glutamyltransferase,1,1,1.0
multi-,1,1,1.0
icterus,1,1,1.0
scleral,1,1,1.0
hepatotrophic,1,1,1.0
networked,1,1,1.0
cncr.35833,1,1,1.0
e62,1,1,1.0
yonsa,1,1,1.0
mdb4,1,1,1.0
3q21.3,1,1,1.0
ber,1,1,1.0
steatohepatitis,1,1,1.0
-methylcytosine,1,1,1.0
intensified,1,1,1.0
deamination,1,1,1.0
caesarean,1,1,1.0
eeckhoutte,1,1,1.0
patni,1,1,1.0
jäntti,1,1,1.0
effinger,1,1,1.0
hibbert,1,1,1.0
brunetto,1,1,1.0
maciel,1,1,1.0
mans,1,1,1.0
arrowt,1,1,1.0
hölttä,1,1,1.0
cright,1,1,1.0
kuraguchi,1,1,1.0
mutability,1,1,1.0
sansom,1,1,1.0
xanthomata,1,1,1.0
millar,1,1,1.0
spider,1,1,1.0
pcd,1,1,1.0
suburb,1,1,1.0
teddy,1,1,1.0
garming,1,1,1.0
wondimu,1,1,1.0
pino,1,1,1.0
weege,1,1,1.0
sweatshirt,1,1,1.0
disney,1,1,1.0
wlodarski,1,1,1.0
marcin,1,1,1.0
e1163,1,1,1.0
e27421,1,1,1.0
e1159,1,1,1.0
c.939dup,1,1,1.0
uvms,1,1,1.0
asdahl,1,1,1.0
baruzzi,1,1,1.0
bowelbabe,1,1,1.0
ms.c,1,1,1.0
epitome,1,1,1.0
emami,1,1,1.0
sher,1,1,1.0
wirzba,1,1,1.0
churnratanakul,1,1,1.0
handsome,1,1,1.0
napeñas,1,1,1.0
spijkervet,1,1,1.0
jansma,1,1,1.0
maxillofac,1,1,1.0
boseman,1,1,1.0
sulaiman,1,1,1.0
ruccione,1,1,1.0
panther,1,1,1.0
tomita,1,1,1.0
halonen,1,1,1.0
roebuck,1,1,1.0
regenerating,1,1,1.0
bouche,1,1,1.0
brisse,1,1,1.0
micronodular,1,1,1.0
hypervascular,1,1,1.0
mainard,1,1,1.0
sudour,1,1,1.0
safford,1,1,1.0
schell,1,1,1.0
hepato,1,1,1.0
cd008205,1,1,1.0
bhanot,1,1,1.0
s94,1,1,1.0
okunieff,1,1,1.0
haken,1,1,1.0
granowetter,1,1,1.0
bessmertny,1,1,1.0
sulis,1,1,1.0
dole,1,1,1.0
broxson,1,1,1.0
uptick,1,1,1.0
schempp,1,1,1.0
hemosiderosis,1,1,1.0
jaffray,1,1,1.0
vag,1,1,1.0
harbinger,1,1,1.0
sposto,1,1,1.0
silini,1,1,1.0
maggiore,1,1,1.0
gun,1,1,1.0
hesitation,1,1,1.0
kurland,1,1,1.0
chai,1,1,1.0
pidala,1,1,1.0
sorrell,1,1,1.0
levitsky,1,1,1.0
cancellation,1,1,1.0
spirited,1,1,1.0
siop9,1,1,1.0
pötter,1,1,1.0
weirich,1,1,1.0
flentje,1,1,1.0
philippart,1,1,1.0
ian.fingerman,1,1,1.0
janus,1,1,1.0
ingrained,1,1,1.0
dwyer,1,1,1.0
zsofia,1,1,1.0
haven,1,1,1.0
ulrike,1,1,1.0
microplastic,1,1,1.0
overabundance,1,1,1.0
lansdale,1,1,1.0
ruggiero,1,1,1.0
ignore,1,1,1.0
schulz,1,1,1.0
höcker,1,1,1.0
alongside,1,1,1.0
seropositive,1,1,1.0
consolidate,1,1,1.0
p01s,1,1,1.0
interactor,1,1,1.0
channing,1,1,1.0
faceted,1,1,1.0
formalize,1,1,1.0
tracker,1,1,1.0
perchlorate,1,1,1.0
renegotiation,1,1,1.0
endocrinologic,1,1,1.0
nonsuprasellar,1,1,1.0
deb,1,1,1.0
tushar,1,1,1.0
menace,1,1,1.0
congratulated,1,1,1.0
constanza,1,1,1.0
reardon,1,1,1.0
1.9–6.0,1,1,1.0
td50/5,1,1,1.0
s12957,1,1,1.0
luh,1,1,1.0
stimulatory,1,1,1.0
antidiuretic,1,1,1.0
19.00–105.49,1,1,1.0
8.93–30.27,1,1,1.0
apha,1,1,1.0
sellar,1,1,1.0
/follicle,1,1,1.0
‎‎18,1,1,1.0
‎‎20,1,1,1.0
anteroposterior,1,1,1.0
‎‎26,1,1,1.0
sufficiency,1,1,1.0
tajikistan,1,1,1.0
michaelson,1,1,1.0
ayt,1,1,1.0
≥42,1,1,1.0
hypogonadotropic,1,1,1.0
uniqueness,1,1,1.0
belarusian,1,1,1.0
0.6–1.8,1,1,1.0
mitogenic,1,1,1.0
russian,1,1,1.0
baltic,1,1,1.0
‎‎07,1,1,1.0
hyperfractionation,1,1,1.0
‎‎16,1,1,1.0
polonium-210,1,1,1.0
years—10.8,1,1,1.0
years—6.1,1,1,1.0
years—1.3,1,1,1.0
1–25,1,1,1.0
ethylene,1,1,1.0
cumene,1,1,1.0
hyperinsulinism,1,1,1.0
atherogenic,1,1,1.0
ammonia,1,1,1.0
irregularity,1,1,1.0
cyanide,1,1,1.0
exaggerated,1,1,1.0
lactotroph,1,1,1.0
thyrotroph,1,1,1.0
toxicant,1,1,1.0
stalk,1,1,1.0
bulge,1,1,1.0
pahs,1,1,1.0
sensorimotor,1,1,1.0
attenuated,1,1,1.0
argileh,1,1,1.0
wrapper,1,1,1.0
lfc,1,1,1.0
premium,1,1,1.0
kreteks,1,1,1.0
1.7–3.3,1,1,1.0
heroin,1,1,1.0
nash,1,1,1.0
cholesterol—26.8,1,1,1.0
circumference—16.7,1,1,1.0
triglycerides—11.7,1,1,1.0
glucose—5.8,1,1,1.0
ramasundarahettige,1,1,1.0
trout,1,1,1.0
aktolun,1,1,1.0
giammarile,1,1,1.0
bombardieri,1,1,1.0
e2166,1,1,1.0
e2156,1,1,1.0
kariyawasam,1,1,1.0
briceño,1,1,1.0
phlegm,1,1,1.0
kretek,1,1,1.0
≤−1,1,1,1.0
clove,1,1,1.0
≥34,1,1,1.0
tendu,1,1,1.0
quadricep,1,1,1.0
grassberg,1,1,1.0
bidis,1,1,1.0
vatner,1,1,1.0
goza,1,1,1.0
boory,1,1,1.0
e787,1,1,1.0
hubble,1,1,1.0
geisenheiser,1,1,1.0
isthmectomy,1,1,1.0
ghelyoon,1,1,1.0
meringolo,1,1,1.0
hemithyroidectomy,1,1,1.0
schoone,1,1,1.0
louweren,1,1,1.0
123i,1,1,1.0
gam,1,1,1.0
ramelli,1,1,1.0
denzer,1,1,1.0
vallone,1,1,1.0
villanti,1,1,1.0
piano,1,1,1.0
s.i.a,1,1,1.0
halada,1,1,1.0
zelcer,1,1,1.0
kovalchik,1,1,1.0
wetering,1,1,1.0
parazzini,1,1,1.0
mirone,1,1,1.0
guibout,1,1,1.0
austoni,1,1,1.0
gleeson,1,1,1.0
samers,1,1,1.0
bosley,1,1,1.0
goloubeva,1,1,1.0
viana,1,1,1.0
hypopituitarism,1,1,1.0
survivorship―genetic,1,1,1.0
deo,1,1,1.0
ayn,1,1,1.0
ringer,1,1,1.0
e27631,1,1,1.0
golekoh,1,1,1.0
lawson,1,1,1.0
minkov,1,1,1.0
prosch,1,1,1.0
fahrner,1,1,1.0
germinomas,1,1,1.0
weid,1,1,1.0
ostroff,1,1,1.0
caporaso,1,1,1.0
hartge,1,1,1.0
aditama,1,1,1.0
poulet,1,1,1.0
e113‒119,1,1,1.0
freemer,1,1,1.0
plotnick,1,1,1.0
knishkowy,1,1,1.0
goldwein,1,1,1.0
ogilvy,1,1,1.0
simone,1,1,1.0
wyss,1,1,1.0
vandecruy,1,1,1.0
centigray,1,1,1.0
e28723,1,1,1.0
didcock,1,1,1.0
p52,1,1,1.0
p35,1,1,1.0
ambrose,1,1,1.0
corey,1,1,1.0
emphysema,1,1,1.0
tamhane,1,1,1.0
steinbok,1,1,1.0
bogarin,1,1,1.0
patterson,1,1,1.0
longmire,1,1,1.0
ergun,1,1,1.0
disqualifying,1,1,1.0
pulmonology,1,1,1.0
b5569,1,1,1.0
daley,1,1,1.0
cd008727,1,1,1.0
erfurth,1,1,1.0
follin,1,1,1.0
immunopeptidome,1,1,1.0
heitzeneder,1,1,1.0
pituitary-,1,1,1.0
kazlauskaite,1,1,1.0
krenciute,1,1,1.0
sjmb-96,1,1,1.0
laughton,1,1,1.0
giedre,1,1,1.0
stoeter,1,1,1.0
pyle,1,1,1.0
greulich,1,1,1.0
r141,1,1,1.0
hongbo,1,1,1.0
withycombe,1,1,1.0
pihoker,1,1,1.0
garmey,1,1,1.0
e31080,1,1,1.0
cardone,1,1,1.0
anju,1,1,1.0
surojit,1,1,1.0
lega,1,1,1.0
uitterlinden,1,1,1.0
awaits,1,1,1.0
hazy,1,1,1.0
saulti,1,1,1.0
alymsys,1,1,1.0
bolier,1,1,1.0
casanueva,1,1,1.0
cann,1,1,1.0
disperz,1,1,1.0
belle,1,1,1.0
delany,1,1,1.0
bosaeus,1,1,1.0
jarfelt,1,1,1.0
dimaleate,1,1,1.0
adipocyte,1,1,1.0
kalia,1,1,1.0
huet,1,1,1.0
vandana,1,1,1.0
janiszewski,1,1,1.0
veringa,1,1,1.0
insensitivity,1,1,1.0
robbie,1,1,1.0
rahim,1,1,1.0
meza,1,1,1.0
lorbrena,1,1,1.0
nayn,1,1,1.0
roessel,1,1,1.0
schaik,1,1,1.0
miachon,1,1,1.0
siviero,1,1,1.0
infugem,1,1,1.0
hernandez,1,1,1.0
tosta,1,1,1.0
pencharz,1,1,1.0
o'gorman,1,1,1.0
simoneau,1,1,1.0
sahakitrungruang,1,1,1.0
bostrom,1,1,1.0
stork,1,1,1.0
lindemulder,1,1,1.0
streptococci,1,1,1.0
pneumoniae,1,1,1.0
streptococcus,1,1,1.0
ensacove,1,1,1.0
augtyro,1,1,1.0
vizimpro,1,1,1.0
jolly,1,1,1.0
tepmetko,1,1,1.0
tabrecta,1,1,1.0
qvantig,1,1,1.0
belsky,1,1,1.0
e155,1,1,1.0
etiquette,1,1,1.0
hayek,1,1,1.0
adipokine,1,1,1.0
lauderdale,1,1,1.0
withstand,1,1,1.0
syrinx,1,1,1.0
getting,1,1,1.0
untargeted,1,1,1.0
noroviru,1,1,1.0
banu,1,1,1.0
sanitizer,1,1,1.0
seema,1,1,1.0
purified,1,1,1.0
stoddard,1,1,1.0
babesiosis,1,1,1.0
heckman,1,1,1.0
aureus,1,1,1.0
staphylococcus,1,1,1.0
brandy,1,1,1.0
hydroxytamoxifen,1,1,1.0
fy2016,1,1,1.0
theh,1,1,1.0
san,1,1,1.0
krih,1,1,1.0
nee,1,1,1.0
wih,1,1,1.0
lymphotoxic,1,1,1.0
nay,1,1,1.0
jih,1,1,1.0
dmtm21,1,1,1.0
fasds,1,1,1.0
uza,1,1,1.0
lymphodepletion,1,1,1.0
unimmunized,1,1,1.0
pcv7,1,1,1.0
ppsv,1,1,1.0
tecelra,1,1,1.0
afamitresgene,1,1,1.0
reticuloendothelial,1,1,1.0
088.html,1,1,1.0
jockovich,1,1,1.0
d.o.s,1,1,1.0
bahta,1,1,1.0
kroger,1,1,1.0
immunocompetence,1,1,1.0
400mg,1,1,1.0
pcaco,1,1,1.0
metagenomic,1,1,1.0
indel,1,1,1.0
maryland-,1,1,1.0
wx10,1,1,1.0
science.1222077,1,1,1.0
speckhart,1,1,1.0
retrotransposition,1,1,1.0
ekman,1,1,1.0
koskenvuo,1,1,1.0
gmt,1,1,1.0
guilcher,1,1,1.0
immunocompromising,1,1,1.0
1–41,1,1,1.0
zack,1,1,1.0
mbaeyi,1,1,1.0
science.aaf8399,1,1,1.0
eaaf8399,1,1,1.0
beasley,1,1,1.0
rr02,1,1,1.0
davoli,1,1,1.0
j.celrep.2018.03.050,1,1,1.0
foltz,1,1,1.0
jama.2012.20,1,1,1.0
doi:10.1001,1,1,1.0
j.cell.2018.02.060,1,1,1.0
chiappinelli,1,1,1.0
j.ccell.2018.03.006,1,1,1.0
720.e9,1,1,1.0
tomblyn,1,1,1.0
epic1,1,1,1.0
j.celrep.2018.03.064,1,1,1.0
somvanshi,1,1,1.0
bochennek,1,1,1.0
neonatol,1,1,1.0
fouda,1,1,1.0
fayea,1,1,1.0
e30133,1,1,1.0
j.ccr.2012.12.020,1,1,1.0
infratemporal,1,1,1.0
oncomir,1,1,1.0
disuse,1,1,1.0
pennicooke,1,1,1.0
kim,1,1,1.0
j.cell.2011.09.041,1,1,1.0
chehab,1,1,1.0
bhoj,1,1,1.0
e330,1,1,1.0
e321,1,1,1.0
kamboj,1,1,1.0
englund,1,1,1.0
pergam,1,1,1.0
hemoter,1,1,1.0
buchumenski,1,1,1.0
osteotomy,1,1,1.0
articular,1,1,1.0
bazak,1,1,1.0
j.celrep.2015.09.032,1,1,1.0
gacquer,1,1,1.0
osteotoxic,1,1,1.0
hoadley,1,1,1.0
mineralization,1,1,1.0
accretion,1,1,1.0
genant,1,1,1.0
bulging,1,1,1.0
zainal,1,1,1.0
nik,1,1,1.0
orthovoltage,1,1,1.0
gad.1924710,1,1,1.0
doi:10.1101,1,1,1.0
bcl2l12,1,1,1.0
stegh,1,1,1.0
bloc,1,1,1.0
metaphyseal,1,1,1.0
osteochondromatosis,1,1,1.0
hollern,1,1,1.0
254.e6,1,1,1.0
grin3a,1,1,1.0
as1,1,1,1.0
bmp7,1,1,1.0
acp1,1,1,1.0
tym,1,1,1.0
untranslated,1,1,1.0
adipogenesis,1,1,1.0
cog-1961,1,1,1.0
desrichard,1,1,1.0
anophthalmic,1,1,1.0
haik,1,1,1.0
kirzhner,1,1,1.0
shildkrot,1,1,1.0
tenovuo,1,1,1.0
karsila,1,1,1.0
dentofacial,1,1,1.0
kraus,1,1,1.0
estilo,1,1,1.0
strissel,1,1,1.0
arthroplasty,1,1,1.0
raeburn,1,1,1.0
s13059,1,1,1.0
doi:10.1186,1,1,1.0
pleasing,1,1,1.0
phantom,1,1,1.0
samoilenko,1,1,1.0
hogeboom,1,1,1.0
e28728,1,1,1.0
hartley,1,1,1.0
schnoll,1,1,1.0
neoantigens,1,1,1.0
lebenthal,1,1,1.0
laur,1,1,1.0
shalitin,1,1,1.0
rouwé,1,1,1.0
francken,1,1,1.0
bonger,1,1,1.0
neuroendocrinological,1,1,1.0
laverdière,1,1,1.0
nandagopal,1,1,1.0
brownstein,1,1,1.0
stensvold,1,1,1.0
kvammen,1,1,1.0
e2454069,1,1,1.0
baedke,1,1,1.0
ajs,1,1,1.0
osteoporo,1,1,1.0
furness,1,1,1.0
klap,1,1,1.0
mcgranahan,1,1,1.0
mughal,1,1,1.0
riikonen,1,1,1.0
komulainen,1,1,1.0
arikoski,1,1,1.0
sluis,1,1,1.0
jenney,1,1,1.0
petale,1,1,1.0
hop,1,1,1.0
padhye,1,1,1.0
e27440,1,1,1.0
zaky,1,1,1.0
gohar,1,1,1.0
kawedia,1,1,1.0
cazzato,1,1,1.0
304.e6,1,1,1.0
hinoue,1,1,1.0
ccg-1961,1,1,1.0
e29048,1,1,1.0
bhandari,1,1,1.0
7786.mcr-14,1,1,1.0
mtbp,1,1,1.0
meignen,1,1,1.0
espen,1,1,1.0
taitz,1,1,1.0
turello,1,1,1.0
bovée,1,1,1.0
elmantaser,1,1,1.0
driest,1,1,1.0
nayiager,1,1,1.0
badhiwala,1,1,1.0
shimomura,1,1,1.0
hyakuna,1,1,1.0
grieb,1,1,1.0
supko,1,1,1.0
michelsen,1,1,1.0
modpathol.2016.55,1,1,1.0
setia,1,1,1.0
dubory,1,1,1.0
hernigou,1,1,1.0
nejmoa1402121,1,1,1.0
//bioinformatics.mdanderson.org,1,1,1.0
doi:10.1158/0008,1,1,1.0
beredjiklian,1,1,1.0
schreuder,1,1,1.0
darlington,1,1,1.0
eiser,1,1,1.0
aulivola,1,1,1.0
nagarajan,1,1,1.0
masica,1,1,1.0
j.cels.2018.03.002,1,1,1.0
kletzel,1,1,1.0
koptik,1,1,1.0
danner,1,1,1.0
hanauer,1,1,1.0
cohn,1,1,1.0
holz,1,1,1.0
electrode,1,1,1.0
masculinization,1,1,1.0
subnormal,1,1,1.0
badge,1,1,1.0
grander,1,1,1.0
2003–2013,1,1,1.0
zodex,1,1,1.0
taperdex,1,1,1.0
r.p,1,1,1.0
inamoto,1,1,1.0
orthopaedic,1,1,1.0
drummond,1,1,1.0
dex,1,1,1.0
payer,1,1,1.0
thuh,1,1,1.0
subfertility,1,1,1.0
chili,1,1,1.0
food,1,1,1.0
cary,1,1,1.0
nonautologous,1,1,1.0
8–108,1,1,1.0
2.7–28.0,1,1,1.0
jeremy,1,1,1.0
5.0–9.7,1,1,1.0
lumbosacral,1,1,1.0
reen,1,1,1.0
lon,1,1,1.0
dialing,1,1,1.0
cisplatin-,1,1,1.0
normospermic,1,1,1.0
-targeted,1,1,1.0
harvesting,1,1,1.0
borne,1,1,1.0
genovese,1,1,1.0
micromanipulative,1,1,1.0
cryodamage,1,1,1.0
peripubertal,1,1,1.0
fbxo10,1,1,1.0
45–54,1,1,1.0
smc3b,1,1,1.0
0.79–1.01,1,1,1.0
0.47–0.64,1,1,1.0
"≥9,639",1,1,1.0
"≥11,295",1,1,1.0
increment,1,1,1.0
edna,1,1,1.0
gbq/200.0,1,1,1.0
placental,1,1,1.0
amniotic,1,1,1.0
malpresentation,1,1,1.0
cesarean,1,1,1.0
obstetrical,1,1,1.0
wustl,1,1,1.0
bioventure,1,1,1.0
jupiter,1,1,1.0
cukierman,1,1,1.0
multiparameter,1,1,1.0
nonovarian,1,1,1.0
autotransplant,1,1,1.0
damania,1,1,1.0
transposition,1,1,1.0
unfertilized,1,1,1.0
cryopreserving,1,1,1.0
nijman,1,1,1.0
fraley,1,1,1.0
narayan,1,1,1.0
violaki,1,1,1.0
tryfona,1,1,1.0
antisperm,1,1,1.0
cocuzza,1,1,1.0
educating,1,1,1.0
arap,1,1,1.0
lehmann,1,1,1.0
e75,1,1,1.0
retiree,1,1,1.0
colonel,1,1,1.0
0.83–1.23,1,1,1.0
lieutenant,1,1,1.0
antepartum,1,1,1.0
brauner,1,1,1.0
ctrp_support,1,1,1.0
aubi,1,1,1.0
malpas,1,1,1.0
shafford,1,1,1.0
moëll,1,1,1.0
ståhl,1,1,1.0
romerius,1,1,1.0
izard,1,1,1.0
blatt,1,1,1.0
aspermia,1,1,1.0
feingold,1,1,1.0
ziesel,1,1,1.0
cystoprostatectomy,1,1,1.0
fankhauser,1,1,1.0
jager,1,1,1.0
adriaanse,1,1,1.0
behrendt,1,1,1.0
heikens,1,1,1.0
olweny,1,1,1.0
mackie,1,1,1.0
//clinicaltrialsapi.cancer.gov,1,1,1.0
gewurz,1,1,1.0
cesarman,1,1,1.0
ethel,1,1,1.0
toxicol,1,1,1.0
ebv+,1,1,1.0
pizzato,1,1,1.0
garolla,1,1,1.0
lmp2a,1,1,1.0
micah,1,1,1.0
pryzant,1,1,1.0
vatanen,1,1,1.0
denser,1,1,1.0
hamre,1,1,1.0
laven,1,1,1.0
geest,1,1,1.0
dorp,1,1,1.0
exploring,1,1,1.0
pt886,1,1,1.0
nalirifox,1,1,1.0
fli,1,1,1.0
candidiasis,1,1,1.0
fex,1,1,1.0
lampic,1,1,1.0
haavisto,1,1,1.0
heiermann,1,1,1.0
submental,1,1,1.0
svanberg,1,1,1.0
skoog,1,1,1.0
armuand,1,1,1.0
courbiere,1,1,1.0
nuri,1,1,1.0
emon,1,1,1.0
brester,1,1,1.0
e31181,1,1,1.0
kurlander,1,1,1.0
jugulodigastric,1,1,1.0
buccinator,1,1,1.0
circumvallate,1,1,1.0
panscan,1,1,1.0
wing,1,1,1.0
reichart,1,1,1.0
scheifele,1,1,1.0
sommerhaeuser,1,1,1.0
borgmann,1,1,1.0
ivf,1,1,1.0
levron,1,1,1.0
orvieto,1,1,1.0
sønksen,1,1,1.0
agarwa,1,1,1.0
e67,1,1,1.0
e57,1,1,1.0
e56,1,1,1.0
pindborg,1,1,1.0
neville,1,1,1.0
egjm,1,1,1.0
aep,1,1,1.0
cantineau,1,1,1.0
bladh,1,1,1.0
steril,1,1,1.0
leukoedema,1,1,1.0
beneventi,1,1,1.0
kayano,1,1,1.0
gonadectomy,1,1,1.0
asrm,1,1,1.0
peccatori,1,1,1.0
wallner,1,1,1.0
papadimitrakopoulou,1,1,1.0
karlikaya,1,1,1.0
oktay,1,1,1.0
pacheco,1,1,1.0
meirow,1,1,1.0
ayllón,1,1,1.0
elenkov,1,1,1.0
kitlinski,1,1,1.0
tol,1,1,1.0
forastiere,1,1,1.0
1.6–1.8,1,1,1.0
5.8–7.9,1,1,1.0
vaish,1,1,1.0
subdistribution,1,1,1.0
0–29,1,1,1.0
antiquated,1,1,1.0
chalian,1,1,1.0
artama,1,1,1.0
seppänen,1,1,1.0
steinhorn,1,1,1.0
yuen,1,1,1.0
sankila,1,1,1.0
restaging,1,1,1.0
shliakhtsitsava,1,1,1.0
pneumonopathy,1,1,1.0
hyperkeratosis,1,1,1.0
nonuniform,1,1,1.0
potentiate,1,1,1.0
broder,1,1,1.0
prosthodontic,1,1,1.0
postirradiation,1,1,1.0
0.04–20.9,1,1,1.0
20gy,1,1,1.0
n3a,1,1,1.0
expose,1,1,1.0
n2b,1,1,1.0
lindstrom,1,1,1.0
croft,1,1,1.0
appleton,1,1,1.0
freund,1,1,1.0
lariviere,1,1,1.0
guryev,1,1,1.0
fryer,1,1,1.0
volpini,1,1,1.0
bossi,1,1,1.0
maasilta,1,1,1.0
maxillectomy,1,1,1.0
e368,1,1,1.0
hemimandibulectomy,1,1,1.0
briere,1,1,1.0
josephson,1,1,1.0
exophytic,1,1,1.0
hemiglossectomy,1,1,1.0
ccnu,1,1,1.0
/lomustine,1,1,1.0
bcnu,1,1,1.0
slevin,1,1,1.0
yorozu,1,1,1.0
oancea,1,1,1.0
krupnick,1,1,1.0
kreisel,1,1,1.0
iridium-192,1,1,1.0
aletti,1,1,1.0
malissard,1,1,1.0
pernot,1,1,1.0
hedenström,1,1,1.0
laryngol,1,1,1.0
frisk,1,1,1.0
quarck,1,1,1.0
günther,1,1,1.0
ranchoux,1,1,1.0
polliack,1,1,1.0
audiometry,1,1,1.0
otol,1,1,1.0
"1,000–2,000",1,1,1.0
ventriculoperitoneal,1,1,1.0
≥4–8khz,1,1,1.0
encroache,1,1,1.0
nct00652132,1,1,1.0
grandi,1,1,1.0
aminoglycoside,1,1,1.0
≥200,1,1,1.0
1.6–3.7,1,1,1.0
9.8–16.7,1,1,1.0
khz,1,1,1.0
licitra,1,1,1.0
-boston,1,1,1.0
truesdale,1,1,1.0
silverberg,1,1,1.0
bullying,1,1,1.0
grossmam,1,1,1.0
fovea,1,1,1.0
macula,1,1,1.0
intravitreal,1,1,1.0
seating,1,1,1.0
cerumen,1,1,1.0
otoscopic,1,1,1.0
conductive,1,1,1.0
ceruminosis,1,1,1.0
remedial,1,1,1.0
phonological,1,1,1.0
duncavage,1,1,1.0
8–17,1,1,1.0
handicap,1,1,1.0
cofactor,1,1,1.0
l'adolescent,1,1,1.0
l'enfant,1,1,1.0
itri,1,1,1.0
0.36–0.83,1,1,1.0
4.0–6.0,1,1,1.0
unimpaired,1,1,1.0
nct02823574,1,1,1.0
postchiasmal,1,1,1.0
retinitis,1,1,1.0
nct02741570,1,1,1.0
nonparameningeal,1,1,1.0
nct02252042,1,1,1.0
nct02358031,1,1,1.0
18–64,1,1,1.0
ptosis,1,1,1.0
moke,1,1,1.0
athanasiadis,1,1,1.0
beyea,1,1,1.0
e29755,1,1,1.0
sláma,1,1,1.0
strebel,1,1,1.0
weiss,1,1,1.0
khandwala,1,1,1.0
keilty,1,1,1.0
tearing,1,1,1.0
papillopathy,1,1,1.0
maculopathy,1,1,1.0
enophthalmos,1,1,1.0
bromer,1,1,1.0
menon,1,1,1.0
patil,1,1,1.0
bhandare,1,1,1.0
hua,1,1,1.0
funt,1,1,1.0
savignoni,1,1,1.0
rouic,1,1,1.0
lumbroso,1,1,1.0
moghrabi,1,1,1.0
gururangan,1,1,1.0
fouladi,1,1,1.0
kolinsky,1,1,1.0
noncranial,1,1,1.0
otoprotection,1,1,1.0
orgel,1,1,1.0
fligor,1,1,1.0
fayette,1,1,1.0
millstein,1,1,1.0
aapos,1,1,1.0
naeem,1,1,1.0
blumenschein,1,1,1.0
tourneau,1,1,1.0
soulière,1,1,1.0
schefler,1,1,1.0
cater,1,1,1.0
intravitreous,1,1,1.0
e1229,1,1,1.0
tersak,1,1,1.0
thaxton,1,1,1.0
trendowski,1,1,1.0
shukla,1,1,1.0
gould,1,1,1.0
s50,1,1,1.0
7.4–12.6,1,1,1.0
5.8–8.1,1,1,1.0
vestal,1,1,1.0
alloin,1,1,1.0
astroglial,1,1,1.0
manley,1,1,1.0
e30412,1,1,1.0
0.362–0.820,1,1,1.0
sobti,1,1,1.0
weinhandl,1,1,1.0
kollath,1,1,1.0
petriccione,1,1,1.0
pottenger,1,1,1.0
skleir,1,1,1.0
ramu,1,1,1.0
peylan,1,1,1.0
samarium,1,1,1.0
acidosis,1,1,1.0
mending,1,1,1.0
1.31–25.86,1,1,1.0
heredity,1,1,1.0
osteoclastoma,1,1,1.0
urolithiasis,1,1,1.0
renal-,1,1,1.0
albuminuria,1,1,1.0
mmol,1,1,1.0
garlich,1,1,1.0
jeppesen,1,1,1.0
calissendorff,1,1,1.0
holmström,1,1,1.0
törnquist,1,1,1.0
fahnehjelm,1,1,1.0
machiela,1,1,1.0
acidosi,1,1,1.0
lightfoot,1,1,1.0
agarwala,1,1,1.0
allow,1,1,1.0
hail,1,1,1.0
embed,1,1,1.0
neuroepithelium,1,1,1.0
oxazaphosphorine,1,1,1.0
pentaacetic,1,1,1.0
diethylenetriamine,1,1,1.0
hierarchal,1,1,1.0
cytokeratin,1,1,1.0
hyposmia,1,1,1.0
esthesioneuroblastomas,1,1,1.0
infirmary,1,1,1.0
"1,000–33,000",1,1,1.0
jasper,1,1,1.0
knijnenburg,1,1,1.0
bezin,1,1,1.0
shnorhavorian,1,1,1.0
hematuria,1,1,1.0
neobladder,1,1,1.0
herr,1,1,1.0
stambuk,1,1,1.0
calcaterra,1,1,1.0
seatbelt,1,1,1.0
handlebar,1,1,1.0
bicycle,1,1,1.0
allal,1,1,1.0
s149,1,1,1.0
ricket,1,1,1.0
hypophosphatemic,1,1,1.0
peschel,1,1,1.0
olszyk,1,1,1.0
mitus,1,1,1.0
s108,1,1,1.0
otth,1,1,1.0
bargetzi,1,1,1.0
daetwyler,1,1,1.0
fawaz,1,1,1.0
oberlin,1,1,1.0
stöhr,1,1,1.0
ukccsg,1,1,1.0
franzke,1,1,1.0
fel,1,1,1.0
poquette,1,1,1.0
parry,1,1,1.0
khondker,1,1,1.0
ferrer,1,1,1.0
ozsahin,1,1,1.0
gurung,1,1,1.0
hoot,1,1,1.0
wimmer,1,1,1.0
kersun,1,1,1.0
riachy,1,1,1.0
e31409,1,1,1.0
e28271,1,1,1.0
poppe,1,1,1.0
ladra,1,1,1.0
porcher,1,1,1.0
abboud,1,1,1.0
schultheiss,1,1,1.0
micke,1,1,1.0
seashore,1,1,1.0
spool,1,1,1.0
neuromeningeal,1,1,1.0
wind,1,1,1.0
openstax,1,1,1.0
cnx,1,1,1.0
broski,1,1,1.0
reibel,1,1,1.0
amr2,1,1,1.0
crop,1,1,1.0
lookout,1,1,1.0
amhr2,1,1,1.0
ferlito,1,1,1.0
coauthored,1,1,1.0
boli,1,1,1.0
rosenbaum,1,1,1.0
shearer,1,1,1.0
episcleritis,1,1,1.0
uveitis,1,1,1.0
blister,1,1,1.0
-itis,1,1,1.0
zanation,1,1,1.0
e30793,1,1,1.0
dagan,1,1,1.0
drescher,1,1,1.0
wien,1,1,1.0
neurochir,1,1,1.0
gallia,1,1,1.0
fichera,1,1,1.0
bromodomain,1,1,1.0
carlo,1,1,1.0
aud,1,1,1.0
matriculation,1,1,1.0
m.d./ph.d,1,1,1.0
kiyota,1,1,1.0
couanet,1,1,1.0
valteau,1,1,1.0
ciofalo,1,1,1.0
fusconi,1,1,1.0
benfari,1,1,1.0
jdacs4c,1,1,1.0
playing,1,1,1.0
bernold,1,1,1.0
boomer,1,1,1.0
cladribine,1,1,1.0
proteogenome,1,1,1.0
laura.gray,1,1,1.0
tingle,1,1,1.0
puria,1,1,1.0
leep,1,1,1.0
conization,1,1,1.0
korol,1,1,1.0
matthes,1,1,1.0
binder,1,1,1.0
0–9,1,1,1.0
0–25,1,1,1.0
hepatoma,1,1,1.0
postmortem,1,1,1.0
agc,1,1,1.0
immunocore,1,1,1.0
asc,1,1,1.0
hlas,1,1,1.0
inflexible,1,1,1.0
hunch,1,1,1.0
negoita,1,1,1.0
kerst,1,1,1.0
horling,1,1,1.0
kepe,1,1,1.0
cheeseburger,1,1,1.0
saghatchian,1,1,1.0
culine,1,1,1.0
bevier,1,1,1.0
abbruzzese,1,1,1.0
haystack,1,1,1.0
quantifiable,1,1,1.0
conway,1,1,1.0
tenet,1,1,1.0
amplify,1,1,1.0
-crc,1,1,1.0
grilling,1,1,1.0
nitrite,1,1,1.0
nitrate,1,1,1.0
marios,1,1,1.0
lamb,1,1,1.0
opposition,1,1,1.0
unsupportive,1,1,1.0
masonic,1,1,1.0
i̇stanbul,1,1,1.0
e402,1,1,1.0
e394,1,1,1.0
cupisco,1,1,1.0
moch,1,1,1.0
sokol,1,1,1.0
e779,1,1,1.0
e769,1,1,1.0
istinye,1,1,1.0
mira,1,1,1.0
drill,1,1,1.0
unprocessed,1,1,1.0
ajay,1,1,1.0
antani,1,1,1.0
cafcw24,1,1,1.0
albertson,1,1,1.0
rutger,1,1,1.0
anschutz,1,1,1.0
fairness,1,1,1.0
agentic,1,1,1.0
bitterman,1,1,1.0
kato,1,1,1.0
v851,1,1,1.0
lba15_pr,1,1,1.0
keane,1,1,1.0
pearse,1,1,1.0
leemans,1,1,1.0
rené,1,1,1.0
machiels,1,1,1.0
saddiq,1,1,1.0
benech,1,1,1.0
borgognone,1,1,1.0
rudà,1,1,1.0
lutterbach,1,1,1.0
bartelt,1,1,1.0
wohlfromm,1,1,1.0
pouyiourou,1,1,1.0
lytic,1,1,1.0
irresponsible,1,1,1.0
transoral,1,1,1.0
coskun,1,1,1.0
tonsillectomy,1,1,1.0
broida,1,1,1.0
pascale,1,1,1.0
dosso,1,1,1.0
dotatoc,1,1,1.0
ahmet,1,1,1.0
menda,1,1,1.0
xin,1,1,1.0
photothermal,1,1,1.0
thorn,1,1,1.0
wellner,1,1,1.0
pentheroudaki,1,1,1.0
zabor,1,1,1.0
mccartan,1,1,1.0
bresser,1,1,1.0
nakafusa,1,1,1.0
ehns,1,1,1.0
cusp2ct,1,1,1.0
ruppersberg,1,1,1.0
odss,1,1,1.0
22–23,1,1,1.0
univeristy,1,1,1.0
yanxiang,1,1,1.0
huiqing,1,1,1.0
parekh,1,1,1.0
sapun,1,1,1.0
microbiopsy,1,1,1.0
fourcade,1,1,1.0
goupil,1,1,1.0
huebner,1,1,1.0
pluzanski,1,1,1.0
amherst,1,1,1.0
ciuleanu,1,1,1.0
bria,1,1,1.0
lorusso,1,1,1.0
zachariae,1,1,1.0
ong,1,1,1.0
courteousness,1,1,1.0
friendliness,1,1,1.0
demineralized,1,1,1.0
konry,1,1,1.0
talus,1,1,1.0
tania,1,1,1.0
procedural,1,1,1.0
vote,1,1,1.0
hyungsoon,1,1,1.0
bhatnagar,1,1,1.0
marto,1,1,1.0
s.1258,1,1,1.0
jarrod,1,1,1.0
accept,1,1,1.0
sequist,1,1,1.0
salience,1,1,1.0
neoepitope,1,1,1.0
stelfox,1,1,1.0
salib,1,1,1.0
grievance,1,1,1.0
transgenesis,1,1,1.0
graham,1,1,1.0
51.e1,1,1,1.0
e485,1,1,1.0
e474,1,1,1.0
sporn,1,1,1.0
pensak,1,1,1.0
shin,1,1,1.0
bandura,1,1,1.0
promot,1,1,1.0
transtheoretical,1,1,1.0
velicer,1,1,1.0
prochaska,1,1,1.0
swartzman,1,1,1.0
rand,1,1,1.0
disguise,1,1,1.0
oberdoerffer,1,1,1.0
bioethical,1,1,1.0
misrepresentation,1,1,1.0
wifstad,1,1,1.0
førde,1,1,1.0
agledahl,1,1,1.0
cd003751,1,1,1.0
prerandomization,1,1,1.0
witteman,1,1,1.0
belkora,1,1,1.0
blainey,1,1,1.0
cd006732,1,1,1.0
adekpedjou,1,1,1.0
légaré,1,1,1.0
perturbing,1,1,1.0
allon,1,1,1.0
trimp,1,1,1.0
snoo,1,1,1.0
brom,1,1,1.0
e031763,1,1,1.0
gärtner,1,1,1.0
versatile,1,1,1.0
clayman,1,1,1.0
nanobody,1,1,1.0
multiracial,1,1,1.0
galen,1,1,1.0
mispa,1,1,1.0
hao,1,1,1.0
counting,1,1,1.0
hanlee,1,1,1.0
facundo,1,1,1.0
pratx,1,1,1.0
overgeneralization,1,1,1.0
nononcological,1,1,1.0
nonpaternalistic,1,1,1.0
resensitization,1,1,1.0
raleigh,1,1,1.0
fenton,1,1,1.0
congruent,1,1,1.0
ndjaboue,1,1,1.0
cloye,1,1,1.0
riera,1,1,1.0
seifart,1,1,1.0
castricone,1,1,1.0
brudno,1,1,1.0
tervalon,1,1,1.0
epner,1,1,1.0
unhappiness,1,1,1.0
transcribed,1,1,1.0
deaf,1,1,1.0
introduce,1,1,1.0
conveying,1,1,1.0
yevgeny,1,1,1.0
ombudsman,1,1,1.0
over-,1,1,1.0
weissleder,1,1,1.0
smother,1,1,1.0
chesser,1,1,1.0
cotner,1,1,1.0
hollis,1,1,1.0
helitzer,1,1,1.0
jefford,1,1,1.0
dimartino,1,1,1.0
grambow,1,1,1.0
sharf,1,1,1.0
manfredi,1,1,1.0
ralph,1,1,1.0
asare,1,1,1.0
bioorthogonal,1,1,1.0
cordero,1,1,1.0
sutter,1,1,1.0
bravo,1,1,1.0
holcombe,1,1,1.0
kundrat,1,1,1.0
baringer,1,1,1.0
nussbaum,1,1,1.0
bowen,1,1,1.0
juckett,1,1,1.0
misra,1,1,1.0
fullilove,1,1,1.0
scrimshaw,1,1,1.0
lep,1,1,1.0
nickell,1,1,1.0
hauser,1,1,1.0
fagerlin,1,1,1.0
stableford,1,1,1.0
javier,1,1,1.0
jose,1,1,1.0
linas,1,1,1.0
peacefulness,1,1,1.0
comskil,1,1,1.0
vitaltalk,1,1,1.0
issadore,1,1,1.0
assessments,1,1,1.0
nanofluidic,1,1,1.0
muretta,1,1,1.0
joseph,1,1,1.0
intercellular,1,1,1.0
delphi,1,1,1.0
cas,1,1,1.0
shirure,1,1,1.0
zaider,1,1,1.0
manne,1,1,1.0
collusive,1,1,1.0
heaven,1,1,1.0
yamagishi,1,1,1.0
ohtsuka,1,1,1.0
venktesh,1,1,1.0
monte,1,1,1.0
manna,1,1,1.0
mcniff,1,1,1.0
bickel,1,1,1.0
onsite,1,1,1.0
fibi,1,1,1.0
hilden,1,1,1.0
aace,1,1,1.0
ferri,1,1,1.0
acgme,1,1,1.0
mnemonic,1,1,1.0
absorbing,1,1,1.0
morningside,1,1,1.0
409.e3,1,1,1.0
aptamer,1,1,1.0
nakagawa,1,1,1.0
onishi,1,1,1.0
asai,1,1,1.0
shirai,1,1,1.0
mellon,1,1,1.0
simulator,1,1,1.0
carnegie,1,1,1.0
miniprobe,1,1,1.0
gammapna,1,1,1.0
aliquot,1,1,1.0
farewell,1,1,1.0
scripps,1,1,1.0
clegg,1,1,1.0
cravatt,1,1,1.0
dhakal,1,1,1.0
soma,1,1,1.0
brevity,1,1,1.0
campagnola,1,1,1.0
gaster,1,1,1.0
e274,1,1,1.0
pien,1,1,1.0
colbert,1,1,1.0
koritsanszky,1,1,1.0
spectrochemical,1,1,1.0
bernacki,1,1,1.0
vladislav,1,1,1.0
bialer,1,1,1.0
gueguen,1,1,1.0
eddington,1,1,1.0
sindy,1,1,1.0
jadad,1,1,1.0
keever,1,1,1.0
villasis,1,1,1.0
crocco,1,1,1.0
pdo,1,1,1.0
allsop,1,1,1.0
ostherr,1,1,1.0
gibbs,1,1,1.0
bouma,1,1,1.0
nondigital,1,1,1.0
generational,1,1,1.0
isolate,1,1,1.0
scalability,1,1,1.0
telemonitoring,1,1,1.0
videoconferencing,1,1,1.0
epping,1,1,1.0
harnischfeger,1,1,1.0
s115,1,1,1.0
aro,1,1,1.0
lecturing,1,1,1.0
acknowledging,1,1,1.0
betrayal,1,1,1.0
disease-,1,1,1.0
wootten,1,1,1.0
chess,1,1,1.0
dubenske,1,1,1.0
donovan,1,1,1.0
steel,1,1,1.0
folkman,1,1,1.0
cas13,1,1,1.0
cooley,1,1,1.0
blough,1,1,1.0
ramsey,1,1,1.0
e294,1,1,1.0
e280,1,1,1.0
saluja,1,1,1.0
ottevanger,1,1,1.0
oostendorp,1,1,1.0
e1015,1,1,1.0
e1006,1,1,1.0
bluhm,1,1,1.0
seefried,1,1,1.0
recorder,1,1,1.0
nicolai,1,1,1.0
kuroki,1,1,1.0
figg,1,1,1.0
gilligan,1,1,1.0
tulstrup,1,1,1.0
kamani,1,1,1.0
unguru,1,1,1.0
noll,1,1,1.0
kodish,1,1,1.0
hakho,1,1,1.0
nickerson,1,1,1.0
fouri,1,1,1.0
virago,1,1,1.0
irreversibility,1,1,1.0
fantasy,1,1,1.0
huei,1,1,1.0
tza,1,1,1.0
melt,1,1,1.0
henrikson,1,1,1.0
bestvina,1,1,1.0
currie,1,1,1.0
oake,1,1,1.0
drew,1,1,1.0
massively,1,1,1.0
fasciano,1,1,1.0
pao,1,1,1.0
mccabe,1,1,1.0
wiener,1,1,1.0
gerhardt,1,1,1.0
bedoya,1,1,1.0
bioeth,1,1,1.0
empir,1,1,1.0
ajob,1,1,1.0
wangmo,1,1,1.0
leek,1,1,1.0
cousino,1,1,1.0
mousepaint,1,1,1.0
salipante,1,1,1.0
naegle,1,1,1.0
photolithographic,1,1,1.0
fasting,1,1,1.0
silencer,1,1,1.0
sofia,1,1,1.0
perplexing,1,1,1.0
paradoxical,1,1,1.0
pavilion,1,1,1.0
faahpm,1,1,1.0
yopp,1,1,1.0
postier,1,1,1.0
grenklo,1,1,1.0
karginov,1,1,1.0
martello,1,1,1.0
optogenetic,1,1,1.0
shogan,1,1,1.0
scarcelli,1,1,1.0
brillouin,1,1,1.0
yakovlev,1,1,1.0
tratamiento,1,1,1.0
después,1,1,1.0
ante,1,1,1.0
mama,1,1,1.0
terapia,1,1,1.0
anemic,1,1,1.0
myelocyte,1,1,1.0
bifunctional,1,1,1.0
subcellular,1,1,1.0
immunocytochemistry,1,1,1.0
allergen,1,1,1.0
myelo,1,1,1.0
borrowing,1,1,1.0
pqe3,1,1,1.0
pqe2,1,1,1.0
pqe1,1,1,1.0
i–131,1,1,1.0
mmae,1,1,1.0
permeant,1,1,1.0
civilian,1,1,1.0
cytotype,1,1,1.0
portray,1,1,1.0
fragmented,1,1,1.0
witnessing,1,1,1.0
tenderloin,1,1,1.0
mpd,1,1,1.0
reprioritization,1,1,1.0
pq17,1,1,1.0
pq16,1,1,1.0
pq15,1,1,1.0
pq14,1,1,1.0
pq13,1,1,1.0
housework,1,1,1.0
pqd6,1,1,1.0
pqd5,1,1,1.0
pqc6,1,1,1.0
pqc5,1,1,1.0
establishe,1,1,1.0
pqb6,1,1,1.0
pqb5,1,1,1.0
adcetris,1,1,1.0
pqa6,1,1,1.0
pqa5,1,1,1.0
fmcs,1,1,1.0
fwac,1,1,1.0
p.g.cert.p.h,1,1,1.0
s13045,1,1,1.0
musliu,1,1,1.0
muhimbili,1,1,1.0
40yearsofcancerepigenetic,1,1,1.0
hepatopancreatobiliary,1,1,1.0
witwatersrand,1,1,1.0
benchtop,1,1,1.0
fibrinolysis,1,1,1.0
thaw,1,1,1.0
centrifugation,1,1,1.0
preanalytical,1,1,1.0
pq21,1,1,1.0
pq20,1,1,1.0
workday,1,1,1.0
cimacs,1,1,1.0
uniformity,1,1,1.0
magdalena,1,1,1.0
raabe,1,1,1.0
curitiba,1,1,1.0
translucent,1,1,1.0
eligard,1,1,1.0
lide,1,1,1.0
berstein,1,1,1.0
proh,1,1,1.0
realize,1,1,1.0
lord,1,1,1.0
career,1,1,1.0
nasser,1,1,1.0
nweke,1,1,1.0
doghman,1,1,1.0
wakil,1,1,1.0
steenman,1,1,1.0
disguised,1,1,1.0
alder,1,1,1.0
seaver,1,1,1.0
hoyme,1,1,1.0
parise,1,1,1.0
custódio,1,1,1.0
novokmet,1,1,1.0
popping,1,1,1.0
diligent,1,1,1.0
nonadrenal,1,1,1.0
monument,1,1,1.0
sidewalk,1,1,1.0
rooted,1,1,1.0
smeenk,1,1,1.0
schaberg,1,1,1.0
inmate,1,1,1.0
mitose,1,1,1.0
lobulation,1,1,1.0
firewall,1,1,1.0
giesmann,1,1,1.0
askegard,1,1,1.0
pham,1,1,1.0
hanna,1,1,1.0
mofid,1,1,1.0
cakır,1,1,1.0
özön,1,1,1.0
gönç,1,1,1.0
hyperestrogenism,1,1,1.0
hypercortisolism,1,1,1.0
heartbroken,1,1,1.0
bulzico,1,1,1.0
mcateer,1,1,1.0
jurisdiction,1,1,1.0
brutality,1,1,1.0
murder,1,1,1.0
dpa1,1,1,1.0
vexing,1,1,1.0
hyperinflammation,1,1,1.0
0.5–11,1,1,1.0
lotfi,1,1,1.0
fragoso,1,1,1.0
hoos,1,1,1.0
stojadinovic,1,1,1.0
weineke,1,1,1.0
batting,1,1,1.0
zancanella,1,1,1.0
e29025,1,1,1.0
vorwerk,1,1,1.0
roganovic,1,1,1.0
speculate,1,1,1.0
davos,1,1,1.0
nct00304070,1,1,1.0
friability,1,1,1.0
gras,1,1,1.0
antonini,1,1,1.0
riedmeier,1,1,1.0
soares,1,1,1.0
filho,1,1,1.0
fedatto,1,1,1.0
lira,1,1,1.0
leite,1,1,1.0
yalon,1,1,1.0
geoerger,1,1,1.0
gough,1,1,1.0
trimis,1,1,1.0
fassnacht,1,1,1.0
angeli,1,1,1.0
terzolo,1,1,1.0
jurowich,1,1,1.0
reibetanz,1,1,1.0
experimentation,1,1,1.0
sarlis,1,1,1.0
kardar,1,1,1.0
hubertus,1,1,1.0
flageole,1,1,1.0
vettenranta,1,1,1.0
wikström,1,1,1.0
unpacked,1,1,1.0
goldilock,1,1,1.0
schoolchildren,1,1,1.0
salnikow,1,1,1.0
workaround,1,1,1.0
turbo,1,1,1.0
dismutase,1,1,1.0
robbery,1,1,1.0
dismutasa,1,1,1.0
superoxido,1,1,1.0
hispanolistic,1,1,1.0
riedmei,1,1,1.0
brondani,1,1,1.0
balderrama,1,1,1.0
keynote-051,1,1,1.0
oren,1,1,1.0
synthesizing,1,1,1.0
rife,1,1,1.0
rudloff,1,1,1.0
perinucleolar,1,1,1.0
thief,1,1,1.0
sarclisa,1,1,1.0
thalomid,1,1,1.0
disable,1,1,1.0
motixafortide,1,1,1.0
destroy,1,1,1.0
sylvester,1,1,1.0
biosketche,1,1,1.0
mih,1,1,1.0
nihms,1,1,1.0
uncovered,1,1,1.0
rpprs,1,1,1.0
required,1,1,1.0
amira,1,1,1.0
siphon,1,1,1.0
vampiric,1,1,1.0
straw,1,1,1.0
sinister,1,1,1.0
mid-2000,1,1,1.0
genes12091376,1,1,1.0
extrachromsomal,1,1,1.0
cd24-,1,1,1.0
readily,1,1,1.0
engulf,1,1,1.0
cd47,1,1,1.0
engulfing,1,1,1.0
mimicked,1,1,1.0
cloak,1,1,1.0
invisibility,1,1,1.0
d.m.sc,1,1,1.0
wille,1,1,1.0
blase,1,1,1.0
braf-,1,1,1.0
unfortunate,1,1,1.0
velculescu,1,1,1.0
gluconate,1,1,1.0
sociocultural,1,1,1.0
cc-486,1,1,1.0
cliff,1,1,1.0
brink,1,1,1.0
azd3965,1,1,1.0
//doi.org/10.1186/1479,1,1,1.0
pang,1,1,1.0
sorrow,1,1,1.0
pervasiveness,1,1,1.0
diagnosable,1,1,1.0
combi,1,1,1.0
destabilization,1,1,1.0
reorganization,1,1,1.0
deactivated,1,1,1.0
oncogenomic,1,1,1.0
submitter,1,1,1.0
harmonize,1,1,1.0
mmrf,1,1,1.0
waxing,1,1,1.0
froboese,1,1,1.0
wagenmann,1,1,1.0
oversimplification,1,1,1.0
bargaining,1,1,1.0
lodhi,1,1,1.0
reinvestment,1,1,1.0
casarett,1,1,1.0
naaelz,1,1,1.0
naaelv,1,1,1.0
naaemb,1,1,1.0
aversive,1,1,1.0
naaemc,1,1,1.0
goodbye,1,1,1.0
naaema,1,1,1.0
meaningless,1,1,1.0
bitterness,1,1,1.0
longing,1,1,1.0
cssk,1,1,1.0
squirt,1,1,1.0
drih,1,1,1.0
onslaught,1,1,1.0
keratose,1,1,1.0
mazzola,1,1,1.0
desiccation,1,1,1.0
deane,1,1,1.0
interscience,1,1,1.0
nozzle,1,1,1.0
electrosurgery,1,1,1.0
whyman,1,1,1.0
vergo,1,1,1.0
interoperable,1,1,1.0
cheema,1,1,1.0
pearly,1,1,1.0
medicated,1,1,1.0
kinship,1,1,1.0
litz,1,1,1.0
vuletich,1,1,1.0
robinaugh,1,1,1.0
disabil,1,1,1.0
dowling,1,1,1.0
ncgms,1,1,1.0
mailing,1,1,1.0
psychoanal,1,1,1.0
check,1,1,1.0
150x,1,1,1.0
homepage,1,1,1.0
kübl,1,1,1.0
powerlessness,1,1,1.0
ingenol,1,1,1.0
shuchter,1,1,1.0
chemexfoliation,1,1,1.0
chemabrasion,1,1,1.0
mcbride,1,1,1.0
hoeksema,1,1,1.0
nolen,1,1,1.0
beery,1,1,1.0
kasl,1,1,1.0
schachter,1,1,1.0
tomarken,1,1,1.0
buffer,1,1,1.0
devote,1,1,1.0
e284,1,1,1.0
e277,1,1,1.0
shapira,1,1,1.0
e10,1,1,1.0
ariad,1,1,1.0
redirect,1,1,1.0
recreation,1,1,1.0
qids,1,1,1.0
hdrs,1,1,1.0
ultramutated,1,1,1.0
restrict,1,1,1.0
myeloblast,1,1,1.0
idhifa,1,1,1.0
trig,1,1,1.0
icg=,1,1,1.0
solidarity,1,1,1.0
skritskaya,1,1,1.0
haggerty,1,1,1.0
lilienfeld,1,1,1.0
pessimism,1,1,1.0
cit+cgt,1,1,1.0
boo,1,1,1.0
peek,1,1,1.0
unresponsiveness,1,1,1.0
listlessness,1,1,1.0
gbp,1,1,1.0
tsx,1,1,1.0
hsi,1,1,1.0
nikkei,1,1,1.0
cac,1,1,1.0
ftse,1,1,1.0
telecom,1,1,1.0
immerse,1,1,1.0
rgti,1,1,1.0
miniature,1,1,1.0
rigetti,1,1,1.0
schlernitzauer,1,1,1.0
djia,1,1,1.0
treasury,1,1,1.0
knaevelsrud,1,1,1.0
netanyahu,1,1,1.0
exasperation,1,1,1.0
6–9,1,1,1.0
doge,1,1,1.0
golfing,1,1,1.0
clinging,1,1,1.0
mrvl,1,1,1.0
mrk,1,1,1.0
attentive,1,1,1.0
hypochondriacal,1,1,1.0
contradiction,1,1,1.0
mayfield,1,1,1.0
geopolitical,1,1,1.0
strickland,1,1,1.0
omaha,1,1,1.0
oracle,1,1,1.0
compassion,1,1,1.0
cory,1,1,1.0
o'toole,1,1,1.0
casket,1,1,1.0
memorialize,1,1,1.0
gaming,1,1,1.0
misinterpretation,1,1,1.0
euphemism,1,1,1.0
staw,1,1,1.0
eisenbruch,1,1,1.0
crm,1,1,1.0
almedia,1,1,1.0
networker,1,1,1.0
cowles,1,1,1.0
smokescreen,1,1,1.0
iran,1,1,1.0
860.e1,1,1,1.0
coltan,1,1,1.0
rubaya,1,1,1.0
congo,1,1,1.0
shiozaki,1,1,1.0
lundquist,1,1,1.0
irish,1,1,1.0
dishonesty,1,1,1.0
accusation,1,1,1.0
dishonest,1,1,1.0
cowle,1,1,1.0
ethnodemographic,1,1,1.0
exec,1,1,1.0
nihgps,1,1,1.0
spacex,1,1,1.0
tsla,1,1,1.0
m.s,1,1,1.0
seronet,1,1,1.0
cockpit,1,1,1.0
aerospace,1,1,1.0
sarcoma-,1,1,1.0
festival,1,1,1.0
ecommerce,1,1,1.0
bconnole,1,1,1.0
cradas,1,1,1.0
rin,1,1,1.0
keynote-859,1,1,1.0
pembrolizumb,1,1,1.0
coinbase,1,1,1.0
adjei,1,1,1.0
role,1,1,1.0
pdw,1,1,1.0
msm,1,1,1.0
holdings,1,1,1.0
mysterious,1,1,1.0
elephant,1,1,1.0
automation,1,1,1.0
hugo,1,1,1.0
discernable,1,1,1.0
fuzzy,1,1,1.0
murky,1,1,1.0
tariff,1,1,1.0
mideast,1,1,1.0
him,1,1,1.0
caac.21552,1,1,1.0
janjigian,1,1,1.0
invalid,1,1,1.0
halozyme,1,1,1.0
crowdsource,1,1,1.0
hourly,1,1,1.0
uptrend,1,1,1.0
believer,1,1,1.0
gdpnow,1,1,1.0
purchaser,1,1,1.0
dispersion,1,1,1.0
nowcast,1,1,1.0
nciconnect,1,1,1.0
donita,1,1,1.0
microvast,1,1,1.0
surmountable,1,1,1.0
dankwa,1,1,1.0
entrance,1,1,1.0
amanda,1,1,1.0
treatments.­,1,1,1.0
biometric,1,1,1.0
modernize,1,1,1.0
mend,1,1,1.0
algorithmic,1,1,1.0
exrna,1,1,1.0
outweighs,1,1,1.0
gsig,1,1,1.0
sabc,1,1,1.0
retrotransposon,1,1,1.0
howcrofk,1,1,1.0
financialcontent,1,1,1.0
priya,1,1,1.0
ki-67,1,1,1.0
pegasystems,1,1,1.0
rotterdam,1,1,1.0
doelen,1,1,1.0
kitahara,1,1,1.0
cari,1,1,1.0
relive,1,1,1.0
temodar,1,1,1.0
dvm,1,1,1.0
midpoint,1,1,1.0
havoc,1,1,1.0
firsthand,1,1,1.0
particulate,1,1,1.0
portland,1,1,1.0
immunometabolism,1,1,1.0
outsider,1,1,1.0
whip,1,1,1.0
ferment,1,1,1.0
nonalcoholic,1,1,1.0
google+,1,1,1.0
blossoming,1,1,1.0
warburg,1,1,1.0
glycobiological,1,1,1.0
untapped,1,1,1.0
oat,1,1,1.0
alveolus,1,1,1.0
glycans,1,1,1.0
maine,1,1,1.0
hiding,1,1,1.0
ghajar,1,1,1.0
cyrus,1,1,1.0
tuck,1,1,1.0
manmade,1,1,1.0
christine.nadeau,1,1,1.0
factoid,1,1,1.0
founding,1,1,1.0
méxico,1,1,1.0
autónoma,1,1,1.0
fucosylation,1,1,1.0
glycopathology,1,1,1.0
nulliparity,1,1,1.0
noncutaneous,1,1,1.0
hoshida,1,1,1.0
kink,1,1,1.0
yujin,1,1,1.0
upwards,1,1,1.0
lectin,1,1,1.0
nanopot,1,1,1.0
adey,1,1,1.0
glycosyltransferases,1,1,1.0
orthology,1,1,1.0
blender,1,1,1.0
matcher,1,1,1.0
nct00310180,1,1,1.0
s8814,1,1,1.0
nct00929591,1,1,1.0
kegg,1,1,1.0
eurocarbdb,1,1,1.0
18–30,1,1,1.0
apelisib,1,1,1.0
≤11,1,1,1.0
refresh,1,1,1.0
heparan,1,1,1.0
glcnacome,1,1,1.0
sialylation,1,1,1.0
-tocopheryl,1,1,1.0
rac-,1,1,1.0
selenomethionine,1,1,1.0
wokołorczyk,1,1,1.0
daling,1,1,1.0
ejaculate,1,1,1.0
gerstenberger,1,1,1.0
shekhdar,1,1,1.0
restricted,1,1,1.0
pam50,1,1,1.0
klotz,1,1,1.0
0–5,1,1,1.0
cooperberg,1,1,1.0
sondik,1,1,1.0
0.24–0.94,1,1,1.0
nct01272037,1,1,1.0
sakr,1,1,1.0
t1x,1,1,1.0
negative-,1,1,1.0
goldacre,1,1,1.0
r106,1,1,1.0
kotsopoulos,1,1,1.0
wolin,1,1,1.0
tjønneland,1,1,1.0
lukanova,1,1,1.0
ritte,1,1,1.0
ankerst,1,1,1.0
austenfeld,1,1,1.0
garmo,1,1,1.0
gierach,1,1,1.0
troester,1,1,1.0
razzaghi,1,1,1.0
cimba,1,1,1.0
axelson,1,1,1.0
mavaddat,1,1,1.0
keillor,1,1,1.0
garrison,1,1,1.0
hagino,1,1,1.0
canby,1,1,1.0
stopfer,1,1,1.0
hoskin,1,1,1.0
febiger,1,1,1.0
mellinger,1,1,1.0
bieseck,1,1,1.0
androstenedione,1,1,1.0
185delag,1,1,1.0
gilewski,1,1,1.0
involution,1,1,1.0
blackwood,1,1,1.0
raju,1,1,1.0
worsham,1,1,1.0
pancake,1,1,1.0
neuhausen,1,1,1.0
satagopan,1,1,1.0
phallus,1,1,1.0
wolffian,1,1,1.0
grönberg,1,1,1.0
artifactual,1,1,1.0
farming,1,1,1.0
contaminant,1,1,1.0
reanalysis,1,1,1.0
col,1,1,1.0
paffenbarger,1,1,1.0
brenn,1,1,1.0
thune,1,1,1.0
hanisch,1,1,1.0
tcdd,1,1,1.0
diab,1,1,1.0
t2n0m0,1,1,1.0
smelter,1,1,1.0
kuhl,1,1,1.0
gatsoni,1,1,1.0
golshan,1,1,1.0
rhiem,1,1,1.0
graeser,1,1,1.0
hyslop,1,1,1.0
narod,1,1,1.0
varco,1,1,1.0
abbott,1,1,1.0
t1n0m0,1,1,1.0
nonmultivitamin,1,1,1.0
6.0–7.8,1,1,1.0
rrs,1,1,1.0
linoleic,1,1,1.0
docosahexaenoic,1,1,1.0
monounsaturated,1,1,1.0
habel,1,1,1.0
roddam,1,1,1.0
nyborg,1,1,1.0
knauer,1,1,1.0
goranova,1,1,1.0
ishitobi,1,1,1.0
ventral,1,1,1.0
kyprianou,1,1,1.0
wittner,1,1,1.0
buyse,1,1,1.0
nafarelin,1,1,1.0
sørlie,1,1,1.0
rakha,1,1,1.0
16h,1,1,1.0
putter,1,1,1.0
noordhoek,1,1,1.0
jms,1,1,1.0
mcginley,1,1,1.0
transatac,1,1,1.0
ihc4,1,1,1.0
il17br,1,1,1.0
zarrella,1,1,1.0
imperato,1,1,1.0
s1007,1,1,1.0
blute,1,1,1.0
mcdonnell,1,1,1.0
lncap,1,1,1.0
migrant,1,1,1.0
haenszel,1,1,1.0
yajima,1,1,1.0
zou,1,1,1.0
oesterreich,1,1,1.0
whitmore,1,1,1.0
yeatman,1,1,1.0
compton,1,1,1.0
byrd,1,1,1.0
harra,1,1,1.0
friedrich,1,1,1.0
cadherin,1,1,1.0
//lobularbreastcancer.org/,1,1,1.0
idc,1,1,1.0
ilc,1,1,1.0
metaplastic,1,1,1.0
scirrhous,1,1,1.0
optenberg,1,1,1.0
t4c,1,1,1.0
tobago,1,1,1.0
caribbeans,1,1,1.0
t1c,1,1,1.0
afro,1,1,1.0
macrometastase,1,1,1.0
postscript,1,1,1.0
postneoadjuvant,1,1,1.0
≥2.0,1,1,1.0
konety,1,1,1.0
enumeration,1,1,1.0
bunker,1,1,1.0
cystosarcoma,1,1,1.0
chaney,1,1,1.0
dashevsky,1,1,1.0
kurozumi,1,1,1.0
1–3,1,1,1.0
mol+,1,1,1.0
≤0.2,1,1,1.0
eicosanoid,1,1,1.0
pnx,1,1,1.0
adlercreutz,1,1,1.0
cn3c,1,1,1.0
cn3a,1,1,1.0
hämäläinen,1,1,1.0
garbaczewski,1,1,1.0
cn2b,1,1,1.0
rodu,1,1,1.0
movable,1,1,1.0
cn0,1,1,1.0
fradet,1,1,1.0
t4d,1,1,1.0
8–9,1,1,1.0
nottingham,1,1,1.0
bairati,1,1,1.0
scarff,1,1,1.0
boyar,1,1,1.0
pm1,1,1,1.0
nomura,1,1,1.0
selenskas,1,1,1.0
pn3c,1,1,1.0
pn1b,1,1,1.0
pn2a,1,1,1.0
pn3b,1,1,1.0
pn3a,1,1,1.0
pn3,1,1,1.0
yoshizawa,1,1,1.0
pn1mi,1,1,1.0
salamanca,1,1,1.0
tangential,1,1,1.0
nct00003855,1,1,1.0
slns,1,1,1.0
nct00003830,1,1,1.0
prospection,1,1,1.0
geochemical,1,1,1.0
urrutia,1,1,1.0
sulfur,1,1,1.0
quadrantectomy,1,1,1.0
eortc-10801,1,1,1.0
leibel,1,1,1.0
scher,1,1,1.0
haile,1,1,1.0
ypn,1,1,1.0
pm0,1,1,1.0
grau,1,1,1.0
abrams,1,1,1.0
int-0102,1,1,1.0
hutchin,1,1,1.0
budman,1,1,1.0
thor,1,1,1.0
symmetry,1,1,1.0
subar,1,1,1.0
pectoral,1,1,1.0
lavalley,1,1,1.0
silicone,1,1,1.0
submuscular,1,1,1.0
mastopexy,1,1,1.0
seg,1,1,1.0
nct00014612,1,1,1.0
aci,1,1,1.0
albertini,1,1,1.0
kern,1,1,1.0
tsangaris,1,1,1.0
killelea,1,1,1.0
aso,1,1,1.0
homma,1,1,1.0
tercilla,1,1,1.0
luini,1,1,1.0
salvadori,1,1,1.0
cascinelli,1,1,1.0
sarrazin,1,1,1.0
toft,1,1,1.0
blichert,1,1,1.0
kondo,1,1,1.0
reirradiation,1,1,1.0
kuerer,1,1,1.0
scanlon,1,1,1.0
najarian,1,1,1.0
stach,1,1,1.0
implausible,1,1,1.0
sangalli,1,1,1.0
non–5,1,1,1.0
seveso,1,1,1.0
straver,1,1,1.0
donker,1,1,1.0
zurrida,1,1,1.0
moni,1,1,1.0
jagsi,1,1,1.0
kissin,1,1,1.0
mansel,1,1,1.0
viale,1,1,1.0
pesatori,1,1,1.0
nct00103181,1,1,1.0
b-39,1,1,1.0
nct00282035,1,1,1.0
pn0–1,1,1,1.0
pt1–3a,1,1,1.0
isrctn59368779,1,1,1.0
zocchetti,1,1,1.0
−2.5,1,1,1.0
bertazzi,1,1,1.0
tetrachlorodibenzo,1,1,1.0
halperin,1,1,1.0
fingerhut,1,1,1.0
alessio,1,1,1.0
spear,1,1,1.0
snyderman,1,1,1.0
herber,1,1,1.0
plexopathy,1,1,1.0
meehan,1,1,1.0
0.03–27.72,1,1,1.0
revascularization,1,1,1.0
roehrborn,1,1,1.0
dermatitis,1,1,1.0
etzioni,1,1,1.0
isoflavonoid,1,1,1.0
nct00002851,1,1,1.0
nct00005957,1,1,1.0
0.55–4.37,1,1,1.0
ibtr,1,1,1.0
nct02104895,1,1,1.0
hyperlipidemia,1,1,1.0
7.5–11.5,1,1,1.0
bream,1,1,1.0
collette,1,1,1.0
azasteroid,1,1,1.0
meattini,1,1,1.0
unsuitable,1,1,1.0
berrang,1,1,1.0
shaitelman,1,1,1.0
kunkler,1,1,1.0
schnaper,1,1,1.0
cd003860,1,1,1.0
hypofractionation,1,1,1.0
haviland,1,1,1.0
pignol,1,1,1.0
trog,1,1,1.0
2.5–10.0,1,1,1.0
carrie,1,1,1.0
lehingue,1,1,1.0
groome,1,1,1.0
mackillop,1,1,1.0
paszat,1,1,1.0
misadjustment,1,1,1.0
sabol,1,1,1.0
lapen,1,1,1.0
-vegetable,1,1,1.0
pisansky,1,1,1.0
cd005212,1,1,1.0
latkany,1,1,1.0
mar10,1,1,1.0
wilt,1,1,1.0
brawer,1,1,1.0
coltman,1,1,1.0
feigl,1,1,1.0
ragaz,1,1,1.0
sarkar,1,1,1.0
powell,1,1,1.0
gripping,1,1,1.0
darke,1,1,1.0
swedborg,1,1,1.0
meek,1,1,1.0
ewertz,1,1,1.0
giordano,1,1,1.0
redman,1,1,1.0
comstock,1,1,1.0
82c,1,1,1.0
dbcg,1,1,1.0
ischaemic,1,1,1.0
christensen,1,1,1.0
højris,1,1,1.0
rutqvist,1,1,1.0
0.91–1.16,1,1,1.0
e1199,1,1,1.0
-value,1,1,1.0
nct01822314,1,1,1.0
gerster,1,1,1.0
nct01583426,1,1,1.0
markkanen,1,1,1.0
aberdeen,1,1,1.0
nct00002707,1,1,1.0
radiocolloid,1,1,1.0
"alpha,25",1,1,1.0
fukushima,1,1,1.0
chida,1,1,1.0
flannery,1,1,1.0
fraass,1,1,1.0
blettner,1,1,1.0
tutton,1,1,1.0
eisman,1,1,1.0
nct00295646,1,1,1.0
nct00912548,1,1,1.0
triptorelin,1,1,1.0
lazan,1,1,1.0
attenuate,1,1,1.0
metcalf,1,1,1.0
331.html,1,1,1.0
ibcsg-13,1,1,1.0
drfs,1,1,1.0
0.654–1.342,1,1,1.0
0.776–1.299,1,1,1.0
2010,1,1,1.0
surpass,1,1,1.0
nct00433420,1,1,1.0
hislop,1,1,1.0
nct00248170,1,1,1.0
nct00066573,1,1,1.0
ma27,1,1,1.0
0.81–0.99,1,1,1.0
ascherio,1,1,1.0
oslo,1,1,1.0
nct00003418,1,1,1.0
big9702,1,1,1.0
c1396,1,1,1.0
iccg-96oexe031,1,1,1.0
eortc-10967,1,1,1.0
radke,1,1,1.0
schuman,1,1,1.0
ibcsg-1,1,1,1.0
0.67–0.90,1,1,1.0
nct03701334,1,1,1.0
natalee,1,1,1.0
0.588–0.774,1,1,1.0
drf,1,1,1.0
nct03155997,1,1,1.0
abcsg-16,1,1,1.0
nct01064635,1,1,1.0
adventist,1,1,1.0
0.93–1.26,1,1,1.0
0.73–0.999,1,1,1.0
nct00382070,1,1,1.0
b42,1,1,1.0
0.74–1.16,1,1,1.0
chromophobe,1,1,1.0
roux,1,1,1.0
nct00016432,1,1,1.0
stage/,1,1,1.0
linical,1,1,1.0
cps+eg,1,1,1.0
er-,1,1,1.0
nct02032823,1,1,1.0
banding,1,1,1.0
332.html,1,1,1.0
par-21,1,1,1.0
eunyoung,1,1,1.0
0.82−1.14,1,1,1.0
nct01077154,1,1,1.0
nct00556374,1,1,1.0
junctional,1,1,1.0
0.87–1.01,1,1,1.0
nct02513394,1,1,1.0
xian,1,1,1.0
houston,1,1,1.0
barretts,1,1,1.0
0.87–1.42,1,1,1.0
nct03498716,1,1,1.0
br006,1,1,1.0
s1418,1,1,1.0
nct02445391,1,1,1.0
nct01112826,1,1,1.0
que,1,1,1.0
nct01216111,1,1,1.0
nct00861705,1,1,1.0
0.34−0.93,1,1,1.0
jianwen,1,1,1.0
rade,1,1,1.0
tage,1,1,1.0
athological,1,1,1.0
osuch,1,1,1.0
nct01358877,1,1,1.0
silas,1,1,1.0
hitech,1,1,1.0
offsite,1,1,1.0
wifi,1,1,1.0
0.61−1.45,1,1,1.0
0.74−1.29,1,1,1.0
humerus,1,1,1.0
ulna,1,1,1.0
0.48−2.88,1,1,1.0
0.56−1.83,1,1,1.0
bacteriology,1,1,1.0
hur,1,1,1.0
sapanisertib,1,1,1.0
unadjusted,1,1,1.0
her1,1,1,1.0
womb,1,1,1.0
katherine,1,1,1.0
1.12−1.72,1,1,1.0
nct00593697,1,1,1.0
0.93−1.24,1,1,1.0
nct00712140,1,1,1.0
multispecialty,1,1,1.0
demise,1,1,1.0
ato,1,1,1.0
-trans,1,1,1.0
hump,1,1,1.0
bcirg-006,1,1,1.0
nct00045032,1,1,1.0
telegraphic,1,1,1.0
posting,1,1,1.0
alvarado,1,1,1.0
sentina,1,1,1.0
recordkeeping,1,1,1.0
bauerfeind,1,1,1.0
litter,1,1,1.0
z1071,1,1,1.0
pup,1,1,1.0
noordaa,1,1,1.0
cortazar,1,1,1.0
ink128,1,1,1.0
bsc,1,1,1.0
micrometastatic,1,1,1.0
faca,1,1,1.0
planned,1,1,1.0
nct00878709,1,1,1.0
allyson,1,1,1.0
decisive,1,1,1.0
s2213,1,1,1.0
napier,1,1,1.0
valdez,1,1,1.0
biopharma,1,1,1.0
gorilla,1,1,1.0
volving,1,1,1.0
iameter,1,1,1.0
vries,1,1,1.0
aart,1,1,1.0
olor,1,1,1.0
gepartrio,1,1,1.0
kümmel,1,1,1.0
hutcheon,1,1,1.0
hey,1,1,1.0
petross,1,1,1.0
practicable,1,1,1.0
a-620,1,1,1.0
tourniquet,1,1,1.0
perfusion,1,1,1.0
fgfr2/3,1,1,1.0
extramammary,1,1,1.0
tac,1,1,1.0
taselisib,1,1,1.0
z1d,1,1,1.0
cancello,1,1,1.0
imputation,1,1,1.0
ebb,1,1,1.0
report,1,1,1.0
preece,1,1,1.0
appfelstaedt,1,1,1.0
paepke,1,1,1.0
forrest,1,1,1.0
kadara,1,1,1.0
goldhirsch,1,1,1.0
braybrooke,1,1,1.0
humam,1,1,1.0
lichtensztajn,1,1,1.0
macgregor,1,1,1.0
trachette,1,1,1.0
cramer,1,1,1.0
dde,1,1,1.0
gagliato,1,1,1.0
nitz,1,1,1.0
b-46,1,1,1.0
liang,1,1,1.0
mesirov,1,1,1.0
bruzzi,1,1,1.0
mlineritsch,1,1,1.0
fraenkel,1,1,1.0
nam,1,1,1.0
e-3193,1,1,1.0
tevaarwerk,1,1,1.0
er+,1,1,1.0
pre-/perimenopausal,1,1,1.0
kai,1,1,1.0
stefano,1,1,1.0
palomero,1,1,1.0
levchenko,1,1,1.0
every-3,1,1,1.0
quaranta,1,1,1.0
messersmith,1,1,1.0
qianben,1,1,1.0
jineta,1,1,1.0
varma,1,1,1.0
rea,1,1,1.0
kilburn,1,1,1.0
susheel,1,1,1.0
aldrighetti,1,1,1.0
arno,1,1,1.0
abcsg,1,1,1.0
jakesz,1,1,1.0
vii10,1,1,1.0
keshaviah,1,1,1.0
thürlimann,1,1,1.0
bernhard,1,1,1.0
láng,1,1,1.0
walley,1,1,1.0
abcsg-12,1,1,1.0
stoeger,1,1,1.0
rinnerthaler,1,1,1.0
bisagni,1,1,1.0
mastro,1,1,1.0
ieg,1,1,1.0
vcg,1,1,1.0
heijnen,1,1,1.0
tjan,1,1,1.0
boog,1,1,1.0
kranenbarg,1,1,1.0
gmos,1,1,1.0
wickerham,1,1,1.0
gmo,1,1,1.0
julie,1,1,1.0
ma.27b,1,1,1.0
phenotypes,1,1,1.0
raj,1,1,1.0
friedl,1,1,1.0
arjun,1,1,1.0
steger,1,1,1.0
adapter,1,1,1.0
haura,1,1,1.0
big-14,1,1,1.0
abcsg-42,1,1,1.0
frantal,1,1,1.0
furdui,1,1,1.0
vidal,1,1,1.0
stagnant,1,1,1.0
merger,1,1,1.0
harbeck,1,1,1.0
srd,1,1,1.0
aeras,1,1,1.0
renovated,1,1,1.0
sysucc-001,1,1,1.0
ultramarathon,1,1,1.0
pusztai,1,1,1.0
sikov,1,1,1.0
timms,1,1,1.0
gbrca1/2,1,1,1.0
španić,1,1,1.0
ganz,1,1,1.0
jeruss,1,1,1.0
mittendorf,1,1,1.0
anj,1,1,1.0
tutt,1,1,1.0
tannock,1,1,1.0
skim,1,1,1.0
desnoyer,1,1,1.0
twp,1,1,1.0
neoaltto,1,1,1.0
eidtmann,1,1,1.0
jered,1,1,1.0
e190339,1,1,1.0
neo,1,1,1.0
muehlbauer,1,1,1.0
ismael,1,1,1.0
coincidence,1,1,1.0
pentheroudakis,1,1,1.0
fec-75,1,1,1.0
substudie,1,1,1.0
journalist,1,1,1.0
unselfish,1,1,1.0
substituting,1,1,1.0
ignatiadis,1,1,1.0
unconnected,1,1,1.0
saloustro,1,1,1.0
mavroudi,1,1,1.0
romieu,1,1,1.0
vitrakvi,1,1,1.0
gatalica,1,1,1.0
patien,1,1,1.0
lennington,1,1,1.0
v133,1,1,1.0
talantov,1,1,1.0
tothill,1,1,1.0
xue,1,1,1.0
ramshorst,1,1,1.0
azambuja,1,1,1.0
klutmann,1,1,1.0
hickish,1,1,1.0
bohuslavizki,1,1,1.0
rictor,1,1,1.0
everett,1,1,1.0
gma-302,1,1,1.0
1.3–36.1,1,1,1.0
vranic,1,1,1.0
wentzensen,1,1,1.0
delaloge,1,1,1.0
mano,1,1,1.0
sonnenblick,1,1,1.0
overdue,1,1,1.0
ghidini,1,1,1.0
inno,1,1,1.0
wildier,1,1,1.0
earl,1,1,1.0
horg,1,1,1.0
malamos,1,1,1.0
nct00074152,1,1,1.0
plummet,1,1,1.0
mbdt-8081,1,1,1.0
mda,1,1,1.0
cariddi,1,1,1.0
turriff,1,1,1.0
turco,1,1,1.0
rosselli,1,1,1.0
sonography,1,1,1.0
in-1,1,1,1.0
brammer,1,1,1.0
suter,1,1,1.0
lenihan,1,1,1.0
a-52,1,1,1.0
her2neu,1,1,1.0
underfunded,1,1,1.0
doi:10.1002,1,1,1.0
respirol,1,1,1.0
wapnir,1,1,1.0
radiotherapeutic,1,1,1.0
schwaibold,1,1,1.0
chemohormonal,1,1,1.0
korzun,1,1,1.0
kardinal,1,1,1.0
helin,1,1,1.0
kuukasjärvi,1,1,1.0
beinfield,1,1,1.0
haffty,1,1,1.0
eberlein,1,1,1.0
aberizk,1,1,1.0
fey,1,1,1.0
dorn,1,1,1.0
nct02246621,1,1,1.0
0.54−0.95,1,1,1.0
nct02278120,1,1,1.0
anaplasia,1,1,1.0
rhabdomyoblast,1,1,1.0
nonprogression,1,1,1.0
0.568–0.924,1,1,1.0
0.480–0.732,1,1,1.0
nct02422615,1,1,1.0
multilocular,1,1,1.0
rav,1,1,1.0
meer,1,1,1.0
nct01740427,1,1,1.0
chondromesenchymal,1,1,1.0
erm,1,1,1.0
sequestration,1,1,1.0
0.40−0.92,1,1,1.0
escapini,1,1,1.0
0.24−0.81,1,1,1.0
nct01298713,1,1,1.0
tamrad,1,1,1.0
nct00863655,1,1,1.0
4.2–7.5,1,1,1.0
nct02102490,1,1,1.0
nct05169567,1,1,1.0
vokuhl,1,1,1.0
0.606–0.945,1,1,1.0
nct02107703,1,1,1.0
0.71−1.84,1,1,1.0
0.55−0.94,1,1,1.0
nct01942135,1,1,1.0
0.637–1.015,1,1,1.0
miniati,1,1,1.0
slade,1,1,1.0
0.55–0.88,1,1,1.0
nct03778931,1,1,1.0
gynandroblastoma,1,1,1.0
8–10,1,1,1.0
unsedated,1,1,1.0
0.50−0.85,1,1,1.0
nct02437318,1,1,1.0
capitello-291,1,1,1.0
akt3,1,1,1.0
akt2,1,1,1.0
gaze,1,1,1.0
bolero-2,1,1,1.0
nct02069093,1,1,1.0
e30628,1,1,1.0
hagedorn,1,1,1.0
andic,1,1,1.0
trophoblast,1,1,1.0
0.65–1.00,1,1,1.0
nct00075764,1,1,1.0
swog-0226,1,1,1.0
nct00256698,1,1,1.0
nct00099437,1,1,1.0
0.819−1.133,1,1,1.0
embolic,1,1,1.0
nct00065325,1,1,1.0
0.637−0.999,1,1,1.0
nct01602380,1,1,1.0
0.82–0.93,1,1,1.0
vorozole,1,1,1.0
chernock,1,1,1.0
bahubeshi,1,1,1.0
pleiotropic,1,1,1.0
nct02819518,1,1,1.0
kul,1,1,1.0
nct04494425,1,1,1.0
breast06,1,1,1.0
sunitinb,1,1,1.0
e29268,1,1,1.0
cleavable,1,1,1.0
septic,1,1,1.0
tagarelli,1,1,1.0
nct03901339,1,1,1.0
tropics-02,1,1,1.0
0.5–17.8,1,1,1.0
e182,1,1,1.0
e29045,1,1,1.0
nct01419197,1,1,1.0
mallinger,1,1,1.0
vibrate,1,1,1.0
nct00829166,1,1,1.0
nct00567190,1,1,1.0
uvula,1,1,1.0
nct00047255,1,1,1.0
bcirg-007,1,1,1.0
9.1–12.6,1,1,1.0
9.3–12.5,1,1,1.0
5.8–7.7,1,1,1.0
ascent,1,1,1.0
4.9–10.8,1,1,1.0
nct03125902,1,1,1.0
instituto,1,1,1.0
-paclitaxel,1,1,1.0
prescancerpanel,1,1,1.0
nct01007942,1,1,1.0
ncidirector,1,1,1.0
dyspepsia,1,1,1.0
nct00078572,1,1,1.0
egf100151,1,1,1.0
//women.smokefree.gov,1,1,1.0
nct01808573,1,1,1.0
bragg,1,1,1.0
nct02614794,1,1,1.0
nct02492711,1,1,1.0
cyclotron,1,1,1.0
thayr,1,1,1.0
nct03529110,1,1,1.0
breast03,1,1,1.0
nct01120184,1,1,1.0
fehrenbacher,1,1,1.0
nct00321620,1,1,1.0
every-12,1,1,1.0
calgb-70604,1,1,1.0
shun,1,1,1.0
biodistribution,1,1,1.0
strontium,1,1,1.0
e-1193,1,1,1.0
caf,1,1,1.0
nontarget,1,1,1.0
sdoh,1,1,1.0
≥16,1,1,1.0
nct02628067,1,1,1.0
interrelated,1,1,1.0
sanofi,1,1,1.0
nct02000622,1,1,1.0
regeneron,1,1,1.0
trio-18,1,1,1.0
crown,1,1,1.0
littermate,1,1,1.0
bloomquist,1,1,1.0
e251,1,1,1.0
e243,1,1,1.0
detach,1,1,1.0
endosome,1,1,1.0
janni,1,1,1.0
burris,1,1,1.0
ingenious,1,1,1.0
nsgc,1,1,1.0
inheriting,1,1,1.0
paloma-2,1,1,1.0
1.62–2.21,1,1,1.0
kornblum,1,1,1.0
cropet,1,1,1.0
bourgi,1,1,1.0
bolero-2†,1,1,1.0
receptor-2,1,1,1.0
lba1001,1,1,1.0
bianchini,1,1,1.0
madh4,1,1,1.0
madh2,1,1,1.0
18q,1,1,1.0
disposition,1,1,1.0
truxima,1,1,1.0
impassion050,1,1,1.0
niikura,1,1,1.0
motto,1,1,1.0
nct02863107,1,1,1.0
bergh,1,1,1.0
petruzelka,1,1,1.0
leo,1,1,1.0
mauriac,1,1,1.0
madarna,1,1,1.0
albano,1,1,1.0
hung,1,1,1.0
chiropractor,1,1,1.0
shifting,1,1,1.0
pollak,1,1,1.0
nabholtz,1,1,1.0
gastroenterological,1,1,1.0
e2112,1,1,1.0
melichar,1,1,1.0
bidard,1,1,1.0
multisociety,1,1,1.0
dirix,1,1,1.0
hurvitz,1,1,1.0
condolence,1,1,1.0
valero,1,1,1.0
pierri,1,1,1.0
bangalore,1,1,1.0
cobleigh,1,1,1.0
collimeter,1,1,1.0
pauletti,1,1,1.0
keynote-119,1,1,1.0
multileaf,1,1,1.0
emen,1,1,1.0
rival,1,1,1.0
marmé,1,1,1.0
vidula,1,1,1.0
jönsson,1,1,1.0
garrett,1,1,1.0
mangat,1,1,1.0
alva,1,1,1.0
fakih,1,1,1.0
marabelle,1,1,1.0
barroso,1,1,1.0
rgw,1,1,1.0
quek,1,1,1.0
belpaire,1,1,1.0
litton,1,1,1.0
senkus,1,1,1.0
ozguroglu,1,1,1.0
lindquist,1,1,1.0
geyer,1,1,1.0
saura,1,1,1.0
kocsis,1,1,1.0
navelbine,1,1,1.0
hecquet,1,1,1.0
rossner,1,1,1.0
paridaen,1,1,1.0
hemeryck,1,1,1.0
tjulandin,1,1,1.0
gradishar,1,1,1.0
nonoverexpressor,1,1,1.0
overexpressor,1,1,1.0
georgoulias,1,1,1.0
mennel,1,1,1.0
batist,1,1,1.0
o'byrne,1,1,1.0
ranson,1,1,1.0
p–1,1,1,1.0
tapur,1,1,1.0
cufer,1,1,1.0
biganzoli,1,1,1.0
pieńkowski,1,1,1.0
kau,1,1,1.0
gruia,1,1,1.0
misset,1,1,1.0
ab01,1,1,1.0
langley,1,1,1.0
thigpen,1,1,1.0
tranum,1,1,1.0
vukelja,1,1,1.0
loesch,1,1,1.0
halichondrin,1,1,1.0
pruitt,1,1,1.0
s27,1,1,1.0
mint31,1,1,1.0
mint2,1,1,1.0
schuchter,1,1,1.0
kcsg,1,1,1.0
abm,1,1,1.0
cpb,1,1,1.0
vrendenburgh,1,1,1.0
cd003368,1,1,1.0
67–75,1,1,1.0
honig,1,1,1.0
overmoyer,1,1,1.0
nihilism,1,1,1.0
e1193,1,1,1.0
calderillo,1,1,1.0
iniparib,1,1,1.0
danso,1,1,1.0
schwartzberg,1,1,1.0
aredia,1,1,1.0
theriault,1,1,1.0
hillner,1,1,1.0
bolger,1,1,1.0
quilty,1,1,1.0
cawthorn,1,1,1.0
powe,1,1,1.0
mcewan,1,1,1.0
bruner,1,1,1.0
hartsell,1,1,1.0
michelotti,1,1,1.0
frye,1,1,1.0
cardioxane,1,1,1.0
llombart,1,1,1.0
espié,1,1,1.0
protuberant,1,1,1.0
multicentricity,1,1,1.0
margolin,1,1,1.0
westdahl,1,1,1.0
p–2,1,1,1.0
brawley,1,1,1.0
neurobiological,1,1,1.0
noncontrolled,1,1,1.0
nuy,1,1,1.0
rtog-9804,1,1,1.0
serration,1,1,1.0
customary,1,1,1.0
micropapillary,1,1,1.0
kaminski,1,1,1.0
anorgasmia,1,1,1.0
isrctn83688026,1,1,1.0
mccloskey,1,1,1.0
tweed,1,1,1.0
carol,1,1,1.0
hijal,1,1,1.0
tarek,1,1,1.0
margolese,1,1,1.0
houghton,1,1,1.0
craig,1,1,1.0
agonism,1,1,1.0
postsynaptic,1,1,1.0
morson,1,1,1.0
cd000563,1,1,1.0
hydroxytryptamine,1,1,1.0
shinya,1,1,1.0
meijnen,1,1,1.0
devivo,1,1,1.0
julien,1,1,1.0
zuma-1,1,1,1.0
late-2000s,1,1,1.0
watershed,1,1,1.0
detective,1,1,1.0
fearless,1,1,1.0
30–45,1,1,1.0
rediscovered,1,1,1.0
7.5–15,1,1,1.0
painkiller,1,1,1.0
bandera,1,1,1.0
anxiogenic,1,1,1.0
akinyemiju,1,1,1.0
tomi,1,1,1.0
shobha,1,1,1.0
immunoblastic,1,1,1.0
demethylation,1,1,1.0
comm,1,1,1.0
mitros,1,1,1.0
rustgi,1,1,1.0
punching,1,1,1.0
inadvertent,1,1,1.0
succession,1,1,1.0
champine,1,1,1.0
grimmett,1,1,1.0
genes10080565,1,1,1.0
allosteric,1,1,1.0
bombarded,1,1,1.0
stoppage,1,1,1.0
reabsorption,1,1,1.0
vose,1,1,1.0
overstating,1,1,1.0
priapism,1,1,1.0
50–200,1,1,1.0
alpha-2,1,1,1.0
shaalan,1,1,1.0
braga,1,1,1.0
barbacid,1,1,1.0
pollutant,1,1,1.0
-supported,1,1,1.0
negri,1,1,1.0
kerber,1,1,1.0
hydroxybupropion,1,1,1.0
unguided,1,1,1.0
woolf,1,1,1.0
hyperreflexia,1,1,1.0
myoclonus,1,1,1.0
triptans,1,1,1.0
dopaminergic,1,1,1.0
contractual,1,1,1.0
unicorn,1,1,1.0
brainchild,1,1,1.0
unevenness,1,1,1.0
buzzword,1,1,1.0
unsustainable,1,1,1.0
underperforming,1,1,1.0
alpha-1,1,1,1.0
agranulocytosis,1,1,1.0
histaminic,1,1,1.0
backlog,1,1,1.0
ncicc,1,1,1.0
dextroamphetamine,1,1,1.0
abate,1,1,1.0
bloomberg,1,1,1.0
fasco,1,1,1.0
stumble,1,1,1.0
shalaan,1,1,1.0
boothman,1,1,1.0
tranylcypromine,1,1,1.0
emanating,1,1,1.0
shownote,1,1,1.0
decentralize,1,1,1.0
conducive,1,1,1.0
dining,1,1,1.0
deployment,1,1,1.0
digitize,1,1,1.0
bot,1,1,1.0
extractable,1,1,1.0
uscdi+,1,1,1.0
curate,1,1,1.0
cleanup,1,1,1.0
selegiline,1,1,1.0
macinnis,1,1,1.0
tss,1,1,1.0
garbowski,1,1,1.0
ahsan,1,1,1.0
meperidine,1,1,1.0
nalet,1,1,1.0
followup,1,1,1.0
pariente,1,1,1.0
quotable,1,1,1.0
cottet,1,1,1.0
cyp1a2,1,1,1.0
judgmental,1,1,1.0
lasso,1,1,1.0
lever,1,1,1.0
figer,1,1,1.0
lability,1,1,1.0
scotland,1,1,1.0
forgoing,1,1,1.0
dilution,1,1,1.0
tiff,1,1,1.0
kyle,1,1,1.0
lgg,1,1,1.0
laml,1,1,1.0
sampls,1,1,1.0
fsa,1,1,1.0
indicating,1,1,1.0
neuropsychiatric,1,1,1.0
antifatigue,1,1,1.0
levomilnacipran,1,1,1.0
mat,1,1,1.0
aggregated,1,1,1.0
mania,1,1,1.0
0.08–0.93,1,1,1.0
distortion,1,1,1.0
boeing,1,1,1.0
sherlock,1,1,1.0
kurtz,1,1,1.0
allium,1,1,1.0
rationality,1,1,1.0
lansoprazole,1,1,1.0
4–30,1,1,1.0
0.95–11.54,1,1,1.0
normalizing,1,1,1.0
psychooncological,1,1,1.0
djab192,1,1,1.0
tangka,1,1,1.0
yabroff,1,1,1.0
roick,1,1,1.0
drastic,1,1,1.0
mork,1,1,1.0
s13,1,1,1.0
couper,1,1,1.0
hoyt,1,1,1.0
biweekly,1,1,1.0
jeon,1,1,1.0
ladeira,1,1,1.0
mohammadi,1,1,1.0
tavakoli,1,1,1.0
archambault,1,1,1.0
nagasaka,1,1,1.0
pepsinogen,1,1,1.0
aled,1,1,1.0
d'arpino,1,1,1.0
chiquette,1,1,1.0
decarli,1,1,1.0
buiatti,1,1,1.0
galletti,1,1,1.0
1.0–9.3,1,1,1.0
metaplasia,1,1,1.0
anti-,1,1,1.0
colombian,1,1,1.0
mulrow,1,1,1.0
eyre,1,1,1.0
sari,1,1,1.0
haringsma,1,1,1.0
ladeiras,1,1,1.0
cokkinide,1,1,1.0
reinfection,1,1,1.0
hankey,1,1,1.0
purdue,1,1,1.0
deok,1,1,1.0
hinojosa,1,1,1.0
quiñones,1,1,1.0
shrike,1,1,1.0
auburn,1,1,1.0
ashbury,1,1,1.0
mechanotransduction,1,1,1.0
multichannel,1,1,1.0
catalyzes,1,1,1.0
simonetti,1,1,1.0
nikolova,1,1,1.0
bjelakovic,1,1,1.0
fontham,1,1,1.0
atbc,1,1,1.0
viva,1,1,1.0
harbour,1,1,1.0
pelaez,1,1,1.0
sant,1,1,1.0
shilpa,1,1,1.0
lympho,1,1,1.0
laoutidis,1,1,1.0
swartz,1,1,1.0
melody,1,1,1.0
younghye,1,1,1.0
fayetteville,1,1,1.0
zohar,1,1,1.0
yitshak,1,1,1.0
mechanoresistant,1,1,1.0
mechanosensitive,1,1,1.0
premetastatic,1,1,1.0
wendt,1,1,1.0
engineered,1,1,1.0
xiling,1,1,1.0
aghi,1,1,1.0
manish,1,1,1.0
shiladitya,1,1,1.0
celeste,1,1,1.0
jacopo,1,1,1.0
geeta,1,1,1.0
shawn,1,1,1.0
shaochen,1,1,1.0
shreya,1,1,1.0
terasaki,1,1,1.0
chaudhuri,1,1,1.0
ovijit,1,1,1.0
mingming,1,1,1.0
microtumor,1,1,1.0
fisch,1,1,1.0
betrnetcc,1,1,1.0
guda,1,1,1.0
kishore,1,1,1.0
amitabh,1,1,1.0
basil,1,1,1.0
haddad,1,1,1.0
akkerman,1,1,1.0
notetaker,1,1,1.0
knitting,1,1,1.0
audiobook,1,1,1.0
charger,1,1,1.0
ogle,1,1,1.0
bloodwork,1,1,1.0
chilly,1,1,1.0
gown,1,1,1.0
lader,1,1,1.0
grassi,1,1,1.0
broiled,1,1,1.0
skinless,1,1,1.0
avocado,1,1,1.0
gatorade,1,1,1.0
fizz,1,1,1.0
szpindel,1,1,1.0
puree,1,1,1.0
forester,1,1,1.0
histogenesis,1,1,1.0
petitioned,1,1,1.0
racoosin,1,1,1.0
drc,1,1,1.0
gabriella,1,1,1.0
laughren,1,1,1.0
cvt,1,1,1.0
-sponsored,1,1,1.0
holtzman,1,1,1.0
invalidated,1,1,1.0
sachs,1,1,1.0
tay,1,1,1.0
nonexperimental,1,1,1.0
prescr,1,1,1.0
keogh,1,1,1.0
flour,1,1,1.0
tortilla,1,1,1.0
malkhosyan,1,1,1.0
saltine,1,1,1.0
peinado,1,1,1.0
krispie,1,1,1.0
flake,1,1,1.0
ionov,1,1,1.0
sulcus,1,1,1.0
keks,1,1,1.0
haghighat,1,1,1.0
fearon,1,1,1.0
glanz,1,1,1.0
scis,1,1,1.0
toyota,1,1,1.0
sarcomatoid,1,1,1.0
adenosquamous,1,1,1.0
kibbe,1,1,1.0
ohe,1,1,1.0
nondysplastic,1,1,1.0
schreiner,1,1,1.0
stripe,1,1,1.0
cosette,1,1,1.0
snover,1,1,1.0
yazbeck,1,1,1.0
skovlund,1,1,1.0
forte,1,1,1.0
moraes,1,1,1.0
filosso,1,1,1.0
oliaro,1,1,1.0
egervary,1,1,1.0
palffy,1,1,1.0
youssef,1,1,1.0
shi,1,1,1.0
rojas,1,1,1.0
schuler,1,1,1.0
montazeri,1,1,1.0
preiser,1,1,1.0
luca,1,1,1.0
larroquet,1,1,1.0
fauroux,1,1,1.0
saccular,1,1,1.0
rozmanic,1,1,1.0
zubovic,1,1,1.0
ahel,1,1,1.0
sandoval,1,1,1.0
malkan,1,1,1.0
bronchography,1,1,1.0
rizzardi,1,1,1.0
suker,1,1,1.0
hazin,1,1,1.0
abuzetun,1,1,1.0
shalkow,1,1,1.0
driman,1,1,1.0
drehner,1,1,1.0
laryngotracheal,1,1,1.0
matteis,1,1,1.0
moront,1,1,1.0
finck,1,1,1.0
moorey,1,1,1.0
bronchology,1,1,1.0
bal,1,1,1.0
jindal,1,1,1.0
boesch,1,1,1.0
mcmullan,1,1,1.0
rush,1,1,1.0
bronchoplasty,1,1,1.0
jalal,1,1,1.0
grillo,1,1,1.0
mathisen,1,1,1.0
gaissert,1,1,1.0
enriched,1,1,1.0
dpep1,1,1,1.0
iex,1,1,1.0
anabolic,1,1,1.0
thr,1,1,1.0
cantley,1,1,1.0
schmale,1,1,1.0
cooked,1,1,1.0
argenbright,1,1,1.0
calcified,1,1,1.0
carmody,1,1,1.0
projectile,1,1,1.0
blurry,1,1,1.0
shooting,1,1,1.0
rethorst,1,1,1.0
deborah,1,1,1.0
sheard,1,1,1.0
institute​​​​​​​,1,1,1.0
amelia,1,1,1.0
ernest,1,1,1.0
garfield,1,1,1.0
bbb,1,1,1.0
bergin,1,1,1.0
fatality,1,1,1.0
aforementioned,1,1,1.0
senf,1,1,1.0
mcardle,1,1,1.0
executioner,1,1,1.0
mcgivern,1,1,1.0
stimulator,1,1,1.0
amembranous,1,1,1.0
supermere,1,1,1.0
wever,1,1,1.0
bengel,1,1,1.0
kambara,1,1,1.0
issa,1,1,1.0
campan,1,1,1.0
decode,1,1,1.0
nrf2,1,1,1.0
upr,1,1,1.0
siegmund,1,1,1.0
weisenberger,1,1,1.0
singular,1,1,1.0
carolina​​​​​​​​​​​​​​,1,1,1.0
supersede,1,1,1.0
ogt,1,1,1.0
diego​​​​​​​,1,1,1.0
chromoplexy,1,1,1.0
caulking,1,1,1.0
sewage,1,1,1.0
wastewater,1,1,1.0
raugust,1,1,1.0
polyacrylamide,1,1,1.0
kazandjian,1,1,1.0
mohan,1,1,1.0
ahuja,1,1,1.0
schreibman,1,1,1.0
bernylangma,1,1,1.0
nondepressed,1,1,1.0
overburdened,1,1,1.0
smokefreetxt,1,1,1.0
hartung,1,1,1.0
mississippi,1,1,1.0
contemplation,1,1,1.0
10.1038/419448a,1,1,1.0
wedzicha,1,1,1.0
phys,1,1,1.0
safefood,1,1,1.0
haldorsen,1,1,1.0
glycidamide,1,1,1.0
hypermutability,1,1,1.0
oven,1,1,1.0
belik,1,1,1.0
refrigerator,1,1,1.0
frying,1,1,1.0
crisping,1,1,1.0
olive,1,1,1.0
cooky,1,1,1.0
asparagine,1,1,1.0
high-/moderate,1,1,1.0
abernathy,1,1,1.0
rasic,1,1,1.0
olfson,1,1,1.0
virk,1,1,1.0
crisp,1,1,1.0
wicklund,1,1,1.0
brathen,1,1,1.0
kita,1,1,1.0
szponar,1,1,1.0
foodstuff,1,1,1.0
tornqvist,1,1,1.0
gökmen,1,1,1.0
adduct,1,1,1.0
mercapturic,1,1,1.0
tricker,1,1,1.0
kavvadia,1,1,1.0
561:109,1,1,1.0
psychopathology,1,1,1.0
toxicokinetic,1,1,1.0
schipper,1,1,1.0
boettcher,1,1,1.0
fettel,1,1,1.0
dpc4,1,1,1.0
sonderman,1,1,1.0
lipworth,1,1,1.0
b6c3f1,1,1,1.0
f344,1,1,1.0
casrn,1,1,1.0
45–77,1,1,1.0
madh,1,1,1.0
maiwurm,1,1,1.0
brantner,1,1,1.0
wif1,1,1,1.0
u.s.-to,1,1,1.0
hnrnpa0,1,1,1.0
wei,1,1,1.0
pharoah,1,1,1.0
higgin,1,1,1.0
didn,1,1,1.0
covered,1,1,1.0
handley,1,1,1.0
haubner,1,1,1.0
voracek,1,1,1.0
bosetti,1,1,1.0
mulloy,1,1,1.0
nonlinear,1,1,1.0
tardiff,1,1,1.0
gargas,1,1,1.0
accepting,1,1,1.0
resolute,1,1,1.0
defy,1,1,1.0
anthropol,1,1,1.0
powerless,1,1,1.0
unmotivated,1,1,1.0
discouraged,1,1,1.0
morasco,1,1,1.0
stranger,1,1,1.0
benefiting,1,1,1.0
sparén,1,1,1.0
okhowat,1,1,1.0
cplp,1,1,1.0
azzam,1,1,1.0
hala,1,1,1.0
mhs,1,1,1.0
plasilova,1,1,1.0
eck,1,1,1.0
cytof,1,1,1.0
estonia,1,1,1.0
foote,1,1,1.0
louise,1,1,1.0
brugge,1,1,1.0
joan,1,1,1.0
inroad,1,1,1.0
innos,1,1,1.0
lyndsay,1,1,1.0
e2129913,1,1,1.0
ealistic,1,1,1.0
ttainable,1,1,1.0
pecific,1,1,1.0
overwhelm,1,1,1.0
ibd,1,1,1.0
furnish,1,1,1.0
palb2,1,1,1.0
pronged,1,1,1.0
ribonucleic,1,1,1.0
translatome,1,1,1.0
p110β,1,1,1.0
suk,1,1,1.0
frei,1,1,1.0
moncur,1,1,1.0
radiochemistry,1,1,1.0
dbp,1,1,1.0
kendal,1,1,1.0
dulbecco,1,1,1.0
renato,1,1,1.0
hektoen,1,1,1.0
reviewing,1,1,1.0
hypermutable,1,1,1.0
pagination,1,1,1.0
ruin,1,1,1.0
lifesaving,1,1,1.0
p.i1307k,1,1,1.0
unite,1,1,1.0
liberman,1,1,1.0
weinstock,1,1,1.0
rewire,1,1,1.0
sella,1,1,1.0
proliferating,1,1,1.0
boursi,1,1,1.0
oligomerization,1,1,1.0
leucine,1,1,1.0
sassano,1,1,1.0
impacting,1,1,1.0
statpearl,1,1,1.0
whiffin,1,1,1.0
sccb,1,1,1.0
conspire,1,1,1.0
tmm,1,1,1.0
1q41,1,1,1.0
cheadle,1,1,1.0
m.m.s,1,1,1.0
pnas.1406199111,1,1,1.0
leeper,1,1,1.0
yeonju,1,1,1.0
webb,1,1,1.0
alexa,1,1,1.0
celiku,1,1,1.0
orieta,1,1,1.0
dccs,1,1,1.0
doorway,1,1,1.0
facile,1,1,1.0
syntac,1,1,1.0
bcl,1,1,1.0
bcl-2,1,1,1.0
cart,1,1,1.0
er+/her2-,1,1,1.0
psychopathological,1,1,1.0
menadione,1,1,1.0
mtan,1,1,1.0
mat2a,1,1,1.0
mtap,1,1,1.0
ptcl,1,1,1.0
bcx1777,1,1,1.0
forodesine,1,1,1.0
tipiracil,1,1,1.0
trifluridine,1,1,1.0
mountaineer-03,1,1,1.0
postive,1,1,1.0
euthanasia,1,1,1.0
flood,1,1,1.0
isometsä,1,1,1.0
henriksson,1,1,1.0
cameroon,1,1,1.0
colposcopie,1,1,1.0
hvp18/18,1,1,1.0
mmtp,1,1,1.0
nonepithelial,1,1,1.0
haridas,1,1,1.0
sox9,1,1,1.0
nr2f1,1,1,1.0
prototypical,1,1,1.0
mlpa,1,1,1.0
predate,1,1,1.0
kirsh,1,1,1.0
sinnott,1,1,1.0
crystal.wolfrey,1,1,1.0
wolfrey,1,1,1.0
//researchtraining.nih.gov,1,1,1.0
copel,1,1,1.0
batel,1,1,1.0
gopalakrishnan,1,1,1.0
bsi-18,1,1,1.0
laborer,1,1,1.0
invariance,1,1,1.0
reflective,1,1,1.0
lonsurf,1,1,1.0
nm.4439,1,1,1.0
nm.4469,1,1,1.0
jco.2017.74.7451,1,1,1.0
blood-2016,1,1,1.0
ng.3909,1,1,1.0
ncomms7604,1,1,1.0
nejmoa1403088,1,1,1.0
asheducation-2012.1.389,1,1,1.0
2012:389,1,1,1.0
blood-2012,1,1,1.0
j.ccr.2012.06.005,1,1,1.0
ng.763,1,1,1.0
pharmacogenomics,1,1,1.0
seva,1,1,1.0
pnas.0811761106,1,1,1.0
nejmoa0808253,1,1,1.0
s41388,1,1,1.0
tead4,1,1,1.0
nature15540,1,1,1.0
ng.3333,1,1,1.0
ng.2529,1,1,1.0
j.celrep.2019.10.013,1,1,1.0
2354.e7,1,1,1.0
j.ccell.2016.02.009,1,1,1.0
oncotarget.4682,1,1,1.0
tcf21,1,1,1.0
journal.pone.0208936,1,1,1.0
ng.3940,1,1,1.0
0432.ccr-16,1,1,1.0
cytomolecular,1,1,1.0
bjcr.154,1,1,1.0
18:1176935119835544,1,1,1.0
reversibility,1,1,1.0
microcyst,1,1,1.0
wakeful,1,1,1.0
normality,1,1,1.0
third-,1,1,1.0
psychosis,1,1,1.0
legitimize,1,1,1.0
truh,1,1,1.0
j.celrep.2019.09.071,1,1,1.0
1689.e9,1,1,1.0
nature25795,1,1,1.0
jco.2009.27.0421,1,1,1.0
oncotarget.18236,1,1,1.0
mir-106a,1,1,1.0
mir-221,1,1,1.0
mir-21,1,1,1.0
bluetooth,1,1,1.0
bud,1,1,1.0
rapport,1,1,1.0
fluctuate,1,1,1.0
multiregistry,1,1,1.0
theobald,1,1,1.0
ramazzini,1,1,1.0
schwann,1,1,1.0
h4978,1,1,1.0
antenna,1,1,1.0
turecki,1,1,1.0
byng,1,1,1.0
user,1,1,1.0
caltagirone,1,1,1.0
spoletini,1,1,1.0
scrupulous,1,1,1.0
riddleston,1,1,1.0
9–12,1,1,1.0
lagorio,1,1,1.0
röösli,1,1,1.0
scenihr_o_041.pdf,1,1,1.0
scientific_committees,1,1,1.0
//ec.europa.eu,1,1,1.0
emf,1,1,1.0
scenihr,1,1,1.0
baracco,1,1,1.0
kshettry,1,1,1.0
e024489,1,1,1.0
elwood,1,1,1.0
morasso,1,1,1.0
interobserver,1,1,1.0
earbud,1,1,1.0
lönn,1,1,1.0
cordless,1,1,1.0
hardell,1,1,1.0
cerenat,1,1,1.0
coureau,1,1,1.0
spitzer,1,1,1.0
muscat,1,1,1.0
pirie,1,1,1.0
d6387,1,1,1.0
2–11,1,1,1.0
specular,1,1,1.0
larjavaara,1,1,1.0
bidoli,1,1,1.0
frederiksen,1,1,1.0
grell,1,1,1.0
40:221–238,1,1,1.0
muzzatti,1,1,1.0
rudd,1,1,1.0
filiberti,1,1,1.0
2–13,1,1,1.0
simmen,1,1,1.0
phenomenology,1,1,1.0
oberto,1,1,1.0
mayorga,1,1,1.0
gotto,1,1,1.0
808–813,1,1,1.0
tomasi,1,1,1.0
volkow,1,1,1.0
29:39–45,1,1,1.0
sadetzki,1,1,1.0
vinyal,1,1,1.0
aydin,1,1,1.0
s111,1,1,1.0
s107,1,1,1.0
strayer,1,1,1.0
atchley,1,1,1.0
birk,1,1,1.0
struchen,1,1,1.0
transitory,1,1,1.0
schoeni,1,1,1.0
dongus,1,1,1.0
kheifet,1,1,1.0
gsm,1,1,1.0
dawley,1,1,1.0
sprague,1,1,1.0
tibaldi,1,1,1.0
falcioni,1,1,1.0
nissim,1,1,1.0
subtyping,1,1,1.0
totis,1,1,1.0
calderon,1,1,1.0
deterrent,1,1,1.0
dobraca,1,1,1.0
diazepam,1,1,1.0
steenkamer,1,1,1.0
guxen,1,1,1.0
thielen,1,1,1.0
foerster,1,1,1.0
sumich,1,1,1.0
e592,1,1,1.0
reproach,1,1,1.0
brzozek,1,1,1.0
macleod,1,1,1.0
aronow,1,1,1.0
anvil,1,1,1.0
a081105,1,1,1.0
a151216,1,1,1.0
awaiting,1,1,1.0
rial,1,1,1.0
dentification,1,1,1.0
arker,1,1,1.0
nrichment,1,1,1.0
ancer,1,1,1.0
nanopore,1,1,1.0
djuvant,1,1,1.0
nanoparticles,1,1,1.0
algae,1,1,1.0
judicial,1,1,1.0
shamay,1,1,1.0
yosi,1,1,1.0
mothership,1,1,1.0
wpro,1,1,1.0
mono85.pdf,1,1,1.0
vol85,1,1,1.0
//monographs.iarc.fr,1,1,1.0
submucous,1,1,1.0
simplifie,1,1,1.0
chewer,1,1,1.0
anita,1,1,1.0
daydreaming,1,1,1.0
bayer,1,1,1.0
trickle,1,1,1.0
relocation,1,1,1.0
3–14,1,1,1.0
soheil,1,1,1.0
aneurism,1,1,1.0
rait,1,1,1.0
amylon,1,1,1.0
dino,1,1,1.0
possess,1,1,1.0
endure,1,1,1.0
institutet,1,1,1.0
fehniger,1,1,1.0
carpeting,1,1,1.0
aaaag,1,1,1.0
manilia,1,1,1.0
subregional,1,1,1.0
frameshifts,1,1,1.0
weinhold,1,1,1.0
busner,1,1,1.0
tpc,1,1,1.0
reserved,1,1,1.0
deuber,1,1,1.0
prison,1,1,1.0
shelter,1,1,1.0
homeless,1,1,1.0
reiki,1,1,1.0
liaise,1,1,1.0
jeurkar,1,1,1.0
saito,1,1,1.0
abujaber,1,1,1.0
obermeyer,1,1,1.0
wallston,1,1,1.0
clarridge,1,1,1.0
kinslow,1,1,1.0
pek,1,1,1.0
nonacute,1,1,1.0
spurred,1,1,1.0
cagle,1,1,1.0
biomedicalization,1,1,1.0
sohmer,1,1,1.0
mrig,1,1,1.0
sigmoidoscopic,1,1,1.0
unpredictability,1,1,1.0
winterburn,1,1,1.0
tobin,1,1,1.0
anandarajah,1,1,1.0
e260,1,1,1.0
rurality,1,1,1.0
ramkumar,1,1,1.0
tark,1,1,1.0
parajuli,1,1,1.0
pawlik,1,1,1.0
malmquist,1,1,1.0
archenbach,1,1,1.0
cohrs,1,1,1.0
spec,1,1,1.0
hakami,1,1,1.0
kashani,1,1,1.0
mallon,1,1,1.0
reimbursable,1,1,1.0
tebbi,1,1,1.0
palliate,1,1,1.0
wheelchair,1,1,1.0
diem,1,1,1.0
tsunoda,1,1,1.0
cherlin,1,1,1.0
aldridge,1,1,1.0
vig,1,1,1.0
culler,1,1,1.0
kranker,1,1,1.0
schüßler,1,1,1.0
riedl,1,1,1.0
mcgovern,1,1,1.0
umaretiya,1,1,1.0
e29841,1,1,1.0
nye,1,1,1.0
lindsay,1,1,1.0
ananth,1,1,1.0
e29521,1,1,1.0
dingfield,1,1,1.0
297.e1,1,1,1.0
steineck,1,1,1.0
disgust,1,1,1.0
thienprayoon,1,1,1.0
gushue,1,1,1.0
licensed,1,1,1.0
offhand,1,1,1.0
alison,1,1,1.0
0.048–0.803,1,1,1.0
grandkid,1,1,1.0
msramc,1,1,1.0
sobriety,1,1,1.0
overuse,1,1,1.0
orthotic,1,1,1.0
antiseizure,1,1,1.0
advil,1,1,1.0
motrin,1,1,1.0
tylenol,1,1,1.0
acetaminophen,1,1,1.0
unrelieved,1,1,1.0
pohl,1,1,1.0
pouchectomie,1,1,1.0
altan,1,1,1.0
grégoire,1,1,1.0
disarm,1,1,1.0
science.ade0156,1,1,1.0
proctocolectomie,1,1,1.0
manor,1,1,1.0
erleada,1,1,1.0
manufacturers,1,1,1.0
cancers9020020,1,1,1.0
agreeing,1,1,1.0
tbxt,1,1,1.0
fibula,1,1,1.0
calf,1,1,1.0
notochordal,1,1,1.0
alternation,1,1,1.0
vigilance,1,1,1.0
tmprss2,1,1,1.0
jamaoncol.2018.5625,1,1,1.0
seepage,1,1,1.0
pouchitis,1,1,1.0
steer,1,1,1.0
behaving,1,1,1.0
troop,1,1,1.0
20–84,1,1,1.0
accompaniment,1,1,1.0
grazoprevir,1,1,1.0
latticework,1,1,1.0
inhospitable,1,1,1.0
stealth,1,1,1.0
systemically,1,1,1.0
headed,1,1,1.0
whopping,1,1,1.0
adjustable,1,1,1.0
0.05–0.31,1,1,1.0
volcanic,1,1,1.0
jenu,1,1,1.0
vitaly,1,1,1.0
inflate,1,1,1.0
davide,1,1,1.0
underrecognition,1,1,1.0
eft508,1,1,1.0
bailar,1,1,1.0
benhaddad,1,1,1.0
lelori,1,1,1.0
weighting,1,1,1.0
nonpopulation,1,1,1.0
comparability,1,1,1.0
nct02961374,1,1,1.0
preoccupied,1,1,1.0
rofecoxib,1,1,1.0
fatalistic,1,1,1.0
nciitcr,1,1,1.0
glimelius,1,1,1.0
outlining,1,1,1.0
dem,1,1,1.0
trujillo,1,1,1.0
elaine,1,1,1.0
eicosapentaenoic,1,1,1.0
displace,1,1,1.0
waterproof,1,1,1.0
sealable,1,1,1.0
antiseptic,1,1,1.0
10–14,1,1,1.0
pouchectomy,1,1,1.0
0.042–0.698,1,1,1.0
shakin,1,1,1.0
massie,1,1,1.0
nonampullary,1,1,1.0
spasm,1,1,1.0
alfer,1,1,1.0
beresford,1,1,1.0
transperineal,1,1,1.0
kuijer,1,1,1.0
skirko,1,1,1.0
misdiagnosis,1,1,1.0
etopophos,1,1,1.0
fayt,1,1,1.0
poh,1,1,1.0
6mwt,1,1,1.0
9–17,1,1,1.0
caustic,1,1,1.0
manometer,1,1,1.0
tramontano,1,1,1.0
kerrigan,1,1,1.0
cfw,1,1,1.0
neijenhuijs,1,1,1.0
kuczmarski,1,1,1.0
biotherapy,1,1,1.0
3–6,1,1,1.0
to14,1,1,1.0
magill,1,1,1.0
p.a359v,1,1,1.0
1187insgg,1,1,1.0
irp,1,1,1.0
jhappanc,1,1,1.0
mulick,1,1,1.0
y104x,1,1,1.0
p391l,1,1,1.0
p405l,1,1,1.0
pud,1,1,1.0
g396d,1,1,1.0
myosin,1,1,1.0
bjog,1,1,1.0
carrió,1,1,1.0
borrell,1,1,1.0
hayduk,1,1,1.0
battistutta,1,1,1.0
yate,1,1,1.0
skerman,1,1,1.0
asim,1,1,1.0
unpartnered,1,1,1.0
18–20,1,1,1.0
zwickey,1,1,1.0
rha,1,1,1.0
alon,1,1,1.0
levkovich,1,1,1.0
saracino,1,1,1.0
hyperalgesia,1,1,1.0
mkn,1,1,1.0
docherty,1,1,1.0
alotiby,1,1,1.0
unnamed,1,1,1.0
twenty,1,1,1.0
e538,1,1,1.0
transduodenal,1,1,1.0
e530,1,1,1.0
grov,1,1,1.0
e2140803,1,1,1.0
moum,1,1,1.0
il-6,1,1,1.0
reich,1,1,1.0
underperformance,1,1,1.0
bargiela,1,1,1.0
menzie,1,1,1.0
hiensch,1,1,1.0
e01960,1,1,1.0
conese,1,1,1.0
zefferino,1,1,1.0
uroepithelium,1,1,1.0
il-1,1,1,1.0
allostatic,1,1,1.0
allostasis,1,1,1.0
homeostatic,1,1,1.0
nightingale,1,1,1.0
bektaş,1,1,1.0
perkhounkova,1,1,1.0
edgmont,1,1,1.0
e295,1,1,1.0
e287,1,1,1.0
lojanapiwat,1,1,1.0
finnegan,1,1,1.0
vuttanon,1,1,1.0
optitrain,1,1,1.0
nasic,1,1,1.0
brandberg,1,1,1.0
browall,1,1,1.0
levan,1,1,1.0
peroxidation,1,1,1.0
smoot,1,1,1.0
strengthening,1,1,1.0
ravaud,1,1,1.0
mcp,1,1,1.0
capuron,1,1,1.0
optimizing,1,1,1.0
postmeiotic,1,1,1.0
mastick,1,1,1.0
c15,1,1,1.0
lemanska,1,1,1.0
cwh,1,1,1.0
flie,1,1,1.0
bjork,1,1,1.0
langegård,1,1,1.0
barnaghi,1,1,1.0
papachristou,1,1,1.0
matzka,1,1,1.0
courneya,1,1,1.0
christenson,1,1,1.0
pitta,1,1,1.0
villarreal,1,1,1.0
ramaswami,1,1,1.0
e18653,1,1,1.0
hovgaard,1,1,1.0
jarden,1,1,1.0
roscoe,1,1,1.0
poli,1,1,1.0
multisymptom,1,1,1.0
niacin,1,1,1.0
buffart,1,1,1.0
2–6,1,1,1.0
scvs,1,1,1.0
than150,1,1,1.0
assessor,1,1,1.0
karadas,1,1,1.0
gok,1,1,1.0
25–30,1,1,1.0
yıldız,1,1,1.0
çiriş,1,1,1.0
yıldırım,1,1,1.0
elsass,1,1,1.0
baari,1,1,1.0
coon,1,1,1.0
clemow,1,1,1.0
massion,1,1,1.0
exerciser,1,1,1.0
cho,1,1,1.0
baser,1,1,1.0
wiskemann,1,1,1.0
secinti,1,1,1.0
e5526,1,1,1.0
hpv18,1,1,1.0
e965,1,1,1.0
abedi,1,1,1.0
neshatdoost,1,1,1.0
e151,1,1,1.0
wanta,1,1,1.0
paj,1,1,1.0
pravettoni,1,1,1.0
riva,1,1,1.0
marzorati,1,1,1.0
e1125,1,1,1.0
ngai,1,1,1.0
hoenemeyer,1,1,1.0
salvador,1,1,1.0
liebe,1,1,1.0
agin,1,1,1.0
guss,1,1,1.0
bossis,1,1,1.0
ritterband,1,1,1.0
casault,1,1,1.0
fujino,1,1,1.0
adachi,1,1,1.0
enomoto,1,1,1.0
schmiege,1,1,1.0
matthew,1,1,1.0
rydall,1,1,1.0
sobering,1,1,1.0
pessin,1,1,1.0
e76089,1,1,1.0
rost,1,1,1.0
mutlα,1,1,1.0
wholistic,1,1,1.0
shiel,1,1,1.0
explainable,1,1,1.0
msh3,1,1,1.0
k1415,1,1,1.0
spliced,1,1,1.0
mispair,1,1,1.0
tact,1,1,1.0
metabolome,1,1,1.0
catalysis,1,1,1.0
macro,1,1,1.0
slippage,1,1,1.0
bbcsb,1,1,1.0
adopt,1,1,1.0
fractal,1,1,1.0
heterosexual,1,1,1.0
cisgender,1,1,1.0
listened,1,1,1.0
binary,1,1,1.0
-gender,1,1,1.0
asexual,1,1,1.0
bisexual,1,1,1.0
transgend,1,1,1.0
suleman,1,1,1.0
pitman,1,1,1.0
‒positive,1,1,1.0
gadd45a,1,1,1.0
hildesheimj,1,1,1.0
thrice,1,1,1.0
therapy¹,1,1,1.0
solver,1,1,1.0
tetranucleotide,1,1,1.0
registrant,1,1,1.0
avoidant,1,1,1.0
dao,1,1,1.0
hemorrhoid,1,1,1.0
istanbul,1,1,1.0
inclusiveness,1,1,1.0
decolonial,1,1,1.0
racist,1,1,1.0
plurality,1,1,1.0
feminist,1,1,1.0
irrational,1,1,1.0
socio,1,1,1.0
reconstructed,1,1,1.0
polarity,1,1,1.0
statement,1,1,1.0
chavarria,1,1,1.0
voting,1,1,1.0
integrated,1,1,1.0
p.v600e,1,1,1.0
intravasate,1,1,1.0
ebrg,1,1,1.0
brg,1,1,1.0
celebrating,1,1,1.0
eisai,1,1,1.0
ashamed,1,1,1.0
indentation,1,1,1.0
promotor,1,1,1.0
atopic,1,1,1.0
analyzable,1,1,1.0
gametogenesis,1,1,1.0
briceno,1,1,1.0
linc,1,1,1.0
lele,1,1,1.0
tanmay,1,1,1.0
immunostimulation,1,1,1.0
conor,1,1,1.0
pilon,1,1,1.0
shari,1,1,1.0
perineural,1,1,1.0
rakesh,1,1,1.0
munn,1,1,1.0
fransisca,1,1,1.0
kojic,1,1,1.0
mechanoimmunology,1,1,1.0
ankur,1,1,1.0
rafi,1,1,1.0
birtwistle,1,1,1.0
geometrical,1,1,1.0
microcirculation,1,1,1.0
toner,1,1,1.0
mehmet,1,1,1.0
jamming,1,1,1.0
mechanosensing,1,1,1.0
rheology,1,1,1.0
stiffening,1,1,1.0
halloran,1,1,1.0
wirtz,1,1,1.0
oncophysic,1,1,1.0
topology,1,1,1.0
cytoskeletal,1,1,1.0
goga,1,1,1.0
gartner,1,1,1.0
zev,1,1,1.0
intratumor,1,1,1.0
inter-,1,1,1.0
amtagvi,1,1,1.0
benefitting,1,1,1.0
turmoil,1,1,1.0
turajlic,1,1,1.0
samra,1,1,1.0
organotropism,1,1,1.0
colonize,1,1,1.0
guinney,1,1,1.0
bonin,1,1,1.0
vidi,1,1,1.0
alexandre,1,1,1.0
decomposition,1,1,1.0
tensor,1,1,1.0
luker,1,1,1.0
//portal.gdc.cancer.gov,1,1,1.0
delf,1,1,1.0
standardize,1,1,1.0
consanguineous,1,1,1.0
permissive,1,1,1.0
vuss,1,1,1.0
macrometastatic,1,1,1.0
coil,1,1,1.0
incapacitate,1,1,1.0
/div,1,1,1.0
slovakia,1,1,1.0
gain-,1,1,1.0
7p22,1,1,1.0
reinforcing,1,1,1.0
intertumor,1,1,1.0
2p16,1,1,1.0
decoration,1,1,1.0
playroom,1,1,1.0
entertain,1,1,1.0
2p22,1,1,1.0
src=,1,1,1.0
defiant,1,1,1.0
untruth,1,1,1.0
bandage,1,1,1.0
sing,1,1,1.0
style=,1,1,1.0
truthful,1,1,1.0
j.cell.2023.07.013,1,1,1.0
geffen,1,1,1.0
j.ccell.2023.06.009,1,1,1.0
div,1,1,1.0
brca1/,1,1,1.0
aversion,1,1,1.0
phenocopy,1,1,1.0
biosensing,1,1,1.0
mistaken,1,1,1.0
confirming,1,1,1.0
pmscl,1,1,1.0
unlp,1,1,1.0
debatable,1,1,1.0
natalia.mercer,1,1,1.0
quote,1,1,1.0
noncanonical,1,1,1.0
jog,1,1,1.0
brainstorming,1,1,1.0
reserpine,1,1,1.0
distraught,1,1,1.0
≥70,1,1,1.0
furgal,1,1,1.0
bmj.l5688,1,1,1.0
l5688,1,1,1.0
kab,1,1,1.0
hassett,1,1,1.0
findlay,1,1,1.0
e2200695,1,1,1.0
jnccn.2023.0051,1,1,1.0
guidelines,1,1,1.0
ssx,1,1,1.0
borry,1,1,1.0
chokoshvili,1,1,1.0
certified,1,1,1.0
misinterpreting,1,1,1.0
advertise,1,1,1.0
cilantro,1,1,1.0
fentanyl,1,1,1.0
seismic,1,1,1.0
nearing,1,1,1.0
guiltinan,1,1,1.0
tandy,1,1,1.0
schrag,1,1,1.0
clinchem.2011.167197,1,1,1.0
topol,1,1,1.0
lockwood,1,1,1.0
skrzynia,1,1,1.0
dawn,1,1,1.0
pirzadeh,1,1,1.0
mersch,1,1,1.0
mcgee,1,1,1.0
dreicer,1,1,1.0
lowrance,1,1,1.0
c.942,1,1,1.0
rampant,1,1,1.0
immunitybio,1,1,1.0
kdm4b,1,1,1.0
syt,1,1,1.0
unmeasured,1,1,1.0
marielle,1,1,1.0
16–49,1,1,1.0
cripple,1,1,1.0
endometroid,1,1,1.0
coquard,1,1,1.0
isabelle,1,1,1.0
10–22,1,1,1.0
oncotarget.14731,1,1,1.0
irreparable,1,1,1.0
overloaded,1,1,1.0
nominator,1,1,1.0
formula,1,1,1.0
nominating,1,1,1.0
nominated,1,1,1.0
21–51,1,1,1.0
succeed,1,1,1.0
35–56,1,1,1.0
fihj,1,1,1.0
toom,1,1,1.0
dayr,1,1,1.0
uphill,1,1,1.0
41–50,1,1,1.0
morale,1,1,1.0
hemoglobinopathy,1,1,1.0
prexasertib,1,1,1.0
pseudogene,1,1,1.0
dime,1,1,1.0
burner,1,1,1.0
transferable,1,1,1.0
5.4–10.8,1,1,1.0
ameliorate,1,1,1.0
piggyback,1,1,1.0
biostatisticians,1,1,1.0
41–81,1,1,1.0
reset,1,1,1.0
urethelial,1,1,1.0
2p21,1,1,1.0
bickering,1,1,1.0
permeate,1,1,1.0
subcohort,1,1,1.0
overlapped,1,1,1.0
mobilisation,1,1,1.0
matchmaker,1,1,1.0
zacharouli,1,1,1.0
subsyndromal,1,1,1.0
koodac,1,1,1.0
43–65,1,1,1.0
varie,1,1,1.0
remind,1,1,1.0
traceable,1,1,1.0
fiance,1,1,1.0
scrounge,1,1,1.0
going,1,1,1.0
halloween,1,1,1.0
genuine,1,1,1.0
latina,1,1,1.0
vcu,1,1,1.0
namesake,1,1,1.0
dysthymia,1,1,1.0
colombia,1,1,1.0
uruguay,1,1,1.0
1–6,1,1,1.0
immigration,1,1,1.0
synovioma,1,1,1.0
ancientness,1,1,1.0
purging,1,1,1.0
hboc,1,1,1.0
purge,1,1,1.0
paternalism,1,1,1.0
ryoo,1,1,1.0
mcpherson,1,1,1.0
kelner,1,1,1.0
2ai,1,1,1.0
eoi,1,1,1.0
flexure,1,1,1.0
obtainable,1,1,1.0
23–63.2,1,1,1.0
0.4–3.7,1,1,1.0
0.02–4,1,1,1.0
3.4–22,1,1,1.0
0.2–13,1,1,1.0
countermand,1,1,1.0
keratoacanthoma,1,1,1.0
3.88–54.95,1,1,1.0
christakis,1,1,1.0
steinhauser,1,1,1.0
barnato,1,1,1.0
cystoscopy,1,1,1.0
27–75,1,1,1.0
morrison,1,1,1.0
50–73,1,1,1.0
bioidentical,1,1,1.0
ettner,1,1,1.0
travis,1,1,1.0
led,1,1,1.0
koselugo,1,1,1.0
morden,1,1,1.0
kristina,1,1,1.0
newhouse,1,1,1.0
gampel,1,1,1.0
benarroch,1,1,1.0
sheffield,1,1,1.0
recherche,1,1,1.0
pène,1,1,1.0
bsg,1,1,1.0
mokart,1,1,1.0
azoulay,1,1,1.0
oac,1,1,1.0
naing,1,1,1.0
reisfield,1,1,1.0
actonel,1,1,1.0
risedronate,1,1,1.0
evista,1,1,1.0
oxybutynin,1,1,1.0
osphena,1,1,1.0
ospemifene,1,1,1.0
achaval,1,1,1.0
veozah,1,1,1.0
fezolinetant,1,1,1.0
intercourse,1,1,1.0
premarin,1,1,1.0
prempro,1,1,1.0
soisalo,1,1,1.0
rahkola,1,1,1.0
peltonen,1,1,1.0
savolainen,1,1,1.0
patlan,1,1,1.0
hwang,1,1,1.0
hendrix,1,1,1.0
judd,1,1,1.0
heiss,1,1,1.0
purposeful,1,1,1.0
capp3,1,1,1.0
crandall,1,1,1.0
detriment,1,1,1.0
hématologique,1,1,1.0
unblinding,1,1,1.0
réanimation,1,1,1.0
kenemans,1,1,1.0
iversen,1,1,1.0
respiratoire,1,1,1.0
djx001,1,1,1.0
ursin,1,1,1.0
peck,1,1,1.0
pettinger,1,1,1.0
m3873,1,1,1.0
wnl.0000000000200960,1,1,1.0
2022:10.1212,1,1,1.0
n2182,1,1,1.0
7–74,1,1,1.0
prefer,1,1,1.0
hippisley,1,1,1.0
dening,1,1,1.0
questioning,1,1,1.0
adyar,1,1,1.0
reinterpret,1,1,1.0
nehru,1,1,1.0
fulbright,1,1,1.0
surendran,1,1,1.0
divya,1,1,1.0
latinas,1,1,1.0
ddr,1,1,1.0
troup,1,1,1.0
chowdhury,1,1,1.0
franco,1,1,1.0
unmc,1,1,1.0
sgo,1,1,1.0
febbraro,1,1,1.0
nct01461148,1,1,1.0
tibolone,1,1,1.0
wikipedia,1,1,1.0
onalespib,1,1,1.0
agree,1,1,1.0
mccarthy,1,1,1.0
hypospadias,1,1,1.0
frasi,1,1,1.0
perilobar,1,1,1.0
e28556,1,1,1.0
e29248,1,1,1.0
e27716,1,1,1.0
faruqui,1,1,1.0
housten,1,1,1.0
bagai,1,1,1.0
financing,1,1,1.0
tmc,1,1,1.0
avail,1,1,1.0
scientifc,1,1,1.0
cncr.29936,1,1,1.0
amylase,1,1,1.0
boscoe,1,1,1.0
1ai,1,1,1.0
perraillon,1,1,1.0
molina,1,1,1.0
gagnon,1,1,1.0
ayanian,1,1,1.0
petacc,1,1,1.0
quasar,1,1,1.0
roster,1,1,1.0
stichele,1,1,1.0
vander,1,1,1.0
low­-white,1,1,1.0
patho,1,1,1.0
13–18,1,1,1.0
38–66,1,1,1.0
37–93,1,1,1.0
deschepper,1,1,1.0
pardon,1,1,1.0
e220018,1,1,1.0
esma,1,1,1.0
shirwan,1,1,1.0
haval,1,1,1.0
bhardwaj,1,1,1.0
sanapala,1,1,1.0
immunosurveillance,1,1,1.0
modulating,1,1,1.0
perioral,1,1,1.0
macule,1,1,1.0
designs….to,1,1,1.0
nyambe,1,1,1.0
lletz,1,1,1.0
accidental,1,1,1.0
timer,1,1,1.0
consumable,1,1,1.0
rechargeable,1,1,1.0
centigrade,1,1,1.0
reusable,1,1,1.0
ablator,1,1,1.0
lightweight,1,1,1.0
melanocytic,1,1,1.0
chisele,1,1,1.0
5.7–10.3,1,1,1.0
partha,1,1,1.0
impurity,1,1,1.0
nitrous,1,1,1.0
netupitant,1,1,1.0
beleodaq,1,1,1.0
s41591,1,1,1.0
mwanahamuntu,1,1,1.0
go.22.00051,1,1,1.0
seplaki,1,1,1.0
d'ivoire,1,1,1.0
benin,1,1,1.0
sauvaget,1,1,1.0
selmouni,1,1,1.0
caac.21660,1,1,1.0
sentiment,1,1,1.0
namakau,1,1,1.0
zambian,1,1,1.0
retroviral,1,1,1.0
gangliocytoma,1,1,1.0
mccleary,1,1,1.0
enzinger,1,1,1.0
//cghub.ucsc.edu,1,1,1.0
prepublication,1,1,1.0
browne,1,1,1.0
taxation,1,1,1.0
data‎,1,1,1.0
osteoarthropathy,1,1,1.0
pictorial,1,1,1.0
countries‎,1,1,1.0
hospitality,1,1,1.0
degner,1,1,1.0
e883,1,1,1.0
aflodac,1,1,1.0
akynzeo,1,1,1.0
palonosetron,1,1,1.0
e875,1,1,1.0
charday,1,1,1.0
nature12965,1,1,1.0
u24ca143882,1,1,1.0
u24ca143858,1,1,1.0
u24ca143848,1,1,1.0
u24ca143845,1,1,1.0
u24ca143843,1,1,1.0
u24ca143840,1,1,1.0
u24ca143835,1,1,1.0
u24ca143799,1,1,1.0
u54hg003067,1,1,1.0
breastserovca,1,1,1.0
ovarianpaper,1,1,1.0
news_9_4_2008,1,1,1.0
dec-2009,1,1,1.0
chadi,1,1,1.0
childhood-,1,1,1.0
shinkunas,1,1,1.0
hotchin,1,1,1.0
zidovudine,1,1,1.0
mvasi,1,1,1.0
awwb,1,1,1.0
neupogen,1,1,1.0
zarxio,1,1,1.0
sndz,1,1,1.0
vce,1,1,1.0
mre,1,1,1.0
christl,1,1,1.0
cte,1,1,1.0
sfreddo,1,1,1.0
//loris.ccr.cancer.gov,1,1,1.0
kaldjian,1,1,1.0
sunny,1,1,1.0
wonsun,1,1,1.0
kinder,1,1,1.0
unchangeable,1,1,1.0
m.s.w,1,1,1.0
zebrack,1,1,1.0
cov-2,1,1,1.0
voogt,1,1,1.0
cancerland,1,1,1.0
roulette,1,1,1.0
revolving,1,1,1.0
32–54,1,1,1.0
celebrate,1,1,1.0
venclextatm,1,1,1.0
exclusivity,1,1,1.0
oort,1,1,1.0
11–36,1,1,1.0
1–70,1,1,1.0
2–4,1,1,1.0
usmani,1,1,1.0
8–50,1,1,1.0
bloodadvances.2020002393,1,1,1.0
neelendu,1,1,1.0
maitra,1,1,1.0
nonparametric,1,1,1.0
australasian,1,1,1.0
pold,1,1,1.0
exonuclease,1,1,1.0
brenes,1,1,1.0
brene,1,1,1.0
gretchen,1,1,1.0
ultramutator,1,1,1.0
replicative,1,1,1.0
blinman,1,1,1.0
bioquantum,1,1,1.0
3ec,1,1,1.0
titan,1,1,1.0
20–99,1,1,1.0
cpue,1,1,1.0
prefix,1,1,1.0
krios,1,1,1.0
greek,1,1,1.0
macromolecular,1,1,1.0
fluoresce,1,1,1.0
melanocytosis,1,1,1.0
oculodermal,1,1,1.0
bait,1,1,1.0
demo,1,1,1.0
macrocephaly,1,1,1.0
riess,1,1,1.0
theil,1,1,1.0
reiter,1,1,1.0
misunderstood,1,1,1.0
70–100,1,1,1.0
ssps,1,1,1.0
socialization,1,1,1.0
explicitness,1,1,1.0
reliever,1,1,1.0
naprosyn,1,1,1.0
incurability,1,1,1.0
tgfbr2,1,1,1.0
unnatural,1,1,1.0
gremlin,1,1,1.0
diving,1,1,1.0
ownership,1,1,1.0
m.ed,1,1,1.0
mishka,1,1,1.0
scourge,1,1,1.0
cultivation,1,1,1.0
goma,1,1,1.0
fastone,1,1,1.0
unrelenting,1,1,1.0
nigerian,1,1,1.0
allison,1,1,1.0
unmanageable,1,1,1.0
covariate,1,1,1.0
deferred,1,1,1.0
schnadig,1,1,1.0
coactivator,1,1,1.0
harmonized,1,1,1.0
24–79,1,1,1.0
langridge,1,1,1.0
trapala,1,1,1.0
bonaïti,1,1,1.0
celebrex,1,1,1.0
bonadona,1,1,1.0
directory,1,1,1.0
lymphir,1,1,1.0
tox,1,1,1.0
dif,1,1,1.0
hoedt,1,1,1.0
eyssen,1,1,1.0
mckeown,1,1,1.0
puh,1,1,1.0
infrequency,1,1,1.0
e30172,1,1,1.0
ikawa,1,1,1.0
sakai,1,1,1.0
peroral,1,1,1.0
startrk,1,1,1.0
lenne,1,1,1.0
epssg,1,1,1.0
fiscella,1,1,1.0
lovly,1,1,1.0
biko,1,1,1.0
lichtenberger,1,1,1.0
kisluk,1,1,1.0
gielazyn,1,1,1.0
reszec,1,1,1.0
siemion,1,1,1.0
2p23,1,1,1.0
s10,1,1,1.0
iram,1,1,1.0
irppr,1,1,1.0
fram,1,1,1.0
frppr,1,1,1.0
sf269,1,1,1.0
plum,1,1,1.0
undiluted,1,1,1.0
refund,1,1,1.0
nasogastroduodenal,1,1,1.0
s40264,1,1,1.0
enteroclysis,1,1,1.0
vliet,1,1,1.0
e2300323,1,1,1.0
minard,1,1,1.0
fitzgibbon,1,1,1.0
rawl,1,1,1.0
e256,1,1,1.0
preview,1,1,1.0
amount,1,1,1.0
althouse,1,1,1.0
weakly,1,1,1.0
a752,1,1,1.0
aman,1,1,1.0
nonradioactive,1,1,1.0
faced,1,1,1.0
mid-2010s,1,1,1.0
inra,1,1,1.0
abel,1,1,1.0
xofigo,1,1,1.0
dichloride,1,1,1.0
audrey,1,1,1.0
talbot,1,1,1.0
downey,1,1,1.0
pricolo,1,1,1.0
aff,1,1,1.0
pvt1,1,1,1.0
hearle,1,1,1.0
goergens,1,1,1.0
esaki,1,1,1.0
kozminski,1,1,1.0
heisterkamp,1,1,1.0
griner,1,1,1.0
breukel,1,1,1.0
broker,1,1,1.0
zikmund,1,1,1.0
cautious,1,1,1.0
hospitable,1,1,1.0
ubel,1,1,1.0
yoor,1,1,1.0
azra,1,1,1.0
oncogenicity,1,1,1.0
qk1,1,1,1.0
visit,1,1,1.0
scorecard,1,1,1.0
lond,1,1,1.0
larochelle,1,1,1.0
nathwani,1,1,1.0
mbulaiteye,1,1,1.0
corelate,1,1,1.0
traboulsi,1,1,1.0
bracket,1,1,1.0
icgc,1,1,1.0
physiol,1,1,1.0
krop,1,1,1.0
group—29.9,1,1,1.0
moot,1,1,1.0
scot,1,1,1.0
philanthropic,1,1,1.0
linger,1,1,1.0
optometric,1,1,1.0
axel,1,1,1.0
reapproval,1,1,1.0
pazdur,1,1,1.0
mylotarg,1,1,1.0
barnard,1,1,1.0
alike,1,1,1.0
modernization,1,1,1.0
denicoff,1,1,1.0
arnaldez,1,1,1.0
lyric,1,1,1.0
held,1,1,1.0
grist,1,1,1.0
dalpatadu,1,1,1.0
weather,1,1,1.0
middleman,1,1,1.0
nusliha,1,1,1.0
scripted,1,1,1.0
interviewee,1,1,1.0
invent,1,1,1.0
inexpensive,1,1,1.0
malin,1,1,1.0
scrape,1,1,1.0
fadul,1,1,1.0
skillfulness,1,1,1.0
myelomatch,1,1,1.0
piquard,1,1,1.0
hziy,1,1,1.0
survery,1,1,1.0
catane,1,1,1.0
fishman,1,1,1.0
outspoken,1,1,1.0
alarm,1,1,1.0
belchetz,1,1,1.0
vinai,1,1,1.0
namenda,1,1,1.0
cc001,1,1,1.0
s13014,1,1,1.0
amish,1,1,1.0
landgrebe,1,1,1.0
gilford,1,1,1.0
karakousis,1,1,1.0
manilich,1,1,1.0
elayi,1,1,1.0
mim135290,1,1,1.0
trembath,1,1,1.0
macrotry,1,1,1.0
squawroot,1,1,1.0
rattleroot,1,1,1.0
bugbane,1,1,1.0
snakeroot,1,1,1.0
synonym,1,1,1.0
ranunculaceae,1,1,1.0
froggatt,1,1,1.0
nosological,1,1,1.0
palla,1,1,1.0
midwestern,1,1,1.0
underexplored,1,1,1.0
midlevel,1,1,1.0
jalving,1,1,1.0
stereometry,1,1,1.0
gmps,1,1,1.0
premarket,1,1,1.0
histochemistry,1,1,1.0
guanidine,1,1,1.0
fukinolic,1,1,1.0
ferulic,1,1,1.0
phenolpropanoid,1,1,1.0
congener,1,1,1.0
cimicifugoside,1,1,1.0
antonioli,1,1,1.0
odze,1,1,1.0
nobukawa,1,1,1.0
abraham,1,1,1.0
best-,1,1,1.0
perspiration,1,1,1.0
dysmenorrhea,1,1,1.0
settler,1,1,1.0
snakebite,1,1,1.0
rheumatism,1,1,1.0
eckl,1,1,1.0
weston,1,1,1.0
typical-,1,1,1.0
sarre,1,1,1.0
zejula,1,1,1.0
boiner,1,1,1.0
dni,1,1,1.0
coloproctectomy,1,1,1.0
velio,1,1,1.0
castagnone,1,1,1.0
isopropanol,1,1,1.0
nonuse,1,1,1.0
ranzi,1,1,1.0
relevancy,1,1,1.0
phytoconstituent,1,1,1.0
ethanolic,1,1,1.0
actein,1,1,1.0
reame,1,1,1.0
perzin,1,1,1.0
nitrogenous,1,1,1.0
gend,1,1,1.0
intubate,1,1,1.0
racemosae,1,1,1.0
incapacitated,1,1,1.0
leone,1,1,1.0
predny,1,1,1.0
1iic,1,1,1.0
ngamruengphong,1,1,1.0
pmln,1,1,1.0
osteocalcin,1,1,1.0
osteoprotective,1,1,1.0
type-1,1,1,1.0
equipotent,1,1,1.0
inbakicept,1,1,1.0
progyne,1,1,1.0
cimipure,1,1,1.0
vncg,1,1,1.0
firadenovec,1,1,1.0
fausa,1,1,1.0
unconfirmed,1,1,1.0
itoh,1,1,1.0
uncharacterized,1,1,1.0
iida,1,1,1.0
kostev,1,1,1.0
zepelin,1,1,1.0
henneicke,1,1,1.0
nadofaragene,1,1,1.0
rifampin,1,1,1.0
nonparticipation,1,1,1.0
snare,1,1,1.0
minkin,1,1,1.0
schnitker,1,1,1.0
naser,1,1,1.0
ineligibility,1,1,1.0
20–120,1,1,1.0
ethnopharmacol,1,1,1.0
banuvar,1,1,1.0
bleau,1,1,1.0
tele,1,1,1.0
hawke,1,1,1.0
corbett,1,1,1.0
asher,1,1,1.0
echinacea,1,1,1.0
goldenseal,1,1,1.0
valerian,1,1,1.0
nadege,1,1,1.0
borrelli,1,1,1.0
brucker,1,1,1.0
raus,1,1,1.0
s67,1,1,1.0
arcad,1,1,1.0
cano,1,1,1.0
branco,1,1,1.0
castelo,1,1,1.0
antithetical,1,1,1.0
compel,1,1,1.0
fertline,1,1,1.0
corridor,1,1,1.0
ph.d.will,1,1,1.0
erdafitinib,1,1,1.0
prognosticator,1,1,1.0
biography,1,1,1.0
pulitzer,1,1,1.0
siddhartha,1,1,1.0
listing,1,1,1.0
myrhøj,1,1,1.0
regrew,1,1,1.0
draining,1,1,1.0
midbrain,1,1,1.0
multidetector,1,1,1.0
vlad,1,1,1.0
nciartnet,1,1,1.0
newslette,1,1,1.0
sp1,1,1,1.0
acss2,1,1,1.0
persister,1,1,1.0
halligan,1,1,1.0
eliakim,1,1,1.0
speer,1,1,1.0
ferroptosis,1,1,1.0
sarna,1,1,1.0
parafoto,1,1,1.0
ncibehavior,1,1,1.0
nciglobalhealth,1,1,1.0
ncitedtrimble,1,1,1.0
cvds,1,1,1.0
sacrococcyx,1,1,1.0
tescher,1,1,1.0
moughan,1,1,1.0
mauritzen,1,1,1.0
habib,1,1,1.0
michail,1,1,1.0
petracci,1,1,1.0
swyer,1,1,1.0
granulosa,1,1,1.0
5–9,1,1,1.0
hydrop,1,1,1.0
movsas,1,1,1.0
krishnan,1,1,1.0
jeffery,1,1,1.0
marchesa,1,1,1.0
curia,1,1,1.0
gori,1,1,1.0
care,1,1,1.0
e136,1,1,1.0
354.e2,1,1,1.0
häfner,1,1,1.0
thiruvengadam,1,1,1.0
napoleon,1,1,1.0
dysgenetic,1,1,1.0
gutknecht,1,1,1.0
≤30,1,1,1.0
saurin,1,1,1.0
dani,1,1,1.0
bellido,1,1,1.0
dermoid,1,1,1.0
maynard,1,1,1.0
20q,1,1,1.0
bercovici,1,1,1.0
chmiel,1,1,1.0
fondevilla,1,1,1.0
hamy,1,1,1.0
coutin,1,1,1.0
fearnhead,1,1,1.0
lachman,1,1,1.0
logothetis,1,1,1.0
dexeus,1,1,1.0
agct,1,1,1.0
pichora,1,1,1.0
shomrat,1,1,1.0
tian,1,1,1.0
soussi,1,1,1.0
béroud,1,1,1.0
laurent,1,1,1.0
heyland,1,1,1.0
vowler,1,1,1.0
pollock,1,1,1.0
hirschman,1,1,1.0
teratomata,1,1,1.0
kallis,1,1,1.0
virilism,1,1,1.0
alaverdian,1,1,1.0
zahn,1,1,1.0
oue,1,1,1.0
kurahashi,1,1,1.0
toyama,1,1,1.0
s82,1,1,1.0
pani,1,1,1.0
x/46,1,1,1.0
hemangiomatous,1,1,1.0
vesterling,1,1,1.0
blohm,1,1,1.0
sudar,1,1,1.0
aly,1,1,1.0
drochman,1,1,1.0
swindell,1,1,1.0
riopel,1,1,1.0
looijenga,1,1,1.0
echten,1,1,1.0
mostert,1,1,1.0
ilson,1,1,1.0
bosl,1,1,1.0
houldsworth,1,1,1.0
site-,1,1,1.0
kitlg,1,1,1.0
hooten,1,1,1.0
rantanen,1,1,1.0
pitkäniemi,1,1,1.0
fenger,1,1,1.0
moy,1,1,1.0
bichev,1,1,1.0
todorov,1,1,1.0
corte,1,1,1.0
mclachlan,1,1,1.0
thorup,1,1,1.0
getug,1,1,1.0
belgian,1,1,1.0
thoelen,1,1,1.0
m371,1,1,1.0
christodoulou,1,1,1.0
michils,1,1,1.0
hörner,1,1,1.0
mcmahan,1,1,1.0
cared,1,1,1.0
sudore,1,1,1.0
kehoe,1,1,1.0
renz,1,1,1.0
cannistra,1,1,1.0
pratt,1,1,1.0
coccygectomy,1,1,1.0
extrapelvic,1,1,1.0
iiia2,1,1,1.0
bakry,1,1,1.0
ic2,1,1,1.0
altmüller,1,1,1.0
holzapfel,1,1,1.0
spier,1,1,1.0
iwashyna,1,1,1.0
outward,1,1,1.0
saccrococcygeal,1,1,1.0
intrapartum,1,1,1.0
pubescent,1,1,1.0
gciii,1,1,1.0
depani,1,1,1.0
bartelme,1,1,1.0
kass,1,1,1.0
tilney,1,1,1.0
lovegrove,1,1,1.0
mager,1,1,1.0
ulbright,1,1,1.0
c1345,1,1,1.0
schneiderman,1,1,1.0
virmani,1,1,1.0
agct1531,1,1,1.0
crussi,1,1,1.0
proctoscopy,1,1,1.0
buntzen,1,1,1.0
preserving,1,1,1.0
farhat,1,1,1.0
elveback,1,1,1.0
adson,1,1,1.0
braungart,1,1,1.0
bess,1,1,1.0
clayton,1,1,1.0
ablin,1,1,1.0
radice,1,1,1.0
hakulinen,1,1,1.0
magic,1,1,1.0
nontesticular,1,1,1.0
sacro,1,1,1.0
börger,1,1,1.0
orlow,1,1,1.0
roelof,1,1,1.0
subspecialist,1,1,1.0
tgm-85,1,1,1.0
germinomatous,1,1,1.0
heuman,1,1,1.0
ursodesoxycholic,1,1,1.0
fléjou,1,1,1.0
agct0132,1,1,1.0
jacoby,1,1,1.0
paasche,1,1,1.0
pt3,1,1,1.0
controlled,1,1,1.0
backer,1,1,1.0
derikx,1,1,1.0
vuky,1,1,1.0
crocoli,1,1,1.0
pasquale,1,1,1.0
keimzelltumoren,1,1,1.0
volande,1,1,1.0
bökkerink,1,1,1.0
stolar,1,1,1.0
nonthoracic,1,1,1.0
presacral,1,1,1.0
meunier,1,1,1.0
audiocassette,1,1,1.0
soeter,1,1,1.0
gelez,1,1,1.0
teinturi,1,1,1.0
eggener,1,1,1.0
pituskin,1,1,1.0
brame,1,1,1.0
steinbach,1,1,1.0
metzner,1,1,1.0
kollmannsberger,1,1,1.0
schmoll,1,1,1.0
ileoanal,1,1,1.0
gramlich,1,1,1.0
gonin,1,1,1.0
wessalowski,1,1,1.0
tic,1,1,1.0
nct00467051,1,1,1.0
agct0521,1,1,1.0
ooi,1,1,1.0
sybil,1,1,1.0
mace,1,1,1.0
hansmann,1,1,1.0
valanzano,1,1,1.0
ficari,1,1,1.0
lorch,1,1,1.0
padiatr,1,1,1.0
weinknecht,1,1,1.0
abonour,1,1,1.0
meisel,1,1,1.0
loundou,1,1,1.0
threadgill,1,1,1.0
chamness,1,1,1.0
slavin,1,1,1.0
rosti,1,1,1.0
giorgi,1,1,1.0
e27111,1,1,1.0
frazier,1,1,1.0
juliar,1,1,1.0
consommé,1,1,1.0
bouillon,1,1,1.0
overpromise,1,1,1.0
grip,1,1,1.0
rinella,1,1,1.0
inured,1,1,1.0
escalate,1,1,1.0
iact,1,1,1.0
philosophical,1,1,1.0
expert,1,1,1.0
litmus,1,1,1.0
backing,1,1,1.0
pedmark,1,1,1.0
anhydrous,1,1,1.0
barrau,1,1,1.0
quan,1,1,1.0
bresali,1,1,1.0
impressed,1,1,1.0
pfeffer,1,1,1.0
mcmurray,1,1,1.0
barlési,1,1,1.0
matthia,1,1,1.0
louisville,1,1,1.0
dissect,1,1,1.0
out,1,1,1.0
interrogating,1,1,1.0
granularity,1,1,1.0
tcrs,1,1,1.0
dionne,1,1,1.0
subcategorie,1,1,1.0
training.­,1,1,1.0
hannon,1,1,1.0
cordova,1,1,1.0
yoong,1,1,1.0
fetting,1,1,1.0
couzi,1,1,1.0
zhukovsky,1,1,1.0
evaporative,1,1,1.0
nonsmall,1,1,1.0
e145,1,1,1.0
gleostine,1,1,1.0
gromeier,1,1,1.0
e137,1,1,1.0
nakajima,1,1,1.0
daigneault,1,1,1.0
bourgeois,1,1,1.0
pyloric,1,1,1.0
reoviru,1,1,1.0
salaria,1,1,1.0
nonestrogenic,1,1,1.0
dahlin,1,1,1.0
tine,1,1,1.0
gisg,1,1,1.0
unopposed,1,1,1.0
admane,1,1,1.0
cesne,1,1,1.0
rundle,1,1,1.0
charig,1,1,1.0
webmd,1,1,1.0
bunn,1,1,1.0
dinarello,1,1,1.0
thermoregulation,1,1,1.0
boulant,1,1,1.0
accortt,1,1,1.0
tosteson,1,1,1.0
thermoregulatory,1,1,1.0
desmethyl,1,1,1.0
hydroxy,1,1,1.0
grogginess,1,1,1.0
tetracyclic,1,1,1.0
mg/24,1,1,1.0
50–150,1,1,1.0
7.5–30,1,1,1.0
extraabdominal,1,1,1.0
nononcology,1,1,1.0
sondak,1,1,1.0
biermann,1,1,1.0
balladur,1,1,1.0
washout,1,1,1.0
bataille,1,1,1.0
halttunen,1,1,1.0
linum,1,1,1.0
estrone,1,1,1.0
isoflavones,1,1,1.0
glycitein,1,1,1.0
daidzein,1,1,1.0
kiviluoto,1,1,1.0
lepistö,1,1,1.0
subconscious,1,1,1.0
trance,1,1,1.0
catastrophizing,1,1,1.0
paced,1,1,1.0
urticaria,1,1,1.0
hpb,1,1,1.0
leuprorelin,1,1,1.0
section.treatment,1,1,1.0
bertelli,1,1,1.0
moinpour,1,1,1.0
vandervelde,1,1,1.0
pettinga,1,1,1.0
sellin,1,1,1.0
vassilopoulou,1,1,1.0
schmocker,1,1,1.0
leighl,1,1,1.0
chaste,1,1,1.0
licorice,1,1,1.0
suggesting,1,1,1.0
hydroxysteroid,1,1,1.0
paternalistic,1,1,1.0
hallek,1,1,1.0
linolenic,1,1,1.0
secoisolariciresinol,1,1,1.0
peano,1,1,1.0
sgandurra,1,1,1.0
ahmad,1,1,1.0
vi73,1,1,1.0
khoyratty,1,1,1.0
bordeleau,1,1,1.0
greep,1,1,1.0
montera,1,1,1.0
plotti,1,1,1.0
capriglione,1,1,1.0
beebe,1,1,1.0
cervante,1,1,1.0
gaertner,1,1,1.0
langenstroer,1,1,1.0
depomedroxyprogesterone,1,1,1.0
parikh,1,1,1.0
dalesio,1,1,1.0
generalist,1,1,1.0
boekhout,1,1,1.0
susini,1,1,1.0
bounous,1,1,1.0
willemse,1,1,1.0
buijs,1,1,1.0
404.e1,1,1,1.0
tham,1,1,1.0
hilsenbeck,1,1,1.0
mila,1,1,1.0
mcquellon,1,1,1.0
lovato,1,1,1.0
a-20,1,1,1.0
o'fallon,1,1,1.0
baclueva,1,1,1.0
tyldesley,1,1,1.0
dosani,1,1,1.0
varenhorst,1,1,1.0
rochefordière,1,1,1.0
maisonneuve,1,1,1.0
macis,1,1,1.0
c693,1,1,1.0
gome,1,1,1.0
schroth,1,1,1.0
lammer,1,1,1.0
bijl,1,1,1.0
looper,1,1,1.0
desta,1,1,1.0
n03c5,1,1,1.0
kurlan,1,1,1.0
guttuso,1,1,1.0
jarrar,1,1,1.0
respiration,1,1,1.0
nedstrand,1,1,1.0
wijma,1,1,1.0
idealization,1,1,1.0
duijts,1,1,1.0
ayer,1,1,1.0
hepatogastroenterology,1,1,1.0
eisenberger,1,1,1.0
nishiyama,1,1,1.0
vitolin,1,1,1.0
oba,1,1,1.0
mancan,1,1,1.0
grunfeld,1,1,1.0
stefanopoulou,1,1,1.0
ascende,1,1,1.0
cd001395,1,1,1.0
marjoribanks,1,1,1.0
lethaby,1,1,1.0
heikkilä,1,1,1.0
metsä,1,1,1.0
kilkkinen,1,1,1.0
nikander,1,1,1.0
germain,1,1,1.0
oestradiol,1,1,1.0
anastasius,1,1,1.0
enderlin,1,1,1.0
zareai,1,1,1.0
ziaei,1,1,1.0
quella,1,1,1.0
elkin,1,1,1.0
atema,1,1,1.0
burdette,1,1,1.0
n10c2,1,1,1.0
n08c7,1,1,1.0
terstreip,1,1,1.0
bolmsjö,1,1,1.0
agren,1,1,1.0
hypercholesterolemic,1,1,1.0
lemay,1,1,1.0
salloch,1,1,1.0
touillaud,1,1,1.0
vanstolk,1,1,1.0
antitumorigenic,1,1,1.0
preadipocyte,1,1,1.0
mäkelä,1,1,1.0
friede,1,1,1.0
osmer,1,1,1.0
salehi,1,1,1.0
gunnarsson,1,1,1.0
liljegren,1,1,1.0
altern,1,1,1.0
tcm,1,1,1.0
mjåland,1,1,1.0
hervik,1,1,1.0
schildmann,1,1,1.0
nobili,1,1,1.0
biasco,1,1,1.0
phyto,1,1,1.0
rotem,1,1,1.0
sinensis,1,1,1.0
angelica,1,1,1.0
somjen,1,1,1.0
agric,1,1,1.0
hr+/her-,1,1,1.0
-enriched,1,1,1.0
hr-,1,1,1.0
npcr,1,1,1.0
osimeritinib,1,1,1.0
alarcon,1,1,1.0
pinpointed,1,1,1.0
prescreening,1,1,1.0
envisions,1,1,1.0
stumbling,1,1,1.0
entrustment,1,1,1.0
acclimat,1,1,1.0
musti,1,1,1.0
razzini,1,1,1.0
lesi,1,1,1.0
marzban,1,1,1.0
fraud,1,1,1.0
bipoc,1,1,1.0
tatsuta,1,1,1.0
omh,1,1,1.0
vaughn,1,1,1.0
valdeoso,1,1,1.0
liefwalker,1,1,1.0
erve,1,1,1.0
cobran,1,1,1.0
zinzi,1,1,1.0
yeboa,1,1,1.0
anyane,1,1,1.0
adebola,1,1,1.0
cncr.27514,1,1,1.0
calculated,1,1,1.0
idaho,1,1,1.0
hirasawa,1,1,1.0
storyset,1,1,1.0
sampson,1,1,1.0
knoppert,1,1,1.0
vetting,1,1,1.0
analyzes,1,1,1.0
entrusted,1,1,1.0
schapira,1,1,1.0
alabama,1,1,1.0
jax,1,1,1.0
cshl,1,1,1.0
inline,1,1,1.0
pdmr,1,1,1.0
catalogue,1,1,1.0
quagmire,1,1,1.0
impost,1,1,1.0
hif-1β,1,1,1.0
peloton,1,1,1.0
eidinger,1,1,1.0
crook,1,1,1.0
arnt,1,1,1.0
meldrum,1,1,1.0
trzepacz,1,1,1.0
sentara,1,1,1.0
oklahoma,1,1,1.0
americans,1,1,1.0
plumer,1,1,1.0
taxi,1,1,1.0
rent,1,1,1.0
miscommunication,1,1,1.0
greensboro,1,1,1.0
heppner,1,1,1.0
sf2,1,1,1.0
asf,1,1,1.0
antune,1,1,1.0
theisen,1,1,1.0
gonçalve,1,1,1.0
gln1317,1,1,1.0
healthcast,1,1,1.0
govcio,1,1,1.0
bubb,1,1,1.0
novack,1,1,1.0
mth1,1,1,1.0
ogg1,1,1,1.0
ushijima,1,1,1.0
fujisawa,1,1,1.0
yanaru,1,1,1.0
bren,1,1,1.0
comprehensible,1,1,1.0
diagonal,1,1,1.0
isidro,1,1,1.0
finucane,1,1,1.0
miccoli,1,1,1.0
ladwig,1,1,1.0
g382d,1,1,1.0
gismondi,1,1,1.0
myh/,1,1,1.0
dolwani,1,1,1.0
steinke,1,1,1.0
caldés,1,1,1.0
giráldez,1,1,1.0
löfmark,1,1,1.0
html5,1,1,1.0
a1b,1,1,1.0
wasielewski,1,1,1.0
mourra,1,1,1.0
lefevre,1,1,1.0
pucciarelli,1,1,1.0
nascimbeni,1,1,1.0
larch,1,1,1.0
pizza,1,1,1.0
crabtree,1,1,1.0
494.e1,1,1,1.0
obligate,1,1,1.0
asmaa,1,1,1.0
r15s,1,1,1.0
furniss,1,1,1.0
ruibai,1,1,1.0
-2:00,1,1,1.0
rubenstein,1,1,1.0
microsurgery,1,1,1.0
thorium,1,1,1.0
thorotrast,1,1,1.0
wrn,1,1,1.0
bourneville,1,1,1.0
iochemistry,1,1,1.0
ccrig,1,1,1.0
-nci,1,1,1.0
rjohnso2,1,1,1.0
bussone,1,1,1.0
laghi,1,1,1.0
nih06,1,1,1.0
tur,1,1,1.0
quadruple,1,1,1.0
triple-,1,1,1.0
flux,1,1,1.0
cayetano,1,1,1.0
u.s.-lmic,1,1,1.0
sponsored,1,1,1.0
sprung,1,1,1.0
ntrap,1,1,1.0
divine,1,1,1.0
embody,1,1,1.0
gaining,1,1,1.0
rubric,1,1,1.0
troncale,1,1,1.0
ige,1,1,1.0
invigorate,1,1,1.0
thrill,1,1,1.0
esteemed,1,1,1.0
mccarten,1,1,1.0
phil,1,1,1.0
nerx,1,1,1.0
pawelczak,1,1,1.0
katie,1,1,1.0
reece,1,1,1.0
broadcast,1,1,1.0
kehinde,1,1,1.0
parra,1,1,1.0
enlightening,1,1,1.0
kalina,1,1,1.0
paint,1,1,1.0
hes3,1,1,1.0
m.d.–ph.d,1,1,1.0
thibodeau,1,1,1.0
herron,1,1,1.0
greenson,1,1,1.0
heredia,1,1,1.0
azacytadine,1,1,1.0
biking,1,1,1.0
vonjo,1,1,1.0
trisenox,1,1,1.0
rytelo,1,1,1.0
rubidomycin,1,1,1.0
vilar,1,1,1.0
pemazyre,1,1,1.0
peninsula,1,1,1.0
ojha,1,1,1.0
imkeldi,1,1,1.0
"premm1,2,6",1,1,1.0
grafapex,1,1,1.0
cytoxan,1,1,1.0
clafen,1,1,1.0
besremi,1,1,1.0
translatable,1,1,1.0
neurotechnologie,1,1,1.0
order,1,1,1.0
peruse,1,1,1.0
routing,1,1,1.0
cremin,1,1,1.0
multicellular,1,1,1.0
propertise,1,1,1.0
monzon,1,1,1.0
pouchet,1,1,1.0
nanodevice,1,1,1.0
avalon,1,1,1.0
spectroscopic,1,1,1.0
"premm1,2",1,1,1.0
moxie,1,1,1.0
e00397,1,1,1.0
copay,1,1,1.0
pin1,1,1,1.0
factored,1,1,1.0
breast01,1,1,1.0
dixon,1,1,1.0
kadcycla,1,1,1.0
dock,1,1,1.0
overexpresse,1,1,1.0
manufactured,1,1,1.0
culmination,1,1,1.0
recr,1,1,1.0
swath,1,1,1.0
fnih,1,1,1.0
enrollee,1,1,1.0
s1400,1,1,1.0
theragnostic,1,1,1.0
statewide,1,1,1.0
inhabitant,1,1,1.0
bonanza,1,1,1.0
onc201,1,1,1.0
spitz,1,1,1.0
subaru,1,1,1.0
esteller,1,1,1.0
domino,1,1,1.0
h2o,1,1,1.0
galera,1,1,1.0
e010293,1,1,1.0
orf95,1,1,1.0
manganese,1,1,1.0
bearable,1,1,1.0
fphar.2019.00851,1,1,1.0
//doi.org/10.3389,1,1,1.0
lui,1,1,1.0
rosty,1,1,1.0
slc35g5,1,1,1.0
muc21,1,1,1.0
plin4,1,1,1.0
nlrc5,1,1,1.0
traf3,1,1,1.0
zfhx4,1,1,1.0
szentirmay,1,1,1.0
hossain,1,1,1.0
cheuk,1,1,1.0
dorfman,1,1,1.0
lymphadenitis,1,1,1.0
papp,1,1,1.0
c11,1,1,1.0
schowalter,1,1,1.0
kontny,1,1,1.0
rumilla,1,1,1.0
chapelle,1,1,1.0
metastases‒free,1,1,1.0
partitioning,1,1,1.0
gear,1,1,1.0
colevas,1,1,1.0
lagerstedt,1,1,1.0
gioacchini,1,1,1.0
baudhuin,1,1,1.0
castell,1,1,1.0
piñol,1,1,1.0
ladabaum,1,1,1.0
paradise,1,1,1.0
pearl,1,1,1.0
vwy,1,1,1.0
impede,1,1,1.0
vierimaa,1,1,1.0
e27469,1,1,1.0
e27990,1,1,1.0
uezono,1,1,1.0
franzen,1,1,1.0
römer,1,1,1.0
marguet,1,1,1.0
majed,1,1,1.0
ribassin,1,1,1.0
kumachev,1,1,1.0
buter,1,1,1.0
patte,1,1,1.0
özyar,1,1,1.0
e29018,1,1,1.0
surun,1,1,1.0
torm,1,1,1.0
brighten,1,1,1.0
ridanpää,1,1,1.0
couchj,1,1,1.0
mib,1,1,1.0
bor,1,1,1.0
trafficking,1,1,1.0
beckersteven,1,1,1.0
nsd3,1,1,1.0
brd3,1,1,1.0
loda,1,1,1.0
kate,1,1,1.0
jop1800092,1,1,1.0
rf1,1,1,1.0
r29,1,1,1.0
r23,1,1,1.0
gazzoli,1,1,1.0
colloquium,1,1,1.0
sackl,1,1,1.0
cuban,1,1,1.0
samoa,1,1,1.0
subcontinent,1,1,1.0
tribal,1,1,1.0
simplest,1,1,1.0
pastore,1,1,1.0
friederike,1,1,1.0
cytogeneticist,1,1,1.0
bittle,1,1,1.0
capturing,1,1,1.0
aian,1,1,1.0
donut,1,1,1.0
hydrocephalus,1,1,1.0
roca,1,1,1.0
blackish,1,1,1.0
greenish,1,1,1.0
whitish,1,1,1.0
antelo,1,1,1.0
saclike,1,1,1.0
bekker,1,1,1.0
hook,1,1,1.0
galactography,1,1,1.0
speck,1,1,1.0
caffee,1,1,1.0
macrocalcification,1,1,1.0
jagged,1,1,1.0
pucker,1,1,1.0
tricarico,1,1,1.0
darkening,1,1,1.0
shike,1,1,1.0
-conducted,1,1,1.0
ncinctndataarchive,1,1,1.0
collegiality,1,1,1.0
athletic,1,1,1.0
poised,1,1,1.0
comet,1,1,1.0
lcis,1,1,1.0
melillo,1,1,1.0
palomaki,1,1,1.0
sclerosing,1,1,1.0
registered,1,1,1.0
acog,1,1,1.0
bxq350,1,1,1.0
bulletins,1,1,1.0
dimpled,1,1,1.0
mealtime,1,1,1.0
aroma,1,1,1.0
deodorizer,1,1,1.0
jam,1,1,1.0
rehearse,1,1,1.0
annoyance,1,1,1.0
nonsmoking,1,1,1.0
heidelbaugh,1,1,1.0
tempting,1,1,1.0
relieved,1,1,1.0
axilbund,1,1,1.0
liou,1,1,1.0
edgy,1,1,1.0
celery,1,1,1.0
pickle,1,1,1.0
subside,1,1,1.0
glassman,1,1,1.0
nicotinic,1,1,1.0
salas,1,1,1.0
biasi,1,1,1.0
hatsukami,1,1,1.0
electrostimulation,1,1,1.0
targeting,1,1,1.0
zyban,1,1,1.0
chantix,1,1,1.0
varenicline,1,1,1.0
inhal,1,1,1.0
vandrovcova,1,1,1.0
shia,1,1,1.0
middha,1,1,1.0
chewed,1,1,1.0
vivid,1,1,1.0
nanoliposomal,1,1,1.0
claus,1,1,1.0
coerce,1,1,1.0
adar,1,1,1.0
cd000009,1,1,1.0
rampe,1,1,1.0
cd000146,1,1,1.0
bullen,1,1,1.0
chepkin,1,1,1.0
boyce,1,1,1.0
cd006219,1,1,1.0
lycett,1,1,1.0
hajek,1,1,1.0
farley,1,1,1.0
stetner,1,1,1.0
lockman,1,1,1.0
herpesvirus-8,1,1,1.0
myoo,1,1,1.0
tolsonk,1,1,1.0
disallowance,1,1,1.0
kirschstein,1,1,1.0
phs2271,1,1,1.0
reappointment,1,1,1.0
redistribution,1,1,1.0
a.3,1,1,1.0
versa,1,1,1.0
preceptor,1,1,1.0
qualify,1,1,1.0
fillable,1,1,1.0
m.d.-ph.d,1,1,1.0
axl,1,1,1.0
igf-1,1,1,1.0
tik,1,1,1.0
tak,1,1,1.0
stayr,1,1,1.0
supervisory,1,1,1.0
helmer,1,1,1.0
leatherman,1,1,1.0
factsheet,1,1,1.0
foundationfocus,1,1,1.0
ursula,1,1,1.0
rubraca,1,1,1.0
stellar,1,1,1.0
intralesional,1,1,1.0
plesec,1,1,1.0
sonja,1,1,1.0
kshv,1,1,1.0
hhv-8,1,1,1.0
quiescence,1,1,1.0
dineen,1,1,1.0
beamer,1,1,1.0
hsppc,1,1,1.0
reexamine,1,1,1.0
shaping,1,1,1.0
collimator,1,1,1.0
superposition,1,1,1.0
collimation,1,1,1.0
wexner,1,1,1.0
semispherical,1,1,1.0
sadeghi,1,1,1.0
gradient,1,1,1.0
innumerable,1,1,1.0
barzi,1,1,1.0
juh,1,1,1.0
boadicea,1,1,1.0
brcapro,1,1,1.0
61–70,1,1,1.0
51–60,1,1,1.0
grob,1,1,1.0
montserrat,1,1,1.0
tessssa13,1,1,1.0
overtreat,1,1,1.0
mibc,1,1,1.0
cbe,1,1,1.0
fibroepithelial,1,1,1.0
lisinopril,1,1,1.0
atorvastatin,1,1,1.0
control,1,1,1.0
worthley,1,1,1.0
mutator,1,1,1.0
taleghani,1,1,1.0
sovereign,1,1,1.0
engraft,1,1,1.0
lescoe,1,1,1.0
fishel,1,1,1.0
runny,1,1,1.0
bakery,1,1,1.0
plating,1,1,1.0
carpentry,1,1,1.0
sawmill,1,1,1.0
furniture,1,1,1.0
nostril,1,1,1.0
homologue,1,1,1.0
bronn,1,1,1.0
forehead,1,1,1.0
bennette,1,1,1.0
senokot,1,1,1.0
gallego,1,1,1.0
correctol,1,1,1.0
colace,1,1,1.0
zabora,1,1,1.0
laduca,1,1,1.0
galek,1,1,1.0
mako,1,1,1.0
granot,1,1,1.0
sydnor,1,1,1.0
bowie,1,1,1.0
espenschied,1,1,1.0
chairing,1,1,1.0
romocki,1,1,1.0
nasrabadi,1,1,1.0
yekta,1,1,1.0
fervor,1,1,1.0
nonspiritual,1,1,1.0
borra,1,1,1.0
denomination,1,1,1.0
kaldate,1,1,1.0
ramsoekh,1,1,1.0
propriety,1,1,1.0
piety,1,1,1.0
krüger,1,1,1.0
plaschke,1,1,1.0
duckro,1,1,1.0
videen,1,1,1.0
carer,1,1,1.0
hanlonse,1,1,1.0
quehenberger,1,1,1.0
naj,1,1,1.0
mauger,1,1,1.0
acklin,1,1,1.0
nciofficeoftheddm,1,1,1.0
buffering,1,1,1.0
indigent,1,1,1.0
benevolent,1,1,1.0
plazzer,1,1,1.0
vasen,1,1,1.0
marra,1,1,1.0
polygene,1,1,1.0
zinnbauer,1,1,1.0
unfathomable,1,1,1.0
fathom,1,1,1.0
nciowd,1,1,1.0
awe,1,1,1.0
mystical,1,1,1.0
charbonneau,1,1,1.0
gall,1,1,1.0
brockopp,1,1,1.0
cannady,1,1,1.0
dyadic,1,1,1.0
afifi,1,1,1.0
enforce,1,1,1.0
mccoubrie,1,1,1.0
werelius,1,1,1.0
tannergård,1,1,1.0
lindblom,1,1,1.0
kemper,1,1,1.0
transactional,1,1,1.0
laubmei,1,1,1.0
gałuszko,1,1,1.0
janiszewska,1,1,1.0
onboard,1,1,1.0
path_mmr,1,1,1.0
ritualized,1,1,1.0
observant,1,1,1.0
variance,1,1,1.0
orient,1,1,1.0
nciethic,1,1,1.0
senter,1,1,1.0
broach,1,1,1.0
schaal,1,1,1.0
rumman,1,1,1.0
plevak,1,1,1.0
trinkaus,1,1,1.0
bernardo,1,1,1.0
luz,1,1,1.0
fernsler,1,1,1.0
targ,1,1,1.0
dillinger,1,1,1.0
babar,1,1,1.0
kates,1,1,1.0
facilitation,1,1,1.0
defensive,1,1,1.0
sikh,1,1,1.0
hindu,1,1,1.0
theological,1,1,1.0
borneman,1,1,1.0
tisak,1,1,1.0
canada,1,1,1.0
menigatti,1,1,1.0
meador,1,1,1.0
parkerson,1,1,1.0
truninger,1,1,1.0
changur,1,1,1.0
thrombocythemia,1,1,1.0
jagmohan,1,1,1.0
feh,1,1,1.0
inspector,1,1,1.0
corporate,1,1,1.0
florida,1,1,1.0
appointee,1,1,1.0
raffin,1,1,1.0
sinclair,1,1,1.0
autoethnographic,1,1,1.0
spirituality-,1,1,1.0
breitbart,1,1,1.0
edmond,1,1,1.0
christianity,1,1,1.0
antle,1,1,1.0
peterlongo,1,1,1.0
tytell,1,1,1.0
kolodner,1,1,1.0
1455delaatg,1,1,1.0
c.1452,1,1,1.0
e34,1,1,1.0
honorary,1,1,1.0
nci_omb_clearance,1,1,1.0
modena,1,1,1.0
to-49,1,1,1.0
economical,1,1,1.0
gpo,1,1,1.0
accountant,1,1,1.0
iedison,1,1,1.0
edison,1,1,1.0
u2c,1,1,1.0
cordisco,1,1,1.0
lucci,1,1,1.0
gregorio,1,1,1.0
caluseriu,1,1,1.0
weissenbach,1,1,1.0
ncirecordsmgmtofficer,1,1,1.0
moisio,1,1,1.0
alu,1,1,1.0
lahti,1,1,1.0
snyder,1,1,1.0
kampman,1,1,1.0
voskuil,1,1,1.0
mono,1,1,1.0
piozzi,1,1,1.0
signoroni,1,1,1.0
gulden,1,1,1.0
nciriskmanagement,1,1,1.0
roentgen,1,1,1.0
wilhelm,1,1,1.0
halsted,1,1,1.0
rudolph,1,1,1.0
sweep,1,1,1.0
kocher,1,1,1.0
pott,1,1,1.0
percivall,1,1,1.0
affliction,1,1,1.0
ncioefia,1,1,1.0
algorri,1,1,1.0
nciobfinquirie,1,1,1.0
wernhoff,1,1,1.0
nilbert,1,1,1.0
valentin,1,1,1.0
wynder,1,1,1.0
mustard,1,1,1.0
aminopterin,1,1,1.0
huggin,1,1,1.0
charles,1,1,1.0
keynes,1,1,1.0
geoffrey,1,1,1.0
dominguez,1,1,1.0
yamagiwa,1,1,1.0
katsusaburo,1,1,1.0
baze,1,1,1.0
peyton,1,1,1.0
boveri,1,1,1.0
theodor,1,1,1.0
tor,1,1,1.0
polonium,1,1,1.0
ponsegromab,1,1,1.0
successor,1,1,1.0
welireg,1,1,1.0
lumakras,1,1,1.0
connects,1,1,1.0
dermatopathol,1,1,1.0
mertansine,1,1,1.0
cerna,1,1,1.0
lamberti,1,1,1.0
rütten,1,1,1.0
avian,1,1,1.0
stehelin,1,1,1.0
dominique,1,1,1.0
freireich,1,1,1.0
fidalgo,1,1,1.0
evart,1,1,1.0
suspiro,1,1,1.0
f.220,1,1,1.0
overlapping,1,1,1.0
terminate,1,1,1.0
division,1,1,1.0
scd,1,1,1.0
drph,1,1,1.0
candidacy,1,1,1.0
unsolicited,1,1,1.0
translating,1,1,1.0
nci_contract,1,1,1.0
crash,1,1,1.0
carg,1,1,1.0
pester,1,1,1.0
borelli,1,1,1.0
bartuma,1,1,1.0
mcbrayer,1,1,1.0
daphne,1,1,1.0
indebted,1,1,1.0
ketabi,1,1,1.0
miralax,1,1,1.0
broaddus,1,1,1.0
mioara,1,1,1.0
crs,1,1,1.0
dwell,1,1,1.0
throwing,1,1,1.0
paywall,1,1,1.0
common,1,1,1.0
ncitechtransfer,1,1,1.0
mcgaughran,1,1,1.0
f.500,1,1,1.0
f.430,1,1,1.0
potted,1,1,1.0
seizing,1,1,1.0
heinimann,1,1,1.0
montgomery,1,1,1.0
bosnian,1,1,1.0
nciosfmmailbox,1,1,1.0
rig,1,1,1.0
recruiter,1,1,1.0
fireman,1,1,1.0
dunlop,1,1,1.0
adenomyosis,1,1,1.0
pedroni,1,1,1.0
pnnl,1,1,1.0
batchelor,1,1,1.0
tracy,1,1,1.0
losi,1,1,1.0
gang,1,1,1.0
secretes,1,1,1.0
caughey,1,1,1.0
enterica,1,1,1.0
chute,1,1,1.0
biodefense,1,1,1.0
typhimurium,1,1,1.0
veterinarian,1,1,1.0
combating,1,1,1.0
lucrative,1,1,1.0
immunologists,1,1,1.0
ikoma,1,1,1.0
pastime,1,1,1.0
overdo,1,1,1.0
photography,1,1,1.0
ailment,1,1,1.0
lingsma,1,1,1.0
capelle,1,1,1.0
htapp,1,1,1.0
miti,1,1,1.0
nirmal,1,1,1.0
exaflop,1,1,1.0
totality,1,1,1.0
eci,1,1,1.0
chittiboina,1,1,1.0
lamba,1,1,1.0
director,1,1,1.0
nciclinicaltrialsinnovationunit,1,1,1.0
auto,1,1,1.0
mega,1,1,1.0
friedrichs,1,1,1.0
leaky,1,1,1.0
rahner,1,1,1.0
mangold,1,1,1.0
trailblazer,1,1,1.0
cio,1,1,1.0
brid,1,1,1.0
nciptm22,1,1,1.0
tavakkol,1,1,1.0
participating,1,1,1.0
enulose,1,1,1.0
brohet,1,1,1.0
877–658–8896,1,1,1.0
800–658–8898,1,1,1.0
wallet,1,1,1.0
respirator,1,1,1.0
abdirahman,1,1,1.0
neeraj,1,1,1.0
nceh,1,1,1.0
cdcinfo,1,1,1.0
mustonen,1,1,1.0
launchpad,1,1,1.0
bjerkne,1,1,1.0
gallinger,1,1,1.0
sriram,1,1,1.0
mateo,1,1,1.0
overactivated,1,1,1.0
r27,1,1,1.0
harkness,1,1,1.0
firmness,1,1,1.0
milliken,1,1,1.0
shell,1,1,1.0
renaissance,1,1,1.0
chromosome-,1,1,1.0
intuition,1,1,1.0
sunde,1,1,1.0
adrasti,1,1,1.0
chemoproteomic,1,1,1.0
negoi,1,1,1.0
bradshaw,1,1,1.0
brough,1,1,1.0
ocamchat23,1,1,1.0
aai,1,1,1.0
pcamchat24,1,1,1.0
territorial,1,1,1.0
lakind,1,1,1.0
naiman,1,1,1.0
hhe,1,1,1.0
hherequesthelp,1,1,1.0
513–841–4382,1,1,1.0
sixth-,1,1,1.0
umb,1,1,1.0
monahan,1,1,1.0
arredondo,1,1,1.0
elva,1,1,1.0
ca19,1,1,1.0
lowy,1,1,1.0
vaccinology,1,1,1.0
overheard,1,1,1.0
meatchi,1,1,1.0
orserdu,1,1,1.0
dihydrochloride,1,1,1.0
elahere,1,1,1.0
deia,1,1,1.0
cellier,1,1,1.0
lecomte,1,1,1.0
keith,1,1,1.0
lysosomal,1,1,1.0
hynes,1,1,1.0
nind,1,1,1.0
declerck,1,1,1.0
plymate,1,1,1.0
bissell,1,1,1.0
mina,1,1,1.0
par-11,1,1,1.0
par-09,1,1,1.0
ca06,1,1,1.0
azedra,1,1,1.0
galvanized,1,1,1.0
ladelund,1,1,1.0
hairdresser,1,1,1.0
aspiring,1,1,1.0
ibta,1,1,1.0
preclinic,1,1,1.0
hayden,1,1,1.0
haitsma,1,1,1.0
steatolic,1,1,1.0
wegen,1,1,1.0
dysbiosis,1,1,1.0
microenviroment,1,1,1.0
dolore,1,1,1.0
kornelia,1,1,1.0
gabriele,1,1,1.0
batra,1,1,1.0
shiozawa,1,1,1.0
yusuke,1,1,1.0
collán,1,1,1.0
flaherty,1,1,1.0
lorillard,1,1,1.0
deception,1,1,1.0
aktán,1,1,1.0
licensing,1,1,1.0
ttc,1,1,1.0
sheth,1,1,1.0
retail,1,1,1.0
hruban,1,1,1.0
harinck,1,1,1.0
anowarul.amin,1,1,1.0
feat,1,1,1.0
unsubsidized,1,1,1.0
sleiman,1,1,1.0
nonwhite,1,1,1.0
bigger,1,1,1.0
alana,1,1,1.0
obtaining,1,1,1.0
hrabe,1,1,1.0
tonsillar,1,1,1.0
farha,1,1,1.0
elesclomol,1,1,1.0
vizome,1,1,1.0
schmeler,1,1,1.0
complacent,1,1,1.0
dhaka,1,1,1.0
boomerang,1,1,1.0
forestall,1,1,1.0
distort,1,1,1.0
bützow,1,1,1.0
30-,1,1,1.0
kessler,1,1,1.0
gladys,1,1,1.0
agostinelli,1,1,1.0
ramsdale,1,1,1.0
helenowski,1,1,1.0
28a,1,1,1.0
pepa,1,1,1.0
cavaliere,1,1,1.0
goff,1,1,1.0
subcranial,1,1,1.0
bok,1,1,1.0
nonlymphocytic,1,1,1.0
commensurate,1,1,1.0
aem,1,1,1.0
edwin,1,1,1.0
up†,1,1,1.0
stjepanovic,1,1,1.0
ttuhsc,1,1,1.0
gavane,1,1,1.0
pekka,1,1,1.0
pinnix,1,1,1.0
milgrom,1,1,1.0
akhtari,1,1,1.0
rodríguez,1,1,1.0
versari,1,1,1.0
cottereau,1,1,1.0
a-118,1,1,1.0
dh0607,1,1,1.0
synchrotron,1,1,1.0
hiatt,1,1,1.0
e479,1,1,1.0
e467,1,1,1.0
stracqualursi,1,1,1.0
llp,1,1,1.0
sundquist,1,1,1.0
thomsen,1,1,1.0
dusebout,1,1,1.0
cannom,1,1,1.0
aisenberg,1,1,1.0
swap,1,1,1.0
hd12,1,1,1.0
churn,1,1,1.0
kohnhorst,1,1,1.0
busken,1,1,1.0
hapgood,1,1,1.0
hartridge,1,1,1.0
galaly,1,1,1.0
cirillo,1,1,1.0
probl,1,1,1.0
gelincik,1,1,1.0
lavoie,1,1,1.0
sparidans,1,1,1.0
uribe,1,1,1.0
neppelenbroek,1,1,1.0
croghan,1,1,1.0
roedler,1,1,1.0
wahner,1,1,1.0
hannun,1,1,1.0
allerton,1,1,1.0
ouakrim,1,1,1.0
mchugh,1,1,1.0
ait,1,1,1.0
movahedi,1,1,1.0
paus,1,1,1.0
pluetschow,1,1,1.0
elsaleh,1,1,1.0
yusuf,1,1,1.0
caterino,1,1,1.0
øvlisen,1,1,1.0
lambertini,1,1,1.0
dechene,1,1,1.0
racape,1,1,1.0
haidar,1,1,1.0
alv,1,1,1.0
weibull,1,1,1.0
kurdi,1,1,1.0
remedio,1,1,1.0
a-877,1,1,1.0
stang,1,1,1.0
fancy,1,1,1.0
valagussa,1,1,1.0
vancouver,1,1,1.0
abrahamsen,1,1,1.0
reintegration,1,1,1.0
schimpff,1,1,1.0
friedlaender,1,1,1.0
prosnitz,1,1,1.0
rizk,1,1,1.0
galper,1,1,1.0
haaksma,1,1,1.0
ncri,1,1,1.0
ramroth,1,1,1.0
e492,1,1,1.0
nitrosoguanidine,1,1,1.0
n'-nitro,1,1,1.0
fluff,1,1,1.0
heidenreich,1,1,1.0
petacc-3,1,1,1.0
index-2,1,1,1.0
delorenzi,1,1,1.0
intervertebral,1,1,1.0
t5/6,1,1,1.0
hubner,1,1,1.0
popat,1,1,1.0
koopman,1,1,1.0
curtin,1,1,1.0
klimm,1,1,1.0
craver,1,1,1.0
cd45,1,1,1.0
reeves,1,1,1.0
lipman,1,1,1.0
cd45-,1,1,1.0
waite,1,1,1.0
cd15,1,1,1.0
gvd,1,1,1.0
4dn,1,1,1.0
ludford,1,1,1.0
upshaw,1,1,1.0
i54,1,1,1.0
carrington,1,1,1.0
keizer,1,1,1.0
osteen,1,1,1.0
lymphangiography,1,1,1.0
kaude,1,1,1.0
urba,1,1,1.0
franceschetto,1,1,1.0
crowther,1,1,1.0
lister,1,1,1.0
kym,1,1,1.0
renting,1,1,1.0
higgs,1,1,1.0
pfreundschuh,1,1,1.0
dühmke,1,1,1.0
e12,1,1,1.0
herst,1,1,1.0
fixing,1,1,1.0
bordoni,1,1,1.0
friedberg,1,1,1.0
housekeeping,1,1,1.0
ageo,1,1,1.0
chop-21,1,1,1.0
delabie,1,1,1.0
nome,1,1,1.0
kolstad,1,1,1.0
trouilloud,1,1,1.0
mouillet,1,1,1.0
stepanishyna,1,1,1.0
illidge,1,1,1.0
tougeron,1,1,1.0
nebel,1,1,1.0
pyrrhic,1,1,1.0
takvorian,1,1,1.0
backstrand,1,1,1.0
h10f,1,1,1.0
omitting,1,1,1.0
juggling,1,1,1.0
sinicrope,1,1,1.0
nct00736320,1,1,1.0
sargent,1,1,1.0
ribic,1,1,1.0
kieloch,1,1,1.0
boudeau,1,1,1.0
jenne,1,1,1.0
integrating,1,1,1.0
0.23–1.21,1,1,1.0
murday,1,1,1.0
digit,1,1,1.0
nct01356680,1,1,1.0
hiou,1,1,1.0
1.5–7.6,1,1,1.0
nct01399931,1,1,1.0
nct00002561,1,1,1.0
brouste,1,1,1.0
efrt,1,1,1.0
hager,1,1,1.0
bubien,1,1,1.0
lunetta,1,1,1.0
demon,1,1,1.0
breslin,1,1,1.0
163c,1,1,1.0
glatstein,1,1,1.0
dockter,1,1,1.0
digitization,1,1,1.0
girinsky,1,1,1.0
cd007110,1,1,1.0
skoetz,1,1,1.0
rehan,1,1,1.0
herbst,1,1,1.0
lagerlöf,1,1,1.0
opathie,1,1,1.0
-groupe,1,1,1.0
phosphoinositol-3,1,1,1.0
neelapu,1,1,1.0
tresckow,1,1,1.0
rutherford,1,1,1.0
nivolumab+avd,1,1,1.0
alekseev,1,1,1.0
danecka,1,1,1.0
długosz,1,1,1.0
mccoll,1,1,1.0
chhanabhai,1,1,1.0
donaldson,1,1,1.0
veale,1,1,1.0
nct00822120,1,1,1.0
shadman,1,1,1.0
sabripour,1,1,1.0
nct01712490,1,1,1.0
ffp,1,1,1.0
lkb1+/-p53-/-,1,1,1.0
e2496,1,1,1.0
carde,1,1,1.0
carcinomas,1,1,1.0
bellei,1,1,1.0
chisesi,1,1,1.0
rambaldi,1,1,1.0
adenomas,1,1,1.0
pasquini,1,1,1.0
dei,1,1,1.0
studio,1,1,1.0
hd2000,1,1,1.0
cec,1,1,1.0
iannitto,1,1,1.0
miyoshi,1,1,1.0
-carcinoma,1,1,1.0
davidoff,1,1,1.0
a-624,1,1,1.0
‒25,1,1,1.0
tolerated,1,1,1.0
hamartoma-,1,1,1.0
mehenni,1,1,1.0
5.7–8.8,1,1,1.0
trotman,1,1,1.0
dietlein,1,1,1.0
hd0607,1,1,1.0
podratz,1,1,1.0
brosteanu,1,1,1.0
srivatsa,1,1,1.0
casasnovas,1,1,1.0
tirelli,1,1,1.0
h34,1,1,1.0
bologna,1,1,1.0
cliche,1,1,1.0
lesokhin,1,1,1.0
ansell,1,1,1.0
keynote-087,1,1,1.0
correctness,1,1,1.0
convening,1,1,1.0
keynote-204,1,1,1.0
kadauke,1,1,1.0
stance,1,1,1.0
dahdaleh,1,1,1.0
arcediano,1,1,1.0
carbonero,1,1,1.0
bonfante,1,1,1.0
laish,1,1,1.0
galil,1,1,1.0
nct01100502,1,1,1.0
chemosensitive,1,1,1.0
ambinder,1,1,1.0
petel,1,1,1.0
e23,1,1,1.0
nieto,1,1,1.0
lue,1,1,1.0
haemorrhagic,1,1,1.0
bociek,1,1,1.0
walewski,1,1,1.0
repetto,1,1,1.0
finel,1,1,1.0
gallione,1,1,1.0
bazarbachi,1,1,1.0
sgn-35,1,1,1.0
mei,1,1,1.0
macfarland,1,1,1.0
borrello,1,1,1.0
peggs,1,1,1.0
sulu,1,1,1.0
pintilie,1,1,1.0
gajewski,1,1,1.0
pearce,1,1,1.0
aytac,1,1,1.0
h96,1,1,1.0
morschhauser,1,1,1.0
diviné,1,1,1.0
zelenetz,1,1,1.0
matasar,1,1,1.0
alk3,1,1,1.0
gayoso,1,1,1.0
vitolo,1,1,1.0
tarella,1,1,1.0
piantadosi,1,1,1.0
barcos,1,1,1.0
tourani,1,1,1.0
cave,1,1,1.0
kushlan,1,1,1.0
harker,1,1,1.0
perales,1,1,1.0
peritransplantation,1,1,1.0
poen,1,1,1.0
sibley,1,1,1.0
cd009411,1,1,1.0
rancea,1,1,1.0
pfistner,1,1,1.0
dreger,1,1,1.0
stavrik,1,1,1.0
genadieva,1,1,1.0
chimera,1,1,1.0
rauf,1,1,1.0
schlembach,1,1,1.0
nlp,1,1,1.0
flerlage,1,1,1.0
lehtonen,1,1,1.0
brillant,1,1,1.0
haverkamp,1,1,1.0
vornhagen,1,1,1.0
shimabukuro,1,1,1.0
rebiopsy,1,1,1.0
cvp,1,1,1.0
epitrochlear,1,1,1.0
nonbulky,1,1,1.0
highfill,1,1,1.0
uematsu,1,1,1.0
specht,1,1,1.0
antiresorptive,1,1,1.0
xgeva,1,1,1.0
marvin,1,1,1.0
montoto,1,1,1.0
akhtar,1,1,1.0
schröder,1,1,1.0
abstention,1,1,1.0
lacombe,1,1,1.0
macon,1,1,1.0
kenderian,1,1,1.0
gascoyne,1,1,1.0
cheah,1,1,1.0
skinnider,1,1,1.0
aster,1,1,1.0
colby,1,1,1.0
ilrog,1,1,1.0
blackberry,1,1,1.0
blueberry,1,1,1.0
arte,1,1,1.0
dismissive,1,1,1.0
conceal,1,1,1.0
dialog,1,1,1.0
lammi,1,1,1.0
homeopathy,1,1,1.0
klax,1,1,1.0
neh,1,1,1.0
timepoint,1,1,1.0
gog,1,1,1.0
embark,1,1,1.0
cesar,1,1,1.0
innsbruck,1,1,1.0
vibert,1,1,1.0
cimino,1,1,1.0
p.j,1,1,1.0
weingarten,1,1,1.0
michael,1,1,1.0
gccs,1,1,1.0
bpc,1,1,1.0
steppingstone,1,1,1.0
leclerc,1,1,1.0
rad23,1,1,1.0
neuroaid,1,1,1.0
sunflower,1,1,1.0
pumpkin,1,1,1.0
ragoonanan,1,1,1.0
jelsig,1,1,1.0
kale,1,1,1.0
lettuce,1,1,1.0
elsawy,1,1,1.0
chubb,1,1,1.0
1.8–4.1,1,1,1.0
broderick,1,1,1.0
leulliot,1,1,1.0
rheumatologic,1,1,1.0
hypoglycemic,1,1,1.0
prolapse,1,1,1.0
flutter,1,1,1.0
hamzaoui,1,1,1.0
mulero,1,1,1.0
mur,1,1,1.0
briggs,1,1,1.0
denu,1,1,1.0
blay,1,1,1.0
yve,1,1,1.0
cazi,1,1,1.0
postvaccine,1,1,1.0
perkey,1,1,1.0
migliorini,1,1,1.0
postallogeneic,1,1,1.0
bychkovsky,1,1,1.0
cidofovir,1,1,1.0
e528,1,1,1.0
ganciclovir,1,1,1.0
e508,1,1,1.0
uson,1,1,1.0
confess,1,1,1.0
huzarski,1,1,1.0
changed,1,1,1.0
deluge,1,1,1.0
bat,1,1,1.0
sinusoid,1,1,1.0
typhoid,1,1,1.0
cholera,1,1,1.0
opv,1,1,1.0
fixation,1,1,1.0
shingle,1,1,1.0
trivalent,1,1,1.0
intranasal,1,1,1.0
tbe,1,1,1.0
tick,1,1,1.0
rabie,1,1,1.0
pox,1,1,1.0
seasonal,1,1,1.0
ipv,1,1,1.0
inquisitive,1,1,1.0
hepb,1,1,1.0
fierce,1,1,1.0
jaeger,1,1,1.0
sánchez,1,1,1.0
perea,1,1,1.0
taupin,1,1,1.0
terradas,1,1,1.0
luque,1,1,1.0
mejías,1,1,1.0
antithrombin,1,1,1.0
transjugular,1,1,1.0
fibrinolytic,1,1,1.0
antithrombotic,1,1,1.0
heparin,1,1,1.0
ascites,1,1,1.0
consumptive,1,1,1.0
hitchens,1,1,1.0
hhn,1,1,1.0
chimerism,1,1,1.0
e66705,1,1,1.0
crockett,1,1,1.0
egoavil,1,1,1.0
juárez,1,1,1.0
guarinos,1,1,1.0
cerón,1,1,1.0
lavage,1,1,1.0
nonlobar,1,1,1.0
hazewinkel,1,1,1.0
rainville,1,1,1.0
suppressant,1,1,1.0
≥uln,1,1,1.0
sc5b-9,1,1,1.0
≥90,1,1,1.0
pbscs,1,1,1.0
mabey,1,1,1.0
admirer,1,1,1.0
myeloablation,1,1,1.0
veress,1,1,1.0
alloreactive,1,1,1.0
tsuda,1,1,1.0
stroller,1,1,1.0
tnfr1,1,1,1.0
dacosta,1,1,1.0
erythroderma,1,1,1.0
6.1–15,1,1,1.0
20–30,1,1,1.0
5–7,1,1,1.0
"1,000–1,500",1,1,1.0
3.1–6,1,1,1.0
niederhuber,1,1,1.0
suitcase,1,1,1.0
waxman,1,1,1.0
saitoh,1,1,1.0
s53,1,1,1.0
antin,1,1,1.0
democratization,1,1,1.0
hitchen,1,1,1.0
nonimmune,1,1,1.0
cd45ra,1,1,1.0
debating,1,1,1.0
milanzi,1,1,1.0
biller,1,1,1.0
ikegami,1,1,1.0
fresenius,1,1,1.0
muller,1,1,1.0
e44,1,1,1.0
187.e1,1,1,1.0
viremia,1,1,1.0
wychera,1,1,1.0
sivaprakasam,1,1,1.0
hiwarkar,1,1,1.0
zama,1,1,1.0
baccelli,1,1,1.0
var,1,1,1.0
e135,1,1,1.0
e127,1,1,1.0
pilorge,1,1,1.0
zinter,1,1,1.0
ce1,1,1,1.0
rr-10,1,1,1.0
rangiah,1,1,1.0
triplett,1,1,1.0
bsbmt,1,1,1.0
bcsh,1,1,1.0
hadzic,1,1,1.0
second-,1,1,1.0
remes,1,1,1.0
santomasso,1,1,1.0
mohty,1,1,1.0
beschorner,1,1,1.0
solicit,1,1,1.0
bearman,1,1,1.0
talenti,1,1,1.0
sakamoto,1,1,1.0
welsh,1,1,1.0
bia,1,1,1.0
bsbmtct,1,1,1.0
pdwp,1,1,1.0
elfeky,1,1,1.0
svec,1,1,1.0
e168,1,1,1.0
e163,1,1,1.0
chromocolonoscopy,1,1,1.0
dandoy,1,1,1.0
lammert,1,1,1.0
goebel,1,1,1.0
auletta,1,1,1.0
ovchinsky,1,1,1.0
mahadeo,1,1,1.0
rps,1,1,1.0
bajwa,1,1,1.0
e345,1,1,1.0
e333,1,1,1.0
hüneburg,1,1,1.0
brooker,1,1,1.0
parlier,1,1,1.0
haemolytic,1,1,1.0
eastlund,1,1,1.0
e28591,1,1,1.0
koo,1,1,1.0
koning,1,1,1.0
langenhorst,1,1,1.0
kantrow,1,1,1.0
601.e13,1,1,1.0
601.e1,1,1,1.0
geth,1,1,1.0
coron,1,1,1.0
rhun,1,1,1.0
iewp,1,1,1.0
nonpolypoid,1,1,1.0
styczynski,1,1,1.0
kaltenbach,1,1,1.0
kuehnle,1,1,1.0
blaes,1,1,1.0
defor,1,1,1.0
brunstein,1,1,1.0
blpd,1,1,1.0
gerritsen,1,1,1.0
osteopetrosis,1,1,1.0
nasereddin,1,1,1.0
schejter,1,1,1.0
e29410,1,1,1.0
berbert,1,1,1.0
hillier,1,1,1.0
buxbaum,1,1,1.0
ueda,1,1,1.0
langholz,1,1,1.0
pepe,1,1,1.0
soetikno,1,1,1.0
storb,1,1,1.0
nune,1,1,1.0
luznik,1,1,1.0
kapoor,1,1,1.0
özbek,1,1,1.0
srinagesh,1,1,1.0
braun,1,1,1.0
przepiorka,1,1,1.0
ferrara,1,1,1.0
helbig,1,1,1.0
bollard,1,1,1.0
tridello,1,1,1.0
nierken,1,1,1.0
wolschke,1,1,1.0
bethge,1,1,1.0
schmoor,1,1,1.0
mcguirk,1,1,1.0
furlong,1,1,1.0
tóth,1,1,1.0
dependability,1,1,1.0
fierro,1,1,1.0
e15181,1,1,1.0
сyclophosphamide,1,1,1.0
semenova,1,1,1.0
borovkova,1,1,1.0
695.e10,1,1,1.0
163.e7,1,1,1.0
oshima,1,1,1.0
informing,1,1,1.0
onc1401,1,1,1.0
kir,1,1,1.0
cytotherapy,1,1,1.0
huitema,1,1,1.0
lindemans,1,1,1.0
chiesa,1,1,1.0
firstborn,1,1,1.0
kou,1,1,1.0
bfm-2003,1,1,1.0
costimulation,1,1,1.0
mccracken,1,1,1.0
e194,1,1,1.0
e111,1,1,1.0
individualised,1,1,1.0
biering,1,1,1.0
reach4,1,1,1.0
bruno,1,1,1.0
laisne,1,1,1.0
schroeder,1,1,1.0
perale,1,1,1.0
jagasia,1,1,1.0
khandelwal,1,1,1.0
holbrook,1,1,1.0
teachey,1,1,1.0
naive,1,1,1.0
loeb,1,1,1.0
heimfeld,1,1,1.0
bleakley,1,1,1.0
tcrαβ,1,1,1.0
merli,1,1,1.0
maude,1,1,1.0
onycholysis,1,1,1.0
brittle,1,1,1.0
ridging,1,1,1.0
dystrophy,1,1,1.0
frey,1,1,1.0
sclerosus,1,1,1.0
hypopigmentation,1,1,1.0
morphea,1,1,1.0
sclerotic,1,1,1.0
ichthyosis,1,1,1.0
depigmentation,1,1,1.0
socie,1,1,1.0
gerard,1,1,1.0
debility,1,1,1.0
papule,1,1,1.0
elasticity,1,1,1.0
hypo-,1,1,1.0
fasciitis,1,1,1.0
purpura,1,1,1.0
mo–8.5,1,1,1.0
cicatricial,1,1,1.0
blepharitis,1,1,1.0
gritty,1,1,1.0
mucocele,1,1,1.0
hyperkeratotic,1,1,1.0
gingivitis,1,1,1.0
papulosquamous,1,1,1.0
dull,1,1,1.0
plevritis,1,1,1.0
symmetric,1,1,1.0
unguis,1,1,1.0
pterygium,1,1,1.0
inagaki,1,1,1.0
biannual,1,1,1.0
rondelli,1,1,1.0
sylvia,1,1,1.0
bild,1,1,1.0
meade,1,1,1.0
bolaños,1,1,1.0
malek,1,1,1.0
shlomchik,1,1,1.0
sulfamethoxazole,1,1,1.0
trimethoprim,1,1,1.0
2.8–8.8,1,1,1.0
1–19,1,1,1.0
tgen,1,1,1.0
"100,000/µl",1,1,1.0
hypergammaglobulinemia,1,1,1.0
sunil,1,1,1.0
iam,1,1,1.0
schechter,1,1,1.0
kitko,1,1,1.0
771.e10,1,1,1.0
sevilla,1,1,1.0
zeiser,1,1,1.0
breach,1,1,1.0
simón,1,1,1.0
jurado,1,1,1.0
rademaker,1,1,1.0
rowley,1,1,1.0
koc,1,1,1.0
nemecek,1,1,1.0
rizvi,1,1,1.0
naiyer,1,1,1.0
expected,1,1,1.0
alloimmune,1,1,1.0
myelotoxic,1,1,1.0
gallstone,1,1,1.0
c38,1,1,1.0
parasite,1,1,1.0
incoordination,1,1,1.0
cricopharyngeal,1,1,1.0
aperistalsis,1,1,1.0
kida,1,1,1.0
aiko,1,1,1.0
opvido,1,1,1.0
translationalsysbio,1,1,1.0
transpeptidase,1,1,1.0
glutamyl,1,1,1.0
neurodevelopment,1,1,1.0
dnanexus,1,1,1.0
azathioprine,1,1,1.0
airspace,1,1,1.0
fluffy,1,1,1.0
organizing,1,1,1.0
cryptogenic,1,1,1.0
dislike,1,1,1.0
obliteration,1,1,1.0
bronchiolar,1,1,1.0
peribronchiolar,1,1,1.0
2.21–19.15,1,1,1.0
cgy,1,1,1.0
evil,1,1,1.0
≥0.03,1,1,1.0
busulphan,1,1,1.0
postt,1,1,1.0
dunavant,1,1,1.0
penati,1,1,1.0
kupst,1,1,1.0
warwick,1,1,1.0
kihlgren,1,1,1.0
kristy,1,1,1.0
hiraki,1,1,1.0
behar,1,1,1.0
methodologic,1,1,1.0
index-5,1,1,1.0
gooley,1,1,1.0
spy,1,1,1.0
treadmill,1,1,1.0
overprotective,1,1,1.0
justified,1,1,1.0
steepest,1,1,1.0
plumley,1,1,1.0
schuffler,1,1,1.0
atsuta,1,1,1.0
yokozawa,1,1,1.0
shimada,1,1,1.0
desai,1,1,1.0
nieder,1,1,1.0
tempus,1,1,1.0
bolme,1,1,1.0
nonfamily,1,1,1.0
azen,1,1,1.0
kalo,1,1,1.0
s45,1,1,1.0
96–103,1,1,1.0
mee,1,1,1.0
pot,1,1,1.0
cruickshank,1,1,1.0
loader,1,1,1.0
julia,1,1,1.0
lucie,1,1,1.0
reijasse,1,1,1.0
serre,1,1,1.0
mariaud,1,1,1.0
patey,1,1,1.0
minocha,1,1,1.0
abdom,1,1,1.0
videofluoroscopy,1,1,1.0
forstinger,1,1,1.0
pokieser,1,1,1.0
sankyo,1,1,1.0
daiichi,1,1,1.0
vs.-host,1,1,1.0
trock,1,1,1.0
mariotti,1,1,1.0
allogenic,1,1,1.0
allez,1,1,1.0
radu,1,1,1.0
pancreatol,1,1,1.0
dimagno,1,1,1.0
gertz,1,1,1.0
maringhini,1,1,1.0
latour,1,1,1.0
peffault,1,1,1.0
aschan,1,1,1.0
spurgeon,1,1,1.0
saboorian,1,1,1.0
miglioretti,1,1,1.0
borgaonkar,1,1,1.0
reusch,1,1,1.0
eggleston,1,1,1.0
savani,1,1,1.0
katsanis,1,1,1.0
cheetham,1,1,1.0
gennery,1,1,1.0
slatter,1,1,1.0
harding,1,1,1.0
clavano,1,1,1.0
xospata,1,1,1.0
myeloblastic,1,1,1.0
gebhard,1,1,1.0
kappy,1,1,1.0
thalassemic,1,1,1.0
thalassaemia,1,1,1.0
agostini,1,1,1.0
weilbaecher,1,1,1.0
chesnut,1,1,1.0
hematopoeitic,1,1,1.0
shidler,1,1,1.0
paguntalan,1,1,1.0
vanflyta,1,1,1.0
cleeman,1,1,1.0
genuth,1,1,1.0
s174,1,1,1.0
physiopathological,1,1,1.0
boirie,1,1,1.0
cordain,1,1,1.0
hovi,1,1,1.0
taskinen,1,1,1.0
bahsas,1,1,1.0
trevisan,1,1,1.0
carmelo,1,1,1.0
cahn,1,1,1.0
tähtelä,1,1,1.0
volin,1,1,1.0
kananen,1,1,1.0
tauchmanovà,1,1,1.0
miner,1,1,1.0
calcif,1,1,1.0
carvajal,1,1,1.0
carmona,1,1,1.0
osteoprogenitor,1,1,1.0
podestà,1,1,1.0
schimmer,1,1,1.0
beelen,1,1,1.0
mcclune,1,1,1.0
riviere,1,1,1.0
cerveri,1,1,1.0
fazekas,1,1,1.0
davila,1,1,1.0
s106,1,1,1.0
534.e13,1,1,1.0
toro,1,1,1.0
oquendo,1,1,1.0
houwing,1,1,1.0
counselling,1,1,1.0
chiodi,1,1,1.0
anserini,1,1,1.0
schubert,1,1,1.0
stetler,1,1,1.0
haake,1,1,1.0
enright,1,1,1.0
sfgm,1,1,1.0
avcı,1,1,1.0
montelukast,1,1,1.0
azithromycin,1,1,1.0
enbrel,1,1,1.0
yanik,1,1,1.0
gower,1,1,1.0
farth,1,1,1.0
ispizua,1,1,1.0
urbano,1,1,1.0
bactericidal,1,1,1.0
crepon,1,1,1.0
1–37,1,1,1.0
freudenberger,1,1,1.0
bang,1,1,1.0
fulgoni,1,1,1.0
zoia,1,1,1.0
spetter,1,1,1.0
waldenmair,1,1,1.0
puig,1,1,1.0
felder,1,1,1.0
kolk,1,1,1.0
wiersma,1,1,1.0
vrijmoet,1,1,1.0
alderfer,1,1,1.0
shields,1,1,1.0
jobe,1,1,1.0
pringle,1,1,1.0
boyd,1,1,1.0
ware,1,1,1.0
esrd,1,1,1.0
özlü,1,1,1.0
bilir,1,1,1.0
fortune,1,1,1.0
hanh,1,1,1.0
nhat,1,1,1.0
thich,1,1,1.0
1–50,1,1,1.0
leahey,1,1,1.0
hogarty,1,1,1.0
crosson,1,1,1.0
heise,1,1,1.0
heer,1,1,1.0
eulep,1,1,1.0
duell,1,1,1.0
giesecke,1,1,1.0
tallamy,1,1,1.0
rosenfeld,1,1,1.0
feichtl,1,1,1.0
geek,1,1,1.0
discoverer,1,1,1.0
silly,1,1,1.0
fossey,1,1,1.0
mccormack,1,1,1.0
intersectionality,1,1,1.0
disrespectful,1,1,1.0
disrespect,1,1,1.0
pylvänäinen,1,1,1.0
feminism,1,1,1.0
stave,1,1,1.0
treaty,1,1,1.0
enabler,1,1,1.0
anakinra,1,1,1.0
sharaf,1,1,1.0
compliment,1,1,1.0
proverb,1,1,1.0
furthering,1,1,1.0
eminent,1,1,1.0
-person,1,1,1.0
carve,1,1,1.0
rework,1,1,1.0
geriatrician,1,1,1.0
venn,1,1,1.0
anthropology,1,1,1.0
phrased,1,1,1.0
wrapping,1,1,1.0
downstage,1,1,1.0
deliverable,1,1,1.0
tomiak,1,1,1.0
toronto,1,1,1.0
gilmore,1,1,1.0
//cancergrandchallenges.org,1,1,1.0
analyzing,1,1,1.0
neoadaura,1,1,1.0
flaw,1,1,1.0
wholesale,1,1,1.0
backe,1,1,1.0
charu,1,1,1.0
herald,1,1,1.0
yearsley,1,1,1.0
francois,1,1,1.0
autobiography,1,1,1.0
artistic,1,1,1.0
yanai,1,1,1.0
vietnamese,1,1,1.0
buddhism,1,1,1.0
zen,1,1,1.0
gaudelli,1,1,1.0
elife,1,1,1.0
lintner,1,1,1.0
morphologica,1,1,1.0
knockout,1,1,1.0
pik3cb,1,1,1.0
bespoke,1,1,1.0
a549,1,1,1.0
olufunmilayo,1,1,1.0
opdualag,1,1,1.0
esplen,1,1,1.0
fog,1,1,1.0
rosenblum,1,1,1.0
coagulopathy,1,1,1.0
dimond,1,1,1.0
flander,1,1,1.0
1–241,1,1,1.0
fluke,1,1,1.0
e12945,1,1,1.0
54–59,1,1,1.0
seroprevalence,1,1,1.0
secular,1,1,1.0
lipsitch,1,1,1.0
kuster,1,1,1.0
insatiable,1,1,1.0
interleukin-1,1,1,1.0
uninfected,1,1,1.0
sanitation,1,1,1.0
neutralization,1,1,1.0
coat,1,1,1.0
a•t,1,1,1.0
komor,1,1,1.0
e888,1,1,1.0
e12883,1,1,1.0
dyad007,1,1,1.0
kartsonaki,1,1,1.0
blaser,1,1,1.0
dawsey,1,1,1.0
kamangar,1,1,1.0
rana,1,1,1.0
sridhar,1,1,1.0
boustany,1,1,1.0
bie,1,1,1.0
journal.ppat.1007861,1,1,1.0
e1007861,1,1,1.0
epplein,1,1,1.0
fami,1,1,1.0
14:20406223231155119,1,1,1.0
cmi,1,1,1.0
halbert,1,1,1.0
modelling,1,1,1.0
bertoni,1,1,1.0
chini,1,1,1.0
stathis,1,1,1.0
stolte,1,1,1.0
greiner,1,1,1.0
dragosic,1,1,1.0
kolve,1,1,1.0
goebeler,1,1,1.0
fischbach,1,1,1.0
alvaro,1,1,1.0
dickie,1,1,1.0
sanjose,1,1,1.0
e896,1,1,1.0
sumanac,1,1,1.0
kamiya,1,1,1.0
murata,1,1,1.0
interleukin-1beta,1,1,1.0
bhagat,1,1,1.0
miftahussurur,1,1,1.0
e11,1,1,1.0
73–83,1,1,1.0
fahey,1,1,1.0
parmar,1,1,1.0
whiteman,1,1,1.0
hyperferritinemia,1,1,1.0
huai,1,1,1.0
nie,1,1,1.0
e190,1,1,1.0
e180,1,1,1.0
il-6r,1,1,1.0
icans,1,1,1.0
elfanagely,1,1,1.0
jjc,1,1,1.0
gutjnl-2022,1,1,1.0
maastricht,1,1,1.0
megraud,1,1,1.0
malfertheiner,1,1,1.0
bazzoli,1,1,1.0
katelaris,1,1,1.0
leontiadis,1,1,1.0
e12688,1,1,1.0
engstrand,1,1,1.0
santoni,1,1,1.0
kook,1,1,1.0
matsu,1,1,1.0
baldness,1,1,1.0
ca-13,1,1,1.0
headway,1,1,1.0
gallium-68,1,1,1.0
netter-1,1,1,1.0
mesothelium,1,1,1.0
okamura,1,1,1.0
outermost,1,1,1.0
ectoderm,1,1,1.0
masterful,1,1,1.0
butaro,1,1,1.0
capd,1,1,1.0
beginner,1,1,1.0
sandy,1,1,1.0
underscored,1,1,1.0
policymakers,1,1,1.0
shreyas,1,1,1.0
bureaucratic,1,1,1.0
bookmark,1,1,1.0
ncinanciapp,1,1,1.0
kiebooms,1,1,1.0
goh,1,1,1.0
chorus,1,1,1.0
afford,1,1,1.0
overseas,1,1,1.0
mortgage,1,1,1.0
poignant,1,1,1.0
contentious,1,1,1.0
ever,1,1,1.0
bpdcn,1,1,1.0
tagraxofusp,1,1,1.0
overestimated,1,1,1.0
clae,1,1,1.0
membranous,1,1,1.0
haukkala,1,1,1.0
0–21,1,1,1.0
persuasive,1,1,1.0
undecided,1,1,1.0
dewit,1,1,1.0
gilkey,1,1,1.0
preteen,1,1,1.0
spawn,1,1,1.0
butte,1,1,1.0
atul,1,1,1.0
gtex,1,1,1.0
neoaduvant,1,1,1.0
pettaway,1,1,1.0
penectomy,1,1,1.0
e28286,1,1,1.0
dudok,1,1,1.0
arnaud,1,1,1.0
vermersch,1,1,1.0
jackman,1,1,1.0
cioffredi,1,1,1.0
saavedra,1,1,1.0
albore,1,1,1.0
kelsey,1,1,1.0
santana,1,1,1.0
alrifai,1,1,1.0
mbait,1,1,1.0
tsao,1,1,1.0
nofi,1,1,1.0
spahr,1,1,1.0
gunawardena,1,1,1.0
wald,1,1,1.0
whitelaw,1,1,1.0
rusch,1,1,1.0
krug,1,1,1.0
gagliardi,1,1,1.0
adusumilli,1,1,1.0
goergen,1,1,1.0
0–20,1,1,1.0
≤21,1,1,1.0
lodging,1,1,1.0
pentz,1,1,1.0
eichhorn,1,1,1.0
dwq,1,1,1.0
lian,1,1,1.0
tpm1,1,1,1.0
ausem,1,1,1.0
newfound,1,1,1.0
standardizing,1,1,1.0
spectrometer,1,1,1.0
j.cell.2020.06.013,1,1,1.0
doi:10.1016,1,1,1.0
americana,1,1,1.0
aspo,1,1,1.0
eminence,1,1,1.0
embodie,1,1,1.0
mandarin,1,1,1.0
coun,1,1,1.0
syme,1,1,1.0
examines,1,1,1.0
-alk,1,1,1.0
gradhand,1,1,1.0
rüschoff,1,1,1.0
deserve,1,1,1.0
ptrc,1,1,1.0
ptrcs,1,1,1.0
smorgasbord,1,1,1.0
aurka,1,1,1.0
gopie,1,1,1.0
ubiquitinylation,1,1,1.0
lipidation,1,1,1.0
phosphoproteome,1,1,1.0
haanstra,1,1,1.0
mmp11,1,1,1.0
erin,1,1,1.0
lggs,1,1,1.0
eliezer,1,1,1.0
lipidomic,1,1,1.0
ubiquitylomic,1,1,1.0
infigratinib,1,1,1.0
jemperli,1,1,1.0
gxly,1,1,1.0
dostarlimab,1,1,1.0
fotivda,1,1,1.0
tivozanib,1,1,1.0
turmeric,1,1,1.0
curcuma,1,1,1.0
curcumin,1,1,1.0
diethylstilbestrol,1,1,1.0
eve,1,1,1.0
poc,1,1,1.0
socioeconomic-,1,1,1.0
rutstein,1,1,1.0
bioinformaticist,1,1,1.0
dotti,1,1,1.0
lqm,1,1,1.0
prosthodontist,1,1,1.0
hardening,1,1,1.0
earache,1,1,1.0
speirs,1,1,1.0
cancers―particularly,1,1,1.0
sinu,1,1,1.0
logging,1,1,1.0
ceramic,1,1,1.0
textile,1,1,1.0
limburg,1,1,1.0
hypopharynx,1,1,1.0
passageway,1,1,1.0
fritzell,1,1,1.0
impersonal,1,1,1.0
truseltiq,1,1,1.0
type-16,1,1,1.0
gillison,1,1,1.0
adelstein,1,1,1.0
chaturvedi,1,1,1.0
reducing,1,1,1.0
hashim,1,1,1.0
taat,1,1,1.0
mariano,1,1,1.0
777–789,1,1,1.0
benhamou,1,1,1.0
alcohol-,1,1,1.0
iodice,1,1,1.0
gandini,1,1,1.0
mosher,1,1,1.0
panwar,1,1,1.0
nejmra1715715,1,1,1.0
beddok,1,1,1.0
tumorlike,1,1,1.0
lymphoepithelial,1,1,1.0
eskimo,1,1,1.0
greenlandic,1,1,1.0
ljung,1,1,1.0
winn,1,1,1.0
morse,1,1,1.0
gérin,1,1,1.0
bégin,1,1,1.0
duijvendijk,1,1,1.0
goldenberg,1,1,1.0
shieh,1,1,1.0
senkomago,1,1,1.0
simonsen,1,1,1.0
saraiya,1,1,1.0
stint,1,1,1.0
hicken,1,1,1.0
clotilde,1,1,1.0
glypican-1,1,1,1.0
116a,1,1,1.0
tonita,1,1,1.0
chuang,1,1,1.0
haraf,1,1,1.0
brockstein,1,1,1.0
argiris,1,1,1.0
strojan,1,1,1.0
thariat,1,1,1.0
lyonnet,1,1,1.0
stoppa,1,1,1.0
castera,1,1,1.0
krieger,1,1,1.0
antipyretic,1,1,1.0
4/30/15,1,1,1.0
weinman,1,1,1.0
marteau,1,1,1.0
inotropic,1,1,1.0
5/17/18,1,1,1.0
4/2/19,1,1,1.0
coxworth,1,1,1.0
5/4/23,1,1,1.0
nonrebreather,1,1,1.0
testify,1,1,1.0
bureaucracy,1,1,1.0
atmosphere,1,1,1.0
adept,1,1,1.0
describing,1,1,1.0
townhall,1,1,1.0
nejmoa1910038,1,1,1.0
ahdoot,1,1,1.0
upgrade,1,1,1.0
farie,1,1,1.0
unequivocal,1,1,1.0
leiden,1,1,1.0
5/21/08,1,1,1.0
vaught,1,1,1.0
9/9/08,1,1,1.0
explorative,1,1,1.0
gyn,1,1,1.0
6/19/12,1,1,1.0
passchi,1,1,1.0
zachariah,1,1,1.0
8/23/18,1,1,1.0
3/28/12,1,1,1.0
keel,1,1,1.0
wilkins,1,1,1.0
sabel,1,1,1.0
hance,1,1,1.0
reuben,1,1,1.0
kogawa,1,1,1.0
fouad,1,1,1.0
facemask,1,1,1.0
pgd,1,1,1.0
ibc,1,1,1.0
1–800–4,1,1,1.0
pectorali,1,1,1.0
mastitis,1,1,1.0
heaviness,1,1,1.0
cautioned,1,1,1.0
cisneros,1,1,1.0
jacksonville,1,1,1.0
wolfson,1,1,1.0
hemangiopericytomas,1,1,1.0
buildup,1,1,1.0
cytochem,1,1,1.0
dura,1,1,1.0
pineocyte,1,1,1.0
subependymoma,1,1,1.0
histochem,1,1,1.0
posture,1,1,1.0
scriven,1,1,1.0
laere,1,1,1.0
graubard,1,1,1.0
trimodality,1,1,1.0
rueth,1,1,1.0
bondy,1,1,1.0
constrict,1,1,1.0
ogilvie,1,1,1.0
dignitana,1,1,1.0
yon,1,1,1.0
≤6l,1,1,1.0
9–20,1,1,1.0
kaufman,1,1,1.0
nairobi,1,1,1.0
mugo,1,1,1.0
nelly,1,1,1.0
biomédicas,1,1,1.0
investigaciones,1,1,1.0
agencia,1,1,1.0
midtrimester,1,1,1.0
simplify,1,1,1.0
rebecka,1,1,1.0
u10ca180888,1,1,1.0
anticytokine,1,1,1.0
dataviz4cancer,1,1,1.0
immersive,1,1,1.0
designer,1,1,1.0
eddleman,1,1,1.0
glean,1,1,1.0
rappaport,1,1,1.0
s0140,1,1,1.0
memoriam,1,1,1.0
cunniff,1,1,1.0
celebrates,1,1,1.0
cah,1,1,1.0
bauman,1,1,1.0
neoprene,1,1,1.0
circulate,1,1,1.0
sema,1,1,1.0
v5.0,1,1,1.0
turkmenistan,1,1,1.0
petri,1,1,1.0
nsclc—42,1,1,1.0
injurious,1,1,1.0
razavian,1,1,1.0
narges,1,1,1.0
bianca,1,1,1.0
physiatrist,1,1,1.0
etiological,1,1,1.0
jamanetworkopen.2019.10593,1,1,1.0
nghiem,1,1,1.0
vaidya,1,1,1.0
riha,1,1,1.0
ug1ca189974,1,1,1.0
penny,1,1,1.0
witterick,1,1,1.0
hpvaware,1,1,1.0
beijing,1,1,1.0
transnational,1,1,1.0
irrefutable,1,1,1.0
wagstaff,1,1,1.0
laura,1,1,1.0
igsc,1,1,1.0
synoptic,1,1,1.0
plotkin,1,1,1.0
polyclinic,1,1,1.0
eiken,1,1,1.0
möller,1,1,1.0
marathoner,1,1,1.0
uzbekistan,1,1,1.0
m.s.e,1,1,1.0
pizarro,1,1,1.0
nashville,1,1,1.0
pietenpol,1,1,1.0
edith,1,1,1.0
r.n,1,1,1.0
maría,1,1,1.0
charlottesville,1,1,1.0
garraway,1,1,1.0
levi,1,1,1.0
dolsten,1,1,1.0
bluestone,1,1,1.0
biörklund,1,1,1.0
nlst,1,1,1.0
undercurrent,1,1,1.0
cardiotoxicitie,1,1,1.0
erythropoiesis,1,1,1.0
keynote-170,1,1,1.0
emphatic,1,1,1.0
keynote-826,1,1,1.0
nilandron,1,1,1.0
pepke,1,1,1.0
tennvall,1,1,1.0
cancerresearch,1,1,1.0
yung,1,1,1.0
alfred,1,1,1.0
kwan,1,1,1.0
wai,1,1,1.0
nantwork,1,1,1.0
frcs,1,1,1.0
sigal,1,1,1.0
ellen,1,1,1.0
cookie,1,1,1.0
juravinski,1,1,1.0
croquette,1,1,1.0
meatloaf,1,1,1.0
pour,1,1,1.0
quesadilla,1,1,1.0
burger,1,1,1.0
salvatore,1,1,1.0
guacamole,1,1,1.0
wayne,1,1,1.0
cdmrp,1,1,1.0
christina.george,1,1,1.0
enumerate,1,1,1.0
collaborating,1,1,1.0
enemy,1,1,1.0
foul,1,1,1.0
petrucelli,1,1,1.0
mason,1,1,1.0
levonorgestrel,1,1,1.0
ophorectomy,1,1,1.0
ordering,1,1,1.0
bahamanian,1,1,1.0
gautam,1,1,1.0
mutate,1,1,1.0
quiche,1,1,1.0
squash,1,1,1.0
butternut,1,1,1.0
plump,1,1,1.0
raisin,1,1,1.0
foda,1,1,1.0
sprinkle,1,1,1.0
lennard,1,1,1.0
baumbach,1,1,1.0
mefford,1,1,1.0
herzog,1,1,1.0
lagos,1,1,1.0
lago,1,1,1.0
sawyer,1,1,1.0
taniguchi,1,1,1.0
jenner,1,1,1.0
jonge,1,1,1.0
gumaste,1,1,1.0
lecarpentier,1,1,1.0
39:79–86,1,1,1.0
boddicker,1,1,1.0
yadav,1,1,1.0
pkaa029,1,1,1.0
susnerwala,1,1,1.0
curling,1,1,1.0
donenberg,1,1,1.0
sephardic,1,1,1.0
eilat,1,1,1.0
sagi,1,1,1.0
poland,1,1,1.0
szwiec,1,1,1.0
11–14,1,1,1.0
ashkenazi,1,1,1.0
1100delat,1,1,1.0
gershoni,1,1,1.0
gal,1,1,1.0
masson,1,1,1.0
mes,1,1,1.0
tonin,1,1,1.0
panguluri,1,1,1.0
teal,1,1,1.0
lubinski,1,1,1.0
risch,1,1,1.0
wieand,1,1,1.0
rookus,1,1,1.0
goyal,1,1,1.0
j.gie.2021.12.001,1,1,1.0
kuk,1,1,1.0
aslanian,1,1,1.0
goggin,1,1,1.0
stirling,1,1,1.0
lacchetti,1,1,1.0
norquist,1,1,1.0
kurian,1,1,1.0
burbidge,1,1,1.0
bahama,1,1,1.0
blankenship,1,1,1.0
glycobiologists,1,1,1.0
beenken,1,1,1.0
seller,1,1,1.0
requester,1,1,1.0
voutilainen,1,1,1.0
loree,1,1,1.0
plus,1,1,1.0
yedlicka,1,1,1.0
caldwell,1,1,1.0
minalt,1,1,1.0
lasry,1,1,1.0
guntupalli,1,1,1.0
sheeder,1,1,1.0
kinsella,1,1,1.0
identified,1,1,1.0
compressive,1,1,1.0
≤70,1,1,1.0
dharker,1,1,1.0
asschenfeldt,1,1,1.0
godballe,1,1,1.0
duren,1,1,1.0
olea,1,1,1.0
almodóvar,1,1,1.0
obinutuzumab,1,1,1.0
polo,1,1,1.0
reconsidering,1,1,1.0
ensue,1,1,1.0
tuttle,1,1,1.0
haq,1,1,1.0
intrathyroidal,1,1,1.0
reconsideration,1,1,1.0
dedifferentiation,1,1,1.0
r25-,1,1,1.0
k12-,1,1,1.0
sialadenitis,1,1,1.0
menin,1,1,1.0
macroadenoma,1,1,1.0
probands,1,1,1.0
k00-,1,1,1.0
bruising,1,1,1.0
hyperhidrosis,1,1,1.0
secreting,1,1,1.0
hypochlorhydria,1,1,1.0
somatostatinoma,1,1,1.0
thromboembolic,1,1,1.0
migratory,1,1,1.0
necrolytic,1,1,1.0
calcitrol,1,1,1.0
lateralization,1,1,1.0
ncictbfoa,1,1,1.0
bioavailable,1,1,1.0
euparathyroidism,1,1,1.0
pierluigi,1,1,1.0
nimblegen,1,1,1.0
10–16,1,1,1.0
vasointestinal,1,1,1.0
rai−refractory,1,1,1.0
aall03b1,1,1,1.0
recapture,1,1,1.0
multitargeted,1,1,1.0
kinome,1,1,1.0
hiseq,1,1,1.0
supratherapeutic,1,1,1.0
selberherr,1,1,1.0
positional,1,1,1.0
manickam,1,1,1.0
guru,1,1,1.0
500k,1,1,1.0
qjm,1,1,1.0
farren,1,1,1.0
peri,1,1,1.0
nct03037385,1,1,1.0
nct04211337,1,1,1.0
parathyroidectomie,1,1,1.0
pancreatoduodenectomy,1,1,1.0
−88,1,1,1.0
−94,1,1,1.0
picogreen,1,1,1.0
1.8–3.6,1,1,1.0
pipeleer,1,1,1.0
bohbot,1,1,1.0
lévy,1,1,1.0
delemer,1,1,1.0
marques,1,1,1.0
gazyva,1,1,1.0
donegan,1,1,1.0
virulent,1,1,1.0
oitt,1,1,1.0
balsell,1,1,1.0
pascual,1,1,1.0
pozo,1,1,1.0
shariq,1,1,1.0
huvos,1,1,1.0
binquet,1,1,1.0
carty,1,1,1.0
karge,1,1,1.0
schaaf,1,1,1.0
carrilho,1,1,1.0
collagenomas,1,1,1.0
tollefsen,1,1,1.0
humanhap,1,1,1.0
darling,1,1,1.0
peracchi,1,1,1.0
pizzocaro,1,1,1.0
corbetta,1,1,1.0
gte,1,1,1.0
biopathology,1,1,1.0
rnaeasy,1,1,1.0
urbach,1,1,1.0
−72,1,1,1.0
marichal,1,1,1.0
newey,1,1,1.0
scheithau,1,1,1.0
noguchi,1,1,1.0
months−ne,1,1,1.0
bardram,1,1,1.0
t242,1,1,1.0
t227,1,1,1.0
berglund,1,1,1.0
strømsvik,1,1,1.0
hermus,1,1,1.0
coutinho,1,1,1.0
kosugi,1,1,1.0
vortmeyer,1,1,1.0
mckeeby,1,1,1.0
trkc,1,1,1.0
waldmann,1,1,1.0
bessoni,1,1,1.0
salih,1,1,1.0
faivre,1,1,1.0
bourredjem,1,1,1.0
thevenon,1,1,1.0
lespinasse,1,1,1.0
vercherat,1,1,1.0
wautot,1,1,1.0
sinilnikova,1,1,1.0
serova,1,1,1.0
giraud,1,1,1.0
capoluongo,1,1,1.0
costella,1,1,1.0
concolino,1,1,1.0
lemos,1,1,1.0
larsson,1,1,1.0
mennetrey,1,1,1.0
paraspinal,1,1,1.0
obe,1,1,1.0
hypercalcaemia,1,1,1.0
nissen,1,1,1.0
nephrologist,1,1,1.0
ambrogini,1,1,1.0
miedlich,1,1,1.0
ctos,1,1,1.0
ccg-2961,1,1,1.0
iwata,1,1,1.0
mizusawa,1,1,1.0
hiseq2000,1,1,1.0
parafibromin,1,1,1.0
villablanca,1,1,1.0
carpten,1,1,1.0
heijer,1,1,1.0
e468,1,1,1.0
e460,1,1,1.0
sustache,1,1,1.0
ortega,1,1,1.0
dmsg,1,1,1.0
methylationepic,1,1,1.0
kann,1,1,1.0
e1027,1,1,1.0
e1014,1,1,1.0
biokinetics,1,1,1.0
doubrovina,1,1,1.0
e2064,1,1,1.0
e2056,1,1,1.0
delaunay,1,1,1.0
bando,1,1,1.0
francophone,1,1,1.0
afce,1,1,1.0
pattou,1,1,1.0
duodeno,1,1,1.0
marotta,1,1,1.0
ramundo,1,1,1.0
nell,1,1,1.0
kishi,1,1,1.0
pancreatology,1,1,1.0
windsor,1,1,1.0
loveday,1,1,1.0
cbb,1,1,1.0
ratnayake,1,1,1.0
clemente,1,1,1.0
nilubol,1,1,1.0
longterm,1,1,1.0
il-15-,1,1,1.0
luster,1,1,1.0
uehara,1,1,1.0
dulleman,1,1,1.0
ota,1,1,1.0
komoto,1,1,1.0
faggiano,1,1,1.0
lastoria,1,1,1.0
toc,1,1,1.0
céphise,1,1,1.0
vélayoudom,1,1,1.0
morgat,1,1,1.0
raptis,1,1,1.0
drymousis,1,1,1.0
s34,1,1,1.0
chirurgie,1,1,1.0
eugastrinemia,1,1,1.0
gresze,1,1,1.0
néoplasie,1,1,1.0
doukhan,1,1,1.0
vuagnat,1,1,1.0
cadiot,1,1,1.0
mignon,1,1,1.0
falconi,1,1,1.0
bouscaren,1,1,1.0
hänscheid,1,1,1.0
clog,1,1,1.0
vezzosi,1,1,1.0
sakurai,1,1,1.0
boninsegna,1,1,1.0
zerbi,1,1,1.0
crippa,1,1,1.0
alrezk,1,1,1.0
misregulation,1,1,1.0
staheli,1,1,1.0
e1825,1,1,1.0
marinoni,1,1,1.0
molatore,1,1,1.0
raitila,1,1,1.0
dmuchowski,1,1,1.0
accredited,1,1,1.0
sureprint,1,1,1.0
-phenotype,1,1,1.0
menx,1,1,1.0
vriens,1,1,1.0
vergès,1,1,1.0
castillo,1,1,1.0
pancreatico,1,1,1.0
fosse,1,1,1.0
minikit,1,1,1.0
iix,1,1,1.0
rabbani,1,1,1.0
e123,1,1,1.0
hyperparathyroid,1,1,1.0
ink4c,1,1,1.0
p18,1,1,1.0
men-4,1,1,1.0
e1003350,1,1,1.0
occhi,1,1,1.0
riccardi,1,1,1.0
malanga,1,1,1.0
t208,1,1,1.0
t195,1,1,1.0
shmouni,1,1,1.0
epigenome,1,1,1.0
bergstralh,1,1,1.0
550k,1,1,1.0
913.e1,1,1,1.0
shuttle,1,1,1.0
dihydroxyphenylalanine,1,1,1.0
mingled,1,1,1.0
weighted,1,1,1.0
jarzab,1,1,1.0
droop,1,1,1.0
pulsatile,1,1,1.0
enlarging,1,1,1.0
nonsecretory,1,1,1.0
nonchromaffin,1,1,1.0
1–20,1,1,1.0
1–38,1,1,1.0
giuliani,1,1,1.0
specker,1,1,1.0
unchecked,1,1,1.0
2q11.2,1,1,1.0
max,1,1,1.0
aou,1,1,1.0
0–26,1,1,1.0
addis,1,1,1.0
p.pro81leu,1,1,1.0
nsakala,1,1,1.0
lisch,1,1,1.0
daure,1,1,1.0
aarhus,1,1,1.0
pujol,1,1,1.0
borget,1,1,1.0
ayvakit,1,1,1.0
coronial,1,1,1.0
yaremchuk,1,1,1.0
brase,1,1,1.0
unfeasible,1,1,1.0
avapritinib,1,1,1.0
takeoff,1,1,1.0
dabakuyo,1,1,1.0
cm–7,1,1,1.0
nifedipine,1,1,1.0
nicardipine,1,1,1.0
patients—218,1,1,1.0
noncompetitive,1,1,1.0
prazosin,1,1,1.0
dibenzyline,1,1,1.0
bonnetain,1,1,1.0
adrenoreceptor,1,1,1.0
rubello,1,1,1.0
taïeb,1,1,1.0
rjs,1,1,1.0
amt,1,1,1.0
schvartz,1,1,1.0
jovanovic,1,1,1.0
0432.ccr-23,1,1,1.0
morkos,1,1,1.0
bancos,1,1,1.0
kittah,1,1,1.0
gaitanidis,1,1,1.0
nimmi,1,1,1.0
ebersold,1,1,1.0
noncommunicable,1,1,1.0
auckland,1,1,1.0
sydney,1,1,1.0
robledo,1,1,1.0
dahia,1,1,1.0
naoum,1,1,1.0
diphosphate,1,1,1.0
t15,1,1,1.0
taieb,1,1,1.0
eijkelenkamp,1,1,1.0
motesanib,1,1,1.0
harada,1,1,1.0
barich,1,1,1.0
gottlieb,1,1,1.0
castellano,1,1,1.0
mannelli,1,1,1.0
bornstein,1,1,1.0
siegert,1,1,1.0
dhir,1,1,1.0
frysak,1,1,1.0
karasek,1,1,1.0
sygut,1,1,1.0
pęczkowska,1,1,1.0
campina,1,1,1.0
whitworth,1,1,1.0
millo,1,1,1.0
ling,1,1,1.0
kong,1,1,1.0
factor-1alpha,1,1,1.0
inducible,1,1,1.0
antisense,1,1,1.0
ophuis,1,1,1.0
oude,1,1,1.0
hynic,1,1,1.0
tc-,1,1,1.0
rander,1,1,1.0
kunst,1,1,1.0
i131,1,1,1.0
laffaire,1,1,1.0
lussey,1,1,1.0
lepoutre,1,1,1.0
czech,1,1,1.0
e1279,1,1,1.0
méndez,1,1,1.0
comino,1,1,1.0
barede,1,1,1.0
aufforth,1,1,1.0
babic,1,1,1.0
carrara,1,1,1.0
gómez,1,1,1.0
fraker,1,1,1.0
jordanova,1,1,1.0
piemonte,1,1,1.0
acta,1,1,1.0
biophys,1,1,1.0
biochim,1,1,1.0
baysal,1,1,1.0
mooy,1,1,1.0
maaswinkel,1,1,1.0
e2009,1,1,1.0
mavraki,1,1,1.0
yeap,1,1,1.0
drui,1,1,1.0
mazzella,1,1,1.0
pigny,1,1,1.0
loriot,1,1,1.0
letouzé,1,1,1.0
horváth,1,1,1.0
prejbisz,1,1,1.0
jonker,1,1,1.0
woortman,1,1,1.0
anda,1,1,1.0
r253,1,1,1.0
söderkvist,1,1,1.0
welander,1,1,1.0
pawlu,1,1,1.0
proteotype,1,1,1.0
rickett,1,1,1.0
isidori,1,1,1.0
sbardella,1,1,1.0
cpo,1,1,1.0
bertherat,1,1,1.0
amar,1,1,1.0
schiffman,1,1,1.0
e350,1,1,1.0
pena,1,1,1.0
armaiz,1,1,1.0
cowley,1,1,1.0
grandori,1,1,1.0
e1472,1,1,1.0
teate,1,1,1.0
favi,1,1,1.0
korpershoek,1,1,1.0
libé,1,1,1.0
mensenkamp,1,1,1.0
flavoprotein,1,1,1.0
feder,1,1,1.0
holinski,1,1,1.0
abicht,1,1,1.0
proye,1,1,1.0
prichard,1,1,1.0
alesina,1,1,1.0
nottebaum,1,1,1.0
groeben,1,1,1.0
adrenoceptor,1,1,1.0
roberts,1,1,1.0
prys,1,1,1.0
yoshinaga,1,1,1.0
miura,1,1,1.0
abstr,1,1,1.0
holman,1,1,1.0
e17,1,1,1.0
lefebvre,1,1,1.0
wachtel,1,1,1.0
pgl.eva,1,1,1.0
pak,1,1,1.0
pelz,1,1,1.0
addisonian,1,1,1.0
resectability,1,1,1.0
deter,1,1,1.0
paraaortic,1,1,1.0
prkar1a,1,1,1.0
lentigo,1,1,1.0
chondroma,1,1,1.0
lehnert,1,1,1.0
mundschenk,1,1,1.0
delightful,1,1,1.0
ober,1,1,1.0
vargas,1,1,1.0
cecat,1,1,1.0
thevenin,1,1,1.0
s30,1,1,1.0
blanke,1,1,1.0
demetri,1,1,1.0
deoxyglucose,1,1,1.0
2bglobal.jpg,1,1,1.0
kozupa,1,1,1.0
kupferman,1,1,1.0
rege,1,1,1.0
rikala,1,1,1.0
sarlomo,1,1,1.0
miettinen,1,1,1.0
ustun,1,1,1.0
m85,1,1,1.0
salpea,1,1,1.0
xekouki,1,1,1.0
s640,1,1,1.0
polyostotic,1,1,1.0
klln,1,1,1.0
supernumerary,1,1,1.0
vgptktp-8i4,1,1,1.0
aaaaaaaaagi,1,1,1.0
vyc4zzbhdoi,1,1,1.0
//1.bp.blogspot.com/-7gpbiur4umy,1,1,1.0
astute,1,1,1.0
expressivity,1,1,1.0
tenfold,1,1,1.0
heritabilitie,1,1,1.0
cihr,1,1,1.0
ghebreyesus,1,1,1.0
abbeele,1,1,1.0
vilain,1,1,1.0
kamaya,1,1,1.0
adhanom,1,1,1.0
tedros,1,1,1.0
portugal,1,1,1.0
10k,1,1,1.0
school-,1,1,1.0
tasmania,1,1,1.0
nmtc1,1,1,1.0
reintervention,1,1,1.0
frilling,1,1,1.0
ignite,1,1,1.0
goretzki,1,1,1.0
abie,1,1,1.0
mek2,1,1,1.0
men,1,1,1.0
lymphoreticular,1,1,1.0
oculocutaneous,1,1,1.0
rs944289,1,1,1.0
ak023948,1,1,1.0
oxyphilic,1,1,1.0
drilon,1,1,1.0
doebele,1,1,1.0
dunleavy,1,1,1.0
250k,1,1,1.0
−97,1,1,1.0
5p15.3,1,1,1.0
vysis,1,1,1.0
−82,1,1,1.0
−95,1,1,1.0
e0177773,1,1,1.0
feletto,1,1,1.0
kabakama,1,1,1.0
proma,1,1,1.0
hypoechogenicity,1,1,1.0
sonographer,1,1,1.0
v205,1,1,1.0
bmp4,1,1,1.0
pygl,1,1,1.0
cursory,1,1,1.0
correspondence,1,1,1.0
hapmap3,1,1,1.0
0.63‒1.52,1,1,1.0
nct00704730,1,1,1.0
a275,1,1,1.0
rs2910164,1,1,1.0
nct00410761,1,1,1.0
t1–3,1,1,1.0
hypercellular,1,1,1.0
rs965513,1,1,1.0
bignell,1,1,1.0
s19,1,1,1.0
nosé,1,1,1.0
averbuch,1,1,1.0
burgess,1,1,1.0
nordal,1,1,1.0
akslen,1,1,1.0
glattre,1,1,1.0
frich,1,1,1.0
colson,1,1,1.0
panayiotou,1,1,1.0
pazaitou,1,1,1.0
tzedaki,1,1,1.0
mazonakis,1,1,1.0
ordonez,1,1,1.0
atypia,1,1,1.0
holloway,1,1,1.0
xiong,1,1,1.0
giuffrida,1,1,1.0
gudmundsson,1,1,1.0
boutselakis,1,1,1.0
ic3,1,1,1.0
tendler,1,1,1.0
sarfarazi,1,1,1.0
unharmed,1,1,1.0
i3c,1,1,1.0
harach,1,1,1.0
tshr,1,1,1.0
beare,1,1,1.0
bevan,1,1,1.0
shayeghi,1,1,1.0
crevoisier,1,1,1.0
usf2,1,1,1.0
usf1,1,1,1.0
rs1867277,1,1,1.0
conde,1,1,1.0
montero,1,1,1.0
e1814,1,1,1.0
polyalanine,1,1,1.0
tocco,1,1,1.0
tasmanian,1,1,1.0
carbinol,1,1,1.0
gara,1,1,1.0
e973,1,1,1.0
bronisz,1,1,1.0
marchisotta,1,1,1.0
haigh,1,1,1.0
e24717,1,1,1.0
alzahrani,1,1,1.0
robo,1,1,1.0
ren,1,1,1.0
e1876,1,1,1.0
jendrzejewski,1,1,1.0
gesuwan,1,1,1.0
e1327,1,1,1.0
fragility,1,1,1.0
pisu,1,1,1.0
mir,1,1,1.0
franssila,1,1,1.0
capuano,1,1,1.0
reactivate,1,1,1.0
fonc.2015.00024,1,1,1.0
tomaz,1,1,1.0
e1000637,1,1,1.0
lakis,1,1,1.0
poehls,1,1,1.0
cibas,1,1,1.0
kwak,1,1,1.0
regalbuto,1,1,1.0
frasca,1,1,1.0
pellegriti,1,1,1.0
takeuchi,1,1,1.0
bible,1,1,1.0
haugen,1,1,1.0
stultz,1,1,1.0
sahasrabudhe,1,1,1.0
e0146315,1,1,1.0
fultz,1,1,1.0
djv415,1,1,1.0
qasem,1,1,1.0
pat,1,1,1.0
shampoo,1,1,1.0
dryer,1,1,1.0
comb,1,1,1.0
bristle,1,1,1.0
earring,1,1,1.0
atkin,1,1,1.0
mchenry,1,1,1.0
edeiken,1,1,1.0
buitrago,1,1,1.0
zetoune,1,1,1.0
radiometabolic,1,1,1.0
vannucchi,1,1,1.0
perrino,1,1,1.0
allendorf,1,1,1.0
moo,1,1,1.0
conformational,1,1,1.0
imago,1,1,1.0
rhesus,1,1,1.0
orwig,1,1,1.0
nonhuman,1,1,1.0
ibanez,1,1,1.0
aldinger,1,1,1.0
evaluative,1,1,1.0
hairpiece,1,1,1.0
straighter,1,1,1.0
curlier,1,1,1.0
conditioner,1,1,1.0
sunscreen,1,1,1.0
turban,1,1,1.0
shaver,1,1,1.0
towel,1,1,1.0
goren,1,1,1.0
apm.12183,1,1,1.0
ctc,1,1,1.0
mutagen,1,1,1.0
alvespimycin,1,1,1.0
neff,1,1,1.0
ol.2015.3906,1,1,1.0
ana,1,1,1.0
painstaking,1,1,1.0
mehra,1,1,1.0
olpa,1,1,1.0
enlighten,1,1,1.0
fret,1,1,1.0
epr,1,1,1.0
paramagnetic,1,1,1.0
nmr,1,1,1.0
cookbook,1,1,1.0
planting,1,1,1.0
memento,1,1,1.0
jewelry,1,1,1.0
scrapbook,1,1,1.0
album,1,1,1.0
afterlife,1,1,1.0
rethink,1,1,1.0
endorectal,1,1,1.0
ketoconazole,1,1,1.0
radium-223,1,1,1.0
ranee,1,1,1.0
d783,1,1,1.0
perineum,1,1,1.0
retropubic,1,1,1.0
prostascint,1,1,1.0
zyprexa,1,1,1.0
xanax,1,1,1.0
medrol,1,1,1.0
decadron,1,1,1.0
fosaprepitant,1,1,1.0
reglan,1,1,1.0
phenergan,1,1,1.0
compazine,1,1,1.0
anzemet,1,1,1.0
dolasetron,1,1,1.0
kytril,1,1,1.0
ondansetron,1,1,1.0
d777,1,1,1.0
florencia,1,1,1.0
populate,1,1,1.0
chim,1,1,1.0
nmhm,1,1,1.0
pache,1,1,1.0
sanctuary,1,1,1.0
bitter,1,1,1.0
utensil,1,1,1.0
wristband,1,1,1.0
acupuncturist,1,1,1.0
meditating,1,1,1.0
ate,1,1,1.0
candle,1,1,1.0
scented,1,1,1.0
perfume,1,1,1.0
onion,1,1,1.0
starchy,1,1,1.0
regrow,1,1,1.0
thc,1,1,1.0
metabolomics,1,1,1.0
distancing,1,1,1.0
jian,1,1,1.0
borba,1,1,1.0
nadh,1,1,1.0
immunoexpression,1,1,1.0
baf47,1,1,1.0
tsc,1,1,1.0
choosing,1,1,1.0
abstain,1,1,1.0
physaliferous,1,1,1.0
trpv4,1,1,1.0
neosar,1,1,1.0
sebro,1,1,1.0
trp,1,1,1.0
vanilloid,1,1,1.0
tran,1,1,1.0
jauffret,1,1,1.0
noël,1,1,1.0
rassi,1,1,1.0
pedlow,1,1,1.0
liebsch,1,1,1.0
radiographical,1,1,1.0
craniocervical,1,1,1.0
1–21,1,1,1.0
proton/20,1,1,1.0
washer,1,1,1.0
conformality,1,1,1.0
arising,1,1,1.0
bootwalla,1,1,1.0
beccaria,1,1,1.0
tsitoura,1,1,1.0
oncologues,1,1,1.0
geto,1,1,1.0
gsf,1,1,1.0
chauffert,1,1,1.0
tamborini,1,1,1.0
parnis,1,1,1.0
kotasek,1,1,1.0
singhal,1,1,1.0
kjellén,1,1,1.0
lindén,1,1,1.0
blower,1,1,1.0
ioannidou,1,1,1.0
ioakeim,1,1,1.0
rutz,1,1,1.0
rombi,1,1,1.0
mailhot,1,1,1.0
nolvadex,1,1,1.0
mimicking,1,1,1.0
mower,1,1,1.0
pgr,1,1,1.0
camptosar,1,1,1.0
actemra,1,1,1.0
berdeja,1,1,1.0
actimra,1,1,1.0
suleeporn,1,1,1.0
ointment,1,1,1.0
tigit,1,1,1.0
rahawan,1,1,1.0
traverso,1,1,1.0
dhall,1,1,1.0
anocef,1,1,1.0
d'expression,1,1,1.0
ferrero,1,1,1.0
rimawi,1,1,1.0
dickler,1,1,1.0
sledge,1,1,1.0
jpa,1,1,1.0
elledge,1,1,1.0
1–98,1,1,1.0
godwin,1,1,1.0
clouded,1,1,1.0
quinidine,1,1,1.0
celexa,1,1,1.0
paxil,1,1,1.0
metabolizes,1,1,1.0
faslodex,1,1,1.0
fareston,1,1,1.0
toremifene,1,1,1.0
vijoice,1,1,1.0
sib,1,1,1.0
peh,1,1,1.0
//cancergrandchallenges.org/,1,1,1.0
neurotoxicitie,1,1,1.0
u.s.-thailand,1,1,1.0
grace,1,1,1.0
sectoral,1,1,1.0
rse,1,1,1.0
lshtm,1,1,1.0
lanka,1,1,1.0
downplay,1,1,1.0
interdependence,1,1,1.0
conceivable,1,1,1.0
monika,1,1,1.0
haba,1,1,1.0
