2-gram,documents,total freq,avg
breast cancer,393.0,3146.0,8.783715013
radiation therapy,183.0,1750.0,10.98360656
cancer cell,409.0,1796.0,4.60391198
cancer drug,1149.0,873.0,1.469103568
cancer prevention,793.0,969.0,1.889029004
lung cancer,281.0,893.0,4.601423488
cell tumor,610.0,583.0,1.827868852
cancer survivor,156.0,962.0,6.743589744
prostate cancer,153.0,965.0,6.692810458
thyroid cancer,68.0,866.0,14.80882353
colorectal cancer,170.0,936.0,5.882352941
hodgkin lymphoma,75.0,872.0,12.72
genetics cancer,827.0,28.0,1.019347037
drug genetics,815.0,0.0,1.0
pathogenic variant,21.0,683.0,37.57142857
lynch syndrome,19.0,643.0,38.89473684
stem cell,103.0,420.0,6.514563107
tumor cell,237.0,657.0,2.772151899
liver cancer,556.0,112.0,1.158273381
lymph node,88.0,525.0,7.272727273
age year,61.0,482.0,9.885245902
fat cell,531.0,58.0,1.116760829
detection cancer,551.0,34.0,1.034482759
advanced cancer,104.0,517.0,5.461538462
tumor liver,538.0,34.0,1.05204461
head neck,92.0,301.0,6.141304348
cancer screening,149.0,484.0,3.765100671
neuroendocrine tumor,27.0,387.0,20.7037037
cell lymphoma,65.0,307.0,8.584615385
screening detection,547.0,18.0,1.012797075
drug cancer,234.0,497.0,2.303418803
cancer fat,527.0,1.0,1.011385199
lymphoblastic leukemia,52.0,453.0,10.25
cancer phillip,531.0,3.0,1.001883239
phillip cancer,530.0,530.0,1.0
prognosis screening,529.0,0.0,1.0
prevention prognosis,529.0,0.0,1.0
ovarian cancer,124.0,466.0,4.233870968
bone marrow,77.0,398.0,6.636363636
brain tumor,122.0,505.0,4.139344262
young adult,117.0,261.0,4.145299145
child cancer,107.0,462.0,4.317757009
wilm tumor,18.0,442.0,24.55555556
small cell,103.0,42.0,4.27184466
tumor cancer,205.0,387.0,2.131707317
cancer diagnosis,227.0,432.0,1.9030837
pancreatic cancer,97.0,386.0,4.453608247
survivor cancer,52.0,347.0,8.269230769
cell lung,108.0,21.0,3.898148148
cancer therapy,259.0,417.0,1.61003861
child adolescent,72.0,292.0,5.736111111
therapy cancer,214.0,295.0,1.91588785
cancer breast,180.0,397.0,2.205555556
soft tissue,74.0,142.0,5.175675676
immune cell,150.0,338.0,2.54
cell carcinoma,75.0,209.0,5.0
blood cancer,85.0,197.0,4.341176471
cell cancer,183.0,351.0,1.918032787
cell therapy,88.0,292.0,3.829545455
blood cell,99.0,174.0,3.393939394
high grade,57.0,208.0,5.894736842
child oncology,50.0,277.0,6.58
cancer death,132.0,222.0,2.477272727
pediatric cancer,86.0,322.0,3.744186047
rare cancer,113.0,321.0,2.840707965
adult cancer,110.0,182.0,2.909090909
cancer child,101.0,232.0,3.148514851
cancer year,186.0,254.0,1.693548387
cancer incidence,114.0,240.0,2.736842105
germ cell,21.0,90.0,14.80952381
meta analysis,45.0,233.0,6.866666667
myeloid leukemia,65.0,252.0,4.738461538
cervical cancer,89.0,307.0,3.449438202
multiple endocrine,18.0,307.0,17.05555556
rare tumor,84.0,302.0,3.595238095
skin cancer,82.0,302.0,3.682926829
neck cancer,57.0,36.0,5.263157895
cancer community,174.0,283.0,1.626436782
low grade,57.0,164.0,4.894736842
cancer tumor,185.0,276.0,1.491891892
genomic alteration,21.0,276.0,13.14285714
nasopharyngeal carcinoma,21.0,276.0,13.14285714
year rate,50.0,276.0,5.52
large cell,46.0,22.0,5.934782609
cell transplant,64.0,20.0,4.234375
year cancer,130.0,264.0,2.030769231
woman breast,72.0,31.0,3.625
gene fusion,28.0,260.0,9.285714286
hormone therapy,56.0,211.0,4.589285714
chemotherapy radiation,92.0,52.0,2.77173913
young year,49.0,170.0,5.163265306
medullary thyroid,19.0,110.0,13.21052632
cancer age,79.0,248.0,3.139240506
surgery radiation,69.0,45.0,3.565217391
multiple myeloma,62.0,246.0,3.967741935
grade glioma,26.0,118.0,9.461538462
gene expression,58.0,245.0,4.224137931
cancer moonshot,95.0,245.0,2.578947368
gastric cancer,29.0,243.0,8.379310345
cancer spread,75.0,242.0,3.226666667
tissue sarcoma,40.0,1.0,6.05
cancer woman,93.0,137.0,2.602150538
hot flash,17.0,241.0,14.17647059
blood vessel,89.0,238.0,2.674157303
year old,115.0,238.0,2.069565217
cell transplantation,26.0,92.0,9.153846154
test cancer,85.0,186.0,2.776470588
central nervous,68.0,159.0,3.455882353
phase iii,62.0,231.0,3.725806452
immune inhibitor,91.0,230.0,2.527472527
cancer datum,112.0,167.0,2.035714286
adolescent young,60.0,4.0,3.8
precision medicine,104.0,226.0,2.173076923
cancer high,138.0,219.0,1.586956522
metastatic breast,50.0,7.0,4.38
solid tumor,85.0,218.0,2.564705882
colon cancer,59.0,216.0,3.661016949
median age,21.0,95.0,10.28571429
therapy chemotherapy,67.0,82.0,3.208955224
squamous cell,52.0,49.0,4.134615385
cancer immunotherapy,120.0,166.0,1.775
adenomatous polyposis,11.0,26.0,19.36363636
endometrial cancer,29.0,213.0,7.344827586
adolescent cancer,40.0,92.0,5.325
distant metastasis,19.0,158.0,11.15789474
chemotherapy drug,133.0,210.0,1.578947368
single cell,51.0,209.0,4.098039216
immunotherapy drug,99.0,160.0,2.090909091
prevention cancer,105.0,206.0,1.961904762
marrow transplant,20.0,93.0,10.3
symptom cluster,3.0,205.0,68.33333333
cns tumor,29.0,205.0,7.068965517
cancer surgery,100.0,158.0,2.04
bladder cancer,52.0,204.0,3.923076923
death rate,55.0,98.0,3.690909091
tumor child,51.0,203.0,3.980392157
high dose,51.0,141.0,3.921568627
cancer test,96.0,200.0,2.083333333
immune response,87.0,199.0,2.287356322
progress cancer,117.0,198.0,1.692307692
positive breast,28.0,5.0,7.035714286
stage disease,75.0,193.0,2.573333333
brain spine,53.0,33.0,3.622641509
receptor positive,31.0,32.0,6.129032258
stage iii,45.0,190.0,4.222222222
cancer genetic,99.0,189.0,1.909090909
thyroid carcinoma,28.0,81.0,6.714285714
long survivor,17.0,187.0,11.0
familial adenomatous,10.0,0.0,18.7
gastrointestinal neuroendocrine,11.0,14.0,16.90909091
cancer stage,75.0,185.0,2.466666667
poor prognosis,51.0,185.0,3.62745098
thymic carcinoma,8.0,61.0,22.75
cancer clin,30.0,137.0,6.033333333
median year,44.0,178.0,4.045454545
adult survivor,3.0,94.0,59.0
option overview,32.0,135.0,5.53125
oral cavity,27.0,117.0,6.555555556
body cancer,61.0,175.0,2.868852459
stage cancer,86.0,174.0,2.023255814
child young,48.0,91.0,3.625
cancer lymph,36.0,127.0,4.805555556
normal cell,87.0,172.0,1.977011494
gene chromosome,25.0,84.0,6.88
area body,51.0,73.0,3.37254902
pediatr blood,21.0,0.0,8.19047619
hormone receptor,23.0,37.0,7.434782609
prognostic factor,22.0,171.0,7.772727273
cancer chemotherapy,86.0,171.0,1.988372093
chemotherapy cancer,87.0,167.0,1.91954023
spine tumor,48.0,8.0,3.479166667
child hospital,70.0,120.0,2.371428571
cancer lung,86.0,165.0,1.918604651
lymphoma cancer,44.0,99.0,3.727272727
tumor rare,61.0,164.0,2.68852459
cancer disease,118.0,164.0,1.389830508
cancer new,163.0,164.0,1.006134969
hpv vaccine,47.0,163.0,3.468085106
stomach cancer,31.0,163.0,5.258064516
cumulative incidence,11.0,90.0,14.81818182
brain cancer,72.0,162.0,2.25
white blood,71.0,0.0,2.281690141
cancer factor,83.0,161.0,1.939759036
response rate,62.0,161.0,2.596774194
cell lymphoblastic,17.0,81.0,9.470588235
datum cancer,106.0,161.0,1.518867925
cell line,80.0,108.0,2.0
tumor microenvironment,82.0,160.0,1.951219512
cancer mortality,46.0,160.0,3.47826087
high rate,70.0,159.0,2.271428571
adjuvant therapy,48.0,159.0,3.3125
hematopoietic stem,17.0,0.0,9.352941176
cancer old,148.0,158.0,1.067567568
cancer rare,97.0,158.0,1.628865979
black cohosh,4.0,154.0,38.5
magnetic resonance,71.0,9.0,2.154929577
rhabdoid tumor,19.0,103.0,8.0
spinal cord,34.0,54.0,4.441176471
regional lymph,10.0,42.0,15.1
therapy surgery,59.0,58.0,2.559322034
salivary gland,17.0,78.0,8.823529412
cancer development,111.0,150.0,1.351351351
gene mutation,74.0,149.0,2.013513514
pediatric oncology,44.0,146.0,3.318181818
incidence rate,45.0,146.0,3.244444444
cranial radiation,8.0,57.0,18.125
endocrine therapy,7.0,145.0,20.71428571
resonance imaging,69.0,0.0,2.086956522
young age,47.0,144.0,3.063829787
secondhand smoke,16.0,144.0,9.0
cancer body,77.0,144.0,1.87012987
disease cancer,94.0,143.0,1.521276596
development cancer,118.0,143.0,1.211864407
graft host,17.0,0.0,8.411764706
host disease,17.0,0.0,8.411764706
cancer genomic,78.0,143.0,1.833333333
monoclonal antibody,51.0,142.0,2.784313725
age diagnosis,24.0,98.0,5.875
stage breast,40.0,6.0,3.525
year diagnosis,53.0,141.0,2.660377358
tumor growth,81.0,141.0,1.740740741
burkitt lymphoma,15.0,139.0,9.266666667
cancer late,115.0,139.0,1.208695652
postmenopausal woman,20.0,139.0,6.95
genomic datum,63.0,138.0,2.19047619
cancer well,92.0,137.0,1.489130435
support cancer,87.0,135.0,1.551724138
development award,37.0,135.0,3.648648649
esophageal cancer,35.0,135.0,3.857142857
cancer prostate,42.0,135.0,3.214285714
rare brain,57.0,29.0,2.368421053
high neuroblastoma,15.0,133.0,8.866666667
rare disease,83.0,91.0,1.590361446
cavity cancer,15.0,62.0,8.8
double blind,28.0,86.0,4.714285714
metastatic tumor,51.0,132.0,2.588235294
int radiat,11.0,4.0,11.90909091
chronic gvhd,5.0,131.0,26.2
radiation dose,18.0,131.0,7.277777778
cancer small,57.0,58.0,2.280701754
molecular feature,35.0,130.0,3.714285714
cancer gene,66.0,130.0,1.96969697
prognostic significance,11.0,129.0,11.72727273
cancer statistic,58.0,129.0,2.224137931
cancer thyroid,25.0,129.0,5.16
cancer genome,74.0,71.0,1.743243243
cancer man,54.0,82.0,2.388888889
physical activity,40.0,129.0,3.225
parp inhibitor,24.0,129.0,5.375
syndrome cancer,30.0,76.0,4.233333333
therapy radiation,56.0,127.0,2.267857143
radiat phy,10.0,0.0,12.7
complete response,60.0,127.0,2.116666667
tumor surgery,55.0,126.0,2.290909091
adjuvant chemotherapy,27.0,126.0,4.666666667
tumor tissue,81.0,125.0,1.543209877
cell body,64.0,68.0,1.953125
cancer model,60.0,125.0,2.083333333
metastatic disease,53.0,125.0,2.358490566
cell phone,10.0,125.0,12.5
man woman,44.0,125.0,2.840909091
key point,40.0,125.0,3.125
cell immune,82.0,124.0,1.512195122
cancer engl,22.0,56.0,5.636363636
tumor size,47.0,124.0,2.638297872
marrow transplantation,8.0,38.0,15.375
carcinoid tumor,11.0,123.0,11.18181818
thymoma thymic,7.0,1.0,17.42857143
blood marrow,5.0,31.0,24.4
braf v600e,10.0,63.0,12.2
normal tissue,59.0,122.0,2.06779661
her2 positive,21.0,56.0,5.80952381
cancer radiation,58.0,34.0,2.086206897
breast surgery,13.0,121.0,9.307692308
cancer example,105.0,121.0,1.152380952
negative breast,41.0,3.0,2.951219512
child year,42.0,121.0,2.880952381
human cancer,69.0,120.0,1.739130435
lymphoblastic lymphoma,7.0,46.0,17.14285714
surgery chemotherapy,42.0,120.0,2.857142857
heart failure,22.0,120.0,5.454545455
low dose,56.0,119.0,2.125
cognitive impairment,10.0,119.0,11.9
year age,53.0,119.0,2.245283019
pleuropulmonary blastoma,11.0,119.0,10.81818182
incidence mortality,51.0,47.0,2.333333333
cancer advanced,64.0,118.0,1.84375
therapy breast,38.0,34.0,3.105263158
kaposi sarcoma,15.0,118.0,7.866666667
cancer low,73.0,118.0,1.616438356
advanced stage,46.0,118.0,2.565217391
adult child,65.0,117.0,1.8
variant gene,18.0,116.0,6.444444444
copy number,18.0,116.0,6.444444444
chemotherapy surgery,47.0,116.0,2.468085106
diagnosis cancer,77.0,116.0,1.506493506
cancer staging,37.0,40.0,3.135135135
bcr abl1,4.0,116.0,29.0
racial ethnic,60.0,115.0,1.916666667
germline pathogenic,12.0,9.0,9.583333333
neuro oncology,34.0,67.0,3.382352941
surgery remove,63.0,62.0,1.825396825
cancer pain,37.0,114.0,3.081081081
dna repair,39.0,114.0,2.923076923
lymphoma hodgkin,19.0,114.0,6.0
cancer mutation,77.0,113.0,1.467532468
pediatric adult,56.0,72.0,2.017857143
cancer option,56.0,113.0,2.017857143
late cancer,105.0,71.0,1.076190476
tumor sample,79.0,112.0,1.417721519
rate cancer,56.0,112.0,2.0
cell blood,65.0,112.0,1.723076923
cancer adult,77.0,111.0,1.441558442
disease prevention,60.0,111.0,1.85
well cancer,64.0,111.0,1.734375
growth hormone,5.0,50.0,22.2
personal history,45.0,111.0,2.466666667
liquid biopsy,22.0,111.0,5.045454545
cancer pediatric,51.0,110.0,2.156862745
nausea vomiting,39.0,110.0,2.820512821
pericardial effusion,6.0,110.0,18.33333333
child adult,49.0,110.0,2.244897959
area cancer,81.0,110.0,1.358024691
hearing loss,14.0,109.0,7.785714286
negative positive,6.0,109.0,18.16666667
tyrosine kinase,36.0,36.0,3.0
carcinoma situ,26.0,54.0,4.153846154
prevention detection,91.0,35.0,1.186813187
eur cancer,35.0,108.0,3.085714286
cancer colorectal,58.0,107.0,1.844827586
vascular tumor,17.0,107.0,6.294117647
advanced breast,17.0,1.0,6.294117647
molecular characterization,40.0,107.0,2.675
tumor suppressor,30.0,40.0,3.566666667
time diagnosis,43.0,107.0,2.488372093
drug target,78.0,107.0,1.371794872
cancer support,79.0,106.0,1.341772152
pet scan,41.0,106.0,2.585365854
cancer time,84.0,106.0,1.261904762
tumor large,44.0,106.0,2.409090909
picture area,34.0,7.0,3.117647059
brentuximab vedotin,13.0,105.0,8.076923077
natural history,41.0,105.0,2.56097561
cancer symptom,50.0,105.0,2.1
cancer registry,42.0,105.0,2.5
carcinoma cancer,31.0,105.0,3.387096774
factor cancer,55.0,105.0,1.909090909
node metastasis,14.0,6.0,7.428571429
chromosome cancer,20.0,16.0,5.2
immunotherapy cancer,77.0,103.0,1.337662338
growth factor,36.0,37.0,2.861111111
computed tomography,56.0,103.0,1.839285714
cancer head,40.0,11.0,2.55
tumor body,57.0,102.0,1.789473684
testicular cancer,27.0,102.0,3.777777778
gene variant,17.0,102.0,6.0
pediatric aml,4.0,102.0,25.5
cancer young,61.0,102.0,1.672131148
medicine cancer,89.0,60.0,1.146067416
metastatic cancer,65.0,102.0,1.569230769
old age,50.0,101.0,2.02
tissue tumor,60.0,100.0,1.666666667
follicular lymphoma,18.0,100.0,5.555555556
nasal cavity,7.0,16.0,14.28571429
fiscal year,51.0,100.0,1.960784314
young child,34.0,99.0,2.911764706
fusion gene,18.0,99.0,5.5
brain metastasis,31.0,98.0,3.161290323
cancer united,78.0,98.0,1.256410256
pain symptom,22.0,98.0,4.454545455
cancer lynch,6.0,2.0,16.33333333
cancer visual,98.0,98.0,1.0
paranasal sinus,8.0,17.0,12.25
test procedure,42.0,98.0,2.333333333
lead investigator,91.0,98.0,1.076923077
weight loss,46.0,98.0,2.130434783
brain spinal,18.0,0.0,5.388888889
confidence interval,34.0,97.0,2.852941176
her2 negative,17.0,97.0,5.705882353
dna methylation,20.0,97.0,4.85
positive negative,15.0,96.0,6.4
mutation gene,63.0,96.0,1.523809524
great dimension,9.0,50.0,10.66666667
embryonal tumor,8.0,96.0,12.0
hpv infection,40.0,96.0,2.4
rate high,41.0,96.0,2.341463415
cancer syndrome,31.0,96.0,3.096774194
adrenocortical carcinoma,22.0,96.0,4.363636364
triple negative,32.0,18.0,2.96875
woman cancer,50.0,95.0,1.9
test diagnose,41.0,95.0,2.317073171
death cancer,71.0,95.0,1.338028169
bone cancer,26.0,95.0,3.653846154
wilms tumor,6.0,95.0,15.83333333
kidney cancer,47.0,95.0,2.021276596
tissue sample,64.0,94.0,1.46875
kinase inhibitor,34.0,22.0,2.764705882
oncology branch,47.0,46.0,2.0
advance cancer,74.0,94.0,1.27027027
leukemia cancer,44.0,94.0,2.136363636
year survivor,3.0,93.0,31.0
cancer plan,56.0,93.0,1.660714286
diagnosis year,37.0,93.0,2.513513514
blood sample,51.0,92.0,1.803921569
tissue cancer,59.0,92.0,1.559322034
mortality rate,35.0,92.0,2.628571429
surgery cancer,49.0,92.0,1.87755102
mycn amplification,4.0,92.0,23.0
basal cell,19.0,14.0,4.842105263
small number,69.0,91.0,1.31884058
analysis cancer,64.0,91.0,1.421875
line therapy,45.0,91.0,2.022222222
cancer season,24.0,91.0,3.791666667
drug medicine,90.0,90.0,1.0
low rate,28.0,90.0,3.214285714
cancer team,66.0,90.0,1.363636364
rate year,29.0,90.0,3.103448276
hematopoietic cell,6.0,10.0,15.0
cancer large,71.0,89.0,1.253521127
cancer potential,69.0,89.0,1.289855072
screening test,44.0,89.0,2.022727273
screening cancer,48.0,89.0,1.854166667
principal investigator,55.0,47.0,1.618181818
leukemia blood,9.0,88.0,9.777777778
inhibitor therapy,32.0,88.0,2.75
cancer progress,72.0,88.0,1.222222222
papillary thyroid,10.0,29.0,8.8
high quality,50.0,88.0,1.76
pleural effusion,9.0,43.0,9.666666667
therapy tumor,59.0,87.0,1.474576271
mismatch repair,17.0,87.0,5.117647059
significant difference,31.0,87.0,2.806451613
stage hodgkin,6.0,5.0,14.5
impact cancer,62.0,87.0,1.403225806
external radiation,32.0,8.0,2.71875
human tumor,44.0,40.0,1.954545455
aged year,30.0,86.0,2.866666667
fusion protein,15.0,86.0,5.733333333
tumor pediatric,45.0,86.0,1.911111111
clear cell,19.0,16.0,4.526315789
cancer annual,50.0,86.0,1.72
therapy drug,63.0,86.0,1.365079365
initiative cancer,56.0,85.0,1.517857143
cognitive function,11.0,85.0,7.727272727
stage small,12.0,16.0,7.083333333
therapy high,43.0,39.0,1.976744186
time cancer,64.0,85.0,1.328125
year cumulative,8.0,12.0,10.625
human papillomavirus,55.0,20.0,1.545454545
red blood,24.0,0.0,3.5
cancer recurrence,44.0,84.0,1.909090909
sinus nasal,5.0,0.0,16.8
cancer hpv,34.0,84.0,2.470588235
heart disease,30.0,84.0,2.8
award cancer,42.0,84.0,2.0
grand challenge,17.0,3.0,4.941176471
surg pathol,14.0,84.0,6.0
cancer palliative,46.0,83.0,1.804347826
chronic graft,11.0,1.0,7.545454545
emission tomography,40.0,6.0,2.075
cigarette smoking,42.0,83.0,1.976190476
income country,36.0,22.0,2.305555556
genomic landscape,8.0,83.0,10.375
advanced metastatic,31.0,83.0,2.677419355
renal cell,26.0,12.0,3.192307692
old year,31.0,83.0,2.677419355
replacement therapy,23.0,35.0,3.608695652
artificial intelligence,39.0,83.0,2.128205128
season episode,22.0,82.0,3.727272727
cancer advance,66.0,82.0,1.242424242
target cancer,63.0,82.0,1.301587302
tumor survivor,12.0,82.0,6.833333333
hodgkin disease,6.0,82.0,13.66666667
cancer blood,56.0,81.0,1.446428571
cancer detection,55.0,81.0,1.472727273
cell sarcoma,11.0,11.0,7.363636364
woman stage,32.0,29.0,2.53125
mutation cancer,52.0,81.0,1.557692308
cell growth,60.0,81.0,1.35
response cancer,67.0,81.0,1.208955224
history cancer,41.0,81.0,1.975609756
cancer grand,17.0,0.0,4.764705882
partial response,49.0,81.0,1.653061224
lymph vessel,31.0,80.0,2.580645161
little bit,20.0,80.0,4.0
testing cancer,34.0,80.0,2.352941176
tumor brain,32.0,80.0,2.5
cancer unknown,13.0,80.0,6.153846154
year median,20.0,80.0,4.0
blood test,54.0,80.0,1.481481481
palliative cancer,31.0,79.0,2.548387097
median time,32.0,79.0,2.46875
branch cancer,73.0,79.0,1.082191781
growth cancer,73.0,28.0,1.068493151
protein cancer,62.0,31.0,1.258064516
transcription factor,19.0,78.0,4.105263158
old child,21.0,78.0,3.714285714
cancer skin,20.0,78.0,3.9
breast tumor,32.0,78.0,2.4375
investigator cancer,68.0,78.0,1.147058824
cancer form,49.0,77.0,1.571428571
cancer metastasis,48.0,77.0,1.604166667
woman ovarian,34.0,18.0,2.264705882
opportunity cancer,57.0,77.0,1.350877193
edge cancer,11.0,4.0,7.0
prognostic impact,4.0,77.0,19.25
positron emission,40.0,0.0,1.925
budget proposal,35.0,32.0,2.2
cancer hormone,35.0,31.0,2.2
bone mineral,7.0,8.0,10.85714286
nervous cns,30.0,0.0,2.533333333
tumor high,44.0,76.0,1.727272727
old cancer,67.0,76.0,1.134328358
staging manual,7.0,0.0,10.85714286
malignant tumor,36.0,76.0,2.111111111
cancer analysis,50.0,76.0,1.52
challenge cancer,42.0,76.0,1.80952381
systemic therapy,26.0,76.0,2.923076923
systematic meta,26.0,0.0,2.923076923
chest ray,29.0,75.0,2.586206897
grade tumor,21.0,75.0,3.571428571
cancer future,66.0,75.0,1.136363636
high cancer,54.0,75.0,1.388888889
residual disease,25.0,75.0,3.0
dna damage,41.0,75.0,1.829268293
hereditary nonpolyposis,5.0,8.0,15.0
surgical resection,21.0,75.0,3.571428571
dose chemotherapy,26.0,16.0,2.884615385
poor outcome,25.0,75.0,3.0
cancer outcome,56.0,75.0,1.339285714
cancer adolescent,37.0,75.0,2.027027027
cns lymphoma,8.0,75.0,9.375
series picture,32.0,3.0,2.34375
lymphoblastic leukaemia,6.0,75.0,12.5
beam radiation,34.0,14.0,2.176470588
cognitive behavioral,19.0,28.0,3.894736842
gland cancer,7.0,2.0,10.57142857
cancer immune,49.0,74.0,1.510204082
myeloproliferative neoplasm,5.0,74.0,14.8
man syndrome,10.0,74.0,7.4
tumor diagnosis,31.0,74.0,2.387096774
melanoma cancer,42.0,74.0,1.761904762
young woman,35.0,74.0,2.114285714
mediastinal cell,3.0,0.0,24.66666667
manual springer,7.0,0.0,10.57142857
hpv vaccination,25.0,74.0,2.96
cell bone,38.0,22.0,1.947368421
germline mutation,21.0,74.0,3.523809524
mapk pathway,7.0,74.0,10.57142857
sleep disturbance,9.0,74.0,8.222222222
therapy year,38.0,74.0,1.947368421
microsatellite instability,16.0,73.0,4.5625
blood pressure,47.0,73.0,1.553191489
tumor small,35.0,73.0,2.085714286
helicobacter pylorus,9.0,73.0,8.111111111
high energy,38.0,73.0,1.921052632
burden cancer,49.0,73.0,1.489795918
favorable prognosis,6.0,73.0,12.16666667
oncology cancer,48.0,73.0,1.520833333
lymph cancer,23.0,73.0,3.173913043
amin edge,7.0,0.0,10.42857143
experience cancer,64.0,73.0,1.140625
quality cancer,58.0,73.0,1.25862069
episode cancer,24.0,72.0,3.0
cancer bone,31.0,72.0,2.322580645
anxiety depression,18.0,72.0,4.0
small bowel,6.0,72.0,12.0
child high,18.0,72.0,4.0
drug resistance,35.0,72.0,2.057142857
brca mutation,17.0,72.0,4.235294118
cancer brain,43.0,72.0,1.674418605
task force,36.0,72.0,2.0
cancer area,60.0,72.0,1.2
aromatase inhibitor,13.0,72.0,5.538461538
survivor adolescent,3.0,15.0,24.0
cancer long,50.0,72.0,1.44
large scale,53.0,72.0,1.358490566
complicated grief,4.0,71.0,17.75
region tumor,17.0,9.0,4.176470588
pineal region,10.0,9.0,7.1
world cancer,42.0,71.0,1.69047619
cancer multiple,52.0,71.0,1.365384615
genetic cancer,49.0,71.0,1.448979592
favorable outcome,10.0,71.0,7.1
bowel obstruction,6.0,71.0,11.83333333
community oncology,48.0,71.0,1.479166667
dose radiation,30.0,71.0,2.366666667
anaplastic large,9.0,0.0,7.888888889
visual cancer,70.0,70.0,1.0
cancer human,56.0,70.0,1.25
false positive,33.0,70.0,2.121212121
cancer pancreatic,36.0,70.0,1.944444444
hpv cancer,33.0,70.0,2.121212121
community cancer,62.0,70.0,1.129032258
datum initiative,30.0,9.0,2.333333333
response tumor,47.0,70.0,1.489361702
tumor response,52.0,70.0,1.346153846
woman high,36.0,70.0,1.944444444
physical exam,42.0,58.0,1.666666667
factor receptor,23.0,4.0,3.0
inflammatory breast,3.0,69.0,23.0
cell tissue,50.0,69.0,1.38
tissue body,37.0,69.0,1.864864865
cell drug,55.0,69.0,1.254545455
team cancer,56.0,69.0,1.232142857
tomography scan,41.0,69.0,1.682926829
advance directive,8.0,69.0,8.625
overall cancer,32.0,68.0,2.125
cancer testing,36.0,68.0,1.888888889
neoadjuvant chemotherapy,16.0,68.0,4.25
therapy advanced,36.0,68.0,1.888888889
healthy tissue,46.0,68.0,1.47826087
lymphoma cell,21.0,68.0,3.238095238
rare pediatric,19.0,68.0,3.578947368
tumor gene,32.0,68.0,2.125
tumor blood,40.0,68.0,1.7
age cancer,41.0,1.0,1.658536585
suppressor gene,19.0,68.0,3.578947368
therapy immunotherapy,48.0,0.0,1.416666667
mineral density,7.0,68.0,9.714285714
radiation exposure,20.0,51.0,3.4
middle income,33.0,26.0,2.060606061
status cancer,36.0,67.0,1.861111111
long time,59.0,67.0,1.13559322
ductal carcinoma,17.0,67.0,3.941176471
tp53 variant,4.0,66.0,16.75
cross sectional,14.0,66.0,4.714285714
problem cancer,46.0,66.0,1.434782609
factor prognosis,35.0,66.0,1.885714286
cell normal,42.0,66.0,1.571428571
cancer molecular,50.0,66.0,1.32
platinum chemotherapy,28.0,66.0,2.357142857
tissue organ,40.0,66.0,1.65
cell dna,39.0,65.0,1.692307692
pediatr surg,16.0,66.0,4.125
body immune,40.0,66.0,1.65
cancer location,27.0,6.0,2.407407407
molecular characteristic,29.0,65.0,2.24137931
k99 r00,15.0,65.0,4.333333333
man prostate,30.0,65.0,2.166666667
new cancer,65.0,12.0,1.0
datum analysis,30.0,65.0,2.166666667
cardiovascular disease,20.0,0.0,3.25
stromal tumor,23.0,65.0,2.826086957
surgery tumor,48.0,65.0,1.354166667
papillomavirus hpv,47.0,65.0,1.382978723
symptom cancer,45.0,65.0,1.444444444
lymphoma child,15.0,65.0,4.333333333
tumor dna,38.0,65.0,1.710526316
woman year,34.0,64.0,1.882352941
model cancer,48.0,64.0,1.333333333
stage tumor,29.0,64.0,2.206896552
median pfs,12.0,64.0,5.333333333
myelodysplastic syndrome,30.0,64.0,2.133333333
chemotherapy regimen,33.0,64.0,1.939393939
drug development,44.0,64.0,1.454545455
potential cancer,53.0,64.0,1.20754717
intraocular melanoma,4.0,64.0,16.0
old adult,30.0,64.0,2.133333333
goal cancer,42.0,64.0,1.523809524
black cancer,10.0,64.0,6.4
sarcoma cancer,28.0,64.0,2.285714286
uveal melanoma,12.0,63.0,5.25
high school,33.0,63.0,1.909090909
statistic cancer,37.0,4.0,1.702702703
f99 k00,26.0,63.0,2.423076923
smokeless tobacco,16.0,63.0,3.9375
v600e variant,5.0,63.0,12.6
mutation tumor,45.0,6.0,1.4
cancer participant,58.0,3.0,1.086206897
adult pediatric,36.0,2.0,1.75
depressive symptom,11.0,0.0,5.727272727
nervous tumor,25.0,63.0,2.52
superior vena,3.0,63.0,21.0
number cancer,49.0,63.0,1.285714286
vena cava,4.0,62.0,15.5
ribbon panel,20.0,62.0,3.1
child age,35.0,62.0,1.771428571
financial hardship,11.0,62.0,5.636363636
dysplastic nevus,10.0,62.0,6.2
parent child,26.0,62.0,2.384615385
midline glioma,16.0,16.0,3.875
pylorus infection,8.0,62.0,7.75
med genet,9.0,62.0,6.888888889
small business,13.0,62.0,4.769230769
large number,46.0,14.0,1.347826087
blue ribbon,20.0,62.0,3.1
gene cancer,45.0,62.0,1.377777778
papillary follicular,5.0,62.0,12.4
chemotherapy therapy,44.0,61.0,1.386363636
cancer melanoma,47.0,61.0,1.29787234
cancer problem,45.0,61.0,1.355555556
cell form,38.0,17.0,1.605263158
cancer discovery,43.0,61.0,1.418604651
collaboration cancer,51.0,61.0,1.196078431
gastrointestinal tract,29.0,61.0,2.103448276
variant high,13.0,61.0,4.692307692
drug tumor,48.0,61.0,1.270833333
depression anxiety,12.0,15.0,5.083333333
spindle cell,5.0,61.0,12.2
future cancer,44.0,61.0,1.386363636
large centimeter,7.0,60.0,8.571428571
genome wide,23.0,4.0,2.608695652
hereditary cancer,20.0,60.0,3.0
university cancer,55.0,60.0,1.090909091
total body,12.0,60.0,5.0
int cancer,17.0,60.0,3.529411765
cancer trend,41.0,60.0,1.463414634
tumor marker,21.0,60.0,2.857142857
leukemia aml,28.0,60.0,2.142857143
complete remission,28.0,60.0,2.142857143
imaging mri,43.0,60.0,1.395348837
cancer tissue,48.0,60.0,1.25
vice president,22.0,60.0,2.727272727
genomic analysis,23.0,60.0,2.608695652
carcinoma child,10.0,59.0,5.9
lymph body,12.0,59.0,4.916666667
multidisciplinary team,38.0,59.0,1.552631579
median overall,41.0,59.0,1.43902439
advanced disease,42.0,10.0,1.404761905
maintenance therapy,26.0,59.0,2.269230769
night sweat,17.0,13.0,3.470588235
objective response,23.0,59.0,2.565217391
genotype phenotype,12.0,5.0,4.916666667
normal grief,5.0,59.0,11.8
cancer experience,40.0,59.0,1.475
follicular thyroid,6.0,59.0,9.833333333
nasopharyngeal cancer,15.0,59.0,3.933333333
tumor great,15.0,0.0,3.933333333
period time,44.0,59.0,1.340909091
blood bone,32.0,59.0,1.84375
cancer early,55.0,59.0,1.072727273
thyroid gland,22.0,59.0,2.681818182
cancer prevalence,51.0,49.0,1.156862745
response therapy,48.0,4.0,1.229166667
genome atlas,37.0,58.0,1.567567568
braf mutation,17.0,58.0,3.411764706
tumor gastrointestinal,17.0,55.0,3.411764706
real time,38.0,58.0,1.526315789
smoking cessation,28.0,58.0,2.071428571
carcinoma skin,9.0,4.0,6.444444444
pediatric myeloid,3.0,58.0,19.33333333
drug therapy,45.0,58.0,1.288888889
tumor development,36.0,58.0,1.611111111
epidermal growth,18.0,58.0,3.222222222
metastasis cancer,43.0,57.0,1.325581395
high incidence,32.0,57.0,1.78125
anaplastic thyroid,10.0,57.0,5.7
tumor mutation,44.0,57.0,1.295454545
overall rate,36.0,57.0,1.583333333
microscope cancer,21.0,57.0,2.714285714
hum genet,8.0,57.0,7.125
cancer subtype,34.0,3.0,1.676470588
molecular analysis,27.0,57.0,2.111111111
cancer genomics,45.0,57.0,1.266666667
tool cancer,40.0,57.0,1.425
mutation carrier,12.0,57.0,4.75
leukemia lymphoma,14.0,57.0,4.071428571
polyposis syndrome,3.0,12.0,19.0
survivor clin,4.0,57.0,14.25
peripheral neuropathy,24.0,56.0,2.375
cell receptor,22.0,57.0,2.590909091
morbidity mortality,29.0,57.0,1.965517241
lymphoma blood,11.0,57.0,5.181818182
grade high,21.0,57.0,2.714285714
malignant pleural,4.0,9.0,14.0
cancer translational,52.0,56.0,1.076923077
annual plan,30.0,56.0,1.866666667
long cancer,27.0,56.0,2.074074074
cranial irradiation,4.0,56.0,14.0
woman man,31.0,52.0,1.806451613
cancer rate,30.0,56.0,1.866666667
attack cancer,45.0,56.0,1.244444444
cancer vaccine,26.0,0.0,2.153846154
seminar series,20.0,56.0,2.8
desmoid tumor,13.0,3.0,4.307692308
animal model,45.0,56.0,1.244444444
chance recovery,30.0,56.0,1.866666667
therapy cell,31.0,56.0,1.806451613
colon rectum,24.0,56.0,2.333333333
mantle cell,16.0,56.0,3.5
cancer susceptibility,16.0,56.0,3.5
remove tumor,37.0,56.0,1.513513514
dna rna,30.0,56.0,1.866666667
cancer investigator,42.0,56.0,1.333333333
cancer opportunity,46.0,56.0,1.217391304
heart tumor,6.0,55.0,9.166666667
cancer decade,48.0,55.0,1.145833333
ewing sarcoma,12.0,55.0,4.583333333
chest wall,14.0,55.0,3.928571429
variant cancer,16.0,55.0,3.4375
aya cancer,11.0,55.0,5.0
tumor metastatic,31.0,55.0,1.774193548
location drug,20.0,7.0,2.75
oropharyngeal cancer,19.0,14.0,2.894736842
pediatric cell,7.0,54.0,7.857142857
journal oncology,42.0,55.0,1.30952381
single nucleotide,12.0,55.0,4.583333333
size tumor,46.0,53.0,1.195652174
cell protein,46.0,55.0,1.195652174
hormone replacement,17.0,55.0,3.235294118
adult rare,49.0,55.0,1.12244898
node distant,7.0,55.0,7.857142857
high disease,36.0,55.0,1.527777778
synovial sarcoma,11.0,55.0,5.0
external beam,24.0,55.0,2.291666667
single agent,21.0,55.0,2.619047619
cancer target,41.0,54.0,1.317073171
gene rearrangement,4.0,54.0,13.5
tumor immune,39.0,54.0,1.384615385
analysis datum,35.0,54.0,1.542857143
cancer addition,50.0,54.0,1.08
spread body,34.0,54.0,1.588235294
cancer phase,31.0,54.0,1.741935484
cancer ovarian,31.0,8.0,1.741935484
protein cell,43.0,54.0,1.255813953
therapy woman,17.0,54.0,3.176470588
cancer university,41.0,54.0,1.317073171
long outcome,21.0,10.0,2.571428571
option stage,13.0,54.0,4.153846154
gynecologic cancer,31.0,54.0,1.741935484
iii stage,27.0,54.0,2.0
behavioral therapy,15.0,54.0,3.6
terese winslow,49.0,54.0,1.102040816
glioneuronal tumor,3.0,54.0,18.0
scan procedure,21.0,54.0,2.571428571
cell precursor,8.0,54.0,6.75
kidney tumor,16.0,9.0,3.375
shortness breath,29.0,54.0,1.862068966
pfs rate,11.0,54.0,4.909090909
protein expression,11.0,1.0,4.909090909
united cancer,43.0,54.0,1.255813953
fallopian tube,25.0,54.0,2.16
cancer therapeutic,50.0,54.0,1.08
cancer predisposition,19.0,54.0,2.842105263
abnormal cell,30.0,47.0,1.8
pediatric high,7.0,53.0,7.571428571
retrospective analysis,22.0,53.0,2.409090909
cancer medicine,40.0,53.0,1.325
oncology cog,16.0,0.0,3.3125
cancer project,40.0,53.0,1.325
cancer day,24.0,7.0,2.208333333
sentinel lymph,10.0,53.0,5.3
repair gene,9.0,53.0,5.888888889
tumor regional,7.0,0.0,7.571428571
chance cancer,31.0,53.0,1.709677419
pediatric oncologist,39.0,0.0,1.358974359
inhibitor cancer,36.0,53.0,1.472222222
gastrointestinal stromal,18.0,8.0,2.944444444
classification cancer,35.0,48.0,1.514285714
tumor atlas,20.0,53.0,2.65
abdominal pain,21.0,52.0,2.476190476
cancer metastatic,36.0,52.0,1.444444444
wiedemann syndrome,5.0,52.0,10.4
colorectal tumor,16.0,52.0,3.25
beckwith wiedemann,5.0,-42.0,10.4
cost effectiveness,16.0,52.0,3.25
precursor lymphoblastic,5.0,0.0,10.4
sarcoma kidney,6.0,52.0,8.666666667
chemotherapy immunotherapy,36.0,52.0,1.444444444
cell sample,35.0,52.0,1.485714286
pembrolizumab keytruda,42.0,52.0,1.238095238
placeholder slot,52.0,52.0,1.0
body tumor,28.0,52.0,1.857142857
lymphoma option,8.0,51.0,6.5
ovarian function,6.0,52.0,8.666666667
man cancer,28.0,52.0,1.857142857
chemotherapy stem,21.0,52.0,2.476190476
cancer oral,23.0,49.0,2.217391304
nut carcinoma,8.0,51.0,6.375
cancer prognosis,34.0,51.0,1.5
low cancer,47.0,49.0,1.085106383
oncology clin,15.0,51.0,3.4
metabolic syndrome,3.0,51.0,17.0
drug criterion,16.0,51.0,3.1875
tumor appendix,6.0,51.0,8.5
high frequency,12.0,51.0,4.25
healthy cell,36.0,51.0,1.416666667
teratoid rhabdoid,10.0,51.0,5.1
cooperative agreement,37.0,51.0,1.378378378
cancer person,35.0,51.0,1.457142857
atypical teratoid,10.0,51.0,5.1
year young,17.0,51.0,3.0
laryngeal cancer,12.0,51.0,4.25
promyelocytic leukemia,5.0,51.0,10.2
year woman,30.0,51.0,1.7
single dose,19.0,51.0,2.684210526
cancer adjuvant,29.0,9.0,1.75862069
year range,13.0,51.0,3.923076923
benefit harm,27.0,51.0,1.888888889
disease year,31.0,51.0,1.64516129
hazard ratio,23.0,50.0,2.173913043
repair deficiency,13.0,50.0,3.846153846
molecular subtype,19.0,50.0,2.631578947
tnm stage,8.0,50.0,6.25
chemotherapy regiman,30.0,50.0,1.666666667
prevalence cancer,47.0,50.0,1.063829787
node dissection,16.0,50.0,3.125
cerebrospinal fluid,20.0,50.0,2.5
tumor year,21.0,50.0,2.380952381
pembrolizumab chemotherapy,13.0,3.0,3.846153846
cancer stigma,8.0,50.0,6.25
chemotherapy advanced,20.0,50.0,2.5
cancer single,35.0,50.0,1.428571429
small intestine,22.0,50.0,2.272727273
oncolytic virus,11.0,50.0,4.545454545
annual cancer,32.0,50.0,1.5625
therapy child,28.0,50.0,1.785714286
tumor low,31.0,50.0,1.612903226
person cancer,37.0,50.0,1.351351351
kill cancer,38.0,50.0,1.315789474
female survivor,4.0,50.0,12.5
counseling testing,14.0,50.0,3.571428571
organ tissue,30.0,50.0,1.666666667
large tumor,37.0,50.0,1.351351351
hepatocellular carcinoma,11.0,50.0,4.545454545
prognosis chance,25.0,50.0,2.0
resistance cancer,30.0,50.0,1.666666667
drug block,39.0,49.0,1.256410256
cancer burden,37.0,49.0,1.324324324
human genome,42.0,49.0,1.166666667
cell surface,27.0,49.0,1.814814815
targeted therapy,32.0,0.0,1.53125
cancer history,26.0,49.0,1.884615385
peripheral blood,20.0,49.0,2.45
cancer initiative,36.0,49.0,1.361111111
situ hybridization,13.0,49.0,3.769230769
symposium cancer,15.0,49.0,3.266666667
overview cancer,30.0,49.0,1.633333333
tumor recurrence,32.0,49.0,1.53125
rate low,32.0,49.0,1.53125
psychological distress,13.0,49.0,3.769230769
investigator award,13.0,1.0,3.769230769
year rare,19.0,49.0,2.578947368
carcinoma squamous,9.0,49.0,5.444444444
cell histiocytosis,4.0,49.0,12.25
thyroid tumor,10.0,49.0,4.9
rare cns,20.0,0.0,2.45
germline variant,11.0,49.0,4.454545455
travel lymph,19.0,49.0,2.578947368
anticipatory grief,4.0,49.0,12.25
rectal cancer,14.0,49.0,3.5
insight cancer,48.0,49.0,1.020833333
imaging test,27.0,49.0,1.814814815
inflammatory myofibroblastic,9.0,49.0,5.444444444
sample size,24.0,49.0,2.041666667
cancer conversation,28.0,49.0,1.75
cancer precision,33.0,49.0,1.484848485
history physical,32.0,49.0,1.53125
myofibroblastic tumor,9.0,48.0,5.333333333
tumor form,28.0,48.0,1.714285714
cell chemotherapy,29.0,48.0,1.655172414
budget book,9.0,48.0,5.333333333
gene cell,28.0,48.0,1.714285714
cancer lymphoma,29.0,48.0,1.655172414
disease malignant,26.0,48.0,1.846153846
prevention screening,40.0,48.0,1.2
graduate student,17.0,48.0,2.823529412
melanoma skin,23.0,5.0,2.086956522
gastrointestinal cancer,27.0,48.0,1.777777778
expression gene,24.0,48.0,2.0
variant carrier,6.0,48.0,8.0
outcome cancer,35.0,7.0,1.371428571
adult aml,8.0,4.0,6.0
tumor drug,41.0,48.0,1.170731707
diagnose stage,27.0,48.0,1.777777778
year tamoxifen,3.0,48.0,16.0
exceptional responder,11.0,48.0,4.363636364
autosomal dominant,9.0,48.0,5.333333333
chromosome loss,7.0,48.0,6.857142857
chemotherapy breast,19.0,48.0,2.526315789
positive her2,13.0,5.0,3.692307692
adolescent rare,16.0,48.0,3.0
lung disease,15.0,48.0,3.2
appendiceal neuroendocrine,6.0,48.0,8.0
cell hodgkin,22.0,5.0,2.181818182
malignant cancer,25.0,48.0,1.92
oliver bogler,19.0,48.0,2.526315789
field cancer,39.0,48.0,1.230769231
child aml,5.0,48.0,9.6
neoadjuvant therapy,18.0,47.0,2.611111111
anticancer drug,30.0,47.0,1.566666667
year high,26.0,1.0,1.807692308
dense breast,11.0,47.0,4.272727273
metastatic colorectal,17.0,47.0,2.764705882
genomic profiling,23.0,1.0,2.043478261
cancer finding,44.0,47.0,1.068181818
small lesion,3.0,47.0,15.66666667
cancer hodgkin,19.0,47.0,2.473684211
lung tumor,19.0,47.0,2.473684211
nearby lymph,30.0,47.0,1.566666667
premenopausal woman,12.0,47.0,3.916666667
diagnostic test,35.0,47.0,1.342857143
small radioactive,24.0,47.0,1.958333333
european cooperative,18.0,47.0,2.611111111
jude child,21.0,47.0,2.238095238
male female,22.0,47.0,2.136363636
loss function,16.0,47.0,2.9375
blind placebo,16.0,47.0,2.9375
tumor connection,43.0,47.0,1.093023256
lymphocytic leukemia,26.0,47.0,1.807692308
depression cancer,7.0,47.0,6.714285714
mean age,11.0,47.0,4.272727273
tumor alteration,28.0,46.0,1.642857143
breast radiation,7.0,46.0,6.571428571
tumor biopsy,26.0,46.0,1.769230769
cancer key,36.0,46.0,1.277777778
carcinoid syndrome,9.0,46.0,5.111111111
financial toxicity,13.0,46.0,3.538461538
lead cancer,46.0,46.0,1.0
sample tissue,25.0,46.0,1.84
cancer thank,25.0,46.0,1.84
k00 phase,3.0,46.0,15.33333333
interim analysis,20.0,46.0,2.3
cancer goal,40.0,46.0,1.15
breast tissue,17.0,42.0,2.705882353
enlarge figure,11.0,46.0,4.181818182
metastasis distant,9.0,46.0,5.111111111
embryonal rhabdomyosarcoma,3.0,46.0,15.33333333
cancer bad,36.0,0.0,1.277777778
cancer systematic,27.0,46.0,1.703703704
leukemia child,11.0,46.0,4.181818182
axillary lymph,5.0,46.0,9.2
tumor test,31.0,46.0,1.483870968
genetic medicine,45.0,1.0,1.022222222
target protein,44.0,44.0,1.045454545
major depression,6.0,46.0,7.666666667
single arm,31.0,46.0,1.483870968
wide range,45.0,46.0,1.022222222
prevention good,46.0,46.0,1.0
tissue microscope,31.0,45.0,1.451612903
eligibility criterion,21.0,45.0,2.142857143
tumor lung,30.0,45.0,1.5
body irradiation,8.0,45.0,5.625
autoimmune disease,12.0,45.0,3.75
alive year,29.0,45.0,1.551724138
year incidence,32.0,45.0,1.40625
induction chemotherapy,12.0,45.0,3.75
lip oral,6.0,45.0,7.5
low- middle,25.0,45.0,1.8
body blood,24.0,45.0,1.875
receptor cell,26.0,45.0,1.730769231
posterior fossa,3.0,45.0,15.0
therapy stage,19.0,45.0,2.368421053
tumor radiation,25.0,45.0,1.8
protective factor,10.0,45.0,4.5
screening prevention,27.0,45.0,1.666666667
blood flow,23.0,45.0,1.956521739
moonshot initiative,20.0,45.0,2.25
plan budget,25.0,45.0,1.8
adverse prognostic,9.0,44.0,5.0
k00 award,24.0,45.0,1.875
cancer oncology,29.0,45.0,1.551724138
classical hodgkin,6.0,45.0,7.5
fusion positive,5.0,45.0,9.0
variant pediatric,3.0,45.0,15.0
mortality cancer,34.0,45.0,1.323529412
genomics cancer,40.0,45.0,1.125
somatic mutation,15.0,45.0,3.0
explorer interactive,24.0,45.0,1.875
high throughput,24.0,45.0,1.875
ovarian tumor,18.0,44.0,2.444444444
node negative,4.0,44.0,11.0
loss heterozygosity,8.0,44.0,5.5
onset cancer,16.0,44.0,2.75
race ethnicity,26.0,0.0,1.692307692
human cell,33.0,44.0,1.333333333
description tumor,6.0,44.0,7.333333333
cell death,35.0,44.0,1.257142857
tumor chemotherapy,30.0,44.0,1.466666667
big datum,23.0,44.0,1.913043478
surgical procedure,21.0,44.0,2.095238095
body radiation,37.0,44.0,1.189189189
pathway activation,4.0,44.0,11.0
bone tumor,18.0,44.0,2.444444444
cord tumor,7.0,44.0,6.285714286
child syndrome,7.0,44.0,6.285714286
cohort cancer,12.0,44.0,3.666666667
overall response,19.0,44.0,2.315789474
total thyroidectomy,6.0,44.0,7.333333333
anxiety disorder,5.0,44.0,8.8
option advanced,11.0,44.0,4.0
ret pathogenic,3.0,44.0,14.66666667
tandem duplication,4.0,44.0,11.0
tumor cns,14.0,44.0,3.142857143
mechanism cancer,34.0,44.0,1.294117647
loss chromosome,4.0,44.0,11.0
nearby tissue,20.0,44.0,2.2
application guide,21.0,44.0,2.095238095
cancer epidemiol,14.0,44.0,3.142857143
age old,34.0,44.0,1.294117647
tumor symptom,23.0,44.0,1.913043478
photodynamic therapy,9.0,43.0,4.777777778
protein tumor,41.0,43.0,1.048780488
surgery breast,11.0,43.0,3.909090909
infection hpv,19.0,43.0,2.263157895
symptom quality,21.0,43.0,2.047619048
chemotherapy tumor,32.0,43.0,1.34375
therapy hormone,19.0,43.0,2.263157895
exposure secondhand,8.0,43.0,5.375
thyroid hormone,15.0,43.0,2.866666667
child lymphoblastic,10.0,43.0,4.3
myelomonocytic leukemia,7.0,43.0,6.142857143
year pfs,9.0,43.0,4.777777778
braf variant,4.0,43.0,10.75
activity cancer,34.0,43.0,1.264705882
cancer great,37.0,43.0,1.162162162
year overall,24.0,43.0,1.791666667
survivor year,8.0,43.0,5.375
cancer additional,36.0,43.0,1.194444444
melanoma tumor,20.0,43.0,2.15
community practice,14.0,43.0,3.071428571
award f99,26.0,43.0,1.653846154
real world,31.0,43.0,1.387096774
predisposition syndrome,14.0,43.0,3.071428571
tumor kidney,10.0,43.0,4.3
stage lung,17.0,43.0,2.529411765
sample blood,20.0,43.0,2.15
thin tube,21.0,43.0,2.047619048
cell high,37.0,43.0,1.162162162
malignancy branch,37.0,43.0,1.162162162
biopsy removal,24.0,43.0,1.791666667
immunotherapy immune,30.0,42.0,1.4
direct cost,18.0,42.0,2.333333333
outcome child,17.0,42.0,2.470588235
cancer story,38.0,42.0,1.105263158
small tumor,22.0,42.0,1.909090909
ray radiation,30.0,-42.0,1.4
cancer spotlight,42.0,42.0,1.0
radiation chemotherapy,28.0,42.0,1.5
dietary supplement,14.0,42.0,3.0
cancer increase,34.0,42.0,1.235294118
survivor ccss,4.0,42.0,10.5
low income,25.0,0.0,1.68
prevalence factor,6.0,42.0,7.0
high radiation,15.0,42.0,2.8
tracheobronchial tumor,7.0,42.0,6.0
cell function,31.0,42.0,1.35483871
menopausal symptom,8.0,0.0,5.25
tissue lymph,25.0,42.0,1.68
high expression,19.0,42.0,2.210526316
cancer challenge,33.0,42.0,1.272727273
incidence cancer,31.0,42.0,1.35483871
chronic lymphocytic,29.0,42.0,1.448275862
detection genetic,42.0,42.0,1.0
tumor metastasis,30.0,42.0,1.4
blood stem,19.0,41.0,2.210526316
president cancer,26.0,42.0,1.615384615
sample tumor,36.0,0.0,1.166666667
tumor adult,21.0,42.0,2.0
fam cancer,3.0,42.0,14.0
death child,7.0,42.0,6.0
institution principal,18.0,42.0,2.333333333
potential benefit,33.0,42.0,1.272727273
discovery cancer,35.0,42.0,1.2
cancer growth,35.0,42.0,1.2
arm leg,19.0,41.0,2.157894737
extracranial germ,4.0,41.0,10.25
alcohol cancer,17.0,41.0,2.411764706
biopsy test,13.0,41.0,3.153846154
pulmonary function,5.0,41.0,8.2
allogeneic hematopoietic,6.0,41.0,6.833333333
data cancer,32.0,41.0,1.28125
regulatory cell,9.0,41.0,4.555555556
node positive,6.0,0.0,6.833333333
time period,31.0,41.0,1.322580645
recovery option,21.0,41.0,1.952380952
year child,24.0,41.0,1.708333333
translational rare,41.0,41.0,1.0
surface cell,27.0,41.0,1.518518519
immuno oncology,18.0,41.0,2.277777778
survivor median,3.0,41.0,13.66666667
myeloma cancer,25.0,41.0,1.64
metastasis tumor,13.0,41.0,3.153846154
high prevalence,14.0,41.0,2.928571429
world classification,8.0,41.0,5.125
symptom management,21.0,41.0,1.952380952
m.p.h cancer,38.0,41.0,1.078947368
generation cancer,27.0,41.0,1.518518519
myeloma cell,12.0,41.0,3.416666667
tumor testing,9.0,41.0,4.555555556
woman hormone,12.0,41.0,3.416666667
small molecule,32.0,41.0,1.28125
prediction model,8.0,41.0,5.125
apc gene,3.0,41.0,13.66666667
factor age,31.0,41.0,1.322580645
annual status,21.0,41.0,1.952380952
classification tumour,5.0,41.0,8.2
genomic cancer,28.0,41.0,1.464285714
shh medulloblastoma,3.0,41.0,13.66666667
radiation oncologist,38.0,41.0,1.078947368
advisory committee,25.0,40.0,1.6
tumor molecular,25.0,40.0,1.6
table tnm,5.0,40.0,8.0
infection cancer,29.0,40.0,1.379310345
onset colorectal,17.0,40.0,2.352941176
cancer advisory,31.0,40.0,1.290322581
contralateral breast,7.0,40.0,5.714285714
form tumor,27.0,40.0,1.481481481
high low,24.0,40.0,1.666666667
tumor normal,27.0,40.0,1.481481481
tobacco smoke,10.0,40.0,4.0
chemotherapy stage,17.0,40.0,2.352941176
systemic chemotherapy,32.0,40.0,1.25
brca gene,18.0,40.0,2.222222222
molecular target,21.0,40.0,1.904761905
carrier pathogenic,3.0,40.0,13.33333333
endocrine man,8.0,40.0,5.0
age stage,18.0,40.0,2.222222222
cancer colleague,37.0,40.0,1.081081081
year time,22.0,40.0,1.818181818
cancer strategy,34.0,40.0,1.176470588
susceptibility gene,8.0,40.0,5.0
stage tnm,6.0,40.0,6.666666667
conditioning regiman,6.0,40.0,6.666666667
feature cancer,33.0,40.0,1.212121212
leukemia clin,5.0,40.0,8.0
vessel body,19.0,40.0,2.105263158
jul aug,19.0,40.0,2.105263158
distress cancer,15.0,40.0,2.666666667
fight cancer,35.0,40.0,1.142857143
mri scan,22.0,40.0,1.818181818
spread lymph,19.0,40.0,2.105263158
estrogen receptor,17.0,40.0,2.352941176
administrative supplement,13.0,39.0,3.0
time year,27.0,39.0,1.444444444
interest cancer,37.0,39.0,1.054054054
chromosomal abnormality,8.0,39.0,4.875
adolescent aged,19.0,39.0,2.052631579
vessel tumor,19.0,39.0,2.052631579
outstanding investigator,9.0,39.0,4.333333333
radio wave,31.0,39.0,1.258064516
high breast,23.0,39.0,1.695652174
diagnosis relapse,6.0,39.0,6.5
variant child,7.0,39.0,5.571428571
immune cancer,32.0,39.0,1.21875
syndrome tumor,12.0,39.0,3.25
cancer initial,29.0,39.0,1.344827586
partnership cancer,25.0,39.0,1.56
cancer stem,23.0,39.0,1.695652174
lymphoma high,20.0,39.0,1.95
breast ovarian,13.0,39.0,3.0
lymphoma large,16.0,39.0,2.4375
award k99,26.0,39.0,1.5
syndrome pathogenic,4.0,39.0,9.75
oral cancer,16.0,39.0,2.4375
human subject,14.0,39.0,2.785714286
cell rna,16.0,39.0,2.4375
transplantation blood,3.0,39.0,13.0
talk child,12.0,39.0,3.25
test tumor,31.0,39.0,1.258064516
adult cell,16.0,39.0,2.4375
cancer biomarker,30.0,39.0,1.3
school medicine,37.0,39.0,1.054054054
drug conjugate,19.0,39.0,2.052631579
dose response,5.0,39.0,7.8
radiation enteritis,3.0,39.0,13.0
cell platelet,12.0,39.0,3.25
cava syndrome,4.0,39.0,9.75
single institution,18.0,39.0,2.166666667
year breast,20.0,39.0,1.95
variant tumor,7.0,39.0,5.571428571
history breast,15.0,39.0,2.6
classic hodgkin,5.0,39.0,7.8
local recurrence,8.0,39.0,4.875
cell attack,32.0,39.0,1.21875
cancer physical,30.0,39.0,1.3
resistance therapy,31.0,39.0,1.258064516
chest radiation,6.0,38.0,6.333333333
energy ray,31.0,38.0,1.225806452
tumor wilm,8.0,38.0,4.75
melanoma cell,23.0,38.0,1.652173913
applicant eligibility,21.0,38.0,1.80952381
annual incidence,20.0,38.0,1.9
tumor stage,17.0,38.0,2.235294118
unilateral bilateral,9.0,38.0,4.222222222
form tissue,21.0,38.0,1.80952381
nicotine replacement,7.0,38.0,5.428571429
application applicant,17.0,38.0,2.235294118
pet scanner,23.0,38.0,1.652173913
cell transfer,17.0,38.0,2.235294118
brain cell,13.0,38.0,2.923076923
trend cancer,29.0,38.0,1.310344828
cancer world,33.0,38.0,1.151515152
cancer tobacco,25.0,38.0,1.52
cancer variant,17.0,38.0,2.235294118
chronic disease,18.0,38.0,2.111111111
premature ovarian,3.0,38.0,12.66666667
minimal residual,12.0,38.0,3.166666667
fluorescence situ,11.0,38.0,3.454545455
advanced melanoma,24.0,38.0,1.583333333
disease nih.gov,38.0,38.0,1.0
cost cancer,18.0,38.0,2.111111111
endocrine tumor,18.0,38.0,2.111111111
pharmaceutical company,28.0,38.0,1.357142857
thyroid nodule,12.0,38.0,3.166666667
epidemiol biomarker,10.0,38.0,3.8
survivor radiation,3.0,38.0,12.66666667
guide instruction,20.0,38.0,1.9
invasive breast,12.0,38.0,3.166666667
woman age,25.0,38.0,1.52
anal cancer,12.0,38.0,3.166666667
high blood,26.0,38.0,1.461538462
tumor location,22.0,38.0,1.727272727
nearby area,19.0,38.0,2.0
castration resistant,8.0,38.0,4.75
syndrome child,12.0,38.0,3.166666667
tomography pet,27.0,38.0,1.407407407
range cancer,38.0,38.0,1.0
positive tumor,18.0,38.0,2.111111111
cat scan,30.0,38.0,1.266666667
cavity oropharyngeal,11.0,38.0,3.454545455
cancer prior,26.0,38.0,1.461538462
metastatic prostate,20.0,38.0,1.9
cell healthy,33.0,38.0,1.151515152
age young,20.0,38.0,1.9
benign tumor,21.0,38.0,1.80952381
subsequent neoplasm,4.0,38.0,9.5
small sample,21.0,38.0,1.80952381
disorder cancer,25.0,38.0,1.52
project cancer,28.0,37.0,1.321428571
stage melanoma,7.0,37.0,5.285714286
range year,11.0,37.0,3.363636364
grade cell,11.0,37.0,3.363636364
grade serous,9.0,37.0,4.111111111
surgery stage,19.0,37.0,1.947368421
cancer financial,8.0,37.0,4.625
award application,21.0,37.0,1.761904762
pathway gene,9.0,37.0,4.111111111
blood adv,5.0,37.0,7.4
time test,36.0,37.0,1.027777778
old woman,26.0,37.0,1.423076923
child wilm,5.0,37.0,7.4
r00 award,9.0,37.0,4.111111111
resistant prostate,14.0,37.0,2.642857143
time high,22.0,37.0,1.681818182
high tumor,19.0,37.0,1.947368421
datum sharing,24.0,37.0,1.541666667
pediatric adolescent,23.0,37.0,1.608695652
cancer imaging,24.0,37.0,1.541666667
watchful waiting,14.0,37.0,2.642857143
nivolumab opdivo,35.0,37.0,1.057142857
tumor young,23.0,37.0,1.608695652
degree relative,14.0,37.0,2.642857143
somatic variant,10.0,37.0,3.7
phenotype correlation,6.0,37.0,6.166666667
low cost,24.0,37.0,1.541666667
diagnostic criterion,8.0,37.0,4.625
female sex,14.0,37.0,2.642857143
lymphoma stage,7.0,37.0,5.285714286
hair loss,9.0,37.0,4.111111111
bright picture,21.0,37.0,1.761904762
year period,30.0,37.0,1.233333333
cervical lymph,7.0,37.0,5.285714286
physician datum,37.0,37.0,1.0
cancer istock,37.0,37.0,1.0
therapy multiple,25.0,37.0,1.48
datum query,37.0,37.0,1.0
therapy pediatric,15.0,37.0,2.466666667
block activity,32.0,37.0,1.15625
carcinoma head,8.0,37.0,4.625
cancer collaboration,35.0,37.0,1.057142857
annual symposium,7.0,37.0,5.285714286
chemotherapy agent,19.0,37.0,1.947368421
pediatr hematol,16.0,37.0,2.3125
therapeutic target,23.0,37.0,1.608695652
cancer parent,25.0,37.0,1.48
cancer place,31.0,37.0,1.193548387
advanced development,7.0,37.0,5.285714286
recurrent disease,16.0,37.0,2.3125
drug chemotherapy,28.0,37.0,1.321428571
antigen receptor,19.0,37.0,1.947368421
tobacco cancer,24.0,37.0,1.541666667
metastatic melanoma,20.0,37.0,1.85
sarcoma soft,16.0,37.0,2.3125
death year,28.0,37.0,1.321428571
alk gene,17.0,37.0,2.176470588
dye vein,30.0,37.0,1.233333333
median duration,23.0,37.0,1.608695652
year man,14.0,37.0,2.642857143
leukemia cell,21.0,37.0,1.761904762
carcinoma unknown,4.0,36.0,9.0
survivor high,5.0,36.0,7.2
exam test,30.0,36.0,1.2
exposure radiation,17.0,36.0,2.117647059
cancer prospective,20.0,36.0,1.8
therapy immune,29.0,36.0,1.24137931
rodriguez galindo,18.0,36.0,2.0
cancer overall,30.0,36.0,1.2
tumor option,21.0,36.0,1.714285714
alk variant,4.0,36.0,9.0
cancer stomach,14.0,36.0,2.571428571
practice oncology,19.0,36.0,1.894736842
molecular cellular,13.0,36.0,2.769230769
graduate school,14.0,36.0,2.571428571
area lymph,17.0,36.0,2.117647059
high income,24.0,36.0,1.5
pediatric young,13.0,36.0,2.769230769
weight gain,14.0,36.0,2.571428571
woman chemotherapy,22.0,36.0,1.636363636
human epidermal,3.0,36.0,12.0
cell white,19.0,36.0,1.894736842
survivor cohort,4.0,36.0,9.0
cancer delivery,21.0,36.0,1.714285714
scan cat,28.0,36.0,1.285714286
year experience,28.0,36.0,1.285714286
expression tumor,16.0,36.0,2.25
chemotherapy metastatic,14.0,36.0,2.571428571
tissue procedure,30.0,36.0,1.2
neuroblastoma tumor,5.0,36.0,7.2
cancer substance,30.0,36.0,1.2
tumor therapy,28.0,36.0,1.285714286
early stage,29.0,36.0,1.24137931
blood disorder,21.0,36.0,1.714285714
antibody therapy,9.0,36.0,4.0
carcinoma thymoma,6.0,36.0,6.0
cancer previous,23.0,36.0,1.565217391
long period,32.0,36.0,1.125
relieve symptom,15.0,36.0,2.4
k01 award,27.0,36.0,1.333333333
award k01,24.0,36.0,1.5
joint pain,24.0,36.0,1.5
alteration gene,15.0,36.0,2.4
somatostatin analogue,5.0,36.0,7.2
apc pathogenic,3.0,36.0,12.0
tumor variant,5.0,36.0,7.2
gene protein,34.0,36.0,1.058823529
private sector,28.0,36.0,1.285714286
pediatric rare,15.0,36.0,2.4
mutational burden,11.0,36.0,3.272727273
future plan,33.0,36.0,1.090909091
nucleotide variant,7.0,36.0,5.142857143
unrelated donor,3.0,36.0,12.0
assistant professor,19.0,36.0,1.894736842
disease stage,22.0,36.0,1.636363636
large cancer,31.0,36.0,1.161290323
development validation,21.0,36.0,1.714285714
cancer episode,20.0,36.0,1.8
year tumor,25.0,36.0,1.44
cancer planning,18.0,36.0,2.0
body composition,3.0,36.0,12.0
therapy disease,31.0,36.0,1.161290323
pediatric brain,12.0,36.0,3.0
cancer consortium,27.0,36.0,1.333333333
oral hpv,15.0,35.0,2.333333333
model datum,17.0,35.0,2.058823529
loss child,15.0,35.0,2.333333333
medicine initiative,15.0,35.0,2.333333333
pathway variant,3.0,35.0,11.66666667
year dfs,4.0,35.0,8.75
pediatric low,6.0,35.0,5.833333333
beta catenin,5.0,35.0,7.0
young cancer,17.0,35.0,2.058823529
cancer aggressive,28.0,35.0,1.25
special consideration,19.0,35.0,1.842105263
hpv cervical,16.0,35.0,2.1875
understanding cancer,32.0,35.0,1.09375
cell bright,21.0,35.0,1.666666667
proto oncogene,7.0,35.0,5.0
positive advanced,5.0,35.0,7.0
survivor advocate,34.0,35.0,1.029411765
decade cancer,23.0,35.0,1.52173913
cancer issue,33.0,35.0,1.060606061
cancer assessment,24.0,35.0,1.458333333
management cancer,23.0,35.0,1.52173913
disease child,19.0,35.0,1.842105263
ph.d cancer,31.0,35.0,1.129032258
disease long,26.0,35.0,1.346153846
drug immune,30.0,35.0,1.166666667
interdisciplinary team,14.0,35.0,2.5
ray machine,30.0,35.0,1.166666667
computer ray,31.0,35.0,1.129032258
hypopharyngeal laryngeal,9.0,35.0,3.888888889
cancer healthy,30.0,35.0,1.166666667
african man,11.0,35.0,3.181818182
oropharyngeal hypopharyngeal,9.0,35.0,3.888888889
novel therapy,27.0,35.0,1.296296296
body mass,13.0,35.0,2.692307692
cancer good,33.0,35.0,1.060606061
ovarian insufficiency,3.0,35.0,11.66666667
average year,22.0,35.0,1.590909091
grief reaction,4.0,35.0,8.75
nuclear magnetic,31.0,35.0,1.129032258
pediatric follicular,3.0,35.0,11.66666667
duration response,18.0,35.0,1.944444444
complication cancer,17.0,34.0,2.0
child tumor,18.0,34.0,1.888888889
recurrence rate,10.0,34.0,3.4
lymphoma clin,5.0,34.0,6.8
chance disease,27.0,34.0,1.259259259
cell ability,27.0,34.0,1.259259259
cognitive problem,7.0,34.0,4.857142857
recurrent ovarian,17.0,34.0,2.0
number alteration,10.0,34.0,3.4
variant rate,6.0,34.0,5.666666667
grade adverse,10.0,34.0,3.4
vein tissue,29.0,34.0,1.172413793
dfs rate,4.0,34.0,8.5
cell cycle,16.0,34.0,2.125
black woman,22.0,34.0,1.545454545
cancer application,26.0,34.0,1.307692308
ovarian failure,6.0,34.0,5.666666667
child death,5.0,34.0,6.8
metastasis table,6.0,34.0,5.666666667
oncology annual,28.0,34.0,1.214285714
peutz jegher,3.0,34.0,11.33333333
initial therapy,19.0,34.0,1.789473684
option cancer,31.0,34.0,1.096774194
searchable catalog,7.0,34.0,4.857142857
time award,15.0,34.0,2.266666667
cancer tool,23.0,34.0,1.47826087
high fat,15.0,34.0,2.266666667
aggressive cancer,26.0,34.0,1.307692308
mortality year,15.0,34.0,2.266666667
old new,34.0,34.0,1.0
radiation cancer,25.0,34.0,1.36
lymphoma burkitt,9.0,34.0,3.777777778
prevention overview,34.0,34.0,1.0
difference cancer,22.0,34.0,1.545454545
cell development,17.0,34.0,2.0
cancer major,26.0,34.0,1.307692308
dna cell,27.0,34.0,1.259259259
rare child,24.0,34.0,1.416666667
sound wave,19.0,34.0,1.789473684
cancer workforce,21.0,34.0,1.619047619
chimeric antigen,18.0,34.0,1.888888889
kidney disease,13.0,34.0,2.615384615
peripheral nerve,12.0,34.0,2.833333333
immune attack,29.0,34.0,1.172413793
benefit cancer,31.0,34.0,1.096774194
lymphoid tissue,7.0,34.0,4.857142857
fertility preservation,9.0,34.0,3.777777778
physical examination,16.0,34.0,2.125
small area,14.0,33.0,2.357142857
colorectal polyp,9.0,33.0,3.666666667
procedure nuclear,29.0,33.0,1.137931034
body picture,25.0,33.0,1.32
child symptom,8.0,33.0,4.125
rural area,15.0,33.0,2.2
cancer inhibitor,25.0,33.0,1.32
cancer number,31.0,33.0,1.064516129
therapy target,29.0,33.0,1.137931034
molecular mechanism,23.0,33.0,1.434782609
cancer public,32.0,33.0,1.03125
computerized axial,29.0,33.0,1.137931034
low normal,25.0,33.0,1.32
multiple tumor,19.0,33.0,1.736842105
recurrence breast,8.0,33.0,4.125
test time,33.0,33.0,1.0
leukemia genet,3.0,33.0,11.0
invasive cancer,21.0,33.0,1.571428571
disease chemotherapy,21.0,33.0,1.571428571
music oliver,19.0,33.0,1.736842105
person year,17.0,33.0,1.941176471
cancer heart,19.0,33.0,1.736842105
oncology long,3.0,33.0,11.0
reduced intensity,4.0,33.0,8.25
cancer panel,25.0,33.0,1.32
prostate antigen,14.0,33.0,2.357142857
multi institutional,14.0,33.0,2.357142857
test child,13.0,33.0,2.538461538
tomography computerized,29.0,33.0,1.137931034
procedure computed,29.0,33.0,1.137931034
computer series,29.0,33.0,1.137931034
magnet radio,29.0,33.0,1.137931034
query cancer,33.0,33.0,1.0
axial tomography,29.0,33.0,1.137931034
chronic myeloid,9.0,33.0,3.666666667
digestive tract,17.0,33.0,1.941176471
adrenal gland,16.0,33.0,2.0625
surgical management,13.0,33.0,2.538461538
cancer brca,17.0,33.0,1.941176471
small cancer,17.0,33.0,1.941176471
stage advanced,11.0,33.0,3.0
suicidal ideation,3.0,33.0,11.0
world surg,12.0,33.0,2.75
radioactive iodine,13.0,33.0,2.538461538
induction therapy,18.0,33.0,1.833333333
lymph blood,21.0,33.0,1.571428571
man year,14.0,33.0,2.357142857
odd ratio,14.0,33.0,2.357142857
positive test,18.0,33.0,1.833333333
cell count,25.0,33.0,1.32
cancer quality,28.0,33.0,1.178571429
well outcome,21.0,33.0,1.571428571
cancer cost,15.0,33.0,2.2
disease factor,27.0,33.0,1.222222222
child old,15.0,33.0,2.2
nciccgenomic ccg,33.0,33.0,1.0
cancer nciccgenomic,33.0,33.0,1.0
receptor negative,8.0,33.0,4.125
assessment cancer,23.0,33.0,1.434782609
merkel cell,13.0,33.0,2.538461538
period year,25.0,33.0,1.32
cytogenetic molecular,3.0,33.0,11.0
ccg usa.gov,33.0,33.0,1.0
genomic characterization,10.0,33.0,3.3
metastasis ajcc,6.0,33.0,5.5
relapse rate,11.0,33.0,3.0
cancer today,31.0,33.0,1.064516129
cluster cancer,6.0,33.0,5.5
hormone sensitive,10.0,33.0,3.3
ccg insight,33.0,33.0,1.0
wave computer,29.0,33.0,1.137931034
shrank tumor,24.0,33.0,1.375
strategy cancer,30.0,33.0,1.1
high hpv,15.0,32.0,2.133333333
pan cancer,17.0,32.0,1.882352941
cancer collaborative,23.0,32.0,1.391304348
good practice,29.0,32.0,1.103448276
cancer cognitive,7.0,32.0,4.571428571
stage investigator,20.0,32.0,1.6
practice cancer,26.0,32.0,1.230769231
budget period,8.0,32.0,4.0
time surgery,27.0,32.0,1.185185185
cancer return,26.0,32.0,1.230769231
leydig cell,4.0,32.0,8.0
cancer hiv,17.0,32.0,1.882352941
neuroendocrine tumour,5.0,32.0,6.4
growth tumor,29.0,32.0,1.103448276
religious spiritual,4.0,32.0,8.0
option small,5.0,32.0,6.4
jegher syndrome,3.0,32.0,10.66666667
cancer meta,16.0,32.0,2.0
cancer safe,31.0,32.0,1.032258065
need cancer,27.0,32.0,1.185185185
biomedical engineering,9.0,32.0,3.555555556
stage surgeon,24.0,32.0,1.333333333
cancer similar,31.0,32.0,1.032258065
tumor grade,16.0,32.0,2.0
cancer subgroup,17.0,32.0,1.882352941
time child,17.0,32.0,1.882352941
rate tumor,16.0,32.0,2.0
abnormal area,16.0,32.0,2.0
survivor pediatric,3.0,32.0,10.66666667
therapy option,22.0,32.0,1.454545455
cancer partnership,15.0,32.0,2.133333333
parathyroid gland,6.0,32.0,5.333333333
cancer travel,16.0,32.0,2.0
covid-19 pandemic,18.0,32.0,1.777777778
alveolar rhabdomyosarcoma,4.0,32.0,8.0
imaging nmri,28.0,32.0,1.142857143
tumor example,31.0,32.0,1.032258065
radiation kill,29.0,32.0,1.103448276
therapy machine,29.0,32.0,1.103448276
socioeconomic status,20.0,32.0,1.6
fine needle,22.0,32.0,1.454545455
preclinical model,21.0,32.0,1.523809524
recurrence score,4.0,32.0,8.0
cancer liver,17.0,32.0,1.882352941
year low,15.0,32.0,2.133333333
solid cancer,15.0,32.0,2.133333333
hospital child,16.0,32.0,2.0
mutation drug,26.0,32.0,1.230769231
datum large,31.0,32.0,1.032258065
tumor braf,9.0,32.0,3.555555556
cancer oncologist,18.0,32.0,1.777777778
dabrafenib trametinib,11.0,32.0,2.909090909
organ body,26.0,32.0,1.230769231
cancer crchd,24.0,32.0,1.333333333
tissue bone,17.0,32.0,1.882352941
man high,21.0,32.0,1.523809524
parent cancer,21.0,32.0,1.523809524
serous ovarian,9.0,32.0,3.555555556
lung colorectal,21.0,31.0,1.476190476
expression signature,7.0,31.0,4.428571429
line chemotherapy,13.0,31.0,2.384615385
tnm description,5.0,31.0,6.2
node great,4.0,31.0,7.75
cancer carrier,7.0,31.0,4.428571429
breast colorectal,22.0,31.0,1.409090909
response drug,26.0,31.0,1.192307692
protein gene,21.0,31.0,1.476190476
integrative therapy,15.0,31.0,2.066666667
importance cancer,24.0,31.0,1.291666667
molecular subgroup,6.0,31.0,5.166666667
pediatric hematopoietic,3.0,31.0,10.33333333
mri magnetic,28.0,31.0,1.107142857
child grief,3.0,31.0,10.33333333
drug growth,31.0,31.0,1.0
form cancer,31.0,31.0,1.0
cytogenetic abnormality,3.0,31.0,10.33333333
pelvic radiation,3.0,31.0,10.33333333
diagnose cancer,30.0,31.0,1.033333333
ebv positive,6.0,31.0,5.166666667
executive function,4.0,31.0,7.75
k99 award,24.0,31.0,1.291666667
workshop cancer,21.0,31.0,1.476190476
autologous stem,14.0,31.0,2.214285714
disease blood,12.0,31.0,2.583333333
therapeutic option,21.0,31.0,1.476190476
survivor hodgkin,4.0,31.0,7.75
analysis tumor,26.0,31.0,1.192307692
antibody drug,19.0,31.0,1.631578947
award recipient,10.0,31.0,3.1
healthy lifestyle,10.0,31.0,3.1
grief bereavement,5.0,31.0,6.2
cancer specialist,29.0,31.0,1.068965517
cancer pembrolizumab,12.0,31.0,2.583333333
preventive task,16.0,31.0,1.9375
duodenal polyp,4.0,31.0,7.75
intensive chemotherapy,11.0,31.0,2.818181818
issue cancer,31.0,31.0,1.0
final analysis,9.0,31.0,3.444444444
cancer african,19.0,31.0,1.631578947
carcinoma thyroid,6.0,31.0,5.166666667
shrink tumor,25.0,31.0,1.24
diagnosis support,28.0,31.0,1.107142857
cooperative pediatric,17.0,31.0,1.823529412
therapy adjuvant,14.0,31.0,2.214285714
multigene panel,5.0,31.0,6.2
moonshot cancer,21.0,31.0,1.476190476
survey cancer,25.0,31.0,1.24
cancer ccg,31.0,31.0,1.0
cancer multidisciplinary,23.0,31.0,1.347826087
participant cancer,28.0,31.0,1.107142857
cancer hereditary,13.0,31.0,2.384615385
lung liver,22.0,31.0,1.409090909
cancer journal,24.0,31.0,1.291666667
breast prostate,24.0,31.0,1.291666667
mass index,13.0,31.0,2.384615385
cancer benefit,28.0,31.0,1.107142857
fat diet,12.0,31.0,2.583333333
therapy metastatic,17.0,31.0,1.823529412
sample microscope,17.0,31.0,1.823529412
drug cell,28.0,31.0,1.107142857
cancer soft,18.0,31.0,1.722222222
testing lynch,3.0,31.0,10.33333333
class drug,28.0,31.0,1.107142857
protein dna,26.0,31.0,1.192307692
therapy brain,16.0,31.0,1.9375
cancer line,18.0,31.0,1.722222222
immune fight,26.0,31.0,1.192307692
response immunotherapy,26.0,31.0,1.192307692
grade cancer,9.0,31.0,3.444444444
pituitary gland,20.0,31.0,1.55
phone cancer,10.0,31.0,3.1
somatostatin receptor,7.0,31.0,4.428571429
expression profile,5.0,31.0,6.2
alcohol consumption,12.0,31.0,2.583333333
indirect cost,19.0,31.0,1.631578947
overall incidence,25.0,31.0,1.24
brain stem,10.0,31.0,3.1
tumor syndrome,11.0,31.0,2.818181818
cancer nature,19.0,31.0,1.631578947
cell low,26.0,31.0,1.192307692
transplant hsct,4.0,31.0,7.75
eribulin mesylate,9.0,31.0,3.444444444
needle aspiration,21.0,31.0,1.476190476
cancer clinic,29.0,31.0,1.068965517
doxorubicin cyclophosphamide,9.0,31.0,3.444444444
large cohort,10.0,31.0,3.1
biomarker prev,10.0,31.0,3.1
variant allele,7.0,31.0,4.428571429
cancer resistance,23.0,30.0,1.304347826
drug small,19.0,30.0,1.578947368
biological mechanism,26.0,30.0,1.153846154
vast majority,26.0,30.0,1.153846154
smoking cancer,16.0,30.0,1.875
cytokine syndrome,14.0,30.0,2.142857143
cell radiation,20.0,30.0,1.5
machine body,29.0,30.0,1.034482759
cellular therapy,16.0,30.0,1.875
cervical precancer,12.0,30.0,2.5
malignant cell,12.0,30.0,2.5
therapy dose,9.0,30.0,3.333333333
surgery choice,14.0,30.0,2.142857143
tumor model,23.0,30.0,1.304347826
radioactive glucose,23.0,30.0,1.304347826
anxiety distress,14.0,30.0,2.142857143
sbir sttr,6.0,30.0,5.0
priority cancer,28.0,30.0,1.071428571
therapy recurrent,20.0,30.0,1.5
option classification,30.0,30.0,1.0
infectious disease,22.0,30.0,1.363636364
tumor breast,22.0,30.0,1.363636364
drug pembrolizumab,23.0,30.0,1.304347826
dna mutation,15.0,30.0,2.0
principle practice,14.0,30.0,2.142857143
picture glucose,19.0,30.0,1.578947368
lymphoma pediatric,5.0,30.0,6.0
tumor malignant,13.0,30.0,2.307692308
stomach gastric,12.0,30.0,2.5
surgery adjuvant,19.0,30.0,1.578947368
cancer inst,12.0,30.0,2.5
disease tumor,19.0,30.0,1.578947368
choice cancer,27.0,30.0,1.111111111
vaccine cancer,15.0,30.0,2.0
cancer week,23.0,30.0,1.304347826
traumatic stress,9.0,30.0,3.333333333
potential drug,24.0,30.0,1.25
cancer significant,24.0,30.0,1.25
additional cancer,27.0,30.0,1.111111111
syndrome gene,7.0,30.0,4.285714286
lymphoma adult,16.0,30.0,1.875
alteration tumor,20.0,30.0,1.5
tumor mycn,4.0,30.0,7.5
place body,25.0,30.0,1.2
cancer genet,6.0,30.0,5.0
carboplatin etoposide,8.0,30.0,3.75
child team,11.0,30.0,2.727272727
cancer cluster,6.0,30.0,5.0
tumor predisposition,7.0,30.0,4.285714286
response immune,20.0,30.0,1.5
internal tandem,4.0,30.0,7.5
cancer bladder,20.0,30.0,1.5
cancer talk,27.0,30.0,1.111111111
flt3 mutation,7.0,30.0,4.285714286
north america,22.0,30.0,1.363636364
variant pathogenic,7.0,30.0,4.285714286
grade prostate,7.0,30.0,4.285714286
increase cancer,26.0,30.0,1.153846154
body small,24.0,30.0,1.25
cytogenetic analysis,13.0,30.0,2.307692308
light cigarette,7.0,30.0,4.285714286
cancer esophageal,15.0,30.0,2.0
expression pattern,12.0,30.0,2.5
prevention factor,16.0,30.0,1.875
advance planning,6.0,30.0,5.0
advanced lung,18.0,30.0,1.666666667
ret gene,11.0,30.0,2.727272727
performance status,13.0,30.0,2.307692308
joint rare,15.0,30.0,2.0
cancer conference,17.0,30.0,1.764705882
gene therapy,17.0,30.0,1.764705882
extra appendiceal,3.0,30.0,10.0
neuroendocrine carcinoid,3.0,30.0,10.0
response partial,21.0,30.0,1.428571429
tumor multiple,17.0,30.0,1.764705882
braf gene,14.0,30.0,2.142857143
subgroup thyroid,15.0,30.0,2.0
carcinoma adrenocortical,17.0,30.0,1.764705882
incidence few,15.0,30.0,2.0
rehabilitation specialist,30.0,30.0,1.0
tumor uniform,15.0,30.0,2.0
pheochromocytoma paraganglioma,4.0,30.0,7.5
efficacy safety,20.0,30.0,1.5
datum ecosystem,12.0,30.0,2.5
infection disease,16.0,30.0,1.875
enlarge stage,12.0,30.0,2.5
visual option,30.0,30.0,1.0
blood count,21.0,30.0,1.428571429
opportunity announcement,14.0,30.0,2.142857143
cancer resistant,22.0,29.0,1.318181818
myelogenous leukemia,16.0,29.0,1.8125
tumor shrink,26.0,29.0,1.115384615
retrospective cohort,13.0,29.0,2.230769231
positive metastatic,9.0,29.0,3.222222222
oncology child,11.0,29.0,2.636363636
length time,24.0,29.0,1.208333333
mole melanoma,11.0,29.0,2.636363636
sleep disorder,4.0,29.0,7.25
power cancer,16.0,29.0,1.8125
application receipt,18.0,29.0,1.611111111
recurrent metastatic,8.0,29.0,3.625
cancer endometrial,9.0,29.0,3.222222222
sensitivity specificity,14.0,29.0,2.071428571
eur endocrinol,6.0,29.0,4.833333333
areca nut,4.0,29.0,7.25
round cell,13.0,29.0,2.230769231
ratio confidence,19.0,29.0,1.526315789
gene alteration,11.0,29.0,2.636363636
intensity conditioning,4.0,29.0,7.25
novel cancer,17.0,29.0,1.705882353
extent disease,18.0,29.0,1.611111111
aid lymphoma,8.0,29.0,3.625
characteristic tumor,25.0,29.0,1.16
mutation pediatric,5.0,29.0,5.8
book budget,7.0,29.0,4.142857143
female breast,14.0,29.0,2.071428571
function cancer,20.0,29.0,1.45
f99 phase,3.0,29.0,9.666666667
allogeneic stem,14.0,29.0,2.071428571
mar apr,27.0,29.0,1.074074074
stage iva,9.0,29.0,3.222222222
syndrome testing,7.0,29.0,4.142857143
cancer act,15.0,29.0,1.933333333
mechanism resistance,15.0,29.0,1.933333333
cancer sample,26.0,29.0,1.115384615
adult brain,12.0,29.0,2.416666667
therapeutic cancer,29.0,29.0,1.0
body stage,16.0,29.0,1.8125
story cancer,23.0,29.0,1.260869565
chemotherapy hormone,15.0,29.0,1.933333333
function test,15.0,29.0,1.933333333
adjuvant breast,8.0,29.0,3.625
recurrent refractory,8.0,29.0,3.625
year radiation,8.0,29.0,3.625
ret proto,3.0,29.0,9.666666667
immune tumor,24.0,29.0,1.208333333
cytotoxic cell,12.0,29.0,2.416666667
variant present,9.0,29.0,3.222222222
method cancer,25.0,29.0,1.16
inhibitor tumor,22.0,29.0,1.318181818
year therapy,14.0,29.0,2.071428571
year initial,20.0,29.0,1.45
cancer kidney,17.0,29.0,1.705882353
cancer her2,14.0,29.0,2.071428571
familial medullary,4.0,29.0,7.25
consideration child,15.0,29.0,1.933333333
thyroid dysfunction,3.0,29.0,9.666666667
vessel lymph,17.0,29.0,1.705882353
cancer video,22.0,29.0,1.318181818
peripheral cell,11.0,29.0,2.636363636
malignant neoplasm,8.0,29.0,3.625
biomarker cancer,23.0,29.0,1.260869565
palliative therapy,13.0,29.0,2.230769231
scholar seminar,9.0,29.0,3.222222222
cancer workshop,16.0,29.0,1.8125
egfr mutation,12.0,29.0,2.416666667
cancer complete,24.0,29.0,1.208333333
cancer black,18.0,29.0,1.611111111
significant improvement,15.0,29.0,1.933333333
outcome year,10.0,29.0,2.9
ray picture,16.0,29.0,1.8125
radiation area,29.0,29.0,1.0
anthracycline taxane,4.0,29.0,7.25
neck tumor,9.0,29.0,3.222222222
oncology ncorp,24.0,29.0,1.208333333
cns cancer,12.0,29.0,2.416666667
aggressive form,28.0,29.0,1.035714286
cell disease,25.0,28.0,1.12
attack tumor,27.0,28.0,1.037037037
cutting edge,23.0,28.0,1.217391304
procedure blood,18.0,28.0,1.555555556
cancer diagnostic,22.0,28.0,1.272727273
age sex,16.0,28.0,1.75
companion diagnostic,18.0,28.0,1.555555556
imaging procedure,22.0,28.0,1.272727273
pancreatic neuroendocrine,8.0,28.0,3.5
radioactive material,15.0,28.0,1.866666667
k25 award,24.0,28.0,1.166666667
cancer chronic,20.0,28.0,1.4
tumor shrinkage,21.0,28.0,1.333333333
disease therapy,20.0,28.0,1.4
r25 award,24.0,28.0,1.166666667
cycle chemotherapy,14.0,28.0,2.0
wnt medulloblastoma,4.0,28.0,7.0
cancer gastrointestinal,16.0,28.0,1.75
male sex,8.0,28.0,3.5
tobacco smoking,22.0,28.0,1.272727273
cancer branch,25.0,28.0,1.12
smoke exposure,8.0,28.0,3.5
cancer management,17.0,28.0,1.647058824
multiple cancer,16.0,28.0,1.75
nonmelanoma skin,20.0,28.0,1.4
white woman,20.0,28.0,1.4
tumor clin,8.0,28.0,3.5
landscape pediatric,3.0,28.0,9.333333333
chemotherapy year,18.0,28.0,1.555555556
palliative hospice,10.0,28.0,2.8
drug substance,25.0,28.0,1.12
tumor limited,4.0,28.0,7.0
high recurrence,13.0,28.0,2.153846154
cancer positive,20.0,28.0,1.4
cancer smoking,19.0,28.0,1.473684211
cancer european,25.0,28.0,1.12
phase award,5.0,28.0,5.6
child medulloblastoma,7.0,28.0,4.0
sleep problem,8.0,28.0,3.5
hepatitis virus,11.0,28.0,2.545454545
chemotherapy ovarian,13.0,28.0,2.153846154
rate thyroid,7.0,28.0,4.0
jan feb,13.0,28.0,2.153846154
single tumor,19.0,28.0,1.473684211
amino acid,17.0,28.0,1.647058824
chemotherapy woman,15.0,28.0,1.866666667
cancer salivary,10.0,28.0,2.8
ret variant,4.0,28.0,7.0
disease high,23.0,28.0,1.217391304
applicant institution,13.0,28.0,2.153846154
step cancer,21.0,28.0,1.333333333
emotion cancer,25.0,28.0,1.12
junction cancer,11.0,28.0,2.545454545
mtor inhibitor,10.0,28.0,2.8
tumor pineal,10.0,28.0,2.8
virus cancer,12.0,28.0,2.333333333
cancer female,13.0,28.0,2.153846154
investigational drug,21.0,28.0,1.333333333
sample measure,18.0,28.0,1.555555556
abl1 fusion,4.0,28.0,7.0
factor influence,19.0,28.0,1.473684211
cancer genetics,27.0,28.0,1.037037037
cell gene,21.0,28.0,1.333333333
lung surgery,8.0,28.0,3.5
pediatric lymphoblastic,5.0,28.0,5.6
nov dec,21.0,28.0,1.333333333
mhc class,4.0,28.0,7.0
skull base,7.0,28.0,4.0
advocate physician,28.0,28.0,1.0
leader cancer,25.0,28.0,1.12
cell antibody,22.0,28.0,1.272727273
molecular genetic,10.0,28.0,2.8
chemotherapeutic agent,12.0,28.0,2.333333333
year budget,17.0,28.0,1.647058824
r00 phase,4.0,28.0,7.0
central cancer,19.0,28.0,1.473684211
abdomen pelvis,16.0,28.0,1.75
cancer harmful,6.0,28.0,4.666666667
planning transition,3.0,28.0,9.333333333
dark skin,5.0,28.0,5.6
cell origin,12.0,28.0,2.333333333
option malignant,5.0,27.0,5.4
disease small,26.0,27.0,1.038461538
surg discussion,10.0,27.0,2.7
pancreatic tumor,14.0,27.0,1.928571429
marginal zone,7.0,27.0,3.857142857
hutchinson cancer,21.0,27.0,1.285714286
age onset,8.0,27.0,3.375
oncologist pediatric,26.0,27.0,1.038461538
datum child,12.0,27.0,2.25
award k25,24.0,27.0,1.125
datum management,17.0,27.0,1.588235294
potential impact,25.0,27.0,1.08
kmt2a gene,3.0,27.0,9.0
tumor characteristic,20.0,27.0,1.35
lymph diaphragm,4.0,27.0,6.75
cancer leukemia,16.0,27.0,1.6875
cohort year,8.0,27.0,3.375
small round,13.0,27.0,2.076923077
malignant peripheral,9.0,27.0,3.0
cancer rural,12.0,27.0,2.25
overview key,27.0,27.0,1.0
year participant,25.0,27.0,1.08
ras mapk,3.0,27.0,9.0
stable disease,19.0,27.0,1.421052632
future direction,20.0,27.0,1.35
cancer biopsy,19.0,27.0,1.421052632
exercise cancer,8.0,27.0,3.375
transplantation bone,3.0,27.0,9.0
genome atla,26.0,27.0,1.038461538
body lung,18.0,27.0,1.5
ecog acrin,16.0,27.0,1.6875
predominant hodgkin,5.0,27.0,5.4
lymphocyte predominant,5.0,27.0,5.4
child parent,17.0,27.0,1.588235294
body staging,20.0,27.0,1.35
cancer knowledge,25.0,27.0,1.08
age range,14.0,27.0,1.928571429
survivor chemotherapy,8.0,27.0,3.375
tamoxifen year,3.0,27.0,9.0
mediastinal large,7.0,27.0,3.857142857
today cancer,27.0,27.0,1.0
therapy median,10.0,27.0,2.7
prospective cohort,18.0,27.0,1.5
age presentation,5.0,27.0,5.4
datum gdc,15.0,27.0,1.8
landscape cancer,16.0,27.0,1.6875
travel blood,22.0,27.0,1.227272727
tumor central,12.0,27.0,2.25
like cell,8.0,27.0,3.375
cancer paranasal,5.0,27.0,5.4
ovarian suppression,5.0,27.0,5.4
high number,21.0,27.0,1.285714286
cochrane syst,10.0,27.0,2.7
internal radiation,11.0,27.0,2.454545455
participant year,20.0,27.0,1.35
cancer active,23.0,27.0,1.173913043
hispanic white,15.0,27.0,1.8
variant status,6.0,27.0,4.5
award year,23.0,27.0,1.173913043
chromosomal translocation,3.0,27.0,9.0
germline testing,6.0,27.0,4.5
fusion negative,3.0,27.0,9.0
related cancer,27.0,27.0,1.0
molecular classification,7.0,27.0,3.857142857
variant adult,5.0,27.0,5.4
bloodstream cancer,26.0,27.0,1.038461538
day week,22.0,27.0,1.227272727
cancer practice,18.0,27.0,1.5
lie table,14.0,27.0,1.928571429
rate child,12.0,27.0,2.25
adult age,21.0,27.0,1.285714286
cell skin,13.0,27.0,2.076923077
datum tumor,22.0,27.0,1.227272727
cancer reduction,16.0,27.0,1.6875
penile cancer,9.0,27.0,3.0
esophageal adenocarcinoma,10.0,27.0,2.7
tuition fee,10.0,27.0,2.7
brca1 brca2,16.0,27.0,1.6875
tumor lymph,13.0,27.0,2.076923077
glucose normal,22.0,27.0,1.227272727
participant tumor,19.0,27.0,1.421052632
child factor,15.0,27.0,1.8
cancer hospital,25.0,27.0,1.08
dose reduction,16.0,27.0,1.6875
series cancer,25.0,27.0,1.08
tube like,11.0,27.0,2.454545455
cancer chance,24.0,27.0,1.125
cancer need,27.0,27.0,1.0
cancer postmenopausal,14.0,27.0,1.928571429
cancer anxiety,13.0,27.0,2.076923077
classification tumor,7.0,27.0,3.857142857
lymphoma mediastinal,5.0,27.0,5.4
transplant cell,11.0,26.0,2.363636364
dendritic cell,12.0,26.0,2.166666667
finding cancer,23.0,26.0,1.130434783
cognitive decline,4.0,26.0,6.5
tissue biopsy,13.0,26.0,2.0
refractory disease,13.0,26.0,2.0
liver disease,6.0,26.0,4.333333333
like instrument,10.0,26.0,2.6
fluorescent dye,12.0,26.0,2.166666667
adenomatous polyp,4.0,26.0,6.5
cancer clear,21.0,26.0,1.238095238
collaborative cancer,25.0,26.0,1.04
molecular alteration,18.0,26.0,1.444444444
oncology nurse,23.0,26.0,1.130434783
body tissue,23.0,26.0,1.130434783
lymphoma survivor,5.0,26.0,5.2
modality therapy,4.0,26.0,6.5
hematology oncology,16.0,26.0,1.625
prevention strategy,21.0,26.0,1.238095238
cohort survivor,3.0,26.0,8.666666667
physician choice,6.0,26.0,4.333333333
high resolution,15.0,26.0,1.733333333
cancer novel,20.0,26.0,1.3
therapy relieve,11.0,26.0,2.363636364
inferior prognosis,3.0,26.0,8.666666667
msi tumor,4.0,26.0,6.5
mutant protein,12.0,26.0,2.166666667
recurrence year,12.0,26.0,2.166666667
nicotine withdrawal,8.0,26.0,3.25
host cancer,20.0,26.0,1.3
sean hanlon,4.0,26.0,6.5
model human,26.0,26.0,1.0
high failure,4.0,26.0,6.5
significant reduction,10.0,26.0,2.6
tissue skin,12.0,26.0,2.166666667
biopsy cancer,19.0,26.0,1.368421053
palliative chemotherapy,6.0,26.0,4.333333333
cancer country,23.0,26.0,1.130434783
cohort clin,5.0,26.0,5.2
oncology pediatr,5.0,26.0,5.2
institution cancer,14.0,26.0,1.857142857
occlusive disease,5.0,26.0,5.2
veno occlusive,5.0,26.0,5.2
cell target,19.0,26.0,1.368421053
glioma mutation,11.0,26.0,2.363636364
steering committee,18.0,26.0,1.444444444
glucose sugar,21.0,26.0,1.238095238
molecular abnormality,5.0,26.0,5.2
symptom depression,8.0,26.0,3.25
chronic myelogenous,15.0,26.0,1.733333333
plan cancer,22.0,26.0,1.181818182
potential harm,19.0,26.0,1.368421053
biopsy tumor,22.0,26.0,1.181818182
lymphoma aggressive,11.0,26.0,2.363636364
zone lymphoma,6.0,26.0,4.333333333
sodium thiosulfate,6.0,26.0,4.333333333
pain cancer,15.0,26.0,1.733333333
gene pathogenic,6.0,26.0,4.333333333
functional assessment,10.0,26.0,2.6
node cancer,13.0,26.0,2.0
cancer organ,16.0,26.0,1.625
organ lymph,6.0,26.0,4.333333333
proposal fiscal,16.0,26.0,1.625
prognosis cancer,20.0,26.0,1.3
blood clot,12.0,26.0,2.166666667
cancer choice,19.0,26.0,1.368421053
tumor bone,9.0,26.0,2.888888889
large randomized,19.0,26.0,1.368421053
tumor old,22.0,26.0,1.181818182
tumor age,17.0,26.0,1.529411765
node involvement,11.0,26.0,2.363636364
endocrine syndrome,8.0,26.0,3.25
bone metastasis,11.0,26.0,2.363636364
initial chemotherapy,13.0,26.0,2.0
cancer colon,15.0,26.0,1.733333333
college medicine,18.0,26.0,1.444444444
surgical adjuvant,10.0,26.0,2.6
colorectal adenoma,6.0,26.0,4.333333333
age time,5.0,26.0,5.2
cure rate,13.0,26.0,2.0
cancer percent,21.0,26.0,1.238095238
icure scholar,10.0,26.0,2.6
application submission,19.0,26.0,1.368421053
fringe benefit,15.0,26.0,1.733333333
environmental exposure,19.0,26.0,1.368421053
pediatric match,12.0,26.0,2.166666667
cardiac disease,5.0,26.0,5.2
investigator project,15.0,26.0,1.733333333
t32 award,24.0,26.0,1.083333333
mobile phone,4.0,26.0,6.5
f30 award,24.0,26.0,1.083333333
pain management,11.0,26.0,2.363636364
multivariable analysis,6.0,26.0,4.333333333
aspiration biopsy,14.0,26.0,1.857142857
low death,13.0,26.0,2.0
broad range,26.0,26.0,1.0
fusion pediatric,4.0,26.0,6.5
low blood,23.0,26.0,1.130434783
black man,15.0,26.0,1.733333333
cancer infection,17.0,26.0,1.529411765
connective tissue,19.0,26.0,1.368421053
measure substance,18.0,25.0,1.388888889
hcmi searchable,5.0,25.0,5.0
physical oncology,9.0,25.0,2.777777778
advanced hodgkin,4.0,25.0,6.25
cancer critical,24.0,25.0,1.041666667
lymphoma genomic,3.0,25.0,8.333333333
malignant mesothelioma,3.0,25.0,8.333333333
early year,22.0,25.0,1.136363636
dose high,6.0,25.0,4.166666667
incidence death,18.0,25.0,1.388888889
dicer1 variant,3.0,25.0,8.333333333
lymph tumor,11.0,25.0,2.272727273
lenalidomide dexamethasone,8.0,25.0,3.125
pediatric gastrointestinal,9.0,25.0,2.777777778
iii randomized,7.0,25.0,3.571428571
tumor gist,11.0,25.0,2.272727273
poor prognostic,6.0,25.0,4.166666667
phase cancer,23.0,25.0,1.086956522
heart lung,18.0,25.0,1.388888889
tumor analysis,20.0,25.0,1.25
cancer difficult,25.0,25.0,1.0
bone pain,7.0,25.0,3.571428571
proton beam,12.0,25.0,2.083333333
year datum,17.0,25.0,1.470588235
border cricoid,3.0,25.0,8.333333333
registry datum,17.0,25.0,1.470588235
therapy rituximab,6.0,25.0,4.166666667
disease relapse,14.0,25.0,1.785714286
feature tumor,22.0,25.0,1.136363636
cancer field,23.0,25.0,1.086956522
peritoneal cancer,18.0,25.0,1.388888889
cancer male,17.0,25.0,1.470588235
factor child,15.0,25.0,1.666666667
variant low,4.0,25.0,6.25
procedure series,21.0,25.0,1.19047619
drug bloodstream,24.0,25.0,1.041666667
grief mourning,3.0,25.0,8.333333333
k08 award,3.0,25.0,8.333333333
immune protein,18.0,25.0,1.388888889
cell metastatic,17.0,25.0,1.470588235
metastasis cervical,3.0,25.0,8.333333333
short time,24.0,25.0,1.041666667
high cumulative,3.0,25.0,8.333333333
cancer big,19.0,25.0,1.315789474
cancer lead,25.0,25.0,1.0
vessel form,13.0,25.0,1.923076923
likely experience,19.0,25.0,1.315789474
screening rate,14.0,25.0,1.785714286
overall quality,19.0,25.0,1.315789474
cell lymph,12.0,25.0,2.083333333
tobacco branch,23.0,25.0,1.086956522
inhibitor drug,23.0,25.0,1.086956522
favorable histology,5.0,25.0,5.0
chest abdomen,18.0,25.0,1.388888889
cancer cohort,11.0,25.0,2.272727273
latin america,9.0,25.0,2.777777778
spirituality cancer,6.0,25.0,4.166666667
emotional distress,11.0,25.0,2.272727273
therapy small,21.0,25.0,1.19047619
epithelial cell,15.0,25.0,1.666666667
blood tissue,22.0,25.0,1.136363636
difficult time,20.0,25.0,1.25
gut bacteria,7.0,25.0,3.571428571
potential target,17.0,25.0,1.470588235
disease symptom,18.0,25.0,1.388888889
prevention pediatric,25.0,25.0,1.0
low high,13.0,25.0,1.923076923
characterization initiative,8.0,25.0,3.125
rate breast,9.0,25.0,2.777777778
dna sequence,20.0,25.0,1.25
day cancer,22.0,25.0,1.136363636
hormonal therapy,13.0,25.0,1.923076923
light lens,9.0,25.0,2.777777778
pathologist cancer,18.0,25.0,1.388888889
echo form,17.0,25.0,1.470588235
unknown cup,6.0,25.0,4.166666667
node large,9.0,25.0,2.777777778
small percentage,17.0,25.0,1.470588235
initiative ccdi,13.0,25.0,1.923076923
webpage clinicaltrials.gov,25.0,25.0,1.0
precision oncology,16.0,25.0,1.5625
datum visualization,9.0,25.0,2.777777778
datum genomic,16.0,25.0,1.5625
president biden,12.0,25.0,2.083333333
intrathecal chemotherapy,7.0,25.0,3.571428571
cancer institution,19.0,25.0,1.315789474
cell leukemia,12.0,25.0,2.083333333
colorectal endometrial,5.0,25.0,5.0
alk positive,12.0,25.0,2.083333333
notice opportunity,21.0,24.0,1.142857143
spread bone,14.0,24.0,1.714285714
mrna vaccine,3.0,24.0,8.0
faq additional,24.0,24.0,1.0
award od-23,24.0,24.0,1.0
oncology practice,17.0,24.0,1.411764706
multicenter phase,9.0,24.0,2.666666667
woman metastatic,13.0,24.0,1.846153846
therapy low,14.0,24.0,1.714285714
biopsy sample,12.0,24.0,2.0
duration award,14.0,24.0,1.714285714
cancer alteration,17.0,24.0,1.411764706
bad outcome,14.0,24.0,1.714285714
cancer nccn,10.0,24.0,2.4
age high,17.0,24.0,1.411764706
mole dysplastic,8.0,24.0,3.0
hispanic black,15.0,24.0,1.6
neuroblastoma cancer,12.0,24.0,2.0
advisory ncab,24.0,24.0,1.0
woman low,17.0,24.0,1.411764706
staging stage,18.0,24.0,1.333333333
advanced form,16.0,24.0,1.5
cure cancer,19.0,24.0,1.263157895
angiocentric glioma,3.0,24.0,8.0
cancer systemic,17.0,24.0,1.411764706
machine dye,20.0,24.0,1.2
test drug,24.0,24.0,1.0
breast reconstruction,5.0,24.0,4.8
tumor neuroendocrine,10.0,24.0,2.4
chief officer,20.0,24.0,1.2
screening overview,22.0,24.0,1.090909091
pathway cell,20.0,24.0,1.2
kind cancer,22.0,24.0,1.090909091
eligibility requirement,21.0,24.0,1.142857143
gene tumor,21.0,24.0,1.142857143
sheath tumor,7.0,24.0,3.428571429
nerve sheath,7.0,24.0,3.428571429
protein immune,23.0,24.0,1.043478261
biden cancer,11.0,24.0,2.181818182
percent year,9.0,24.0,2.666666667
deletion chromosome,5.0,24.0,4.8
conventional cigarette,9.0,24.0,2.666666667
needle biopsy,15.0,24.0,1.6
day year,22.0,24.0,1.090909091
support rare,24.0,24.0,1.0
androgen deprivation,10.0,24.0,2.4
therapy prostate,16.0,24.0,1.5
woman positive,11.0,24.0,2.181818182
frederick cancer,18.0,24.0,1.333333333
crchd cancer,17.0,24.0,1.411764706
adult central,6.0,24.0,4.0
crchd dialogue,16.0,24.0,1.5
skin rash,18.0,24.0,1.333333333
surgeon faq,24.0,24.0,1.0
supplement stage,24.0,24.0,1.0
od-23 supplement,24.0,24.0,1.0
adult year,19.0,24.0,1.263157895
f31 award,24.0,24.0,1.0
award f31,24.0,24.0,1.0
cancer f30,24.0,24.0,1.0
analysis pediatric,6.0,24.0,4.0
special interest,11.0,24.0,2.181818182
additional development,24.0,24.0,1.0
award r25,24.0,24.0,1.0
award t32,24.0,24.0,1.0
dna cancer,22.0,24.0,1.090909091
chemotherapy child,12.0,24.0,2.0
picture computer,20.0,24.0,1.2
angle picture,20.0,24.0,1.2
oncology blood,7.0,24.0,3.428571429
gain loss,4.0,24.0,6.0
environmental factor,20.0,24.0,1.2
men2a syndrome,4.0,24.0,6.0
cancer psychooncology,8.0,24.0,3.0
variant testing,6.0,24.0,4.0
variant small,8.0,24.0,3.0
geriatric assessment,6.0,24.0,4.0
response complete,17.0,24.0,1.411764706
tumor recurrent,14.0,24.0,1.714285714
diagnosis management,14.0,24.0,1.714285714
predictive testing,3.0,24.0,8.0
time disease,21.0,24.0,1.142857143
aggressive cell,11.0,24.0,2.181818182
voice box,7.0,24.0,3.428571429
cancer median,16.0,24.0,1.5
rate ratio,3.0,24.0,8.0
test novel,24.0,24.0,1.0
time day,18.0,24.0,1.333333333
prognosis preference,4.0,24.0,6.0
addition cancer,23.0,24.0,1.043478261
challenge opportunity,18.0,24.0,1.333333333
removal lymph,8.0,24.0,3.0
procedure sample,17.0,24.0,1.411764706
tissue breast,13.0,24.0,1.846153846
percent woman,12.0,24.0,2.0
lymphoma lymphoblastic,6.0,24.0,4.0
black white,9.0,24.0,2.666666667
surgery low,19.0,24.0,1.263157895
cancer external,19.0,24.0,1.263157895
cancer preference,7.0,24.0,3.428571429
radiation brain,13.0,24.0,1.846153846
removed surgery,19.0,24.0,1.263157895
virus ebv,12.0,24.0,2.0
reuptake inhibitor,5.0,24.0,4.8
scan positron,23.0,24.0,1.043478261
year death,17.0,24.0,1.411764706
syndrome lynch,4.0,24.0,6.0
scrna seq,3.0,24.0,8.0
negative test,11.0,24.0,2.181818182
molecular profiling,14.0,24.0,1.714285714
diagnosis age,10.0,24.0,2.4
incidence high,15.0,24.0,1.6
factor high,14.0,24.0,1.714285714
well therapy,22.0,24.0,1.090909091
exciting time,19.0,24.0,1.263157895
time radiation,4.0,24.0,6.0
infectious agent,23.0,24.0,1.043478261
child nf1,10.0,24.0,2.4
killer cell,13.0,24.0,1.846153846
point time,16.0,24.0,1.5
instrument light,9.0,24.0,2.666666667
prevention breast,12.0,24.0,2.0
sep oct,11.0,24.0,2.181818182
journal cancer,20.0,24.0,1.2
cancer leader,23.0,24.0,1.043478261
fatty liver,3.0,24.0,8.0
world tobacco,16.0,24.0,1.5
cell model,21.0,24.0,1.142857143
cancer crc,4.0,24.0,6.0
account cancer,23.0,24.0,1.043478261
previous cancer,19.0,24.0,1.263157895
discovery development,21.0,24.0,1.142857143
tumor colon,11.0,24.0,2.181818182
factor chance,17.0,23.0,1.352941176
centimeter small,5.0,23.0,4.6
early cancer,23.0,23.0,1.0
proton radiation,4.0,23.0,5.75
opportunity application,19.0,23.0,1.210526316
few cancer,22.0,23.0,1.045454545
increase number,23.0,23.0,1.0
year disease,20.0,23.0,1.15
modifiable factor,11.0,23.0,2.090909091
gleason score,4.0,23.0,5.75
intraocular uveal,6.0,23.0,3.833333333
incidence breast,14.0,23.0,1.642857143
field radiation,3.0,23.0,7.666666667
interactive nccr,19.0,23.0,1.210526316
nccr cancer,19.0,23.0,1.210526316
financial support,23.0,23.0,1.0
support salary,10.0,23.0,2.3
precision cancer,13.0,23.0,1.769230769
young onset,9.0,23.0,2.555555556
optic nerve,8.0,23.0,2.875
application award,21.0,23.0,1.095238095
cancer germline,9.0,23.0,2.555555556
liver bone,10.0,23.0,2.3
thing cancer,21.0,23.0,1.095238095
low incidence,15.0,23.0,1.533333333
plexiform neurofibroma,8.0,23.0,2.875
testing hereditary,3.0,23.0,7.666666667
interactive cancer,22.0,23.0,1.045454545
able cancer,21.0,23.0,1.095238095
difference tumor,18.0,23.0,1.277777778
tumor team,23.0,23.0,1.0
early start,16.0,23.0,1.4375
stage iiib,9.0,23.0,2.555555556
wilm tumour,3.0,23.0,7.666666667
glioma tumor,5.0,23.0,4.6
symptom tumor,17.0,23.0,1.352941176
response chemotherapy,18.0,23.0,1.277777778
processing speed,3.0,23.0,7.666666667
cancer lot,21.0,23.0,1.095238095
phase year,9.0,23.0,2.555555556
cancer ph.d,17.0,23.0,1.352941176
vinblastine dacarbazine,3.0,23.0,7.666666667
protein surface,18.0,23.0,1.277777778
rare soft,13.0,23.0,1.769230769
cancer neuro,21.0,23.0,1.095238095
polyposis fap,3.0,23.0,7.666666667
tumor millimeter,3.0,23.0,7.666666667
nurse worker,22.0,23.0,1.045454545
cancer strong,23.0,23.0,1.0
mechanism tumor,21.0,23.0,1.095238095
neuronal tumor,3.0,23.0,7.666666667
fluid csf,6.0,23.0,3.833333333
agent cancer,20.0,23.0,1.15
cancer lack,18.0,23.0,1.277777778
child lie,9.0,23.0,2.555555556
scanner body,22.0,23.0,1.045454545
toxicity cancer,17.0,23.0,1.352941176
cancer period,15.0,23.0,1.533333333
molecular datum,19.0,23.0,1.210526316
baylor college,15.0,23.0,1.533333333
unfavorable prognosis,5.0,23.0,4.6
discussion cancer,17.0,23.0,1.352941176
hispanic latino,6.0,23.0,3.833333333
cancer int,10.0,23.0,2.3
cancer interest,23.0,23.0,1.0
female male,14.0,23.0,1.642857143
liver metastasis,12.0,23.0,1.916666667
talk cancer,23.0,23.0,1.0
child chemotherapy,12.0,23.0,1.916666667
complete blood,14.0,23.0,1.642857143
high percentage,14.0,23.0,1.642857143
overweight obesity,3.0,23.0,7.666666667
associate professor,18.0,23.0,1.277777778
tumor stomach,4.0,23.0,5.75
gain amplification,3.0,23.0,7.666666667
lymphoma gene,3.0,23.0,7.666666667
antibody antigen,11.0,23.0,2.090909091
therapy blood,19.0,23.0,1.210526316
kind thing,8.0,23.0,2.875
sample cancer,21.0,23.0,1.095238095
neoadjuvant adjuvant,10.0,23.0,2.3
tumor germline,7.0,23.0,3.285714286
idh1 idh2,4.0,23.0,5.75
neoplasm myelodysplastic,4.0,23.0,5.75
pocket cost,10.0,23.0,2.3
cancer malignant,14.0,23.0,1.642857143
cancer symposium,21.0,23.0,1.095238095
lymph surgery,15.0,23.0,1.533333333
arch intern,12.0,23.0,1.916666667
tumor time,21.0,23.0,1.095238095
blood brain,20.0,23.0,1.15
gene high,17.0,23.0,1.352941176
number tumor,15.0,23.0,1.533333333
neuro oncologist,16.0,23.0,1.4375
therapy melanoma,17.0,23.0,1.352941176
atla tcga,21.0,23.0,1.095238095
woman history,11.0,23.0,2.090909091
therapy test,23.0,23.0,1.0
stopping dividing,22.0,23.0,1.045454545
floor mouth,5.0,23.0,4.6
cell stopping,22.0,23.0,1.045454545
tumor benign,14.0,23.0,1.642857143
branch chief,19.0,23.0,1.210526316
syndrome multiple,10.0,23.0,2.3
pituitary tumor,4.0,23.0,5.75
budget request,9.0,23.0,2.555555556
menopausal hormone,7.0,23.0,3.285714286
hospice palliative,6.0,23.0,3.833333333
disease death,16.0,23.0,1.4375
child personal,9.0,23.0,2.555555556
cancer present,21.0,23.0,1.095238095
tumor pediatr,7.0,23.0,3.285714286
allogeneic bone,5.0,23.0,4.6
fruit vegetable,10.0,23.0,2.3
characteristic cancer,22.0,23.0,1.045454545
farber cancer,19.0,23.0,1.210526316
psychologist child,23.0,23.0,1.0
radioactive substance,13.0,23.0,1.769230769
energy sound,18.0,23.0,1.277777778
detection rate,10.0,23.0,2.3
prior cancer,12.0,23.0,1.916666667
senior investigator,21.0,23.0,1.095238095
cell immunotherapy,19.0,23.0,1.210526316
detection diagnosis,14.0,23.0,1.642857143
situ stage,5.0,23.0,4.6
therapy phase,13.0,23.0,1.769230769
advanced stomach,9.0,23.0,2.555555556
brca2 gene,18.0,23.0,1.277777778
procedure magnet,20.0,23.0,1.15
white man,13.0,23.0,1.769230769
chemotherapy median,17.0,23.0,1.352941176
molecular diagnostic,12.0,23.0,1.916666667
gemcitabine cisplatin,5.0,23.0,4.6
germ line,7.0,23.0,3.285714286
incidence child,19.0,23.0,1.210526316
bowel movement,6.0,23.0,3.833333333
cell team,20.0,23.0,1.15
electron microscopy,14.0,23.0,1.642857143
death lung,12.0,23.0,1.916666667
analysis woman,7.0,22.0,3.142857143
adult refractory,17.0,22.0,1.294117647
cell infusion,14.0,22.0,1.571428571
carcinoma breast,18.0,22.0,1.222222222
cancer explorer,21.0,22.0,1.047619048
high proportion,6.0,22.0,3.666666667
relat cancer,7.0,22.0,3.142857143
survivor age,4.0,22.0,5.5
disease low,18.0,22.0,1.222222222
fred hutchinson,17.0,22.0,1.294117647
cancer discov,5.0,22.0,4.4
scan cancer,20.0,22.0,1.1
lymphoma chemotherapy,9.0,22.0,2.444444444
drug year,20.0,22.0,1.1
cancer autoimmune,4.0,22.0,5.5
cell proliferation,17.0,22.0,1.294117647
team tumor,21.0,22.0,1.047619048
secondary point,4.0,22.0,5.5
cancer emotion,20.0,22.0,1.1
woman dense,8.0,22.0,2.75
radiation high,7.0,22.0,3.142857143
chief cancer,21.0,22.0,1.047619048
obesity cancer,15.0,22.0,1.466666667
cancer negative,17.0,22.0,1.294117647
histology wilm,4.0,22.0,5.5
safety efficacy,18.0,22.0,1.222222222
high normal,21.0,22.0,1.047619048
stage development,14.0,22.0,1.571428571
relevant cancer,21.0,22.0,1.047619048
blind phase,11.0,22.0,2.0
factor breast,9.0,22.0,2.444444444
factor protective,9.0,22.0,2.444444444
abdominal pelvic,3.0,22.0,7.333333333
jama oncology,20.0,22.0,1.1
close monitoring,20.0,22.0,1.1
melanoma stage,5.0,22.0,4.4
cancer advocacy,15.0,22.0,1.466666667
benign malignant,14.0,22.0,1.571428571
cell multiple,16.0,22.0,1.375
genetic dceg,21.0,22.0,1.047619048
response year,19.0,22.0,1.157894737
dividing chemotherapy,21.0,22.0,1.047619048
stage prostate,5.0,22.0,4.4
body film,14.0,22.0,1.571428571
body systemic,21.0,22.0,1.047619048
cell culture,17.0,22.0,1.294117647
gene amplification,4.0,22.0,5.5
pathway cancer,21.0,22.0,1.047619048
potential biomarker,15.0,22.0,1.466666667
cutaneous cell,13.0,22.0,1.692307692
negative tumor,11.0,22.0,2.0
structural variant,4.0,22.0,5.5
curative therapy,21.0,22.0,1.047619048
target tumor,17.0,22.0,1.294117647
brain barrier,19.0,22.0,1.157894737
potential therapeutic,18.0,22.0,1.222222222
cell mutation,20.0,22.0,1.1
target project,9.0,22.0,2.444444444
concern cancer,21.0,22.0,1.047619048
surgery neoadjuvant,17.0,22.0,1.294117647
drug multiple,14.0,22.0,1.571428571
progesterone receptor,9.0,22.0,2.444444444
glioma cancer,14.0,22.0,1.571428571
mastectomy breast,9.0,22.0,2.444444444
form cell,17.0,22.0,1.294117647
impact future,21.0,22.0,1.047619048
therapy example,22.0,22.0,1.0
time drug,21.0,22.0,1.047619048
variant single,8.0,22.0,2.75
cell metabolism,13.0,22.0,1.692307692
cancer poor,19.0,22.0,1.157894737
disease surgery,13.0,22.0,1.692307692
chronic kidney,4.0,22.0,5.5
virus infection,13.0,22.0,1.692307692
hospital cancer,19.0,22.0,1.157894737
inflammation cancer,19.0,22.0,1.157894737
rate decline,10.0,22.0,2.2
methylation profiling,6.0,22.0,3.666666667
vasomotor symptom,4.0,22.0,5.5
knowledge cancer,21.0,22.0,1.047619048
mouth vein,20.0,22.0,1.1
flow cytometry,8.0,22.0,2.75
liaison cancer,22.0,22.0,1.0
production cancer,22.0,22.0,1.0
place country,22.0,22.0,1.0
prognostic value,9.0,22.0,2.444444444
target cell,16.0,22.0,1.375
betel quid,4.0,22.0,5.5
relative rate,9.0,22.0,2.444444444
mrd negative,7.0,22.0,3.142857143
factor tumor,22.0,22.0,1.0
benign breast,5.0,22.0,4.4
glucose body,19.0,22.0,1.157894737
barr virus,14.0,22.0,1.571428571
predictive value,10.0,22.0,2.2
pulmonary inflammatory,4.0,22.0,5.5
rate stage,17.0,22.0,1.294117647
antibody cancer,16.0,22.0,1.375
predoctoral postdoctoral,6.0,22.0,3.666666667
vein pet,21.0,22.0,1.047619048
sugar vein,19.0,22.0,1.157894737
tumor spread,20.0,22.0,1.1
outcome blood,4.0,22.0,5.5
cancer discussion,19.0,22.0,1.157894737
child malignant,4.0,22.0,5.5
cell brain,12.0,22.0,1.833333333
good option,22.0,22.0,1.0
response cell,21.0,22.0,1.047619048
physical emotional,17.0,22.0,1.294117647
cisplatin chemotherapy,10.0,22.0,2.2
screening strategy,10.0,22.0,2.2
exposure cancer,18.0,22.0,1.222222222
rare tumour,15.0,22.0,1.466666667
rare form,15.0,22.0,1.466666667
junior investigator,8.0,22.0,2.75
pathologist pediatric,22.0,22.0,1.0
gut microbiome,10.0,22.0,2.2
breast carcinoma,6.0,22.0,3.666666667
picture active,21.0,22.0,1.047619048
agent chemotherapy,7.0,22.0,3.142857143
big challenge,17.0,22.0,1.294117647
lymph neck,9.0,22.0,2.444444444
body weight,10.0,22.0,2.2
variant dna,5.0,22.0,4.4
year analysis,14.0,22.0,1.571428571
extramural activity,21.0,22.0,1.047619048
polymerase chain,9.0,22.0,2.444444444
anthracycline chemotherapy,10.0,22.0,2.2
bilateral disease,6.0,22.0,3.666666667
sleep quality,3.0,22.0,7.333333333
heart problem,8.0,22.0,2.75
drug response,16.0,22.0,1.375
instruction announcement,13.0,22.0,1.692307692
grade diarrhea,4.0,22.0,5.5
oncologist cancer,21.0,22.0,1.047619048
chemoradiation therapy,5.0,22.0,4.4
negative advanced,4.0,22.0,5.5
chemotherapy initial,15.0,22.0,1.466666667
nccr explorer,19.0,22.0,1.157894737
cancer nccr,19.0,22.0,1.157894737
hematologic malignancy,15.0,22.0,1.466666667
steroid therapy,9.0,22.0,2.444444444
prostate biopsy,7.0,22.0,3.142857143
tumor loss,5.0,22.0,4.4
stromal cell,10.0,22.0,2.2
religious belief,8.0,22.0,2.75
chain reaction,9.0,22.0,2.444444444
positive cell,6.0,22.0,3.666666667
therapy long,17.0,22.0,1.294117647
country cancer,17.0,22.0,1.294117647
additional experiment,19.0,22.0,1.157894737
time tumor,19.0,22.0,1.157894737
year support,17.0,22.0,1.294117647
vaccine hpv,15.0,22.0,1.466666667
small piece,15.0,21.0,1.4
disease recurrence,17.0,21.0,1.235294118
moonshot goal,13.0,21.0,1.615384615
functional status,8.0,21.0,2.625
large intestine,9.0,21.0,2.333333333
management tumor,18.0,21.0,1.166666667
cancer adolescence,17.0,21.0,1.235294118
precursor cell,6.0,21.0,3.5
location tumor,17.0,21.0,1.235294118
age tumor,14.0,21.0,1.5
advanced colorectal,9.0,21.0,2.333333333
lymphoma cns,6.0,21.0,3.5
year surgery,11.0,21.0,1.909090909
cancer able,21.0,21.0,1.0
tumor pnet,8.0,21.0,2.625
mortality death,15.0,21.0,1.4
cancer topic,19.0,21.0,1.105263158
analysis median,7.0,21.0,3.0
plasma cell,12.0,21.0,1.75
cancer focus,19.0,21.0,1.105263158
nervous cancer,14.0,21.0,1.5
prevention diagnosis,21.0,21.0,1.0
juvenile myelomonocytic,3.0,21.0,7.0
tumor healthy,21.0,21.0,1.0
immunotherapy surgery,9.0,21.0,2.333333333
cancer association,13.0,21.0,1.615384615
brca testing,8.0,21.0,2.625
kidney failure,4.0,21.0,5.25
great reduction,14.0,21.0,1.5
ews fli1,3.0,21.0,7.0
book video,21.0,21.0,1.0
size shape,14.0,21.0,1.5
mutation high,13.0,21.0,1.615384615
disease rate,16.0,21.0,1.3125
application cancer,17.0,21.0,1.235294118
well quality,17.0,21.0,1.235294118
imaging modality,9.0,21.0,2.333333333
nature cancer,16.0,21.0,1.3125
tumor genomic,9.0,21.0,2.333333333
cell human,20.0,21.0,1.05
predisposition gene,8.0,21.0,2.625
outcome pediatric,9.0,21.0,2.333333333
identification novel,7.0,21.0,3.0
episode guest,19.0,21.0,1.105263158
therapy time,19.0,21.0,1.105263158
variant apc,3.0,21.0,7.0
woman young,14.0,21.0,1.5
spiritual religious,6.0,21.0,3.5
example cancer,17.0,21.0,1.235294118
smoke cancer,8.0,21.0,2.625
diagnosis symptom,15.0,21.0,1.4
therapy large,16.0,21.0,1.3125
factor development,9.0,21.0,2.333333333
cancer exposure,11.0,21.0,1.909090909
stage surgery,9.0,21.0,2.333333333
excellent prognosis,9.0,21.0,2.333333333
deletion ikzf1,3.0,21.0,7.0
good choice,21.0,21.0,1.0
cytotoxic chemotherapy,13.0,21.0,1.615384615
staging cancer,15.0,21.0,1.4
child low,11.0,21.0,1.909090909
child test,13.0,21.0,1.615384615
public liaison,21.0,21.0,1.0
thank cancer,21.0,21.0,1.0
tumor single,16.0,21.0,1.3125
beta blocker,5.0,21.0,4.2
sf424 application,19.0,21.0,1.105263158
daily activity,17.0,21.0,1.235294118
preoperative chemotherapy,8.0,21.0,2.625
metastatic recurrent,6.0,21.0,3.5
carcinoma option,7.0,21.0,3.0
rfa ca-24,4.0,21.0,5.25
molecular cancer,17.0,21.0,1.235294118
response median,14.0,21.0,1.5
immunotherapy therapy,17.0,21.0,1.235294118
stomach intestine,15.0,21.0,1.4
age incidence,14.0,21.0,1.5
score low,13.0,21.0,1.615384615
cancer initiation,15.0,21.0,1.4
transfer therapy,6.0,21.0,3.5
inferior outcome,6.0,21.0,3.5
area brain,13.0,21.0,1.615384615
fdg pet,8.0,21.0,2.625
cell inhibitor,15.0,21.0,1.4
aml child,4.0,21.0,5.25
cancer surgical,12.0,21.0,1.75
block protein,19.0,21.0,1.105263158
cumulative dose,3.0,21.0,7.0
mixed phenotype,3.0,21.0,7.0
molecular profile,9.0,21.0,2.333333333
autologous hematopoietic,6.0,21.0,3.5
colorectal carcinoma,3.0,21.0,7.0
cell red,18.0,21.0,1.166666667
diagnosis woman,15.0,21.0,1.4
connection connections,21.0,21.0,1.0
prognosis child,7.0,21.0,3.0
bone chest,17.0,21.0,1.235294118
cancer gastric,10.0,21.0,2.1
subtype cancer,19.0,21.0,1.105263158
cancer jude,6.0,21.0,3.5
cancer dccp,19.0,21.0,1.105263158
zollinger ellison,5.0,21.0,4.2
gene dna,17.0,21.0,1.235294118
wagr syndrome,4.0,21.0,5.25
table slide,13.0,21.0,1.615384615
key area,12.0,21.0,1.75
drug breast,13.0,21.0,1.615384615
advanced small,13.0,21.0,1.615384615
braf inhibitor,7.0,21.0,3.0
cowden syndrome,3.0,21.0,7.0
thyroid disease,10.0,21.0,2.1
gland tumor,11.0,21.0,1.909090909
cancer special,21.0,21.0,1.0
surgery surgical,18.0,21.0,1.166666667
disease young,20.0,21.0,1.05
biomedical informatic,16.0,21.0,1.3125
rare central,16.0,21.0,1.3125
cell pd-1,14.0,21.0,1.5
bone soft,10.0,21.0,2.1
drug low,17.0,21.0,1.235294118
secondary analysis,9.0,21.0,2.333333333
analysis year,10.0,21.0,2.1
cancer dna,13.0,21.0,1.615384615
her2 therapy,4.0,21.0,5.25
woman her2,3.0,21.0,7.0
chromosome positive,5.0,21.0,4.2
glioma glioneuronal,4.0,21.0,5.25
disease gvhd,6.0,21.0,3.5
number death,15.0,21.0,1.4
self esteem,10.0,21.0,2.1
surgery resection,3.0,21.0,7.0
cancer know,19.0,21.0,1.105263158
adjustment disorder,3.0,21.0,7.0
public cancer,20.0,21.0,1.05
alteration cancer,15.0,21.0,1.4
ciliary body,3.0,21.0,7.0
datum community,18.0,21.0,1.166666667
cell stem,15.0,21.0,1.4
brain tissue,15.0,21.0,1.4
therapy old,20.0,21.0,1.05
cardiopulmonary syndrome,6.0,21.0,3.5
year adjuvant,8.0,21.0,2.625
cigarette tobacco,17.0,21.0,1.235294118
course disease,19.0,21.0,1.105263158
cohort icure,10.0,21.0,2.1
significant impact,20.0,21.0,1.05
biological difference,14.0,21.0,1.5
flash night,9.0,21.0,2.333333333
disease lymph,14.0,21.0,1.5
focus cancer,21.0,21.0,1.0
test sample,17.0,21.0,1.235294118
cell response,19.0,21.0,1.105263158
child diagnosis,12.0,21.0,1.75
therapeutic strategy,19.0,21.0,1.105263158
conversation cancer,19.0,21.0,1.105263158
stage carcinoma,6.0,21.0,3.5
leukemia stem,7.0,20.0,2.857142857
oncology prevention,9.0,20.0,2.222222222
therapy chest,9.0,20.0,2.222222222
tumor datum,18.0,20.0,1.111111111
tumor resistant,18.0,20.0,1.111111111
mutation brca1,16.0,20.0,1.25
cancer self,19.0,20.0,1.052631579
person month,6.0,20.0,3.333333333
gdc datum,8.0,20.0,2.5
tobacco day,13.0,20.0,1.538461538
cancer depression,4.0,20.0,5.0
substance disease,15.0,20.0,1.333333333
substance blood,16.0,20.0,1.25
survivor low,4.0,20.0,5.0
grade stage,4.0,20.0,5.0
cancer mar,20.0,20.0,1.0
potential therapy,18.0,20.0,1.111111111
mypart cancer,20.0,20.0,1.0
molecular testing,12.0,20.0,1.666666667
target initiative,15.0,20.0,1.333333333
blood tumor,17.0,20.0,1.176470588
tissue blood,17.0,20.0,1.176470588
genome cancer,17.0,20.0,1.176470588
chest pain,10.0,20.0,2.0
woman cervical,10.0,20.0,2.0
chronic myelomonocytic,5.0,20.0,4.0
syndrome variant,4.0,20.0,5.0
therapy similar,18.0,20.0,1.111111111
story discovery,15.0,20.0,1.333333333
prevention promotion,7.0,20.0,2.857142857
therapy external,14.0,20.0,1.428571429
cancer extensive,12.0,20.0,1.666666667
adrenal insufficiency,8.0,20.0,2.5
lobular carcinoma,4.0,20.0,5.0
cancer concern,18.0,20.0,1.111111111
monitoring cancer,20.0,20.0,1.0
dramatic improvement,20.0,20.0,1.0
specialist award,11.0,20.0,1.818181818
black history,5.0,20.0,4.0
cancer agent,17.0,20.0,1.176470588
reduction death,9.0,20.0,2.222222222
retroperitoneal lymph,3.0,20.0,6.666666667
informatic cancer,11.0,20.0,1.818181818
woman disease,13.0,20.0,1.538461538
lab test,14.0,20.0,1.428571429
therapy initial,16.0,20.0,1.25
cancer infrastructure,12.0,20.0,1.666666667
symptom pain,18.0,20.0,1.111111111
prognosis high,4.0,20.0,5.0
low score,14.0,20.0,1.428571429
internal tissue,16.0,20.0,1.25
wave ultrasound,16.0,20.0,1.25
sac heart,4.0,20.0,5.0
neighboring cell,8.0,20.0,2.5
staging chemotherapy,20.0,20.0,1.0
cancer dramatic,19.0,20.0,1.052631579
adult tumor,14.0,20.0,1.428571429
tumor immunotherapy,16.0,20.0,1.25
sensitive prostate,5.0,20.0,4.0
cancer course,14.0,20.0,1.428571429
salpingo oophorectomy,8.0,20.0,2.5
rate woman,12.0,20.0,1.666666667
infant young,8.0,20.0,2.5
abnormal tissue,9.0,20.0,2.222222222
kinase domain,5.0,20.0,4.0
rate similar,15.0,20.0,1.333333333
genome datum,11.0,20.0,1.818181818
excess death,5.0,20.0,4.0
smoking rate,13.0,20.0,1.538461538
mature cell,5.0,20.0,4.0
transition development,7.0,20.0,2.857142857
incidence factor,6.0,20.0,3.333333333
sensory nerve,8.0,20.0,2.5
carrier cancer,8.0,20.0,2.5
imaging technique,11.0,20.0,1.818181818
tumor disease,17.0,20.0,1.176470588
low frequency,10.0,20.0,2.0
datum support,16.0,20.0,1.25
tenure track,11.0,20.0,1.818181818
tamoxifen breast,9.0,20.0,2.222222222
live birth,3.0,20.0,6.666666667
gastrointestinal carcinoid,4.0,20.0,5.0
therapy head,9.0,20.0,2.222222222
therapy line,8.0,20.0,2.5
test examine,11.0,20.0,1.818181818
cancer thymoma,7.0,20.0,2.857142857
president obama,14.0,20.0,1.428571429
polyposis coli,4.0,20.0,5.0
bereavement loss,5.0,20.0,4.0
today episode,20.0,20.0,1.0
cell hormone,18.0,20.0,1.111111111
gvhd symptom,4.0,20.0,5.0
cancer cervical,16.0,20.0,1.25
therapy inhibitor,14.0,20.0,1.428571429
partial complete,17.0,20.0,1.176470588
hospital pediatric,20.0,20.0,1.0
substance attack,19.0,20.0,1.052631579
coronary artery,4.0,20.0,5.0
muscle drug,19.0,20.0,1.052631579
vein muscle,19.0,20.0,1.052631579
incidence thyroid,7.0,20.0,2.857142857
wide variety,14.0,20.0,1.428571429
time today,20.0,20.0,1.0
additional therapy,14.0,20.0,1.428571429
factor lung,6.0,20.0,3.333333333
assessment tool,13.0,20.0,1.538461538
hiv positive,4.0,20.0,5.0
hiv cancer,9.0,20.0,2.222222222
immunotherapy chemotherapy,14.0,20.0,1.428571429
support development,17.0,20.0,1.176470588
big data,10.0,20.0,2.0
optic pathway,3.0,20.0,6.666666667
diagnosis high,9.0,20.0,2.222222222
transplantation child,3.0,20.0,6.666666667
prevention cdc,12.0,20.0,1.666666667
spread nearby,17.0,20.0,1.176470588
cancer renal,12.0,20.0,1.666666667
healthcare atlanta,20.0,20.0,1.0
child healthcare,20.0,20.0,1.0
organ bone,17.0,20.0,1.176470588
adult lymphoma,6.0,20.0,3.333333333
drug advanced,19.0,20.0,1.052631579
healthy diet,13.0,20.0,1.538461538
antibody target,18.0,20.0,1.111111111
primitive neuroectodermal,4.0,20.0,5.0
future lead,20.0,20.0,1.0
safe well,20.0,20.0,1.0
cell surgery,16.0,20.0,1.25
analysis german,4.0,20.0,5.0
chemotherapy mouth,19.0,20.0,1.052631579
number cell,17.0,20.0,1.176470588
year long,16.0,20.0,1.25
oncology rare,20.0,20.0,1.0
terminal cancer,12.0,20.0,1.666666667
variety cancer,18.0,20.0,1.111111111
neck chest,13.0,20.0,1.538461538
great cancer,16.0,20.0,1.25
vanderbilt university,16.0,20.0,1.25
sexual dysfunction,6.0,20.0,3.333333333
missense variant,5.0,20.0,4.0
rare endocrine,15.0,20.0,1.333333333
stereotactic radiosurgery,8.0,20.0,2.5
active cancer,15.0,20.0,1.333333333
withdrawal symptom,4.0,20.0,5.0
nih.gov cancer,20.0,20.0,1.0
mutation dna,16.0,20.0,1.25
lymphoma rare,8.0,20.0,2.5
age child,13.0,20.0,1.538461538
key cancer,16.0,20.0,1.25
ellison syndrome,5.0,20.0,4.0
model initiative,9.0,20.0,2.222222222
young african,9.0,20.0,2.222222222
translational medicine,19.0,20.0,1.052631579
endothelial cell,7.0,20.0,2.857142857
imatinib mesylate,10.0,20.0,2.0
bad prognosis,13.0,20.0,1.538461538
variant ret,4.0,20.0,5.0
preoperative therapy,4.0,20.0,5.0
neck dissection,6.0,20.0,3.333333333
option prognosis,18.0,20.0,1.111111111
hereditary syndrome,9.0,20.0,2.222222222
variant rare,6.0,20.0,3.333333333
cancer braf,12.0,20.0,1.666666667
tumor new,20.0,20.0,1.0
body size,10.0,20.0,2.0
know stage,16.0,20.0,1.25
lymphoma test,6.0,20.0,3.333333333
size cancer,9.0,20.0,2.222222222
cancer difference,20.0,20.0,1.0
long immune,12.0,20.0,1.666666667
rhabdomyosarcoma tumor,6.0,20.0,3.333333333
metastatic her2,9.0,20.0,2.222222222
hum mutat,6.0,20.0,3.333333333
tumor aggressive,12.0,20.0,1.666666667
intensive unit,8.0,20.0,2.5
tumor msi,4.0,20.0,5.0
tobacco cessation,11.0,20.0,1.818181818
marrow blood,11.0,20.0,1.818181818
cancer challenging,20.0,20.0,1.0
hiv infection,14.0,20.0,1.428571429
lymphoma disease,12.0,20.0,1.666666667
incidence datum,13.0,20.0,1.538461538
hand foot,16.0,20.0,1.25
overview stage,6.0,20.0,3.333333333
clinic cancer,20.0,20.0,1.0
tissue engineering,9.0,19.0,2.111111111
inhibitor immunotherapy,17.0,19.0,1.117647059
cancer nivolumab,13.0,19.0,1.461538462
outer layer,11.0,19.0,1.727272727
chromosome cell,12.0,19.0,1.583333333
adjuvant tamoxifen,3.0,19.0,6.333333333
high year,11.0,19.0,1.727272727
significant factor,4.0,19.0,4.75
translational cancer,17.0,19.0,1.117647059
diagnosis dctd,17.0,19.0,1.117647059
child leukemia,14.0,19.0,1.357142857
broad spectrum,17.0,19.0,1.117647059
variant codon,6.0,19.0,3.166666667
aml blood,6.0,19.0,3.166666667
viral infection,15.0,19.0,1.266666667
mutation cell,17.0,19.0,1.117647059
remission rate,13.0,19.0,1.461538462
carcinoma nasopharyngeal,16.0,19.0,1.1875
foundation medicine,12.0,19.0,1.583333333
number mutation,17.0,19.0,1.117647059
history rare,7.0,19.0,2.714285714
hereditary medullary,3.0,19.0,6.333333333
female cancer,6.0,19.0,3.166666667
chemotherapy resistance,11.0,19.0,1.727272727
high relapse,9.0,19.0,2.111111111
therapy benefit,13.0,19.0,1.461538462
picture body,17.0,19.0,1.117647059
prognostic marker,5.0,19.0,3.8
recurrence cancer,18.0,19.0,1.055555556
cancer normal,17.0,19.0,1.117647059
dana farber,16.0,19.0,1.1875
moderate severe,11.0,19.0,1.727272727
bone loss,7.0,19.0,2.714285714
congestive heart,11.0,19.0,1.727272727
sample cell,16.0,19.0,1.1875
variant exon,6.0,19.0,3.166666667
cell large,15.0,19.0,1.266666667
malt lymphoma,5.0,19.0,3.8
cisplatin carboplatin,4.0,19.0,4.75
selection cancer,19.0,19.0,1.0
deviate application,19.0,19.0,1.0
hard palate,3.0,19.0,6.333333333
small subset,11.0,19.0,1.727272727
thursday episode,19.0,19.0,1.0
cancer query,19.0,19.0,1.0
query production,19.0,19.0,1.0
area medicine,19.0,19.0,1.0
country webpage,19.0,19.0,1.0
well test,19.0,19.0,1.0
hydrochloride drug,7.0,19.0,2.714285714
woman advanced,10.0,19.0,1.9
time death,11.0,19.0,1.727272727
african woman,8.0,19.0,2.375
retinoic acid,9.0,19.0,2.111111111
area tumor,15.0,19.0,1.266666667
bmc cancer,14.0,19.0,1.357142857
year average,11.0,19.0,1.727272727
self cognitive,5.0,19.0,3.8
age history,15.0,19.0,1.266666667
rare bone,12.0,19.0,1.583333333
extent cancer,15.0,19.0,1.266666667
cell external,18.0,19.0,1.055555556
diagnosis prognosis,19.0,19.0,1.0
well today,19.0,19.0,1.0
endocrine men1,6.0,19.0,3.166666667
loss death,5.0,19.0,3.8
nciicc cancer,19.0,19.0,1.0
collaboration public,19.0,19.0,1.0
dose dependent,6.0,19.0,3.166666667
damage healthy,15.0,19.0,1.266666667
syndrome hereditary,6.0,19.0,3.166666667
cancer antibody,15.0,19.0,1.266666667
worker child,18.0,19.0,1.055555556
disease course,9.0,19.0,2.111111111
chromosomal alteration,3.0,19.0,6.333333333
biomarker test,12.0,19.0,1.583333333
testing child,6.0,19.0,3.166666667
aggressive disease,15.0,19.0,1.266666667
precancerous lesion,16.0,19.0,1.1875
cell nearby,13.0,19.0,1.461538462
procedure malignant,16.0,19.0,1.1875
permanent resident,15.0,19.0,1.266666667
submission era,19.0,19.0,1.0
death low,12.0,19.0,1.583333333
nucleic acid,10.0,19.0,1.9
transplant blood,13.0,19.0,1.461538462
adult medulloblastoma,8.0,19.0,2.375
syndrome familial,6.0,19.0,3.166666667
physical symptom,9.0,19.0,2.111111111
beta carotene,6.0,19.0,3.166666667
inhibitor immune,12.0,19.0,1.583333333
retropharyngeal lymph,3.0,19.0,6.333333333
disorder child,19.0,19.0,1.0
black hispanic,9.0,19.0,2.111111111
spiritual distress,3.0,19.0,6.333333333
profiling test,9.0,19.0,2.111111111
cell area,15.0,19.0,1.266666667
brecht rare,15.0,19.0,1.266666667
blood chemistry,17.0,19.0,1.117647059
low disease,11.0,19.0,1.727272727
class expression,3.0,19.0,6.333333333
clinicaltrials.gov test,19.0,19.0,1.0
supratentorial ependymoma,5.0,19.0,3.8
cancer pathogenic,6.0,19.0,3.166666667
activity protein,19.0,19.0,1.0
cancer immunology,16.0,19.0,1.1875
hcmi model,4.0,19.0,4.75
thank guest,19.0,19.0,1.0
guest hear,19.0,19.0,1.0
hear story,19.0,19.0,1.0
story idea,19.0,19.0,1.0
cancer half,16.0,19.0,1.1875
epstein barr,14.0,19.0,1.357142857
nature genetic,8.0,19.0,2.375
investigator team,17.0,19.0,1.117647059
layer tissue,7.0,19.0,2.714285714
antigen psa,10.0,19.0,1.9
prior therapy,17.0,19.0,1.117647059
alk inhibitor,8.0,19.0,2.375
critical cancer,19.0,19.0,1.0
year mortality,10.0,19.0,1.9
low breast,9.0,19.0,2.111111111
breast woman,12.0,19.0,1.583333333
community step,11.0,19.0,1.727272727
cancer mechanism,19.0,19.0,1.0
physical functioning,9.0,19.0,2.111111111
cancer diet,8.0,19.0,2.375
pain fatigue,10.0,19.0,1.9
development workshop,7.0,19.0,2.714285714
chromosome number,3.0,19.0,6.333333333
woman endometrial,5.0,19.0,3.8
brain tumour,6.0,19.0,3.166666667
indian native,13.0,19.0,1.461538462
drug sensitivity,5.0,19.0,3.8
syndrome high,9.0,19.0,2.111111111
pd-1 protein,12.0,19.0,1.583333333
chemotherapy long,13.0,19.0,1.461538462
test screen,14.0,19.0,1.357142857
radiation oncology,14.0,19.0,1.357142857
depression scale,5.0,19.0,3.8
cancer provider,14.0,19.0,1.357142857
tumor eur,17.0,19.0,1.117647059
carcinoma adult,17.0,19.0,1.117647059
development activity,13.0,19.0,1.461538462
dry mouth,16.0,19.0,1.1875
eye socket,3.0,19.0,6.333333333
male breast,10.0,19.0,1.9
adult well,19.0,19.0,1.0
good adult,19.0,19.0,1.0
diagnosis tumor,13.0,19.0,1.461538462
ultrasound internal,15.0,19.0,1.266666667
therapy adult,12.0,19.0,1.583333333
tomography computed,15.0,19.0,1.266666667
salvage chemotherapy,3.0,19.0,6.333333333
cancer point,13.0,19.0,1.461538462
imat opportunity,6.0,19.0,3.166666667
dicer1 syndrome,4.0,19.0,4.75
average age,13.0,19.0,1.461538462
cancer decrease,12.0,19.0,1.583333333
nciccrraretumor mypart,18.0,19.0,1.055555556
soft sarcoma,10.0,19.0,1.9
tumor heterogeneity,10.0,19.0,1.9
mental disorder,6.0,19.0,3.166666667
number year,17.0,19.0,1.117647059
major racial,10.0,19.0,1.9
virtual workshop,8.0,19.0,2.375
chronic inflammation,18.0,19.0,1.055555556
flash woman,4.0,19.0,4.75
time point,12.0,19.0,1.583333333
stage ovarian,5.0,19.0,3.8
positive disease,4.0,19.0,4.75
prospective multicenter,11.0,19.0,1.727272727
therapy molecular,9.0,19.0,2.111111111
disease survivor,3.0,19.0,6.333333333
biological feature,10.0,19.0,1.9
therapeutic implication,7.0,19.0,2.714285714
topic cancer,19.0,19.0,1.0
cancer protein,17.0,19.0,1.117647059
cisplatin hearing,5.0,19.0,3.8
mutation woman,9.0,19.0,2.111111111
human carcinogen,10.0,19.0,1.9
opportunity nofo,18.0,19.0,1.055555556
application opportunity,19.0,19.0,1.0
cancer cachexia,10.0,19.0,1.9
malignant disease,12.0,19.0,1.583333333
eastern time,13.0,19.0,1.461538462
idh mutation,9.0,19.0,2.111111111
high chemotherapy,15.0,19.0,1.266666667
axicabtagene ciloleucel,9.0,19.0,2.111111111
precancer cancer,10.0,19.0,1.9
european oncology,15.0,19.0,1.266666667
medullary carcinoma,7.0,19.0,2.714285714
sickle cell,11.0,19.0,1.727272727
think tank,5.0,19.0,3.8
datum tcga,9.0,19.0,2.111111111
inhibitor pembrolizumab,18.0,19.0,1.055555556
trastuzumab emtansine,14.0,19.0,1.357142857
limb surgery,5.0,19.0,3.8
urinary tract,6.0,19.0,3.166666667
cancer jones,19.0,19.0,1.0
cancer century,19.0,19.0,1.0
centimeter large,6.0,19.0,3.166666667
incomplete application,18.0,18.0,1.0
local time,17.0,18.0,1.058823529
application local,18.0,18.0,1.0
disease large,17.0,18.0,1.058823529
need priority,18.0,18.0,1.0
instruction deviate,18.0,18.0,1.0
investigator university,17.0,18.0,1.058823529
cognitive functioning,5.0,18.0,3.6
sarcoma rare,12.0,18.0,1.5
cancer criterion,17.0,18.0,1.058823529
total resection,6.0,18.0,3.0
instruction accepted,18.0,18.0,1.0
comply instruction,18.0,18.0,1.0
rare kidney,16.0,18.0,1.125
adult high,13.0,18.0,1.384615385
transplant cancer,12.0,18.0,1.5
cell child,16.0,18.0,1.125
therapy her2,4.0,18.0,4.5
function variant,6.0,18.0,3.0
hematological malignancy,11.0,18.0,1.636363636
benign prostatic,5.0,18.0,3.6
area skin,11.0,18.0,1.636363636
cell immature,10.0,18.0,1.8
development support,16.0,18.0,1.125
applicant instruction,18.0,18.0,1.0
relapse year,16.0,18.0,1.125
biopsy small,18.0,18.0,1.0
bowel project,5.0,18.0,3.6
cancer relative,9.0,18.0,2.0
advanced head,5.0,18.0,3.6
ability cancer,18.0,18.0,1.0
ethnic minority,16.0,18.0,1.125
human disease,12.0,18.0,1.5
needle pathologist,16.0,18.0,1.125
lymphoid malignancy,15.0,18.0,1.2
wide association,12.0,18.0,1.5
cancer nciccrraretumor,18.0,18.0,1.0
gonadal function,3.0,18.0,6.0
cancer hope,16.0,18.0,1.125
chronic pain,11.0,18.0,1.636363636
stress reduction,6.0,18.0,3.0
world large,18.0,18.0,1.0
cancer germ,4.0,18.0,4.5
rhabdomyosarcoma cancer,5.0,18.0,3.6
body metastatic,18.0,18.0,1.0
cell single,16.0,18.0,1.125
rhabdomyosarcoma gene,4.0,18.0,4.5
characteristic high,11.0,18.0,1.636363636
form disease,17.0,18.0,1.058823529
blood lymph,17.0,18.0,1.058823529
procedure diagnose,17.0,18.0,1.058823529
distinct subgroup,5.0,18.0,3.6
radical prostatectomy,3.0,18.0,6.0
cure scholar,4.0,18.0,4.5
cancer suppl,11.0,18.0,1.636363636
gene deletion,4.0,18.0,4.5
cancer space,12.0,18.0,1.5
assessment management,11.0,18.0,1.636363636
surgery immunotherapy,7.0,18.0,2.571428571
cancer unique,16.0,18.0,1.125
surgery small,14.0,18.0,1.285714286
brain radiation,8.0,18.0,2.25
human breast,14.0,18.0,1.285714286
transplant recipient,6.0,18.0,3.0
year exposure,9.0,18.0,2.0
mortality adolescent,16.0,18.0,1.125
improvement child,18.0,18.0,1.0
strategic initiative,13.0,18.0,1.384615385
depression symptom,6.0,18.0,3.0
mutation testing,13.0,18.0,1.384615385
alteration pediatric,6.0,18.0,3.0
diffuse midline,5.0,18.0,3.6
implementation cancer,15.0,18.0,1.2
chemotherapy high,13.0,18.0,1.384615385
veteran affair,10.0,18.0,1.8
sex difference,5.0,18.0,3.6
cancer journey,12.0,18.0,1.5
deprivation therapy,9.0,18.0,2.0
prospective longitudinal,5.0,18.0,3.6
advisor cancer,12.0,18.0,1.5
receptor gene,8.0,18.0,2.25
cell energy,11.0,18.0,1.636363636
loss cancer,10.0,18.0,1.8
adenoma carcinoma,5.0,18.0,3.6
lung breast,14.0,18.0,1.285714286
screen cancer,14.0,18.0,1.285714286
false negative,12.0,18.0,1.5
inhibitor nivolumab,16.0,18.0,1.125
node unilateral,3.0,18.0,6.0
drug lung,8.0,18.0,2.25
bilateral mastectomy,6.0,18.0,3.0
surgical option,10.0,18.0,1.8
mucous membrane,10.0,18.0,1.8
tumor burden,11.0,18.0,1.636363636
stage pancreatic,5.0,18.0,3.6
prognosis option,17.0,18.0,1.058823529
datum year,15.0,18.0,1.2
inhibitor chemotherapy,15.0,18.0,1.2
impact quality,13.0,18.0,1.384615385
damage cell,15.0,18.0,1.2
aggressive subtype,9.0,18.0,2.0
idh1 gene,10.0,18.0,1.8
tumor regression,12.0,18.0,1.5
randomized placebo,8.0,18.0,2.25
damage dna,15.0,18.0,1.2
metastatic lung,14.0,18.0,1.285714286
chromosome region,6.0,18.0,3.0
infrastructure cancer,12.0,18.0,1.5
milestone cancer,13.0,18.0,1.384615385
quit smoking,9.0,18.0,2.0
pathogenic germline,6.0,18.0,3.0
death person,6.0,18.0,3.0
rna seq,8.0,18.0,2.25
child brain,10.0,18.0,1.8
similar rate,16.0,18.0,1.125
response resistance,15.0,18.0,1.2
high priority,16.0,18.0,1.125
oxidative stress,7.0,18.0,2.571428571
cancer sarcoma,12.0,18.0,1.5
cancer continuum,18.0,18.0,1.0
disease burden,14.0,18.0,1.285714286
local excision,8.0,18.0,2.25
neuroectodermal tumor,4.0,18.0,4.5
cancer familial,3.0,18.0,6.0
cancer enlarge,17.0,18.0,1.058823529
tumor initiative,18.0,18.0,1.0
artery disease,4.0,18.0,4.5
susceptibility locus,3.0,18.0,6.0
score high,9.0,18.0,2.0
glioma child,4.0,18.0,4.5
exposure high,11.0,18.0,1.636363636
fusion poor,4.0,18.0,4.5
conventional chemotherapy,14.0,18.0,1.285714286
cancer particular,17.0,18.0,1.058823529
addition chemotherapy,13.0,18.0,1.384615385
therapy solid,8.0,18.0,2.25
adjuvant setting,5.0,18.0,3.6
pet imaging,11.0,18.0,1.636363636
classification pediatric,6.0,18.0,3.0
hereditary colorectal,5.0,18.0,3.6
form picture,16.0,18.0,1.125
child loss,6.0,18.0,3.0
religious coping,3.0,18.0,6.0
melanoma surgery,9.0,18.0,2.0
cancer squamous,12.0,18.0,1.5
cell microscope,11.0,18.0,1.636363636
applicable target,16.0,18.0,1.125
disease radiation,9.0,18.0,2.0
novel strategy,11.0,18.0,1.636363636
lymph stage,8.0,18.0,2.25
iii breast,4.0,18.0,4.5
disease clin,7.0,18.0,2.571428571
cancer broad,18.0,18.0,1.0
idea cancer,17.0,18.0,1.058823529
normal substance,14.0,18.0,1.285714286
colleague cancer,18.0,18.0,1.0
cancer oropharyngeal,13.0,18.0,1.384615385
skin lesion,8.0,18.0,2.25
new therapy,18.0,18.0,1.0
thing lot,12.0,18.0,1.5
rare solid,5.0,18.0,3.6
cell cancerous,17.0,18.0,1.058823529
alveolar soft,9.0,18.0,2.0
hospital institution,6.0,18.0,3.0
special emphasis,9.0,18.0,2.0
disease woman,12.0,18.0,1.5
specialist child,17.0,18.0,1.058823529
cardiopulmonary resuscitation,5.0,18.0,3.6
reduction tumor,16.0,18.0,1.125
cancer award,14.0,18.0,1.285714286
cancer palliat,5.0,18.0,3.6
benign cancer,11.0,18.0,1.636363636
cell kill,13.0,18.0,1.384615385
lymphoma engl,6.0,18.0,3.0
zip code,4.0,18.0,4.5
pembrolizumab advanced,11.0,18.0,1.636363636
ebv dna,3.0,18.0,6.0
stream episode,16.0,18.0,1.125
cost year,11.0,18.0,1.636363636
well prognosis,14.0,18.0,1.285714286
line metastatic,10.0,18.0,1.8
organ cancer,14.0,18.0,1.285714286
repair dna,12.0,18.0,1.5
quality outcome,9.0,18.0,2.0
immune therapy,18.0,18.0,1.0
egfr gene,15.0,18.0,1.2
tumor long,12.0,18.0,1.5
surgery option,17.0,18.0,1.058823529
unknown cancer,8.0,18.0,2.25
cancer physician,13.0,18.0,1.384615385
a.m. p.m.,11.0,18.0,1.636363636
renal pelvis,6.0,18.0,3.0
school student,16.0,18.0,1.125
computational tool,12.0,18.0,1.5
cancer prognostic,6.0,18.0,3.0
inhibitor block,16.0,18.0,1.125
resistance drug,14.0,18.0,1.285714286
expression protein,7.0,18.0,2.571428571
molecule cancer,17.0,18.0,1.058823529
mycn gene,4.0,18.0,4.5
tumor travel,18.0,18.0,1.0
committee cancer,14.0,18.0,1.285714286
effectiveness immunotherapy,10.0,18.0,1.8
relationship cancer,13.0,18.0,1.384615385
support investigator,12.0,18.0,1.5
radiation tumor,16.0,18.0,1.125
child surgery,8.0,18.0,2.25
breast bowel,5.0,18.0,3.6
failure cancer,7.0,18.0,2.571428571
bereaved person,3.0,18.0,6.0
cancer regular,16.0,18.0,1.125
breast gynecologic,12.0,18.0,1.5
analysis child,10.0,18.0,1.8
african white,6.0,18.0,3.0
deputy cancer,18.0,18.0,1.0
nccn practice,10.0,18.0,1.8
rural community,9.0,18.0,2.0
tissue surgery,17.0,18.0,1.058823529
neurofibromatosis nf1,13.0,18.0,1.384615385
death united,16.0,18.0,1.125
guest turn,17.0,18.0,1.058823529
organ chest,9.0,18.0,2.0
stress cancer,15.0,18.0,1.2
low fat,9.0,18.0,2.0
active glucose,17.0,18.0,1.058823529
substance cancer,17.0,18.0,1.058823529
cancer animation,16.0,18.0,1.125
difference year,9.0,18.0,2.0
count cbc,10.0,18.0,1.8
child hodgkin,7.0,18.0,2.571428571
quality physician,17.0,18.0,1.058823529
biopsy procedure,10.0,18.0,1.8
cancer chest,10.0,18.0,1.8
polyp cancer,6.0,18.0,3.0
high score,13.0,18.0,1.384615385
additional variant,4.0,18.0,4.5
spread brain,12.0,18.0,1.5
spread cancer,16.0,18.0,1.125
cancer classification,18.0,18.0,1.0
pathway alteration,4.0,18.0,4.5
structural variation,4.0,18.0,4.5
cip net,5.0,18.0,3.6
cancer immunoprevention,10.0,18.0,1.8
cancer retrospective,12.0,17.0,1.416666667
applicant consideration,17.0,17.0,1.0
test stage,10.0,17.0,1.7
immune evasion,7.0,17.0,2.428571429
conformance eligibility,17.0,17.0,1.0
requirement special,17.0,17.0,1.0
special provision,17.0,17.0,1.0
provision requirement,17.0,17.0,1.0
requirement incomplete,17.0,17.0,1.0
completeness conformance,17.0,17.0,1.0
gene pathway,9.0,17.0,1.888888889
film picture,13.0,17.0,1.307692308
breast lung,15.0,17.0,1.133333333
germline brca,5.0,17.0,3.4
therapy significant,10.0,17.0,1.7
significant increase,12.0,17.0,1.416666667
receptor therapy,8.0,17.0,2.125
dinah singer,13.0,17.0,1.307692308
mutation ret,6.0,17.0,2.833333333
protein target,13.0,17.0,1.307692308
vitamin supplement,9.0,17.0,1.888888889
tumor present,13.0,17.0,1.307692308
cell break,17.0,17.0,1.0
lung prostate,13.0,17.0,1.307692308
refractory cancer,9.0,17.0,1.888888889
man low,7.0,17.0,2.428571429
analysis prognostic,9.0,17.0,1.888888889
additional application,17.0,17.0,1.0
pd-1 inhibitor,10.0,17.0,1.7
application completeness,17.0,17.0,1.0
application comply,17.0,17.0,1.0
ascertainment bias,3.0,17.0,5.666666667
puerto rico,10.0,17.0,1.7
kid cancer,12.0,17.0,1.416666667
therapy radioactive,11.0,17.0,1.545454545
cancer overview,15.0,17.0,1.133333333
testicular germ,4.0,17.0,4.25
ischemic heart,4.0,17.0,4.25
surgery discussion,6.0,17.0,2.833333333
pediatric glioma,3.0,17.0,5.666666667
upcoming episode,17.0,17.0,1.0
disease median,16.0,17.0,1.0625
application deadline,17.0,17.0,1.0
significant association,10.0,17.0,1.7
syndrome hum,5.0,17.0,3.4
short period,17.0,17.0,1.0
tumor expression,12.0,17.0,1.416666667
functional outcome,5.0,17.0,3.4
sample woman,12.0,17.0,1.416666667
flash breast,3.0,17.0,5.666666667
assistance application,17.0,17.0,1.0
model breast,15.0,17.0,1.133333333
model tumor,15.0,17.0,1.133333333
instruction sf424,15.0,17.0,1.133333333
genomic characteristic,7.0,17.0,2.428571429
commitment candidate,13.0,17.0,1.307692308
natural killer,8.0,17.0,2.125
prostatic hyperplasia,5.0,17.0,3.4
repair deficient,9.0,17.0,1.888888889
progenitor cell,8.0,17.0,2.125
genitourinary malignancy,13.0,17.0,1.307692308
test therapy,16.0,17.0,1.0625
parathyroid tumor,4.0,17.0,4.25
cancer seminar,12.0,17.0,1.416666667
ret mutation,3.0,17.0,5.666666667
plan advanced,14.0,17.0,1.214285714
woman mutation,11.0,17.0,1.545454545
century clin,17.0,17.0,1.0
year significant,9.0,17.0,1.888888889
amusing interesting,17.0,17.0,1.0
child bone,7.0,17.0,2.428571429
cebpa mutation,3.0,17.0,5.666666667
rate overall,16.0,17.0,1.0625
variation cancer,11.0,17.0,1.545454545
initial line,17.0,17.0,1.0
blood urine,11.0,17.0,1.545454545
city hope,12.0,17.0,1.416666667
proof concept,17.0,17.0,1.0
chemotherapy small,13.0,17.0,1.307692308
woman radiation,11.0,17.0,1.545454545
dna mismatch,8.0,17.0,2.125
efficacy toxicity,12.0,17.0,1.416666667
development therapy,17.0,17.0,1.0
benefit chemotherapy,11.0,17.0,1.545454545
tissue normal,14.0,17.0,1.214285714
disease progressing,14.0,17.0,1.214285714
time segment,17.0,17.0,1.0
cell stage,14.0,17.0,1.214285714
neoplasm cancer,4.0,17.0,4.25
united year,17.0,17.0,1.0
pancreatic ductal,11.0,17.0,1.545454545
ductal adenocarcinoma,11.0,17.0,1.545454545
extensive lymph,9.0,17.0,1.888888889
leukemia gene,3.0,17.0,5.666666667
cell small,17.0,17.0,1.0
disease drug,17.0,17.0,1.0
high young,10.0,17.0,1.7
alk alteration,6.0,17.0,2.833333333
tumor mutational,9.0,17.0,1.888888889
cell travel,17.0,17.0,1.0
bronchiolitis obliterans,3.0,17.0,5.666666667
prophylactic thyroidectomy,3.0,17.0,5.666666667
methylation pattern,5.0,17.0,3.4
tcga datum,8.0,17.0,2.125
tumor adjacent,9.0,17.0,1.888888889
rhabdomyosarcoma child,3.0,17.0,5.666666667
late overview,16.0,17.0,1.0625
cellular analysis,5.0,17.0,3.4
development drug,15.0,17.0,1.133333333
tobacco nicotine,7.0,17.0,2.428571429
crlf2 rearrangement,3.0,17.0,5.666666667
recurrent mutation,5.0,17.0,3.4
professor medicine,6.0,17.0,2.833333333
pineal parenchymal,4.0,17.0,4.25
disease diagnosis,12.0,17.0,1.416666667
cancer awareness,14.0,17.0,1.214285714
negative impact,13.0,17.0,1.307692308
specialist cancer,14.0,17.0,1.214285714
application relevant,17.0,17.0,1.0
note detail,17.0,17.0,1.0
detail informational,17.0,17.0,1.0
informational requirement,17.0,17.0,1.0
requirement instruction,17.0,17.0,1.0
instruction notice,17.0,17.0,1.0
imaging scan,15.0,17.0,1.133333333
chemotherapy cell,13.0,17.0,1.307692308
cisplatin etoposide,5.0,17.0,3.4
therapy stem,12.0,17.0,1.416666667
cell donor,5.0,17.0,3.4
death breast,12.0,17.0,1.416666667
cancer counseling,12.0,17.0,1.416666667
lymphoproliferative disease,4.0,17.0,4.25
surgery woman,11.0,17.0,1.545454545
incidence adolescent,17.0,17.0,1.0
management malignant,3.0,17.0,5.666666667
cell test,13.0,17.0,1.307692308
aml cancer,11.0,17.0,1.545454545
year brain,12.0,17.0,1.416666667
presence variant,4.0,17.0,4.25
support advanced,16.0,17.0,1.0625
cancer introduction,17.0,17.0,1.0
cell divide,15.0,17.0,1.133333333
screening table,3.0,17.0,5.666666667
responder initiative,6.0,17.0,2.833333333
cancer personal,15.0,17.0,1.133333333
partial breast,3.0,17.0,5.666666667
commitment progress,11.0,17.0,1.545454545
tumor median,10.0,17.0,1.7
vitamin deficiency,5.0,17.0,3.4
disease breast,9.0,17.0,1.888888889
surgical pathology,3.0,17.0,5.666666667
drug disease,17.0,17.0,1.0
cancer nasopharyngeal,8.0,17.0,2.125
lobe lung,3.0,17.0,5.666666667
cancer distinct,14.0,17.0,1.214285714
adoptive cell,11.0,17.0,1.545454545
rare aggressive,17.0,17.0,1.0
new drug,17.0,17.0,1.0
pediatric radiation,17.0,17.0,1.0
present high,11.0,17.0,1.545454545
testing rate,10.0,17.0,1.7
swollen lymph,9.0,17.0,1.888888889
grief normal,7.0,17.0,2.428571429
woman day,8.0,17.0,2.125
cell pancreatic,11.0,17.0,1.545454545
selenium vitamin,3.0,17.0,5.666666667
year difference,11.0,17.0,1.545454545
cancer cytogenetic,11.0,17.0,1.545454545
cancer response,17.0,17.0,1.0
dose hpv,7.0,17.0,2.428571429
lesion low,5.0,17.0,3.4
large prospective,16.0,17.0,1.0625
early age,8.0,17.0,2.125
breast duct,6.0,17.0,2.833333333
award applicant,13.0,17.0,1.307692308
harm cancer,14.0,17.0,1.214285714
liver lung,16.0,17.0,1.0625
drug immunotherapy,15.0,17.0,1.133333333
surgical removal,12.0,17.0,1.416666667
tissue sonogram,16.0,17.0,1.0625
ultrasound exam,9.0,17.0,1.888888889
therapy palliative,11.0,17.0,1.545454545
cancer adrenocortical,8.0,17.0,2.125
award community,6.0,17.0,2.833333333
high nicotine,6.0,17.0,2.833333333
cancer kind,14.0,17.0,1.214285714
incisional biopsy,13.0,17.0,1.307692308
cancer pappo,15.0,17.0,1.133333333
stage description,5.0,17.0,3.4
europe rare,15.0,17.0,1.133333333
blood transfusion,9.0,17.0,1.888888889
tip book,17.0,17.0,1.0
video talk,17.0,17.0,1.0
talk inspirational,17.0,17.0,1.0
inspirational amusing,17.0,17.0,1.0
drug manufacturer,17.0,17.0,1.0
neuroendocrine cell,5.0,17.0,3.4
cancer method,16.0,17.0,1.0625
chemotherapy hodgkin,5.0,17.0,3.4
pediatric tumor,8.0,17.0,2.125
oncologist hematologist,17.0,17.0,1.0
specialist pediatric,17.0,17.0,1.0
palliative pediatric,17.0,17.0,1.0
cancer thing,17.0,17.0,1.0
metastasis metnet,10.0,17.0,1.7
genomic profile,11.0,17.0,1.545454545
cell rescue,5.0,17.0,3.4
malignancy cancer,9.0,17.0,1.888888889
mouth throat,10.0,17.0,1.7
eligibility budget,17.0,17.0,1.0
cancer durvalumab,5.0,17.0,3.4
bilateral wilm,4.0,17.0,4.25
cancer likely,15.0,17.0,1.133333333
incidence rare,17.0,17.0,1.0
neuroblastoma child,5.0,17.0,3.4
survivor quality,11.0,17.0,1.545454545
lack knowledge,17.0,17.0,1.0
tumor number,12.0,17.0,1.416666667
disease bad,13.0,17.0,1.307692308
directive advance,4.0,17.0,4.25
variant additional,3.0,17.0,5.666666667
tumor feature,13.0,17.0,1.307692308
instability high,7.0,17.0,2.428571429
human tissue,11.0,17.0,1.545454545
iii clin,9.0,17.0,1.888888889
subtype cell,6.0,17.0,2.833333333
wnt shh,3.0,17.0,5.666666667
biological characteristic,9.0,17.0,1.888888889
old young,16.0,17.0,1.0625
immunotherapy response,14.0,17.0,1.214285714
reduction cancer,13.0,17.0,1.307692308
bulky disease,6.0,17.0,2.833333333
person chance,16.0,17.0,1.0625
paediatric age,15.0,17.0,1.133333333
genome sequencing,12.0,17.0,1.416666667
tumor histological,7.0,17.0,2.428571429
mycosis fungoide,13.0,17.0,1.307692308
cell datum,7.0,17.0,2.428571429
test cell,12.0,17.0,1.416666667
year cohort,10.0,17.0,1.7
deny drash,4.0,17.0,4.25
drash syndrome,4.0,17.0,4.25
chemotherapy radiotherapy,10.0,17.0,1.7
analysis phase,9.0,17.0,1.888888889
good cancer,16.0,17.0,1.0625
turn tip,17.0,17.0,1.0
infrequent tumor,15.0,17.0,1.133333333
initiative child,16.0,17.0,1.0625
year relative,9.0,17.0,1.888888889
pathology slide,17.0,17.0,1.0
variant deletion,3.0,17.0,5.666666667
influence cancer,11.0,17.0,1.545454545
centimeter cancer,4.0,17.0,4.25
trend progress,13.0,17.0,1.307692308
cancer importance,15.0,17.0,1.133333333
gastric adenocarcinoma,5.0,17.0,3.4
harm cigarette,15.0,17.0,1.133333333
similar pattern,15.0,17.0,1.133333333
year decade,17.0,17.0,1.0
glioneuronal neuronal,3.0,17.0,5.666666667
cns embryonal,5.0,17.0,3.4
tumor clear,11.0,17.0,1.545454545
advanced esophageal,7.0,17.0,2.428571429
body procedure,15.0,17.0,1.133333333
addition personal,17.0,17.0,1.0
registry cancer,10.0,17.0,1.7
grief child,4.0,17.0,4.25
rate united,13.0,17.0,1.307692308
autosomal recessive,5.0,17.0,3.4
overview gps,17.0,17.0,1.0
endometrial ovarian,4.0,17.0,4.25
diagnosis account,17.0,17.0,1.0
adult young,9.0,17.0,1.888888889
team skill,17.0,17.0,1.0
incidence year,9.0,17.0,1.888888889
cell rep,5.0,16.0,3.2
drug nivolumab,15.0,16.0,1.066666667
country lmic,14.0,16.0,1.142857143
application broad,16.0,16.0,1.0
broad need,16.0,16.0,1.0
cancer onset,11.0,16.0,1.454545455
postdoctoral transition,6.0,16.0,2.666666667
frequency variant,4.0,16.0,4.0
time application,14.0,16.0,1.142857143
prostate tumor,8.0,16.0,2.0
tumor woman,13.0,16.0,1.230769231
dose drug,15.0,16.0,1.066666667
microenvironment cancer,13.0,16.0,1.230769231
grant.gov application,16.0,16.0,1.0
receipt schedule,16.0,16.0,1.0
pediatric medulloblastoma,3.0,16.0,5.333333333
refractory thyroid,5.0,16.0,3.2
variant year,5.0,16.0,3.2
biological factor,13.0,16.0,1.230769231
gastroesophageal junction,10.0,16.0,1.6
skin body,6.0,16.0,2.666666667
cancer share,16.0,16.0,1.0
adolescent opportunity,16.0,16.0,1.0
opportunity child,16.0,16.0,1.0
systemic cancer,5.0,16.0,3.2
model development,9.0,16.0,1.777777778
tumor medulloblastoma,5.0,16.0,3.2
grade disease,6.0,16.0,2.666666667
therapy monoclonal,10.0,16.0,1.6
high lung,11.0,16.0,1.454545455
harmful chemical,7.0,16.0,2.285714286
therapy hodgkin,7.0,16.0,2.285714286
rate complete,11.0,16.0,1.454545455
team challenge,8.0,16.0,2.0
analysis large,14.0,16.0,1.142857143
cell time,13.0,16.0,1.230769231
analysis clin,8.0,16.0,2.0
extensive stage,6.0,16.0,2.666666667
dry eye,3.0,16.0,5.333333333
year percent,12.0,16.0,1.333333333
tumor presence,11.0,16.0,1.454545455
tumor resection,6.0,16.0,2.666666667
rate time,11.0,16.0,1.454545455
drug resistant,12.0,16.0,1.333333333
loss reason,10.0,16.0,1.6
month time,5.0,16.0,3.2
ill cancer,8.0,16.0,2.0
long disease,14.0,16.0,1.142857143
diagnosis chronic,4.0,16.0,4.0
total number,13.0,16.0,1.230769231
consolidation therapy,9.0,16.0,1.777777778
cancer leading,13.0,16.0,1.230769231
carcinogenic human,9.0,16.0,1.777777778
opportunity support,12.0,16.0,1.333333333
nervous embryonal,5.0,16.0,3.2
tumor phase,12.0,16.0,1.333333333
child psychologist,16.0,16.0,1.0
variant pathway,4.0,16.0,4.0
harm screening,11.0,16.0,1.454545455
cancer abnormal,14.0,16.0,1.142857143
circadian rhythm,5.0,16.0,3.2
commitment cancer,16.0,16.0,1.0
growth development,14.0,16.0,1.142857143
arsenic trioxide,7.0,16.0,2.285714286
intramural cancer,16.0,16.0,1.0
low radiation,10.0,16.0,1.6
tumor wilms,4.0,16.0,4.0
cancer cooperation,16.0,16.0,1.0
kinase pathway,6.0,16.0,2.666666667
few additional,16.0,16.0,1.0
personal story,13.0,16.0,1.230769231
stevens development,5.0,16.0,3.2
diagnosis curative,16.0,16.0,1.0
overdiagnosis cancer,10.0,16.0,1.6
drug initial,16.0,16.0,1.0
major depressive,5.0,16.0,3.2
factor person,15.0,16.0,1.066666667
nausea diarrhea,14.0,16.0,1.142857143
tuberous sclerosis,9.0,16.0,1.777777778
virus therapy,6.0,16.0,2.666666667
tumor incidence,10.0,16.0,1.6
cancer vitamin,6.0,16.0,2.666666667
tumor mass,10.0,16.0,1.6
renewal application,9.0,16.0,1.777777778
area interest,11.0,16.0,1.454545455
independence award,6.0,16.0,2.666666667
psychological symptom,6.0,16.0,2.666666667
diagnosis test,7.0,16.0,2.285714286
syndrome man,7.0,16.0,2.285714286
microscope pathologist,11.0,16.0,1.454545455
procedure high,12.0,16.0,1.333333333
excisional biopsy,15.0,16.0,1.066666667
psychosocial issue,5.0,16.0,3.2
time cell,11.0,16.0,1.454545455
laser surgery,5.0,16.0,3.2
tumor specimen,10.0,16.0,1.6
tumor necrosis,8.0,16.0,2.0
nodular lymphocyte,5.0,16.0,3.2
financial problem,4.0,16.0,4.0
financial navigation,3.0,16.0,5.333333333
experience pediatr,9.0,16.0,1.777777778
interesting invite,16.0,16.0,1.0
invite turn,16.0,16.0,1.0
gene testing,6.0,16.0,2.666666667
lot thing,14.0,16.0,1.142857143
tumor finding,16.0,16.0,1.0
harm benefit,13.0,16.0,1.230769231
situ dci,12.0,16.0,1.333333333
cancer estimate,10.0,16.0,1.6
cancer nutrition,12.0,16.0,1.333333333
parenchymal tumor,3.0,16.0,5.333333333
computer picture,12.0,16.0,1.333333333
old drug,15.0,16.0,1.066666667
working cancer,13.0,16.0,1.230769231
additional year,13.0,16.0,1.230769231
salvage therapy,6.0,16.0,2.666666667
premature death,10.0,16.0,1.6
datum portal,11.0,16.0,1.454545455
tumor genome,16.0,16.0,1.0
genome characterization,10.0,16.0,1.6
tissue lung,9.0,16.0,1.777777778
interview cancer,13.0,16.0,1.230769231
initial option,12.0,16.0,1.333333333
plan test,13.0,16.0,1.230769231
protein drug,11.0,16.0,1.454545455
cell organ,13.0,16.0,1.230769231
school public,10.0,16.0,1.6
symptom child,13.0,16.0,1.230769231
dna tumor,15.0,16.0,1.066666667
rehabilitation optimal,16.0,16.0,1.0
optimal quality,16.0,16.0,1.0
voice memo,16.0,16.0,1.0
tumor entity,5.0,16.0,3.2
cancer subsequent,7.0,16.0,2.285714286
promotion smoking,6.0,16.0,2.666666667
symptom problem,12.0,16.0,1.333333333
palliative advanced,6.0,16.0,2.666666667
p.m. eastern,11.0,16.0,1.454545455
signal cell,11.0,16.0,1.454545455
cell ovarian,9.0,16.0,1.777777778
vaccine infection,13.0,16.0,1.230769231
reed sternberg,8.0,16.0,2.0
sternberg cell,8.0,16.0,2.0
cancer relevant,16.0,16.0,1.0
organ echo,15.0,16.0,1.066666667
breast density,6.0,16.0,2.666666667
therapy aml,11.0,16.0,1.454545455
intrinsic pontine,8.0,16.0,2.0
pontine glioma,8.0,16.0,2.0
human body,10.0,16.0,1.6
increase breast,8.0,16.0,2.0
rate median,9.0,16.0,1.777777778
mutation alteration,11.0,16.0,1.454545455
child rehabilitation,16.0,16.0,1.0
listener nciicc,16.0,16.0,1.0
outcome adult,5.0,16.0,3.2
oncology provider,8.0,16.0,2.0
survivor close,16.0,16.0,1.0
adult aya,9.0,16.0,1.777777778
heart attack,12.0,16.0,1.333333333
heritable retinoblastoma,3.0,16.0,5.333333333
year recurrence,7.0,16.0,2.285714286
disease time,15.0,16.0,1.066666667
memo upcoming,16.0,16.0,1.0
tumor clinic,11.0,16.0,1.454545455
machine learning,11.0,16.0,1.454545455
cranial nerve,5.0,16.0,3.2
death final,4.0,16.0,4.0
woman power,6.0,16.0,2.666666667
genomic test,10.0,16.0,1.6
spotlight cancer,15.0,16.0,1.066666667
cancer lab,15.0,16.0,1.066666667
professor university,9.0,16.0,1.777777778
adjuvant radiation,3.0,16.0,5.333333333
surgery high,14.0,16.0,1.142857143
cancer anthracycline,5.0,16.0,3.2
ned sharpless,10.0,16.0,1.6
cancer benign,12.0,16.0,1.333333333
cancer surg,7.0,16.0,2.285714286
lymph tissue,9.0,16.0,1.777777778
prospective randomized,11.0,16.0,1.454545455
medulloblastoma child,7.0,16.0,2.285714286
neck surg,9.0,16.0,1.777777778
notice special,6.0,16.0,2.666666667
integrative genomic,6.0,16.0,2.666666667
testing tumor,8.0,16.0,2.0
upper airway,6.0,16.0,2.666666667
ward desantis,16.0,16.0,1.0
desantis robbin,16.0,16.0,1.0
robbin adolescent,16.0,16.0,1.0
loss appetite,11.0,16.0,1.454545455
survivor prevalence,3.0,16.0,5.333333333
cancer sleep,3.0,16.0,5.333333333
complete partial,13.0,16.0,1.230769231
turn share,16.0,16.0,1.0
share listener,16.0,16.0,1.0
cancer recurrent,12.0,16.0,1.333333333
laryngeal nerve,3.0,16.0,5.333333333
nausea cancer,3.0,16.0,5.333333333
fatigue depression,4.0,16.0,4.0
adolescence multidisciplinary,16.0,16.0,1.0
advanced gastric,6.0,16.0,2.666666667
pandemic cancer,12.0,16.0,1.333333333
cancer ther,8.0,16.0,2.0
concurrent chemoradiation,3.0,16.0,5.333333333
management symptom,11.0,16.0,1.454545455
series year,12.0,16.0,1.333333333
body surgery,15.0,16.0,1.066666667
small pediatric,16.0,16.0,1.0
harmful cancer,7.0,16.0,2.285714286
mri biopsy,5.0,16.0,3.2
cognitive outcome,5.0,16.0,3.2
mentor award,13.0,16.0,1.230769231
radiation surgery,16.0,16.0,1.0
citizenship time,12.0,16.0,1.333333333
mindfulness stress,4.0,16.0,4.0
cancer impact,15.0,16.0,1.066666667
hypothalamus pituitary,3.0,16.0,5.333333333
node removal,12.0,16.0,1.333333333
drug potential,14.0,16.0,1.142857143
nerve cell,13.0,16.0,1.230769231
her2 protein,9.0,16.0,1.777777778
share turn,16.0,16.0,1.0
salary support,13.0,16.0,1.230769231
tumor classification,7.0,16.0,2.285714286
lymphoma drug,15.0,16.0,1.066666667
intestinal obstruction,7.0,16.0,2.285714286
nationwide child,5.0,16.0,3.2
story host,16.0,16.0,1.0
symptom diagnosis,14.0,16.0,1.142857143
depression grief,3.0,16.0,5.333333333
test year,11.0,16.0,1.454545455
hydrochloride cancer,6.0,16.0,2.666666667
ph.d professor,6.0,16.0,2.666666667
team cell,14.0,16.0,1.142857143
proc acad,8.0,16.0,2.0
mutation braf,12.0,16.0,1.333333333
postoperative radiation,4.0,16.0,4.0
woman benign,5.0,16.0,3.2
sex hormone,10.0,16.0,1.6
therapy tamoxifen,4.0,16.0,4.0
oncogene mutation,7.0,16.0,2.285714286
hum mol,6.0,16.0,2.666666667
mol genet,6.0,16.0,2.666666667
mutation disease,11.0,16.0,1.454545455
surgery long,13.0,16.0,1.230769231
advanced tumor,11.0,16.0,1.454545455
number adolescent,16.0,16.0,1.0
seibel child,16.0,16.0,1.0
clin pediatric,16.0,16.0,1.0
high intensity,9.0,16.0,1.777777778
disease example,15.0,16.0,1.066666667
rate colorectal,12.0,16.0,1.333333333
rare digestive,14.0,16.0,1.142857143
previous year,15.0,16.0,1.066666667
cancer equity,12.0,16.0,1.333333333
tumor relapse,7.0,16.0,2.285714286
alien receipt,12.0,16.0,1.333333333
receipt card,12.0,16.0,1.333333333
citizenship green,8.0,16.0,2.0
green card,8.0,16.0,2.0
cancer progressing,14.0,16.0,1.142857143
adolescent small,16.0,16.0,1.0
cancer activity,15.0,16.0,1.066666667
tamoxifen therapy,3.0,16.0,5.333333333
swog cancer,8.0,16.0,2.0
body malignant,16.0,16.0,1.0
myeloid malignancy,6.0,16.0,2.666666667
intelligence cancer,10.0,16.0,1.6
spread blood,16.0,16.0,1.0
body metastasis,16.0,16.0,1.0
low intermediate,7.0,16.0,2.285714286
management hot,3.0,16.0,5.333333333
chemotherapy clin,7.0,16.0,2.285714286
major factor,13.0,16.0,1.230769231
transition award,6.0,16.0,2.666666667
antigen marker,13.0,16.0,1.230769231
machine series,11.0,16.0,1.454545455
carcinoma rare,13.0,16.0,1.230769231
spiritual need,6.0,16.0,2.666666667
cancer total,15.0,16.0,1.066666667
year small,14.0,16.0,1.142857143
finding advanced,13.0,16.0,1.230769231
conformal radiation,6.0,16.0,2.666666667
yolk sac,3.0,16.0,5.333333333
egleston campus,16.0,16.0,1.0
therapy man,13.0,16.0,1.230769231
business day,16.0,16.0,1.0
panel cancer,13.0,16.0,1.230769231
likely benefit,16.0,16.0,1.0
photon radiation,3.0,16.0,5.333333333
rare overall,16.0,16.0,1.0
radiation field,4.0,16.0,4.0
cancer nonmelanoma,16.0,16.0,1.0
blood organ,15.0,16.0,1.066666667
tissue cell,16.0,16.0,1.0
cell example,15.0,16.0,1.066666667
arm phase,10.0,16.0,1.6
era grant.gov,16.0,16.0,1.0
implication cancer,14.0,16.0,1.142857143
cancer limited,14.0,16.0,1.142857143
atlanta egleston,16.0,16.0,1.0
drive cancer,16.0,16.0,1.0
placebo arm,4.0,16.0,4.0
tumor participant,14.0,16.0,1.142857143
ncab application,16.0,16.0,1.0
oncology initial,16.0,16.0,1.0
cancer preoperative,3.0,16.0,5.333333333
cancer recur,11.0,16.0,1.454545455
leukemia haematologica,3.0,16.0,5.333333333
comparative genomic,6.0,16.0,2.666666667
molecular pathway,14.0,16.0,1.142857143
disease chronic,9.0,16.0,1.777777778
specialist experience,16.0,16.0,1.0
form lung,14.0,16.0,1.142857143
thing time,14.0,16.0,1.142857143
cryo electron,8.0,16.0,2.0
cancer eligible,11.0,16.0,1.454545455
psa test,7.0,16.0,2.285714286
adult carcinoma,15.0,16.0,1.066666667
fundamental cancer,15.0,15.0,1.0
pain bone,11.0,15.0,1.363636364
body unusual,14.0,15.0,1.071428571
woman initiative,3.0,15.0,5.0
positive hormone,3.0,15.0,5.0
area expertise,14.0,15.0,1.071428571
officer extramural,15.0,15.0,1.0
activity phone,15.0,15.0,1.0
award opportunity,15.0,15.0,1.0
assess impact,10.0,15.0,1.5
survivor experience,10.0,15.0,1.5
survivor breast,8.0,15.0,1.875
year stage,11.0,15.0,1.363636364
line mutation,8.0,15.0,1.875
fall weekend,15.0,15.0,1.0
cancer accounting,15.0,15.0,1.0
accounting cancer,15.0,15.0,1.0
challenging diagnosis,15.0,15.0,1.0
diagnosis predominance,15.0,15.0,1.0
predominance rare,15.0,15.0,1.0
cancer rectal,7.0,15.0,2.142857143
long datum,14.0,15.0,1.071428571
cancer inflammatory,3.0,15.0,5.0
single drug,15.0,15.0,1.0
cancer eur,8.0,15.0,1.875
announcement application,12.0,15.0,1.25
incidence trend,9.0,15.0,1.666666667
nutrition cancer,12.0,15.0,1.25
fiscal budget,15.0,15.0,1.0
budget issue,15.0,15.0,1.0
issue referral,15.0,15.0,1.0
referral officer,15.0,15.0,1.0
disease previous,10.0,15.0,1.5
hybridization fish,3.0,15.0,5.0
cancer measure,15.0,15.0,1.0
tract cancer,7.0,15.0,2.142857143
cost indirect,15.0,15.0,1.0
weekend holiday,15.0,15.0,1.0
holiday application,15.0,15.0,1.0
deadline business,15.0,15.0,1.0
gene panel,7.0,15.0,2.142857143
therapy endocrine,5.0,15.0,3.0
high sensitivity,8.0,15.0,1.875
test woman,10.0,15.0,1.5
bind protein,15.0,15.0,1.0
long goal,11.0,15.0,1.363636364
rarecarenet desantis,15.0,15.0,1.0
factor stage,13.0,15.0,1.153846154
anatomical location,5.0,15.0,3.0
leukemia pediatr,5.0,15.0,3.0
tumor resistance,9.0,15.0,1.666666667
therapy resistance,12.0,15.0,1.25
accepted assistance,15.0,15.0,1.0
drug example,15.0,15.0,1.0
key finding,10.0,15.0,1.5
sarcoma tumor,6.0,15.0,2.5
desantis jemal,15.0,15.0,1.0
statistic ward,15.0,15.0,1.0
apr gatta,15.0,15.0,1.0
gatta capocaccia,15.0,15.0,1.0
capocaccia botta,15.0,15.0,1.0
botta europe,15.0,15.0,1.0
lot datum,11.0,15.0,1.363636364
melanoma intraocular,6.0,15.0,2.5
total mortality,6.0,15.0,2.5
award stage,9.0,15.0,1.666666667
citizen united,12.0,15.0,1.25
phd student,5.0,15.0,3.0
ovarian ablation,3.0,15.0,5.0
spinal column,5.0,15.0,3.0
r01 like,4.0,15.0,3.75
participant median,13.0,15.0,1.153846154
driver cancer,15.0,15.0,1.0
pain medicine,10.0,15.0,1.5
tumor volume,10.0,15.0,1.5
large datum,14.0,15.0,1.071428571
histological feature,7.0,15.0,2.142857143
big picture,9.0,15.0,1.666666667
antidepressant medication,3.0,15.0,5.0
cancer mypart,15.0,15.0,1.0
uniform pediatric,15.0,15.0,1.0
tumor human,13.0,15.0,1.153846154
deletion gene,3.0,15.0,5.0
response relationship,3.0,15.0,5.0
age death,12.0,15.0,1.25
microenvironment immune,13.0,15.0,1.153846154
infrared light,3.0,15.0,5.0
eol discussion,3.0,15.0,5.0
cancer driver,11.0,15.0,1.363636364
year drug,15.0,15.0,1.0
comparative oncology,3.0,15.0,5.0
cancer myth,15.0,15.0,1.0
myth misconception,15.0,15.0,1.0
difference rate,12.0,15.0,1.25
mentor active,9.0,15.0,1.666666667
pathologist cell,14.0,15.0,1.071428571
tobacco epidemic,7.0,15.0,2.142857143
drug inhibit,14.0,15.0,1.071428571
drink day,4.0,15.0,3.75
cancer friend,13.0,15.0,1.153846154
doxorubicin vinblastine,5.0,15.0,3.0
friend cancer,11.0,15.0,1.363636364
lung tissue,7.0,15.0,2.142857143
cancer landscape,10.0,15.0,1.5
lutetium dotatate,4.0,15.0,3.75
oncology survey,11.0,15.0,1.363636364
double variant,3.0,15.0,5.0
cell abnormal,10.0,15.0,1.5
permanent residence,14.0,15.0,1.071428571
university rochester,10.0,15.0,1.5
cooperation european,15.0,15.0,1.0
pappo krailo,15.0,15.0,1.0
tumour rarecarenet,15.0,15.0,1.0
hope cancer,15.0,15.0,1.0
year president,15.0,15.0,1.0
leukemia cml,9.0,15.0,1.666666667
scan mri,15.0,15.0,1.0
disease pediatric,5.0,15.0,3.0
engineering cancer,8.0,15.0,1.875
jones thursday,15.0,15.0,1.0
time symptom,13.0,15.0,1.153846154
multiple factor,13.0,15.0,1.153846154
nofo table,15.0,15.0,1.0
table award,15.0,15.0,1.0
alteration genomic,7.0,15.0,2.142857143
symptom breast,7.0,15.0,2.142857143
function cell,15.0,15.0,1.0
syndrome rare,9.0,15.0,1.666666667
krailo infrequent,15.0,15.0,1.0
initial lesson,15.0,15.0,1.0
healthy brain,7.0,15.0,2.142857143
routine screening,13.0,15.0,1.153846154
cancer president,9.0,15.0,1.666666667
cardiac dysfunction,4.0,15.0,3.75
small papillary,4.0,15.0,3.75
limited stage,6.0,15.0,2.5
oncogenic driver,4.0,15.0,3.75
transplant child,5.0,15.0,3.0
chemotherapy concurrent,5.0,15.0,3.0
androgen receptor,6.0,15.0,2.5
lesson impact,15.0,15.0,1.0
jemal rare,15.0,15.0,1.0
cancer ferrari,15.0,15.0,1.0
ferrari brecht,15.0,15.0,1.0
cancer paediatric,15.0,15.0,1.0
age joint,15.0,15.0,1.0
interested cancer,13.0,15.0,1.153846154
cooperative rare,15.0,15.0,1.0
factor radiation,6.0,15.0,2.5
diagnostic therapeutic,15.0,15.0,1.0
disease act,15.0,15.0,1.0
act rare,15.0,15.0,1.0
cancer few,15.0,15.0,1.0
analysis gene,9.0,15.0,1.666666667
additional histology,15.0,15.0,1.0
histology thyroid,15.0,15.0,1.0
carcinoma testicular,15.0,15.0,1.0
variant genomic,5.0,15.0,3.0
screening thyroid,6.0,15.0,2.5
cancer idea,13.0,15.0,1.153846154
collaboration initiative,9.0,15.0,1.666666667
cancer foundation,14.0,15.0,1.071428571
multi cancer,10.0,15.0,1.5
expression datum,6.0,15.0,2.5
nonrelapse mortality,3.0,15.0,5.0
body pet,8.0,15.0,1.875
parotid gland,7.0,15.0,2.142857143
therapy outcome,13.0,15.0,1.153846154
tobacco cigarette,13.0,15.0,1.153846154
adverse grade,5.0,15.0,3.0
time analysis,8.0,15.0,1.875
man hormone,7.0,15.0,2.142857143
guest interesting,15.0,15.0,1.0
etoposide cisplatin,4.0,15.0,3.75
secondary outcome,9.0,15.0,1.666666667
donor stem,6.0,15.0,2.5
variant uncommon,3.0,15.0,5.0
somatic alteration,6.0,15.0,2.5
cancer virtual,7.0,15.0,2.142857143
advanced prostate,14.0,15.0,1.071428571
child pediatr,9.0,15.0,1.666666667
computational cancer,11.0,15.0,1.363636364
dicer1 pathogenic,3.0,15.0,5.0
tumor lynch,4.0,15.0,3.75
vitamin selenium,3.0,15.0,5.0
testing test,11.0,15.0,1.363636364
factor talk,15.0,15.0,1.0
year series,8.0,15.0,1.875
chromosomal rearrangement,5.0,15.0,3.0
kinase gene,3.0,15.0,5.0
sample red,9.0,15.0,1.666666667
body angle,12.0,15.0,1.25
unresectable metastatic,12.0,15.0,1.25
symptom burden,7.0,15.0,2.142857143
tumor nearby,13.0,15.0,1.153846154
overall mortality,8.0,15.0,1.875
tobacco alcohol,7.0,15.0,2.142857143
dose cancer,9.0,15.0,1.666666667
cancer cssi,12.0,15.0,1.25
public private,14.0,15.0,1.071428571
screening breast,12.0,15.0,1.25
cog child,7.0,15.0,2.142857143
chief pediatric,12.0,15.0,1.25
characterization datum,10.0,15.0,1.5
body cell,12.0,15.0,1.25
diet cancer,10.0,15.0,1.5
susceptibility syndrome,10.0,15.0,1.5
asia pacific,8.0,15.0,1.875
therapy cognitive,5.0,15.0,3.0
therapy thyroid,4.0,15.0,3.75
cancer nearby,15.0,15.0,1.0
acrin cancer,13.0,15.0,1.153846154
rate disease,14.0,15.0,1.071428571
plan clin,15.0,15.0,1.0
provider cancer,13.0,15.0,1.153846154
organ transplant,12.0,15.0,1.25
skin sun,5.0,15.0,3.0
year large,13.0,15.0,1.153846154
east asian,5.0,15.0,3.0
outcome woman,9.0,15.0,1.666666667
uniform joint,15.0,15.0,1.0
history chronic,3.0,15.0,5.0
male cancer,9.0,15.0,1.666666667
dose day,6.0,15.0,2.5
company drug,13.0,15.0,1.153846154
drug child,12.0,15.0,1.25
large hospital,15.0,15.0,1.0
rate death,14.0,15.0,1.071428571
separate tumor,6.0,15.0,2.5
pathway independence,6.0,15.0,2.5
right colon,7.0,15.0,2.142857143
presence absence,12.0,15.0,1.25
cell phenotype,3.0,15.0,5.0
ray energy,11.0,15.0,1.363636364
energy beam,11.0,15.0,1.363636364
beam body,11.0,15.0,1.363636364
biomarker testing,11.0,15.0,1.363636364
fertility cancer,6.0,15.0,2.5
ritchey carlos,15.0,15.0,1.0
carlos rodriguez,15.0,15.0,1.0
limited number,14.0,15.0,1.071428571
presence tumor,12.0,15.0,1.25
tumor similar,12.0,15.0,1.25
pilocytic astrocytoma,3.0,15.0,5.0
well understanding,15.0,15.0,1.0
point cancer,13.0,15.0,1.153846154
mental illness,4.0,15.0,3.75
total dose,9.0,15.0,1.666666667
death disease,13.0,15.0,1.153846154
barrier cancer,12.0,15.0,1.25
outcome clin,3.0,15.0,5.0
analysis significant,9.0,15.0,1.666666667
cancer double,11.0,15.0,1.363636364
physical psychological,11.0,15.0,1.363636364
cell activity,10.0,15.0,1.5
smoking cigarette,12.0,15.0,1.25
cancer preventive,11.0,15.0,1.363636364
expertise cancer,15.0,15.0,1.0
placebo year,10.0,15.0,1.5
cancer principle,7.0,15.0,2.142857143
diet prostate,8.0,15.0,1.875
sleep pattern,9.0,15.0,1.666666667
metastatic small,8.0,15.0,1.875
cancer presence,13.0,15.0,1.153846154
grade iii,4.0,15.0,3.75
internal validity,6.0,15.0,2.5
beta hcg,3.0,15.0,5.0
carcinoma molecular,3.0,15.0,5.0
oncology pediatric,9.0,15.0,1.666666667
mutation genet,3.0,15.0,5.0
tumor net,6.0,15.0,2.5
great progress,15.0,15.0,1.0
cell infection,12.0,15.0,1.25
nerve tissue,14.0,15.0,1.071428571
test pancreatic,9.0,15.0,1.666666667
disease poor,13.0,15.0,1.153846154
galindo hospital,15.0,15.0,1.0
hospital facr,15.0,15.0,1.0
facr child,15.0,15.0,1.0
heart muscle,12.0,15.0,1.25
large series,9.0,15.0,1.666666667
option disease,12.0,15.0,1.25
placebo median,8.0,15.0,1.875
birth defect,6.0,15.0,2.5
test measure,12.0,15.0,1.25
high woman,12.0,15.0,1.25
monday friday,8.0,15.0,1.875
perspective cancer,15.0,15.0,1.0
major advance,15.0,15.0,1.0
refractory hodgkin,3.0,15.0,5.0
rituximab chemotherapy,5.0,15.0,3.0
chemotherapy autologous,6.0,15.0,2.5
hospice team,4.0,15.0,3.75
therapy chronic,8.0,15.0,1.875
economic burden,5.0,15.0,3.0
lymphoma follicular,9.0,15.0,1.666666667
rate average,9.0,15.0,1.666666667
cardiovascular cancer,6.0,15.0,2.5
cancer dark,4.0,15.0,3.75
complete surgical,8.0,15.0,1.875
chance listener,15.0,15.0,1.0
listener share,15.0,15.0,1.0
marker tumor,10.0,15.0,1.5
conventional cancer,3.0,15.0,5.0
cancer testicular,4.0,15.0,3.75
optional rfa,4.0,15.0,3.75
tumor protein,12.0,15.0,1.25
physical mental,12.0,15.0,1.25
lymphoma pregnancy,3.0,15.0,5.0
overview recurrent,11.0,15.0,1.363636364
physical problem,15.0,15.0,1.0
endocrine neuroendocrine,6.0,15.0,2.5
tumor sarcoma,14.0,15.0,1.071428571
option metastatic,9.0,15.0,1.666666667
rfa ca-25,3.0,15.0,5.0
radiotherapy chemotherapy,7.0,15.0,2.142857143
aggressive prostate,10.0,15.0,1.5
molecule drug,13.0,15.0,1.153846154
tumor embryonal,3.0,15.0,5.0
test immunotherapy,11.0,15.0,1.363636364
therapeutic benefit,11.0,15.0,1.363636364
mll gene,5.0,15.0,3.0
proteasome inhibitor,7.0,15.0,2.142857143
lymphoma brentuximab,7.0,15.0,2.142857143
harmful substance,13.0,15.0,1.153846154
renal development,3.0,15.0,5.0
obesity colorectal,7.0,15.0,2.142857143
cancer feature,9.0,15.0,1.666666667
response inhibitor,9.0,15.0,1.666666667
tumor heart,7.0,15.0,2.142857143
heavy smoker,10.0,15.0,1.5
variant age,7.0,15.0,2.142857143
adult myeloid,6.0,15.0,2.5
developmental therapeutic,13.0,15.0,1.153846154
fox chase,7.0,15.0,2.142857143
chase cancer,7.0,15.0,2.142857143
hispanic child,3.0,15.0,5.0
tumor papillary,10.0,15.0,1.5
cancer preclinical,15.0,15.0,1.0
hepatic metastasis,4.0,15.0,3.75
example high,15.0,15.0,1.0
dose volume,3.0,15.0,5.0
lung nodule,5.0,15.0,3.0
dna gene,13.0,15.0,1.153846154
person factor,14.0,15.0,1.071428571
scholar crchd,10.0,15.0,1.5
performance progress,4.0,15.0,3.75
growth cell,15.0,15.0,1.0
molecule cell,11.0,15.0,1.363636364
community outreach,12.0,15.0,1.25
oncology translational,10.0,15.0,1.5
tumor likely,15.0,15.0,1.0
mechanism obesity,9.0,15.0,1.666666667
therapy arm,6.0,15.0,2.5
cancer ccdi,6.0,15.0,2.5
her2 breast,5.0,15.0,3.0
knowledge expertise,15.0,15.0,1.0
expertise management,15.0,15.0,1.0
multiple carcinoma,15.0,15.0,1.0
cns prophylaxis,4.0,15.0,3.75
cancer cumulative,3.0,15.0,5.0
microscope test,14.0,15.0,1.071428571
sub saharan,10.0,15.0,1.5
cancer pattern,13.0,15.0,1.153846154
liver function,10.0,15.0,1.5
human genetic,6.0,15.0,2.5
cancer central,11.0,15.0,1.363636364
long child,11.0,15.0,1.363636364
personal experience,11.0,15.0,1.363636364
rare lack,15.0,15.0,1.0
atlas htan,10.0,15.0,1.5
fever night,7.0,14.0,2.0
drug blood,14.0,14.0,1.0
child pediatric,11.0,14.0,1.272727273
lung heart,8.0,14.0,1.75
diagnosis plan,14.0,14.0,1.0
highlight importance,14.0,14.0,1.0
csr award,14.0,14.0,1.0
panel csr,14.0,14.0,1.0
mutational signature,3.0,14.0,4.666666667
pattern dna,8.0,14.0,1.75
difference outcome,11.0,14.0,1.272727273
fund early,14.0,14.0,1.0
mechanism application,14.0,14.0,1.0
drug similar,12.0,14.0,1.166666667
time submission,14.0,14.0,1.0
submission fall,14.0,14.0,1.0
consideration panel,14.0,14.0,1.0
academic institution,14.0,14.0,1.0
pain medication,10.0,14.0,1.4
cancer diarrhea,3.0,14.0,4.666666667
therapy choice,12.0,14.0,1.166666667
cell nutrient,6.0,14.0,2.333333333
saharan africa,10.0,14.0,1.4
determined availability,14.0,14.0,1.0
availability fund,14.0,14.0,1.0
palliative specialist,6.0,14.0,2.333333333
stomach small,7.0,14.0,2.0
stage enlarge,8.0,14.0,1.75
advanced liposarcoma,6.0,14.0,2.333333333
dysfunction cancer,5.0,14.0,2.8
lymphoma radiation,7.0,14.0,2.0
genomic transcriptomic,10.0,14.0,1.4
pattern cancer,13.0,14.0,1.076923077
rare leukemia,10.0,14.0,1.4
datum molecular,14.0,14.0,1.0
extra fluid,4.0,14.0,3.5
resistant cancer,14.0,14.0,1.0
recurrent hodgkin,5.0,14.0,2.8
old stage,9.0,14.0,1.555555556
lymphoma year,5.0,14.0,2.8
protein structure,7.0,14.0,2.0
internal medicine,12.0,14.0,1.166666667
body lymph,9.0,14.0,1.555555556
pembrolizumab stomach,8.0,14.0,1.75
node lymph,7.0,14.0,2.0
tumor skin,11.0,14.0,1.272727273
cancer face,10.0,14.0,1.4
difference adult,9.0,14.0,1.555555556
great number,13.0,14.0,1.076923077
syndrome adult,10.0,14.0,1.4
hematologist ophthalmologist,14.0,14.0,1.0
ophthalmologist rehabilitation,14.0,14.0,1.0
radiation damage,12.0,14.0,1.166666667
drug hodgkin,4.0,14.0,3.5
surface cancer,11.0,14.0,1.272727273
potential tumor,13.0,14.0,1.076923077
immunotherapy cell,14.0,14.0,1.0
emergency room,13.0,14.0,1.076923077
cell cytokine,4.0,14.0,3.5
leukemia engl,5.0,14.0,2.8
eiap scholar,10.0,14.0,1.4
late pediatric,14.0,14.0,1.0
trend thyroid,3.0,14.0,4.666666667
cell analysis,12.0,14.0,1.166666667
time thing,12.0,14.0,1.166666667
amplification mycn,4.0,14.0,3.5
carcinoma stage,6.0,14.0,2.333333333
durable response,12.0,14.0,1.166666667
ph.d university,13.0,14.0,1.076923077
revision application,5.0,14.0,2.8
tumor histology,9.0,14.0,1.555555556
prior line,8.0,14.0,1.75
form lymph,7.0,14.0,2.0
signal tumor,12.0,14.0,1.166666667
cancer medullary,7.0,14.0,2.0
tumor factor,12.0,14.0,1.166666667
cancer metabolism,10.0,14.0,1.4
nevus melanoma,7.0,14.0,2.0
analysis tool,10.0,14.0,1.4
mutant kra,8.0,14.0,1.75
radiotherapy advanced,4.0,14.0,3.5
episode future,7.0,14.0,2.0
number size,7.0,14.0,2.0
renal function,3.0,14.0,4.666666667
chemotherapy her2,3.0,14.0,4.666666667
travel bloodstream,10.0,14.0,1.4
organ damage,7.0,14.0,2.0
smoking lung,13.0,14.0,1.076923077
immune suppression,8.0,14.0,1.75
pregnant woman,5.0,14.0,2.8
islet cell,5.0,14.0,2.8
tumor table,8.0,14.0,1.75
screening age,7.0,14.0,2.0
lung function,6.0,14.0,2.333333333
diagnosis history,7.0,14.0,2.0
gvhd chronic,4.0,14.0,3.5
rare variant,12.0,14.0,1.166666667
radiation cell,4.0,14.0,3.5
cancer think,6.0,14.0,2.333333333
medicine specialist,14.0,14.0,1.0
organ metastatic,14.0,14.0,1.0
diarrhea grade,4.0,14.0,3.5
hospice cancer,5.0,14.0,2.8
vein travel,9.0,14.0,1.555555556
tube peritoneal,12.0,14.0,1.166666667
spread area,12.0,14.0,1.166666667
executive officer,10.0,14.0,1.4
external validity,6.0,14.0,2.333333333
cell sensitive,13.0,14.0,1.076923077
alteration cns,3.0,14.0,4.666666667
gene associated,5.0,14.0,2.8
protein blood,12.0,14.0,1.166666667
eye cancer,9.0,14.0,1.555555556
arm year,4.0,14.0,3.5
expression cell,7.0,14.0,2.0
spine cancer,12.0,14.0,1.166666667
bacteria influence,4.0,14.0,3.5
surgical excision,7.0,14.0,2.0
pulmonary disease,8.0,14.0,1.75
dna blood,9.0,14.0,1.555555556
outcome datum,14.0,14.0,1.0
alk fusion,5.0,14.0,2.8
child chronic,7.0,14.0,2.0
number child,12.0,14.0,1.166666667
cigarette cancer,9.0,14.0,1.555555556
team hospice,4.0,14.0,3.5
brother sister,9.0,14.0,1.555555556
incurable cancer,6.0,14.0,2.333333333
prevention prostate,6.0,14.0,2.333333333
high child,6.0,14.0,2.333333333
hour week,10.0,14.0,1.4
institution application,8.0,14.0,1.75
concurrent chemoradiotherapy,3.0,14.0,4.666666667
mutation familial,6.0,14.0,2.333333333
power attorney,4.0,14.0,3.5
multiple mechanism,6.0,14.0,2.333333333
day hour,5.0,14.0,2.8
completion therapy,4.0,14.0,3.5
cancer hospice,6.0,14.0,2.333333333
child blood,11.0,14.0,1.272727273
nih.gov voice,14.0,14.0,1.0
support stage,8.0,14.0,1.75
ccdi datum,5.0,14.0,2.8
mammography breast,7.0,14.0,2.0
analysis breast,9.0,14.0,1.555555556
organ tumor,14.0,14.0,1.0
beam light,6.0,14.0,2.333333333
behavior cancer,13.0,14.0,1.076923077
option recurrent,6.0,14.0,2.333333333
driver mutation,10.0,14.0,1.4
bogler time,14.0,14.0,1.0
genomic testing,11.0,14.0,1.272727273
team community,14.0,14.0,1.0
bone tissue,5.0,14.0,2.8
ray organ,11.0,14.0,1.272727273
doctoral degree,9.0,14.0,1.555555556
depressive disorder,4.0,14.0,3.5
tumor centimeter,5.0,14.0,2.8
expression profiling,7.0,14.0,2.0
lymphoma analysis,4.0,14.0,3.5
low chance,10.0,14.0,1.4
tumor subtype,10.0,14.0,1.4
body infection,9.0,14.0,1.555555556
emphasis panel,5.0,14.0,2.8
limited datum,9.0,14.0,1.555555556
pathologist tissue,10.0,14.0,1.4
cancer epigenetic,4.0,14.0,3.5
interventional radiologist,3.0,14.0,4.666666667
cancer step,14.0,14.0,1.0
grief symptom,3.0,14.0,4.666666667
drug daunorubicin,6.0,14.0,2.333333333
cancer data,13.0,14.0,1.076923077
bind cancer,12.0,14.0,1.166666667
year number,12.0,14.0,1.166666667
cancer distress,5.0,14.0,2.8
geographic location,11.0,14.0,1.272727273
cancer related,14.0,14.0,1.0
subtype breast,10.0,14.0,1.4
cancer north,12.0,14.0,1.166666667
dna damaging,9.0,14.0,1.555555556
university chapel,13.0,14.0,1.076923077
right panel,11.0,14.0,1.272727273
cessation cancer,11.0,14.0,1.272727273
grief death,3.0,14.0,4.666666667
progressive disease,9.0,14.0,1.555555556
stage ivb,6.0,14.0,2.333333333
noncardia gastric,3.0,14.0,4.666666667
nab paclitaxel,3.0,14.0,4.666666667
bleomycin vinblastine,3.0,14.0,4.666666667
fair skin,8.0,14.0,1.75
cancer interview,9.0,14.0,1.555555556
oncology team,11.0,14.0,1.272727273
tumor community,9.0,14.0,1.555555556
characterization cancer,11.0,14.0,1.272727273
illness cancer,10.0,14.0,1.4
outcome high,6.0,14.0,2.333333333
variant germline,6.0,14.0,2.333333333
factor symptom,13.0,14.0,1.076923077
emotional support,9.0,14.0,1.555555556
kidney renal,9.0,14.0,1.555555556
performance measure,4.0,14.0,3.5
metastasis breast,12.0,14.0,1.166666667
gastrointestinal symptom,6.0,14.0,2.333333333
aid cancer,14.0,14.0,1.0
diagnosis therapy,9.0,14.0,1.555555556
therapy neoadjuvant,9.0,14.0,1.555555556
investigation cancer,11.0,14.0,1.272727273
low number,13.0,14.0,1.076923077
great opportunity,14.0,14.0,1.0
cancer highlight,10.0,14.0,1.4
heart cancer,9.0,14.0,1.555555556
great experience,6.0,14.0,2.333333333
daily routine,9.0,14.0,1.555555556
behavioral cancer,10.0,14.0,1.4
subsequent cancer,6.0,14.0,2.333333333
initial diagnosis,12.0,14.0,1.166666667
colorectal lung,11.0,14.0,1.272727273
low penetrance,4.0,14.0,3.5
safety effectiveness,8.0,14.0,1.75
hairy cell,7.0,14.0,2.0
delivery cancer,12.0,14.0,1.166666667
death age,10.0,14.0,1.4
old man,10.0,14.0,1.4
immune function,10.0,14.0,1.4
alteration dna,6.0,14.0,2.333333333
target drug,11.0,14.0,1.272727273
video cancer,13.0,14.0,1.076923077
therapy pembrolizumab,11.0,14.0,1.272727273
development tumor,13.0,14.0,1.076923077
tumor mypart,8.0,14.0,1.75
myocardial infarction,5.0,14.0,2.8
low intensity,5.0,14.0,2.8
small thyroid,5.0,14.0,2.8
healthy cancer,14.0,14.0,1.0
project institution,12.0,14.0,1.166666667
year great,11.0,14.0,1.272727273
deep learning,4.0,14.0,3.5
large model,3.0,14.0,4.666666667
aspect cancer,13.0,14.0,1.076923077
improvement overall,13.0,14.0,1.076923077
cancer bioinformatics,8.0,14.0,1.75
bioinformatics big,8.0,14.0,1.75
plan goal,9.0,14.0,1.555555556
harmful gene,3.0,14.0,4.666666667
option rare,10.0,14.0,1.4
therapy addition,13.0,14.0,1.076923077
durvalumab chemotherapy,4.0,14.0,3.5
venetoclax chronic,10.0,14.0,1.4
old time,11.0,14.0,1.272727273
fatigue sleep,5.0,14.0,2.8
growth signal,10.0,14.0,1.4
sarcoma kaposi,5.0,14.0,2.8
germline alteration,5.0,14.0,2.8
resistant therapy,12.0,14.0,1.166666667
factor long,4.0,14.0,3.5
therapy block,12.0,14.0,1.166666667
large retrospective,7.0,14.0,2.0
picture cancer,14.0,14.0,1.0
choice chemotherapy,5.0,14.0,2.8
institutional commitment,10.0,14.0,1.4
residual tumor,7.0,14.0,2.0
adverse outcome,6.0,14.0,2.333333333
surgeon disease,5.0,14.0,2.8
outcome similar,7.0,14.0,2.0
polygenic score,6.0,14.0,2.333333333
therapy difference,10.0,14.0,1.4
variant similar,3.0,14.0,4.666666667
long prognosis,14.0,14.0,1.0
prognosis factor,14.0,14.0,1.0
cancer final,7.0,14.0,2.0
kind tumor,14.0,14.0,1.0
misconception diet,14.0,14.0,1.0
diet hormone,14.0,14.0,1.0
hormone immunosuppression,14.0,14.0,1.0
immunosuppression infectious,14.0,14.0,1.0
agent obesity,14.0,14.0,1.0
obesity radiation,14.0,14.0,1.0
radiation sunlight,14.0,14.0,1.0
sunlight tobacco,14.0,14.0,1.0
high hodgkin,7.0,14.0,2.0
cancer natural,10.0,14.0,1.4
node radiation,8.0,14.0,1.75
tumor virus,7.0,14.0,2.0
vitamin cancer,5.0,14.0,2.8
prevention chronic,7.0,14.0,2.0
smoking benefit,9.0,14.0,1.555555556
intensity radiation,9.0,14.0,1.555555556
age alcohol,14.0,14.0,1.0
substance chronic,14.0,14.0,1.0
cancer endocrine,6.0,14.0,2.333333333
cancer environmental,10.0,14.0,1.4
project period,12.0,14.0,1.166666667
thin needle,14.0,14.0,1.0
trep project,7.0,14.0,2.0
year pediatric,11.0,14.0,1.272727273
biological sample,12.0,14.0,1.166666667
smoking tobacco,11.0,14.0,1.272727273
colonoscopy year,4.0,14.0,3.5
tobacco genetic,14.0,14.0,1.0
proteomic datum,7.0,14.0,2.0
positive cancer,14.0,14.0,1.0
syndrome colorectal,3.0,14.0,4.666666667
breast colon,14.0,14.0,1.0
conduct cancer,14.0,14.0,1.0
ependymal tumor,3.0,14.0,4.666666667
african colorectal,6.0,14.0,2.333333333
symptom anxiety,6.0,14.0,2.333333333
cns neoplasm,6.0,14.0,2.333333333
gene pediatric,4.0,14.0,3.5
rare vascular,12.0,14.0,1.166666667
neck lymph,5.0,14.0,2.8
normal number,12.0,14.0,1.166666667
high fiber,9.0,14.0,1.555555556
cancer biologist,12.0,14.0,1.166666667
therapy clin,8.0,14.0,1.75
cns therapy,3.0,14.0,4.666666667
topoisomerase inhibitor,6.0,14.0,2.333333333
year cost,13.0,14.0,1.076923077
tumor advanced,13.0,14.0,1.076923077
intraperitoneal chemotherapy,6.0,14.0,2.333333333
erectile dysfunction,7.0,14.0,2.0
form skin,12.0,14.0,1.166666667
digestive tumor,12.0,14.0,1.166666667
receptor protein,12.0,14.0,1.166666667
adjustment cancer,6.0,14.0,2.333333333
phase test,12.0,14.0,1.166666667
datum woman,10.0,14.0,1.4
long history,14.0,14.0,1.0
tumor ovary,4.0,14.0,3.5
pain nausea,13.0,14.0,1.076923077
intra abdominal,4.0,14.0,3.5
ret fusion,3.0,14.0,4.666666667
student postdoc,7.0,14.0,2.0
tumor rhabdoid,3.0,14.0,4.666666667
preference cancer,8.0,14.0,1.75
mutation aml,4.0,14.0,3.5
advanced ovarian,8.0,14.0,1.75
chemotherapy day,6.0,14.0,2.333333333
skill pediatric,14.0,14.0,1.0
pediatric specialist,14.0,14.0,1.0
surgical staging,3.0,14.0,4.666666667
rectal exam,6.0,14.0,2.333333333
constitutional mismatch,4.0,14.0,3.5
cancer cooperative,8.0,14.0,1.75
face neck,11.0,14.0,1.272727273
adjuvant endocrine,3.0,14.0,4.666666667
spiritual belief,6.0,14.0,2.333333333
analysis variant,4.0,14.0,3.5
high mortality,8.0,14.0,1.75
breast cervical,10.0,14.0,1.4
chemotherapy arm,3.0,14.0,4.666666667
lesion cancer,10.0,14.0,1.4
lymphoma anaplastic,4.0,14.0,3.5
radiation thyroid,3.0,14.0,4.666666667
cigarette day,9.0,14.0,1.555555556
suppression tamoxifen,4.0,14.0,3.5
severe symptom,11.0,14.0,1.272727273
particular cancer,12.0,14.0,1.166666667
unusual low,11.0,14.0,1.272727273
time activity,4.0,14.0,3.5
analysis high,8.0,14.0,1.75
potential strategy,12.0,14.0,1.166666667
piece dna,9.0,14.0,1.555555556
engineering collaborative,7.0,13.0,1.857142857
cell able,11.0,13.0,1.181818182
marrow bone,9.0,13.0,1.444444444
child rare,13.0,13.0,1.0
genomic hybridization,6.0,13.0,2.166666667
test blood,9.0,13.0,1.444444444
opinion cancer,12.0,13.0,1.083333333
chemotherapy anticancer,10.0,13.0,1.3
familial cancer,5.0,13.0,2.6
nerv syst,5.0,13.0,2.6
background prior,13.0,13.0,1.0
quality measure,13.0,13.0,1.0
pineal gland,6.0,13.0,2.166666667
hyperplasia bph,5.0,13.0,2.6
initial surgery,8.0,13.0,1.625
year carrier,3.0,13.0,4.333333333
variant large,8.0,13.0,1.625
lung bone,9.0,13.0,1.444444444
infection vaccine,8.0,13.0,1.625
financial assistance,4.0,13.0,3.25
rare sarcoma,9.0,13.0,1.444444444
young investigator,11.0,13.0,1.181818182
syndrome clin,5.0,13.0,2.6
pediatric year,8.0,13.0,1.625
rural cancer,5.0,13.0,2.6
cell thyroid,8.0,13.0,1.625
tumor thyroid,11.0,13.0,1.181818182
woman brca,9.0,13.0,1.444444444
negative disease,4.0,13.0,3.25
cancer papillary,4.0,13.0,3.25
opinion child,7.0,13.0,1.857142857
block cancer,13.0,13.0,1.0
cell bloodstream,11.0,13.0,1.181818182
prognosis rate,11.0,13.0,1.181818182
nodule thyroid,4.0,13.0,3.25
tumor special,12.0,13.0,1.083333333
multicentre phase,8.0,13.0,1.625
gastrointestinal complication,7.0,13.0,1.857142857
liver lesion,3.0,13.0,4.333333333
hour day,9.0,13.0,1.444444444
rapid response,8.0,13.0,1.625
geographic area,12.0,13.0,1.083333333
grief anticipatory,3.0,13.0,4.333333333
age recurrent,13.0,13.0,1.0
cell bind,13.0,13.0,1.0
epigenetic alteration,7.0,13.0,1.857142857
harmful mutation,10.0,13.0,1.3
flt3 gene,7.0,13.0,1.857142857
associate cancer,12.0,13.0,1.083333333
cell variant,3.0,13.0,4.333333333
time likely,5.0,13.0,2.6
tumor receptor,11.0,13.0,1.181818182
rare lymphoma,8.0,13.0,1.625
single gene,11.0,13.0,1.181818182
team plan,11.0,13.0,1.181818182
recurrent head,5.0,13.0,2.6
cancer tamoxifen,5.0,13.0,2.6
resistant tumor,10.0,13.0,1.3
lung blood,10.0,13.0,1.3
inflammation lung,10.0,13.0,1.3
cell membrane,11.0,13.0,1.181818182
therapy factor,5.0,13.0,2.6
friend advanced,12.0,13.0,1.083333333
metastatic cervical,7.0,13.0,1.857142857
line advanced,12.0,13.0,1.083333333
excellent outcome,6.0,13.0,2.166666667
value goal,4.0,13.0,3.25
idh -mutant,3.0,13.0,4.333333333
cancer fertility,7.0,13.0,1.857142857
chemotherapy peripheral,5.0,13.0,2.6
bereavement grief,4.0,13.0,3.25
disease metastatic,13.0,13.0,1.0
endocrine cancer,7.0,13.0,1.857142857
biomarker immunotherapy,7.0,13.0,1.857142857
iii cancer,13.0,13.0,1.0
cooperative oncology,4.0,13.0,3.25
participant high,12.0,13.0,1.083333333
molecular test,9.0,13.0,1.444444444
positive human,4.0,13.0,3.25
neck squamous,5.0,13.0,2.6
cancer triple,8.0,13.0,1.625
counseling child,3.0,13.0,4.333333333
cancer abiraterone,6.0,13.0,2.166666667
tumor germ,7.0,13.0,1.857142857
parp protein,9.0,13.0,1.444444444
model drug,11.0,13.0,1.181818182
cancer size,13.0,13.0,1.0
model mimic,9.0,13.0,1.444444444
drug chronic,9.0,13.0,1.444444444
cancer basal,7.0,13.0,1.857142857
cell ther,3.0,13.0,4.333333333
distinct molecular,7.0,13.0,1.857142857
cell potential,11.0,13.0,1.181818182
innovation lab,4.0,13.0,3.25
high magnification,6.0,13.0,2.166666667
blood melanoma,7.0,13.0,1.857142857
cost financial,11.0,13.0,1.181818182
umbrella experience,8.0,13.0,1.625
cancer background,13.0,13.0,1.0
therapy potential,9.0,13.0,1.444444444
subtype high,5.0,13.0,2.6
medulloblastoma radiation,5.0,13.0,2.6
glucose metabolism,3.0,13.0,4.333333333
durable power,4.0,13.0,3.25
cancer survey,12.0,13.0,1.083333333
cancer alcohol,4.0,13.0,3.25
lung chest,9.0,13.0,1.444444444
absolute reduction,4.0,13.0,3.25
rate percent,9.0,13.0,1.444444444
chief executive,9.0,13.0,1.444444444
equity inclusion,9.0,13.0,1.444444444
therapy cycle,4.0,13.0,3.25
concurrent chemotherapy,5.0,13.0,2.6
color skin,4.0,13.0,3.25
significant predictor,6.0,13.0,2.166666667
tumor hormone,10.0,13.0,1.3
cancer neck,9.0,13.0,1.444444444
therapy datum,12.0,13.0,1.083333333
number variant,3.0,13.0,4.333333333
msi dmmr,4.0,13.0,3.25
reduction prostate,3.0,13.0,4.333333333
cssi imat,7.0,13.0,1.857142857
woman child,6.0,13.0,2.166666667
decline cancer,8.0,13.0,1.625
subject area,3.0,13.0,4.333333333
complete resection,7.0,13.0,1.857142857
informatic tool,6.0,13.0,2.166666667
prognosis adult,3.0,13.0,4.333333333
high hispanic,11.0,13.0,1.181818182
gene lead,9.0,13.0,1.444444444
cancer chief,13.0,13.0,1.0
eligible award,12.0,13.0,1.083333333
supply equipment,11.0,13.0,1.181818182
reactive protein,6.0,13.0,2.166666667
abiraterone man,5.0,13.0,2.6
presentation year,5.0,13.0,2.6
plan candidate,11.0,13.0,1.181818182
award support,12.0,13.0,1.083333333
therapy limited,11.0,13.0,1.181818182
significant benefit,8.0,13.0,1.625
right time,12.0,13.0,1.083333333
symptom relief,6.0,13.0,2.166666667
ccdi activity,6.0,13.0,2.166666667
pembrolizumab tumor,10.0,13.0,1.3
gene familial,5.0,13.0,2.6
annual reporting,6.0,13.0,2.166666667
tip cancer,9.0,13.0,1.444444444
cancer animal,11.0,13.0,1.181818182
launch cancer,10.0,13.0,1.3
incidence gastric,3.0,13.0,4.333333333
united world,13.0,13.0,1.0
biopsy prostate,5.0,13.0,2.6
dna analysis,10.0,13.0,1.3
drug regimen,9.0,13.0,1.444444444
bone scan,11.0,13.0,1.181818182
endoscopic resection,6.0,13.0,2.166666667
gene braf,7.0,13.0,1.857142857
disease similar,11.0,13.0,1.181818182
final day,4.0,13.0,3.25
quick break,13.0,13.0,1.0
sex age,8.0,13.0,1.625
location body,12.0,13.0,1.083333333
piece bone,8.0,13.0,1.625
tumor experience,11.0,13.0,1.181818182
trap cancer,9.0,13.0,1.444444444
cell trap,9.0,13.0,1.444444444
tumor collaborative,8.0,13.0,1.625
subtype tumor,10.0,13.0,1.3
kidney rare,13.0,13.0,1.0
phone fax,12.0,13.0,1.083333333
development tool,12.0,13.0,1.083333333
cancer proteomic,7.0,13.0,1.857142857
household income,6.0,13.0,2.166666667
focus area,12.0,13.0,1.083333333
opportunity cssi,10.0,13.0,1.3
ultimate goal,13.0,13.0,1.0
low white,13.0,13.0,1.0
analysis single,13.0,13.0,1.0
factor smoking,9.0,13.0,1.444444444
growth child,9.0,13.0,1.444444444
disease community,11.0,13.0,1.181818182
chromosome abnormality,3.0,13.0,4.333333333
histology tumor,5.0,13.0,2.6
cancer academic,11.0,13.0,1.181818182
diagnosis disease,12.0,13.0,1.083333333
cell macrophage,10.0,13.0,1.3
alk translocation,3.0,13.0,4.333333333
cancer reason,13.0,13.0,1.0
university california,13.0,13.0,1.0
cancer pathway,12.0,13.0,1.083333333
removal cell,12.0,13.0,1.083333333
multi disciplinary,8.0,13.0,1.625
biotechnology company,11.0,13.0,1.181818182
small large,12.0,13.0,1.083333333
tumor carcinoid,5.0,13.0,2.6
iva ivb,8.0,13.0,1.625
large genomic,10.0,13.0,1.3
functional genomic,12.0,13.0,1.083333333
fusion transcript,3.0,13.0,4.333333333
methylation analysis,5.0,13.0,2.6
year test,7.0,13.0,1.857142857
prognosis disease,8.0,13.0,1.625
iodine refractory,5.0,13.0,2.6
tumor few,12.0,13.0,1.083333333
criterion cancer,11.0,13.0,1.181818182
menthol cigarette,3.0,13.0,4.333333333
coll surg,5.0,13.0,2.6
new immunotherapy,13.0,13.0,1.0
cancer little,13.0,13.0,1.0
mutation positive,7.0,13.0,1.857142857
antigen cell,12.0,13.0,1.083333333
nonsyndromic wilm,3.0,13.0,4.333333333
number participant,10.0,13.0,1.3
toxic chemotherapy,9.0,13.0,1.444444444
anaplastic wilm,4.0,13.0,3.25
young old,12.0,13.0,1.083333333
cancer m.p.h,12.0,13.0,1.083333333
body brain,8.0,13.0,1.625
collect cancer,13.0,13.0,1.0
cancer fatigue,7.0,13.0,1.857142857
tumor potential,12.0,13.0,1.083333333
lymphoma therapy,10.0,13.0,1.3
aggressive lymphoma,5.0,13.0,2.6
axillary dissection,3.0,13.0,4.333333333
oncologist provider,13.0,13.0,1.0
lymph organ,11.0,13.0,1.181818182
substance body,12.0,13.0,1.083333333
cancer skill,8.0,13.0,1.625
precursor lesion,7.0,13.0,1.857142857
lymphoma monoclonal,6.0,13.0,2.166666667
cell monoclonal,10.0,13.0,1.3
tumor removed,11.0,13.0,1.181818182
anti inflammatory,8.0,13.0,1.625
lymphoma lymph,4.0,13.0,3.25
cancer right,13.0,13.0,1.0
mutation idh1,8.0,13.0,1.625
solid tumour,10.0,13.0,1.3
placebo phase,5.0,13.0,2.6
chordoma cancer,6.0,13.0,2.166666667
lymphoma peripheral,5.0,13.0,2.6
cancer neoadjuvant,5.0,13.0,2.6
carcinoma year,11.0,13.0,1.181818182
talk factor,13.0,13.0,1.0
area lung,7.0,13.0,1.857142857
variant disease,6.0,13.0,2.166666667
pediatric child,9.0,13.0,1.444444444
bcma cell,4.0,13.0,3.25
friday a.m.,8.0,13.0,1.625
renal dysfunction,4.0,13.0,3.25
cancer lifetime,5.0,13.0,2.6
surgery year,6.0,13.0,2.166666667
pediatric chordoma,3.0,13.0,4.333333333
incorporation novel,4.0,13.0,3.25
application incorporation,4.0,13.0,3.25
specialist psychologist,12.0,13.0,1.083333333
medulloblastoma subtype,5.0,13.0,2.6
heart rate,13.0,13.0,1.0
loss protein,4.0,13.0,3.25
metastasis single,5.0,13.0,2.6
istock cancer,13.0,13.0,1.0
workshop series,3.0,13.0,4.333333333
nucleotide polymorphism,6.0,13.0,2.166666667
increase likelihood,11.0,13.0,1.181818182
neck surgery,11.0,13.0,1.181818182
exceptional response,3.0,13.0,4.333333333
carcinoma lung,7.0,13.0,1.857142857
initiative speed,9.0,13.0,1.444444444
scan child,9.0,13.0,1.444444444
symptom disease,12.0,13.0,1.083333333
musculoskeletal pain,11.0,13.0,1.181818182
tumor node,4.0,13.0,3.25
trigger tobacco,7.0,13.0,1.857142857
withdrawal trigger,8.0,13.0,1.625
cancer secondhand,7.0,13.0,1.857142857
therapy ebrt,3.0,13.0,4.333333333
pre cancer,8.0,13.0,1.625
latino child,3.0,13.0,4.333333333
nctn ncorp,6.0,13.0,2.166666667
discovery milestone,11.0,13.0,1.181818182
young adulthood,5.0,13.0,2.6
development novel,12.0,13.0,1.083333333
core needle,8.0,13.0,1.625
northwestern university,12.0,13.0,1.083333333
cancer ability,13.0,13.0,1.0
advanced gist,7.0,13.0,1.857142857
cancer biomedical,10.0,13.0,1.3
old therapy,13.0,13.0,1.0
esophagus stomach,10.0,13.0,1.3
man abiraterone,3.0,13.0,4.333333333
cohort child,6.0,13.0,2.166666667
hip bone,8.0,13.0,1.625
cell myeloid,10.0,13.0,1.3
cancer sclc,6.0,13.0,2.166666667
adolescent adult,7.0,13.0,1.857142857
additional tumor,12.0,13.0,1.083333333
strong association,10.0,13.0,1.3
severe fatal,9.0,13.0,1.444444444
child variant,3.0,13.0,4.333333333
lymphoma factor,6.0,13.0,2.166666667
immunotherapy large,9.0,13.0,1.444444444
tricyclic antidepressant,3.0,13.0,4.333333333
high cost,10.0,13.0,1.3
hereditary retinoblastoma,5.0,13.0,2.6
physician pathologist,13.0,13.0,1.0
table summarize,3.0,13.0,4.333333333
lymphoma nlphl,4.0,13.0,3.25
radiation breast,5.0,13.0,2.6
adult aged,5.0,13.0,2.6
opportunity challenge,10.0,13.0,1.3
cpg island,3.0,13.0,4.333333333
grief loss,5.0,13.0,2.6
prevention palliative,13.0,13.0,1.0
demonstration project,4.0,13.0,3.25
time lot,12.0,13.0,1.083333333
woman tamoxifen,3.0,13.0,4.333333333
mutation protein,10.0,13.0,1.3
prevention oral,10.0,13.0,1.3
node tissue,7.0,13.0,1.857142857
tumor complete,13.0,13.0,1.0
cardiac toxicity,3.0,13.0,4.333333333
procedure cancer,12.0,13.0,1.083333333
electronic cigarette,4.0,13.0,3.25
cancer radiotherapy,5.0,13.0,2.6
idea welcome,13.0,13.0,1.0
year total,12.0,13.0,1.083333333
candidate visa,5.0,13.0,2.6
variant tp53,3.0,13.0,4.333333333
cancer complex,13.0,13.0,1.0
chemotherapy placebo,6.0,13.0,2.166666667
removal tissue,12.0,13.0,1.083333333
financial burden,12.0,13.0,1.083333333
healthcare delivery,9.0,13.0,1.444444444
high distress,5.0,13.0,2.6
era precision,10.0,13.0,1.3
cell lab,9.0,13.0,1.444444444
cancer implementation,11.0,13.0,1.181818182
session cancer,9.0,13.0,1.444444444
therapy session,8.0,13.0,1.625
nicotine body,5.0,13.0,2.6
cancer pregnancy,8.0,13.0,1.625
man breast,8.0,13.0,1.625
advance breast,9.0,13.0,1.444444444
cancer tcga,9.0,13.0,1.444444444
high adverse,4.0,13.0,3.25
vedotin chemotherapy,4.0,13.0,3.25
person time,12.0,13.0,1.083333333
left panel,10.0,13.0,1.3
atlas cancer,8.0,13.0,1.625
cell breast,9.0,13.0,1.444444444
chance breast,8.0,13.0,1.625
estrogen progesterone,7.0,13.0,1.857142857
breast biopsy,5.0,13.0,2.6
cancer grade,6.0,13.0,2.166666667
cancer computational,11.0,13.0,1.181818182
surgery surgeon,7.0,13.0,1.857142857
mutation human,12.0,13.0,1.083333333
expression cancer,13.0,13.0,1.0
datum tool,10.0,13.0,1.3
cell mechanism,13.0,13.0,1.0
receptor agonist,4.0,13.0,3.25
extracellular vesicle,9.0,13.0,1.444444444
kind person,10.0,13.0,1.3
sorafenib placebo,3.0,13.0,4.333333333
genome project,10.0,13.0,1.3
spinal ependymoma,3.0,13.0,4.333333333
cancer origin,10.0,13.0,1.3
chemotherapy cycle,7.0,13.0,1.857142857
dissemination cancer,11.0,13.0,1.181818182
breast disease,7.0,13.0,1.857142857
variant somatic,5.0,13.0,2.6
affordable cancer,9.0,13.0,1.444444444
developmental delay,6.0,13.0,2.166666667
high mycn,3.0,13.0,4.333333333
dose cyclophosphamide,3.0,13.0,4.333333333
cancer harm,9.0,13.0,1.444444444
tumor rosette,3.0,13.0,4.333333333
tobacco company,3.0,13.0,4.333333333
cancer mental,5.0,13.0,2.6
response long,13.0,13.0,1.0
energy cancer,10.0,13.0,1.3
stage iia,8.0,13.0,1.625
sample participant,13.0,13.0,1.0
interval cancer,5.0,13.0,2.6
adolescent survivor,4.0,13.0,3.25
addition tumor,13.0,13.0,1.0
differential diagnosis,6.0,13.0,2.166666667
defective dna,8.0,13.0,1.625
cancer surviv,3.0,13.0,4.333333333
growth human,9.0,13.0,1.444444444
year similar,8.0,13.0,1.625
region chromosome,3.0,13.0,4.333333333
microenvironment tumor,12.0,13.0,1.083333333
factor melanoma,5.0,13.0,2.6
epidemiological cancer,13.0,13.0,1.0
skin color,10.0,13.0,1.3
cancer solid,12.0,13.0,1.083333333
biomarker prevention,10.0,13.0,1.3
myeloablative conditioning,3.0,13.0,4.333333333
cancer osimertinib,5.0,13.0,2.6
major difference,11.0,13.0,1.181818182
cancer lesion,9.0,13.0,1.444444444
woman old,10.0,13.0,1.3
body time,12.0,13.0,1.083333333
dose cisplatin,3.0,13.0,4.333333333
biopsy surgery,11.0,13.0,1.181818182
burkitt like,3.0,13.0,4.333333333
variant negative,5.0,13.0,2.6
decrease cancer,12.0,13.0,1.083333333
mesothelioma cancer,5.0,13.0,2.6
cooperative human,7.0,13.0,1.857142857
modest improvement,13.0,13.0,1.0
cancer elimination,7.0,13.0,1.857142857
prostate gland,5.0,13.0,2.6
chemotherapy nausea,7.0,13.0,1.857142857
cancer biological,11.0,13.0,1.181818182
preclinical testing,7.0,13.0,1.857142857
mutation signature,4.0,13.0,3.25
cell anaplastic,7.0,13.0,1.857142857
surgery therapy,10.0,13.0,1.3
multigene testing,3.0,13.0,4.333333333
nodal metastasis,5.0,13.0,2.6
small low,10.0,13.0,1.3
resistant cell,5.0,13.0,2.6
drug molecular,8.0,13.0,1.625
mutation breast,9.0,13.0,1.444444444
viral hepatitis,4.0,13.0,3.25
tumor support,10.0,13.0,1.3
pregnancy woman,5.0,13.0,2.6
target molecule,11.0,13.0,1.181818182
daunorubicin hydrochloride,4.0,13.0,3.25
invasive disease,3.0,13.0,4.333333333
tumor surgical,10.0,13.0,1.3
cancer innovation,12.0,13.0,1.083333333
measure cancer,13.0,13.0,1.0
survivor long,4.0,13.0,3.25
factor prostate,5.0,13.0,2.6
therapy single,9.0,13.0,1.444444444
talk team,11.0,13.0,1.181818182
antibody protein,11.0,12.0,1.090909091
avenue prevention,12.0,12.0,1.0
contract intramural,12.0,12.0,1.0
clear liquid,8.0,12.0,1.5
natural defense,12.0,12.0,1.0
vaccine dose,3.0,12.0,4.0
cancer distant,9.0,12.0,1.333333333
disease man,11.0,12.0,1.090909091
procedure surgery,11.0,12.0,1.090909091
nodal involvement,7.0,12.0,1.714285714
tumor metabolism,9.0,12.0,1.333333333
example tumor,8.0,12.0,1.5
clin van,6.0,12.0,2.0
factor thyroid,6.0,12.0,2.0
genetic endocrine,6.0,12.0,2.0
tumor person,10.0,12.0,1.2
instability msi,6.0,12.0,2.0
drug promise,8.0,12.0,1.5
psychosocial outcome,4.0,12.0,3.0
rna protein,12.0,12.0,1.0
incidence young,8.0,12.0,1.5
cancer reproductive,7.0,12.0,1.714285714
abnormality tumor,12.0,12.0,1.0
cell year,12.0,12.0,1.0
uniparental disomy,4.0,12.0,3.0
investment cancer,10.0,12.0,1.2
request commitment,6.0,12.0,2.0
molecular tumor,7.0,12.0,1.714285714
history thyroid,7.0,12.0,1.714285714
cancer neuroendocrine,9.0,12.0,1.333333333
central neck,3.0,12.0,4.0
cancer ajcc,6.0,12.0,2.0
alzheimer disease,7.0,12.0,1.714285714
disease test,9.0,12.0,1.333333333
arch surg,7.0,12.0,1.714285714
cancerous tumor,7.0,12.0,1.714285714
significance variant,4.0,12.0,3.0
tumor shrank,12.0,12.0,1.0
metastatic cell,9.0,12.0,1.333333333
antitumor immune,5.0,12.0,2.4
signal cancer,7.0,12.0,1.714285714
translational modification,9.0,12.0,1.333333333
ability tumor,10.0,12.0,1.2
radiation small,8.0,12.0,1.5
node stage,6.0,12.0,2.0
chronic illness,4.0,12.0,3.0
disease know,12.0,12.0,1.0
incidence age,6.0,12.0,2.0
undifferentiated carcinoma,6.0,12.0,2.0
radiotherapy cancer,6.0,12.0,2.0
feature prognosis,3.0,12.0,4.0
biopsy breast,5.0,12.0,2.4
announcement instruction,12.0,12.0,1.0
young survivor,8.0,12.0,1.5
old breast,10.0,12.0,1.2
sporadic burkitt,4.0,12.0,3.0
application practice,11.0,12.0,1.090909091
chemistry procedure,12.0,12.0,1.0
time datum,12.0,12.0,1.0
delivery decade,6.0,12.0,2.0
pediatric immunotherapy,9.0,12.0,1.333333333
computational mathematical,7.0,12.0,1.714285714
inhibitor small,12.0,12.0,1.0
profile cancer,12.0,12.0,1.0
therapy development,5.0,12.0,2.4
time long,10.0,12.0,1.2
drug decitabine,3.0,12.0,4.0
recurrent laryngeal,3.0,12.0,4.0
suppress immune,8.0,12.0,1.5
drug number,8.0,12.0,1.5
benefit immunotherapy,12.0,12.0,1.0
myc mycn,4.0,12.0,3.0
fever reason,7.0,12.0,1.714285714
body bone,11.0,12.0,1.090909091
tumor extension,5.0,12.0,2.4
data sharing,7.0,12.0,1.714285714
lymphoma brain,8.0,12.0,1.5
lymphoma aid,3.0,12.0,4.0
africa cancer,7.0,12.0,1.714285714
analysis genome,9.0,12.0,1.333333333
cancer discover,12.0,12.0,1.0
cancer liquid,6.0,12.0,2.0
community hospital,10.0,12.0,1.2
turn chance,12.0,12.0,1.0
characterization pipeline,6.0,12.0,2.0
associate membership,3.0,12.0,4.0
drug delivery,8.0,12.0,1.5
opportunity collaboration,10.0,12.0,1.2
avenue cancer,8.0,12.0,1.5
renal tumor,6.0,12.0,2.0
radiation head,5.0,12.0,2.4
invasive procedure,10.0,12.0,1.2
magnitude benefit,7.0,12.0,1.714285714
segment turn,12.0,12.0,1.0
developmental stage,4.0,12.0,3.0
emperor malady,7.0,12.0,1.714285714
project genomic,12.0,12.0,1.0
overall year,11.0,12.0,1.090909091
test mutation,12.0,12.0,1.0
disease option,9.0,12.0,1.333333333
thyroid surgery,10.0,12.0,1.2
low overall,10.0,12.0,1.2
pathological feature,8.0,12.0,1.5
aggressive hodgkin,3.0,12.0,4.0
circadian clock,5.0,12.0,2.4
lymphoma key,6.0,12.0,2.0
photoimmunotherapy cancer,6.0,12.0,2.0
fusion cancer,9.0,12.0,1.333333333
kidney function,5.0,12.0,2.4
live cell,11.0,12.0,1.090909091
professor cancer,8.0,12.0,1.5
metastatic bladder,4.0,12.0,3.0
urothelial carcinoma,5.0,12.0,2.4
therapy cbt,8.0,12.0,1.5
good pediatric,12.0,12.0,1.0
pediatric well,12.0,12.0,1.0
cancer intensive,8.0,12.0,1.5
normal prostate,5.0,12.0,2.4
tract infection,8.0,12.0,1.5
participant drug,10.0,12.0,1.2
benefit drug,11.0,12.0,1.090909091
high cure,7.0,12.0,1.714285714
body option,12.0,12.0,1.0
travel place,12.0,12.0,1.0
animation cancer,12.0,12.0,1.0
break tumor,12.0,12.0,1.0
oncologist child,12.0,12.0,1.0
cancer success,12.0,12.0,1.0
local regional,5.0,12.0,2.4
child specialist,10.0,12.0,1.2
loss year,5.0,12.0,2.4
rearrangement cell,4.0,12.0,3.0
lot time,10.0,12.0,1.2
undergo surgery,9.0,12.0,1.333333333
constipation fecal,4.0,12.0,3.0
mutation flt3,6.0,12.0,2.0
year additional,12.0,12.0,1.0
selpercatinib ret,6.0,12.0,2.0
lymph travel,12.0,12.0,1.0
cell resistant,9.0,12.0,1.333333333
haematopoietic stem,4.0,12.0,3.0
histological subtype,7.0,12.0,1.714285714
depression fatigue,5.0,12.0,2.4
mol cancer,8.0,12.0,1.5
aml flt3,6.0,12.0,2.0
death ligand,6.0,12.0,2.0
support team,11.0,12.0,1.090909091
incidence prevalence,7.0,12.0,1.714285714
tumor initiation,11.0,12.0,1.090909091
repair pathway,7.0,12.0,1.714285714
malignant transformation,9.0,12.0,1.333333333
development resistance,10.0,12.0,1.2
smoking history,9.0,12.0,1.333333333
consortium cancer,7.0,12.0,1.714285714
expression analysis,10.0,12.0,1.2
sarcoma bone,6.0,12.0,2.0
medicine tumor,12.0,12.0,1.0
sarcoma child,7.0,12.0,1.714285714
resection tumor,4.0,12.0,3.0
nausea fatigue,9.0,12.0,1.333333333
impact outcome,11.0,12.0,1.090909091
white child,4.0,12.0,3.0
choice friend,12.0,12.0,1.0
cell support,8.0,12.0,1.5
syndrome wilm,4.0,12.0,3.0
lesion skin,4.0,12.0,3.0
liver tumor,7.0,12.0,1.714285714
cancer fnlcr,9.0,12.0,1.333333333
mortality ratio,4.0,12.0,3.0
carcinoma nut,4.0,12.0,3.0
cancer light,11.0,12.0,1.090909091
broad cancer,11.0,12.0,1.090909091
biophysic computational,8.0,12.0,1.5
anti pd-1,6.0,12.0,2.0
cancer ccr,12.0,12.0,1.0
factor year,6.0,12.0,2.0
arm chromosome,3.0,12.0,4.0
tumor evolution,9.0,12.0,1.333333333
detection tumor,8.0,12.0,1.5
relapse diagnosis,3.0,12.0,4.0
team human,10.0,12.0,1.2
refractory cell,9.0,12.0,1.333333333
cell block,11.0,12.0,1.090909091
hollow needle,9.0,12.0,1.333333333
severe toxicity,6.0,12.0,2.0
dpyd variant,3.0,12.0,4.0
therapy area,7.0,12.0,1.714285714
low middle,11.0,12.0,1.090909091
team investigator,11.0,12.0,1.090909091
invasive ductal,4.0,12.0,3.0
rate trend,10.0,12.0,1.2
detection pancreatic,8.0,12.0,1.5
extra chromosome,12.0,12.0,1.0
sample bone,9.0,12.0,1.333333333
goal option,10.0,12.0,1.2
generation sequencing,8.0,12.0,1.5
low expression,7.0,12.0,1.714285714
academia industry,10.0,12.0,1.2
test antibody,10.0,12.0,1.2
tumor kaposi,5.0,12.0,2.4
unexpected loss,3.0,12.0,4.0
test thyroid,7.0,12.0,1.714285714
successful cancer,12.0,12.0,1.0
partnership dissemination,8.0,12.0,1.5
large small,7.0,12.0,1.714285714
body temperature,6.0,12.0,2.0
old blood,11.0,12.0,1.090909091
surgery participant,12.0,12.0,1.0
infographic cancer,11.0,12.0,1.090909091
imatinib gleevec,11.0,12.0,1.090909091
consequence cancer,7.0,12.0,1.714285714
steroid drug,8.0,12.0,1.5
lung problem,7.0,12.0,1.714285714
diverse cancer,11.0,12.0,1.090909091
prognosis talk,12.0,12.0,1.0
screening tool,6.0,12.0,2.0
low setting,7.0,12.0,1.714285714
nivolumab chemotherapy,5.0,12.0,2.4
prognosis year,12.0,12.0,1.0
nivolumab advanced,8.0,12.0,1.5
test colorectal,10.0,12.0,1.2
phone english,12.0,12.0,1.0
cancer phone,12.0,12.0,1.0
testing addition,9.0,12.0,1.333333333
cavity abdomen,11.0,12.0,1.090909091
nut tobacco,3.0,12.0,4.0
chemotherapy pembrolizumab,10.0,12.0,1.2
surgeon cancer,10.0,12.0,1.2
factor heart,6.0,12.0,2.0
cancer average,12.0,12.0,1.0
screening method,6.0,12.0,2.0
screening colorectal,8.0,12.0,1.5
tumor separate,11.0,12.0,1.090909091
transplant therapy,10.0,12.0,1.2
analysis prospective,8.0,12.0,1.5
moonshot advance,12.0,12.0,1.0
oncogene tumor,8.0,12.0,1.5
stage plan,10.0,12.0,1.2
laser therapy,6.0,12.0,2.0
long year,10.0,12.0,1.2
tumor project,7.0,12.0,1.714285714
alteration child,5.0,12.0,2.4
number colorectal,7.0,12.0,1.714285714
mutation colorectal,5.0,12.0,2.4
placebo double,9.0,12.0,1.333333333
folic acid,5.0,12.0,2.4
nonmetastatic disease,4.0,12.0,3.0
datum model,9.0,12.0,1.333333333
day support,12.0,12.0,1.0
symptom severe,12.0,12.0,1.0
broken switch,4.0,12.0,3.0
diagnosis pancreatic,8.0,12.0,1.5
workshop additional,12.0,12.0,1.0
regional chemotherapy,9.0,12.0,1.333333333
number red,11.0,12.0,1.090909091
difference significant,7.0,12.0,1.714285714
sarcoma surgery,6.0,12.0,2.0
multivariate analysis,9.0,12.0,1.333333333
cog pediatric,7.0,12.0,1.714285714
tumor needle,12.0,12.0,1.0
lab cancer,12.0,12.0,1.0
therapy symptom,9.0,12.0,1.333333333
symptom time,9.0,12.0,1.333333333
outcome measure,11.0,12.0,1.090909091
metastatic neuroendocrine,4.0,12.0,3.0
factor analysis,6.0,12.0,2.0
tumor cohort,5.0,12.0,2.4
cell fuel,9.0,12.0,1.333333333
percent tumor,7.0,12.0,1.714285714
tumor formation,12.0,12.0,1.0
myeloid cell,8.0,12.0,1.5
tissue muscle,11.0,12.0,1.090909091
vessel nerve,10.0,12.0,1.2
grief experience,3.0,12.0,4.0
cancer grief,3.0,12.0,4.0
vocal cord,7.0,12.0,1.714285714
self sexuality,12.0,12.0,1.0
tumor lymphocyte,7.0,12.0,1.714285714
#NAME?,3.0,12.0,4.0
ros1 gene,5.0,12.0,2.4
cancer booklet,9.0,12.0,1.333333333
fax cancer,12.0,12.0,1.0
protein kinase,6.0,12.0,2.0
chemotherapy colon,7.0,12.0,1.714285714
cell repair,10.0,12.0,1.2
chromosome translocation,4.0,12.0,3.0
chromosomal instability,8.0,12.0,1.5
detail long,8.0,12.0,1.5
iii melanoma,4.0,12.0,3.0
ipilimumab yervoy,12.0,12.0,1.0
leuk lymphoma,5.0,12.0,2.4
low stomach,6.0,12.0,2.0
opioid epidemic,4.0,12.0,3.0
potential application,10.0,12.0,1.2
chemotherapy diarrhea,3.0,12.0,4.0
overview development,12.0,12.0,1.0
lumpectomy breast,3.0,12.0,4.0
skin breast,5.0,12.0,2.4
pa-24 parent,5.0,12.0,2.4
cancer budget,10.0,12.0,1.2
cancer fallopian,7.0,12.0,1.714285714
prophylactic surgery,5.0,12.0,2.4
tumor target,11.0,12.0,1.090909091
distinct subtype,7.0,12.0,1.714285714
proton therapy,7.0,12.0,1.714285714
cell spread,10.0,12.0,1.2
transplantation cancer,6.0,12.0,2.0
outcome long,6.0,12.0,2.0
syndrome medullary,3.0,12.0,4.0
appendix child,3.0,12.0,4.0
development goal,7.0,12.0,1.714285714
scholar cancer,10.0,12.0,1.2
sort thing,6.0,12.0,2.0
adult median,3.0,12.0,4.0
strategy tumor,8.0,12.0,1.5
investigator institution,12.0,12.0,1.0
atrx variant,3.0,12.0,4.0
age clinicaltrials.gov,12.0,12.0,1.0
foreign student,11.0,12.0,1.090909091
selumetinib child,9.0,12.0,1.333333333
variant positive,6.0,12.0,2.0
tumor area,11.0,12.0,1.090909091
alcohol intake,7.0,12.0,1.714285714
team child,8.0,12.0,1.5
building block,10.0,12.0,1.2
look quality,12.0,12.0,1.0
grade gleason,3.0,12.0,4.0
cancer vice,11.0,12.0,1.090909091
nausea chemotherapy,7.0,12.0,1.714285714
blind randomized,5.0,12.0,2.4
example test,12.0,12.0,1.0
tobacco oral,9.0,12.0,1.333333333
slide scanner,11.0,12.0,1.090909091
contemporary therapy,3.0,12.0,4.0
drug protein,11.0,12.0,1.090909091
disease addition,12.0,12.0,1.0
smoke tobacco,5.0,12.0,2.4
analysis difference,10.0,12.0,1.2
daratumumab multiple,6.0,12.0,2.0
leukemia lymphoblastic,8.0,12.0,1.5
dependent kinase,6.0,12.0,2.0
marrow biopsy,4.0,12.0,3.0
year response,10.0,12.0,1.2
benefit development,12.0,12.0,1.0
year fringe,12.0,12.0,1.0
budget financial,12.0,12.0,1.0
birth weight,6.0,12.0,2.0
old high,10.0,12.0,1.2
genetic breast,9.0,12.0,1.333333333
genet cytogenet,3.0,12.0,4.0
senior advisor,7.0,12.0,1.714285714
therapy ovarian,9.0,12.0,1.333333333
lifestyle factor,9.0,12.0,1.333333333
transplantation cellular,4.0,12.0,3.0
interval year,8.0,12.0,1.5
tp53 gene,9.0,12.0,1.333333333
elevated expression,3.0,12.0,4.0
diet high,6.0,12.0,2.0
characteristic outcome,5.0,12.0,2.4
fellowship cancer,11.0,12.0,1.090909091
alliance oncology,11.0,12.0,1.090909091
fellowship award,6.0,12.0,2.0
hospice benefit,3.0,12.0,4.0
base skull,7.0,12.0,1.714285714
nomination letter,5.0,12.0,2.4
oncology year,11.0,12.0,1.090909091
advanced squamous,9.0,12.0,1.333333333
award outstanding,11.0,12.0,1.090909091
brain body,4.0,12.0,3.0
cancer artificial,6.0,12.0,2.0
therapy well,12.0,12.0,1.0
tumor extracranial,3.0,12.0,4.0
large advanced,11.0,12.0,1.090909091
issue concern,11.0,12.0,1.090909091
disease mrd,7.0,12.0,1.714285714
late incidence,12.0,12.0,1.0
application distinct,12.0,12.0,1.0
candidate application,12.0,12.0,1.0
aim candidate,12.0,12.0,1.0
duplication aim,12.0,12.0,1.0
ebv infection,7.0,12.0,1.714285714
sentinel node,4.0,12.0,3.0
palliative oncology,5.0,12.0,2.4
spiritual support,6.0,12.0,2.0
gynecologic oncology,7.0,12.0,1.714285714
improvement outcome,12.0,12.0,1.0
overall scope,12.0,12.0,1.0
project overall,12.0,12.0,1.0
stage nsclc,6.0,12.0,2.0
cd8 cell,5.0,12.0,2.4
tissue radiation,10.0,12.0,1.2
drug option,10.0,12.0,1.2
cell melanoma,6.0,12.0,2.0
prevention k12,4.0,12.0,3.0
cell positive,9.0,12.0,1.333333333
disease overall,10.0,12.0,1.2
potential option,11.0,12.0,1.090909091
klinefelter syndrome,3.0,12.0,4.0
initiative datum,8.0,12.0,1.5
therapy lung,8.0,12.0,1.5
genetic assessment,5.0,12.0,2.4
novel mutation,9.0,12.0,1.333333333
melanoma immune,10.0,12.0,1.2
stage age,9.0,12.0,1.333333333
loss expression,4.0,12.0,3.0
large drug,12.0,12.0,1.0
leading cancer,12.0,12.0,1.0
sample datum,10.0,12.0,1.2
alteration adult,4.0,12.0,3.0
melanoma immunotherapy,9.0,12.0,1.333333333
tumor inhibitor,12.0,12.0,1.0
mccaskill stevens,4.0,12.0,3.0
status stage,7.0,12.0,1.714285714
syndrome mutation,6.0,12.0,2.0
persistent infection,11.0,12.0,1.090909091
predictive biomarker,11.0,12.0,1.090909091
long median,9.0,12.0,1.333333333
major challenge,10.0,12.0,1.2
cancer informatic,11.0,12.0,1.090909091
testicular tumor,5.0,12.0,2.4
stage diagnosis,12.0,12.0,1.0
sun exposure,8.0,12.0,1.5
overall high,11.0,12.0,1.090909091
similar tumor,11.0,12.0,1.090909091
dna minicircle,3.0,12.0,4.0
eye melanoma,4.0,12.0,3.0
cancer intraocular,5.0,12.0,2.4
therapy trastuzumab,6.0,12.0,2.0
cancer regimen,12.0,12.0,1.0
cancer occult,7.0,12.0,1.714285714
metastatic squamous,7.0,12.0,1.714285714
cancer precursor,9.0,12.0,1.333333333
tumor distinct,6.0,12.0,2.0
test breast,7.0,12.0,1.714285714
high assessment,6.0,12.0,2.0
final overall,7.0,12.0,1.714285714
tumor neuroblastoma,8.0,12.0,1.5
decade long,12.0,12.0,1.0
tumor african,8.0,12.0,1.5
beginning age,7.0,12.0,1.714285714
cell prostate,7.0,12.0,1.714285714
therapy toxicity,9.0,12.0,1.333333333
normal cancer,11.0,12.0,1.090909091
person death,5.0,12.0,2.4
unique opportunity,12.0,12.0,1.0
form application,6.0,12.0,2.0
pod high,6.0,12.0,2.0
budget year,9.0,12.0,1.333333333
aml year,7.0,12.0,1.714285714
cognitive deficit,3.0,12.0,4.0
impairment adult,3.0,12.0,4.0
similar frequency,6.0,12.0,2.0
student cigarette,6.0,12.0,2.0
tool mole,6.0,12.0,2.0
cancer series,11.0,12.0,1.090909091
broad area,10.0,12.0,1.2
cell hyperplasia,3.0,12.0,4.0
variant median,4.0,12.0,3.0
cancer transition,9.0,12.0,1.333333333
disease cell,8.0,12.0,1.5
datum integration,7.0,12.0,1.714285714
low dosage,4.0,12.0,3.0
prophylactic mastectomy,6.0,12.0,2.0
receptor modulator,5.0,12.0,2.4
breast chest,6.0,12.0,2.0
symptom menopause,6.0,12.0,2.0
look microscope,11.0,12.0,1.090909091
cell look,11.0,12.0,1.090909091
success crchd,10.0,12.0,1.2
scholar success,10.0,12.0,1.2
excision repair,5.0,12.0,2.4
nerve damage,10.0,12.0,1.2
eur hum,4.0,12.0,3.0
chapel hill,12.0,12.0,1.0
biopsy specimen,7.0,12.0,1.714285714
time development,11.0,12.0,1.090909091
value cancer,9.0,12.0,1.333333333
european blood,3.0,12.0,4.0
therapy proton,7.0,12.0,1.714285714
cell lead,12.0,12.0,1.0
drug cost,6.0,12.0,2.0
man penile,3.0,12.0,4.0
conversation crchd,10.0,12.0,1.2
cancer cog,7.0,12.0,1.714285714
postdoctoral scholar,12.0,12.0,1.0
cancer overdiagnosis,9.0,12.0,1.333333333
abnormal cancer,9.0,12.0,1.333333333
additional screening,5.0,12.0,2.4
drug safe,11.0,12.0,1.090909091
pathway mutation,4.0,12.0,3.0
brake immune,10.0,12.0,1.2
resistance mutation,8.0,12.0,1.5
cancer sentinel,6.0,12.0,2.0
carboplatin cisplatin,9.0,12.0,1.333333333
picture breast,3.0,12.0,4.0
alcohol tobacco,4.0,12.0,3.0
linkage analysis,3.0,12.0,4.0
cancer exciting,12.0,12.0,1.0
share tip,8.0,12.0,1.5
drug human,11.0,12.0,1.090909091
synthetic lethality,4.0,12.0,3.0
failure year,6.0,12.0,2.0
glioma idh,6.0,12.0,2.0
uncertain significance,4.0,12.0,3.0
variant uncertain,4.0,12.0,3.0
subgroup analysis,4.0,12.0,3.0
opportunity field,10.0,12.0,1.2
analyze datum,9.0,12.0,1.333333333
gene code,9.0,12.0,1.333333333
chief neuro,7.0,12.0,1.714285714
hsct child,3.0,12.0,4.0
btk inhibitor,5.0,12.0,2.4
disturbance cancer,4.0,12.0,3.0
function chemotherapy,5.0,12.0,2.4
liver enzyme,10.0,12.0,1.2
sexual function,8.0,12.0,1.5
child nerv,4.0,12.0,3.0
drug myeloproliferative,3.0,12.0,4.0
stage positive,6.0,12.0,2.0
idh mutant,6.0,12.0,2.0
pleomorphic xanthoastrocytoma,7.0,12.0,1.714285714
spread lung,10.0,12.0,1.2
big impact,12.0,12.0,1.0
person symptom,8.0,12.0,1.5
support wide,12.0,12.0,1.0
conduct innovative,12.0,12.0,1.0
disease engl,7.0,12.0,1.714285714
infection human,12.0,12.0,1.0
initiative hcmi,6.0,12.0,2.0
child radiation,4.0,12.0,3.0
target discovery,11.0,12.0,1.090909091
disease adult,9.0,11.0,1.222222222
leukemia myelodysplastic,8.0,11.0,1.375
development model,11.0,11.0,1.0
knowledge gap,11.0,11.0,1.0
body natural,11.0,11.0,1.0
pediatric preclinical,7.0,11.0,1.571428571
vaccination rate,8.0,11.0,1.375
rate advanced,9.0,11.0,1.222222222
few year,10.0,11.0,1.1
node sample,7.0,11.0,1.571428571
tumor additional,10.0,11.0,1.1
psychological adjustment,4.0,11.0,2.75
meningioma survivor,5.0,11.0,2.2
like lymphoma,3.0,11.0,3.666666667
inclusion criterion,10.0,11.0,1.1
therapy response,11.0,11.0,1.0
direction cancer,8.0,11.0,1.375
unnecessary biopsy,5.0,11.0,2.2
metastatic niche,4.0,11.0,2.75
loss gene,5.0,11.0,2.2
area investigation,11.0,11.0,1.0
equity cancer,6.0,11.0,1.833333333
presence braf,4.0,11.0,2.75
lymphoma dlbcl,11.0,11.0,1.0
prognosis diagnosis,4.0,11.0,2.75
therapy short,9.0,11.0,1.222222222
filter lymph,8.0,11.0,1.375
function time,5.0,11.0,2.2
large phase,11.0,11.0,1.0
rela fusion,3.0,11.0,3.666666667
additional test,9.0,11.0,1.222222222
symptom brain,7.0,11.0,1.571428571
stent placement,4.0,11.0,2.75
store white,8.0,11.0,1.375
lymph store,8.0,11.0,1.375
testing harmful,3.0,11.0,3.666666667
analysis outcome,6.0,11.0,1.833333333
inhibitor resistance,8.0,11.0,1.375
apc mutation,3.0,11.0,3.666666667
vomiting diarrhea,11.0,11.0,1.0
woman harmful,3.0,11.0,3.666666667
toxin cancer,5.0,11.0,2.2
brain central,8.0,11.0,1.375
cancer interested,11.0,11.0,1.0
model tissue,8.0,11.0,1.375
outcome impact,6.0,11.0,1.833333333
gonadotropin hormone,3.0,11.0,3.666666667
follicle hormone,7.0,11.0,1.571428571
datum high,11.0,11.0,1.0
nature medicine,11.0,11.0,1.0
ibrutinib drug,7.0,11.0,1.571428571
cancer ibrutinib,6.0,11.0,1.833333333
cut point,5.0,11.0,2.2
high growth,3.0,11.0,3.666666667
v600e mutation,5.0,11.0,2.2
benefit woman,7.0,11.0,1.571428571
ccdi progress,5.0,11.0,2.2
tumor prospective,4.0,11.0,2.75
cell addition,11.0,11.0,1.0
high pancreatic,6.0,11.0,1.833333333
topic area,9.0,11.0,1.222222222
chemotherapy cisplatin,6.0,11.0,1.833333333
negative metastatic,5.0,11.0,2.2
myeloma drug,9.0,11.0,1.222222222
cisplatin fluorouracil,4.0,11.0,2.75
matter cancer,11.0,11.0,1.0
tumor management,7.0,11.0,1.571428571
membrane cover,3.0,11.0,3.666666667
syndrome myeloid,9.0,11.0,1.222222222
hardship cancer,6.0,11.0,1.833333333
genomic data,7.0,11.0,1.571428571
longitudinal analysis,3.0,11.0,3.666666667
radiation time,9.0,11.0,1.222222222
cancer synthetic,6.0,11.0,1.833333333
bariatric surgery,3.0,11.0,3.666666667
therapy overall,9.0,11.0,1.222222222
phase testing,11.0,11.0,1.0
selective estrogen,4.0,11.0,2.75
time hsct,3.0,11.0,3.666666667
project team,8.0,11.0,1.375
supplement cancer,6.0,11.0,1.833333333
receptor status,5.0,11.0,2.2
professor equivalent,5.0,11.0,2.2
mission cancer,9.0,11.0,1.222222222
scan time,8.0,11.0,1.375
scan pet,7.0,11.0,1.571428571
ecosystem cancer,9.0,11.0,1.222222222
imaging bioengineering,5.0,11.0,2.2
tumor genet,3.0,11.0,3.666666667
urine sample,5.0,11.0,2.2
high death,11.0,11.0,1.0
gene apc,3.0,11.0,3.666666667
melanoma new,11.0,11.0,1.0
colorectal polyposis,3.0,11.0,3.666666667
olaparib maintenance,5.0,11.0,2.2
mortality quality,4.0,11.0,2.75
team datum,10.0,11.0,1.1
bacterial specie,6.0,11.0,1.833333333
cancer centre,6.0,11.0,1.833333333
disease complete,10.0,11.0,1.1
disease status,6.0,11.0,1.833333333
cancer lip,5.0,11.0,2.2
cavity nasopharyngeal,9.0,11.0,1.222222222
genome dna,7.0,11.0,1.571428571
postmenopausal hormone,4.0,11.0,2.75
antiretroviral therapy,6.0,11.0,1.833333333
well response,11.0,11.0,1.0
sarcoma drug,8.0,11.0,1.375
transplant chemotherapy,8.0,11.0,1.375
psychosocial support,8.0,11.0,1.375
specie bacteria,5.0,11.0,2.2
median period,8.0,11.0,1.375
postdoctoral position,6.0,11.0,1.833333333
rna tumor,11.0,11.0,1.0
trend incidence,8.0,11.0,1.375
year cell,8.0,11.0,1.375
aid malignancy,6.0,11.0,1.833333333
lymphoma old,11.0,11.0,1.0
history factor,9.0,11.0,1.222222222
cog protocol,6.0,11.0,1.833333333
familial high,4.0,11.0,2.75
tumor pleuropulmonary,5.0,11.0,2.2
box form,5.0,11.0,2.2
field box,5.0,11.0,2.2
grade low,8.0,11.0,1.375
trametinib mekinist,11.0,11.0,1.0
prepubertal female,3.0,11.0,3.666666667
bone brain,8.0,11.0,1.375
skin melanoma,6.0,11.0,1.833333333
indication cancer,7.0,11.0,1.571428571
cigarette nicotine,7.0,11.0,1.571428571
advocate cancer,11.0,11.0,1.0
lung bronchus,6.0,11.0,1.833333333
woman death,9.0,11.0,1.222222222
drug daratumumab,7.0,11.0,1.571428571
booklet cancer,8.0,11.0,1.375
year female,6.0,11.0,1.833333333
surgery brain,9.0,11.0,1.222222222
high colorectal,4.0,11.0,2.75
man age,8.0,11.0,1.375
tumor world,10.0,11.0,1.1
aggressive behavior,8.0,11.0,1.375
datum accessible,8.0,11.0,1.375
glioma low,7.0,11.0,1.571428571
analysis visualization,6.0,11.0,1.833333333
arm chemotherapy,4.0,11.0,2.75
cancer opinion,10.0,11.0,1.1
size small,9.0,11.0,1.222222222
self examination,3.0,11.0,3.666666667
woman surgery,8.0,11.0,1.375
intravenous infusion,9.0,11.0,1.222222222
cell damage,10.0,11.0,1.1
cancer stable,5.0,11.0,2.2
cancer immuno,8.0,11.0,1.375
support person,5.0,11.0,2.2
student year,9.0,11.0,1.222222222
additional factor,9.0,11.0,1.222222222
positive impact,9.0,11.0,1.222222222
cancer ready,9.0,11.0,1.222222222
chromosome band,4.0,11.0,2.75
legal requirement,7.0,11.0,1.571428571
outcome analysis,5.0,11.0,2.2
person alive,4.0,11.0,2.75
cancer postdoctoral,7.0,11.0,1.571428571
therapeutic agent,11.0,11.0,1.0
scan small,9.0,11.0,1.222222222
nivolumab therapy,8.0,11.0,1.375
additional testing,10.0,11.0,1.1
world datum,9.0,11.0,1.222222222
receptor egfr,9.0,11.0,1.222222222
cancer intergroup,3.0,11.0,3.666666667
age woman,9.0,11.0,1.222222222
shift cancer,10.0,11.0,1.1
small proportion,10.0,11.0,1.1
dmmr tumor,4.0,11.0,2.75
cancer design,9.0,11.0,1.222222222
cancer precancerous,9.0,11.0,1.222222222
black box,9.0,11.0,1.222222222
long duration,10.0,11.0,1.1
tumor environment,11.0,11.0,1.0
therapy platinum,6.0,11.0,1.833333333
video series,7.0,11.0,1.571428571
chromosomal region,5.0,11.0,2.2
institution duration,7.0,11.0,1.571428571
thing great,7.0,11.0,1.571428571
rate additional,7.0,11.0,1.571428571
chronic cough,3.0,11.0,3.666666667
support year,9.0,11.0,1.222222222
citizen permanent,9.0,11.0,1.222222222
immunotherapy option,9.0,11.0,1.222222222
regardless cancer,9.0,11.0,1.222222222
course cancer,10.0,11.0,1.1
syndrome table,4.0,11.0,2.75
agent drug,9.0,11.0,1.222222222
cell neuroendocrine,3.0,11.0,3.666666667
public place,3.0,11.0,3.666666667
cell clue,7.0,11.0,1.571428571
leukemia cll,11.0,11.0,1.0
underlying mechanism,7.0,11.0,1.571428571
preventive agent,6.0,11.0,1.833333333
penetrance gene,4.0,11.0,2.75
toxicity chemotherapy,7.0,11.0,1.571428571
datum potential,11.0,11.0,1.0
hepatitis infection,8.0,11.0,1.375
cancer r01,8.0,11.0,1.375
body chest,8.0,11.0,1.375
ctnnb1 variant,3.0,11.0,3.666666667
nilotinib chronic,5.0,11.0,2.2
pylorus cancer,3.0,11.0,3.666666667
success cancer,11.0,11.0,1.0
personnel support,9.0,11.0,1.222222222
ancillary personnel,9.0,11.0,1.222222222
short stature,3.0,11.0,3.666666667
seq datum,4.0,11.0,2.75
fedratinib hydrochloride,3.0,11.0,3.666666667
leukemia remission,5.0,11.0,2.2
class agent,8.0,11.0,1.375
recurrence surgery,8.0,11.0,1.375
urine test,7.0,11.0,1.571428571
community year,9.0,11.0,1.222222222
award faq,9.0,11.0,1.222222222
vertebrate animal,6.0,11.0,1.833333333
symptom small,6.0,11.0,1.833333333
student visa,10.0,11.0,1.1
goal preference,4.0,11.0,2.75
participant placebo,7.0,11.0,1.571428571
mortality adult,3.0,11.0,3.666666667
team model,11.0,11.0,1.0
model team,10.0,11.0,1.1
option multiple,8.0,11.0,1.375
drug time,11.0,11.0,1.0
colon rectal,9.0,11.0,1.222222222
pap test,7.0,11.0,1.571428571
large sample,9.0,11.0,1.222222222
speed development,7.0,11.0,1.571428571
body child,8.0,11.0,1.375
drug parp,9.0,11.0,1.222222222
environmental protection,5.0,11.0,2.2
feature pediatric,3.0,11.0,3.666666667
chest lung,7.0,11.0,1.571428571
day selection,11.0,11.0,1.0
xp11 translocation,3.0,11.0,3.666666667
administrative assistance,9.0,11.0,1.222222222
cancer white,9.0,11.0,1.222222222
aml adult,4.0,11.0,2.75
abdominal cavity,6.0,11.0,1.833333333
secretarial administrative,9.0,11.0,1.222222222
mentor secretarial,9.0,11.0,1.222222222
salary mentor,9.0,11.0,1.222222222
tumour commun,3.0,11.0,3.666666667
datum point,10.0,11.0,1.1
palliative look,11.0,11.0,1.0
test palliative,11.0,11.0,1.0
biomarker response,10.0,11.0,1.1
plan child,11.0,11.0,1.0
lung pneumonitis,3.0,11.0,3.666666667
pediatric cns,3.0,11.0,3.666666667
leukemia cranial,3.0,11.0,3.666666667
abramson cancer,11.0,11.0,1.0
biological drug,3.0,11.0,3.666666667
filter cancer,11.0,11.0,1.0
participant filter,11.0,11.0,1.0
anthracycline exposure,3.0,11.0,3.666666667
durvalumab imfinzi,5.0,11.0,2.2
immunotherapy inhibitor,8.0,11.0,1.375
syndrome genetic,6.0,11.0,1.833333333
start application,11.0,11.0,1.0
bacteria gut,5.0,11.0,2.2
carcinoma meta,5.0,11.0,2.2
chronic obstructive,7.0,11.0,1.571428571
likely cancer,11.0,11.0,1.0
diagnostic tool,10.0,11.0,1.1
hepatic artery,3.0,11.0,3.666666667
booklet child,7.0,11.0,1.571428571
pediatric surgeon,11.0,11.0,1.0
syndrome large,6.0,11.0,1.833333333
bogler cancer,11.0,11.0,1.0
medicine oncology,10.0,11.0,1.1
nanci mobile,7.0,11.0,1.571428571
improvement cancer,11.0,11.0,1.0
activity area,10.0,11.0,1.1
arm placebo,3.0,11.0,3.666666667
block enzyme,11.0,11.0,1.0
alteration present,5.0,11.0,2.2
chronic long,6.0,11.0,1.833333333
dual degree,6.0,11.0,1.833333333
entire cancer,11.0,11.0,1.0
syndrome germline,4.0,11.0,2.75
support community,9.0,11.0,1.222222222
reporting auditing,6.0,11.0,1.833333333
lead development,11.0,11.0,1.0
surgical oncology,11.0,11.0,1.0
cell blue,11.0,11.0,1.0
sarcoma synovial,3.0,11.0,3.666666667
ebv negative,4.0,11.0,2.75
cancer cure,8.0,11.0,1.375
advanced imaging,10.0,11.0,1.1
neuroendocrine carcinoma,4.0,11.0,2.75
lineage lymphoblastic,3.0,11.0,3.666666667
infection immune,9.0,11.0,1.222222222
smooth muscle,6.0,11.0,1.833333333
gross total,5.0,11.0,2.2
year early,9.0,11.0,1.222222222
effectiveness chemotherapy,5.0,11.0,2.2
long benefit,8.0,11.0,1.375
diagnosis survivor,4.0,11.0,2.75
polyp colorectal,4.0,11.0,2.75
myelodysplastic neoplasm,3.0,11.0,3.666666667
oxygen red,10.0,11.0,1.1
tumor relevant,10.0,11.0,1.1
spring harbor,9.0,11.0,1.222222222
block growth,10.0,11.0,1.1
prostate breast,11.0,11.0,1.0
sudha sivaram,5.0,11.0,2.2
exposure chemotherapy,7.0,11.0,1.571428571
public law,3.0,11.0,3.666666667
characteristic pediatric,7.0,11.0,1.571428571
etoposide phosphate,4.0,11.0,2.75
embryonal histology,3.0,11.0,3.666666667
abnormality cancer,4.0,11.0,2.75
diagnosis time,10.0,11.0,1.1
marrow aspiration,9.0,11.0,1.222222222
blood number,10.0,11.0,1.1
cancer curable,7.0,11.0,1.571428571
child neuroblastoma,7.0,11.0,1.571428571
disorder person,5.0,11.0,2.2
connection tumor,11.0,11.0,1.0
workforce cancer,8.0,11.0,1.375
tool datum,9.0,11.0,1.222222222
form immunotherapy,9.0,11.0,1.222222222
alteration poor,5.0,11.0,2.2
drug bladder,6.0,11.0,1.833333333
chemo drug,11.0,11.0,1.0
chemotherapy chemo,11.0,11.0,1.0
white paper,6.0,11.0,1.833333333
year lot,11.0,11.0,1.0
special advisor,5.0,11.0,2.2
chemotherapy line,10.0,11.0,1.1
chemotherapy nivolumab,6.0,11.0,1.833333333
survivor heart,4.0,11.0,2.75
metastasis brain,6.0,11.0,1.833333333
fuel cancer,9.0,11.0,1.222222222
immune metastatic,7.0,11.0,1.571428571
improvement median,10.0,11.0,1.1
protein pd-1,11.0,11.0,1.0
radical mastectomy,5.0,11.0,2.2
cancer etiology,11.0,11.0,1.0
antigen cancer,11.0,11.0,1.0
infusion cell,8.0,11.0,1.375
tumor surg,8.0,11.0,1.375
time course,10.0,11.0,1.1
cancer guide,6.0,11.0,1.833333333
integrative cancer,10.0,11.0,1.1
high chance,9.0,11.0,1.222222222
sedimentation rate,3.0,11.0,3.666666667
likely man,4.0,11.0,2.75
high white,7.0,11.0,1.571428571
woman time,9.0,11.0,1.222222222
tumor natural,6.0,11.0,1.833333333
cell rest,8.0,11.0,1.375
initial advanced,9.0,11.0,1.222222222
datum central,11.0,11.0,1.0
subject matter,8.0,11.0,1.375
estimate disease,11.0,11.0,1.0
subtype gene,3.0,11.0,3.666666667
body cavity,10.0,11.0,1.1
chemotherapy cerebrospinal,10.0,11.0,1.1
nivolumab metastatic,7.0,11.0,1.571428571
placebo chemotherapy,5.0,11.0,2.2
hosp palliat,4.0,11.0,2.75
immature blood,9.0,11.0,1.222222222
surgery drug,11.0,11.0,1.0
inject drug,6.0,11.0,1.833333333
protein high,11.0,11.0,1.0
crizotinib xalkori,11.0,11.0,1.0
msk impact,3.0,11.0,3.666666667
hospital opinion,11.0,11.0,1.0
english hospital,11.0,11.0,1.0
segmental resection,3.0,11.0,3.666666667
toxicity radiation,5.0,11.0,2.2
quid areca,3.0,11.0,3.666666667
lumbar puncture,5.0,11.0,2.2
body test,9.0,11.0,1.222222222
cell antigen,11.0,11.0,1.0
lymphoma ebv,3.0,11.0,3.666666667
cancer launch,9.0,11.0,1.222222222
middle school,9.0,11.0,1.222222222
test share,11.0,11.0,1.0
opinion test,11.0,11.0,1.0
plan opinion,11.0,11.0,1.0
mortality trend,7.0,11.0,1.571428571
surgery prognosis,11.0,11.0,1.0
marrow small,9.0,11.0,1.222222222
egfr alk,6.0,11.0,1.833333333
tremelimumab actl,3.0,11.0,3.666666667
tumor soft,7.0,11.0,1.571428571
disease advanced,10.0,11.0,1.1
postdoctoral fellowship,9.0,11.0,1.222222222
death hospice,4.0,11.0,2.75
abnormality chromosome,5.0,11.0,2.2
dna index,3.0,11.0,3.666666667
screening death,5.0,11.0,2.2
avascular necrosis,4.0,11.0,2.75
working party,5.0,11.0,2.2
therapy lymphoblastic,4.0,11.0,2.75
rate grade,8.0,11.0,1.375
infusion reaction,8.0,11.0,1.375
analysis data,9.0,11.0,1.222222222
emergency department,6.0,11.0,1.833333333
child genomic,3.0,11.0,3.666666667
transplant high,7.0,11.0,1.571428571
mind body,8.0,11.0,1.375
diagnosis low,8.0,11.0,1.375
blast cell,5.0,11.0,2.2
reason cancer,11.0,11.0,1.0
flow tube,8.0,11.0,1.375
screening interval,5.0,11.0,2.2
measure quality,10.0,11.0,1.1
low socioeconomic,9.0,11.0,1.222222222
opportunity outstanding,6.0,11.0,1.833333333
community support,11.0,11.0,1.0
community datum,8.0,11.0,1.375
body drug,11.0,11.0,1.0
disease team,11.0,11.0,1.0
quality datum,9.0,11.0,1.222222222
myeloid leukaemia,3.0,11.0,3.666666667
nciicc nih.gov,11.0,11.0,1.0
interesting nciicc,11.0,11.0,1.0
colon polyp,3.0,11.0,3.666666667
lens tissue,5.0,11.0,2.2
response pembrolizumab,11.0,11.0,1.0
financial distress,5.0,11.0,2.2
cancer pulmonary,4.0,11.0,2.75
department human,10.0,11.0,1.1
form drug,7.0,11.0,1.571428571
cell effectiveness,5.0,11.0,2.2
therapy bone,7.0,11.0,1.571428571
pediatric palliative,10.0,11.0,1.1
flt3 internal,3.0,11.0,3.666666667
structural alteration,4.0,11.0,2.75
tumor pancreatic,8.0,11.0,1.375
testing high,6.0,11.0,1.833333333
exam eye,4.0,11.0,2.75
oncologist advanced,4.0,11.0,2.75
transition advanced,3.0,11.0,3.666666667
cancer start,10.0,11.0,1.1
surgery thyroid,6.0,11.0,1.833333333
contribution cancer,9.0,11.0,1.222222222
smoking status,6.0,11.0,1.833333333
emotional response,4.0,11.0,2.75
outcome aml,5.0,11.0,2.2
tumor tracheobronchial,3.0,11.0,3.666666667
diagnosis stage,10.0,11.0,1.1
workshop agenda,11.0,11.0,1.0
long therapy,8.0,11.0,1.375
recurrence woman,6.0,11.0,1.833333333
support palliat,3.0,11.0,3.666666667
lymphoma classification,3.0,11.0,3.666666667
gene breast,7.0,11.0,1.571428571
leukemia therapy,9.0,11.0,1.222222222
old aml,3.0,11.0,3.666666667
astrocytoma glioma,3.0,11.0,3.666666667
cancer professor,6.0,11.0,1.833333333
year world,11.0,11.0,1.0
screening lung,9.0,11.0,1.222222222
old immunotherapy,11.0,11.0,1.0
problem drug,11.0,11.0,1.0
effectiveness analysis,3.0,11.0,3.666666667
therapy internal,6.0,11.0,1.833333333
cellular tumor,10.0,11.0,1.1
century cure,9.0,11.0,1.222222222
analysis consortium,10.0,11.0,1.1
loss high,3.0,11.0,3.666666667
factor advanced,9.0,11.0,1.222222222
pediatric hematology,9.0,11.0,1.222222222
week cancer,11.0,11.0,1.0
tumor percent,10.0,11.0,1.1
statistical significance,10.0,11.0,1.1
molecular response,7.0,11.0,1.571428571
nilotinib drug,3.0,11.0,3.666666667
mast cell,5.0,11.0,2.2
molecular imaging,10.0,11.0,1.1
response datum,10.0,11.0,1.1
mrna expression,4.0,11.0,2.75
cancer curesearch,11.0,11.0,1.0
vomiting nausea,5.0,11.0,2.2
development child,11.0,11.0,1.0
difference lung,9.0,11.0,1.222222222
daratumumab drug,4.0,11.0,2.75
myeloma daratumumab,3.0,11.0,3.666666667
carcinoma surgery,5.0,11.0,2.2
flt3 itd,3.0,11.0,3.666666667
child disease,10.0,11.0,1.1
fusion status,3.0,11.0,3.666666667
week time,9.0,11.0,1.222222222
symptom factor,9.0,11.0,1.222222222
cancer diverse,11.0,11.0,1.0
cell molecular,11.0,11.0,1.0
benefit adjuvant,5.0,11.0,2.2
base cervical,3.0,11.0,3.666666667
chemotherapy head,7.0,11.0,1.571428571
regular exercise,10.0,11.0,1.1
curesearch child,11.0,11.0,1.0
psychological impact,4.0,11.0,2.75
anxiety cancer,7.0,11.0,1.571428571
problem symptom,11.0,11.0,1.0
cancer kid,7.0,11.0,1.571428571
previous chemotherapy,5.0,11.0,2.2
variant protein,7.0,11.0,1.571428571
pediatric leukemia,6.0,11.0,1.833333333
dna variant,6.0,11.0,1.833333333
hospital anxiety,4.0,11.0,2.75
marrow lymph,7.0,11.0,1.571428571
indolent lymphoma,3.0,11.0,3.666666667
tumor infiltration,3.0,11.0,3.666666667
table distant,3.0,11.0,3.666666667
cancer emperor,7.0,11.0,1.571428571
diagnosis child,5.0,11.0,2.2
long complication,6.0,11.0,1.833333333
cell natural,7.0,11.0,1.571428571
sweat weight,5.0,11.0,2.2
lymphoma mycosis,7.0,11.0,1.571428571
cancer working,10.0,11.0,1.1
alteration high,5.0,11.0,2.2
precision prevention,11.0,11.0,1.0
endemic sporadic,6.0,11.0,1.833333333
advanced kidney,8.0,11.0,1.375
age disease,11.0,11.0,1.0
message cancer,9.0,11.0,1.222222222
urine bladder,4.0,11.0,2.75
sharing cancer,11.0,11.0,1.0
tumor diffuse,5.0,11.0,2.2
pediatric blood,3.0,11.0,3.666666667
recurrence tumor,9.0,11.0,1.222222222
light cancer,8.0,11.0,1.375
advance avenue,7.0,11.0,1.571428571
stage papillary,3.0,11.0,3.666666667
adjacent structure,4.0,11.0,2.75
gardner syndrome,4.0,11.0,2.75
symptom woman,6.0,11.0,1.833333333
cell finding,11.0,11.0,1.0
situ tumor,5.0,11.0,2.2
special note,6.0,11.0,1.833333333
faculty position,6.0,11.0,1.833333333
infant child,8.0,11.0,1.375
priority area,8.0,11.0,1.375
cancer applicable,8.0,11.0,1.375
tumor addition,11.0,11.0,1.0
bowel disease,5.0,11.0,2.2
fna biopsy,8.0,11.0,1.375
large breast,8.0,11.0,1.375
chemotherapy nasopharyngeal,3.0,11.0,3.666666667
dormant tumor,6.0,11.0,1.833333333
poor quality,7.0,11.0,1.571428571
flow urine,3.0,11.0,3.666666667
year investigator,10.0,11.0,1.1
cancer basel,7.0,11.0,1.571428571
mutation wilms,3.0,11.0,3.666666667
short duration,8.0,11.0,1.375
lymph distant,7.0,11.0,1.571428571
cancer table,8.0,11.0,1.375
chromosome aberration,7.0,11.0,1.571428571
edition world,5.0,11.0,2.2
serum thyroglobulin,3.0,11.0,3.666666667
similar adult,9.0,11.0,1.222222222
surgical therapy,9.0,11.0,1.222222222
resection surgery,6.0,11.0,1.833333333
point mutation,9.0,11.0,1.222222222
aggressive tumor,9.0,11.0,1.222222222
collaboration datum,11.0,11.0,1.0
tissue stage,5.0,11.0,2.2
illness therapy,4.0,11.0,2.75
assessment chronic,4.0,11.0,2.75
radiation injury,3.0,11.0,3.666666667
medulloblastoma tumor,6.0,11.0,1.833333333
slow growth,11.0,11.0,1.0
cancer relapse,11.0,11.0,1.0
prediction detection,11.0,11.0,1.0
prevention prediction,11.0,11.0,1.0
cancer avenue,11.0,11.0,1.0
translational epidemiological,11.0,11.0,1.0
cancer associated,6.0,11.0,1.833333333
edition classification,3.0,11.0,3.666666667
hiv aid,9.0,11.0,1.222222222
intramural conduct,11.0,11.0,1.0
cellular pathway,9.0,11.0,1.222222222
cancer enterprise,10.0,11.0,1.1
workshop participant,7.0,11.0,1.571428571
girl young,7.0,11.0,1.571428571
year prevalence,4.0,11.0,2.75
low body,9.0,11.0,1.222222222
cancer contract,11.0,11.0,1.0
diagnosis pediatric,8.0,11.0,1.375
transdisciplinary translational,11.0,11.0,1.0
innovative transdisciplinary,11.0,11.0,1.0
testing familial,3.0,11.0,3.666666667
hospital intramural,11.0,11.0,1.0
detection world,11.0,11.0,1.0
fatigue symptom,8.0,11.0,1.375
good tumor,10.0,11.0,1.1
iii disease,8.0,11.0,1.375
autologous allogeneic,4.0,11.0,2.75
drug rare,9.0,11.0,1.222222222
cancer microenvironment,11.0,11.0,1.0
respiratory tract,8.0,11.0,1.375
damage cancer,8.0,11.0,1.375
cdc cancer,8.0,10.0,1.25
surgery good,8.0,10.0,1.25
therapy mantle,4.0,10.0,2.5
antibody immune,10.0,10.0,1.0
antibody rituximab,9.0,10.0,1.111111111
ezh2 inhibitor,3.0,10.0,3.333333333
fluorine fludeoxyglucose,7.0,10.0,1.428571429
diagnosis advanced,8.0,10.0,1.25
cup cancer,6.0,10.0,1.666666667
body boost,10.0,10.0,1.0
boost direct,10.0,10.0,1.0
direct body,10.0,10.0,1.0
defense cancer,10.0,10.0,1.0
inoue choi,3.0,10.0,3.333333333
testing counseling,8.0,10.0,1.25
gene present,7.0,10.0,1.428571429
disease reduction,7.0,10.0,1.428571429
activity low,6.0,10.0,1.666666667
vaccine decrease,6.0,10.0,1.666666667
hpv quadrivalent,3.0,10.0,3.333333333
vaccine year,7.0,10.0,1.428571429
tissue prostate,4.0,10.0,2.5
metabolic pathway,6.0,10.0,1.666666667
enrollment cancer,9.0,10.0,1.111111111
low wilm,4.0,10.0,2.5
preliminary datum,9.0,10.0,1.111111111
obama budget,6.0,10.0,1.666666667
advocacy community,8.0,10.0,1.25
hpv prevalence,4.0,10.0,2.5
quadrivalent vaccine,3.0,10.0,3.333333333
room improvement,10.0,10.0,1.0
discovery cooperative,6.0,10.0,1.666666667
impact tumor,8.0,10.0,1.25
cancer close,10.0,10.0,1.0
disease immunotherapy,7.0,10.0,1.428571429
therapy spiritual,4.0,10.0,2.5
team provider,5.0,10.0,2.0
year completion,3.0,10.0,3.333333333
cancer alectinib,4.0,10.0,2.5
cancer anaplastic,5.0,10.0,2.0
cancer appropriate,9.0,10.0,1.111111111
cancer inequity,7.0,10.0,1.428571429
tumor cordeiro,6.0,10.0,1.666666667
therapy team,10.0,10.0,1.0
activation pathway,4.0,10.0,2.5
tumor head,8.0,10.0,1.25
enzyme fluorescent,10.0,10.0,1.0
dye antibody,10.0,10.0,1.0
detection test,8.0,10.0,1.25
additional support,9.0,10.0,1.111111111
tumor microsatellite,4.0,10.0,2.5
rise incidence,4.0,10.0,2.5
rate black,4.0,10.0,2.5
rest body,9.0,10.0,1.111111111
enzyme dye,10.0,10.0,1.0
springer tumor,4.0,10.0,2.5
dye antigen,10.0,10.0,1.0
antigen microscope,10.0,10.0,1.0
tissue piece,5.0,10.0,2.0
pharmacological therapy,5.0,10.0,2.0
disease multiple,10.0,10.0,1.0
committee immunization,3.0,10.0,3.333333333
great time,8.0,10.0,1.25
marker sample,10.0,10.0,1.0
tissue antibody,10.0,10.0,1.0
antibody enzyme,10.0,10.0,1.0
core biopsy,9.0,10.0,1.111111111
oxidative phosphorylation,3.0,10.0,3.333333333
problem old,10.0,10.0,1.0
oncology fellowship,7.0,10.0,1.428571429
large complex,8.0,10.0,1.25
union cancer,9.0,10.0,1.111111111
active drug,7.0,10.0,1.428571429
cancer urinary,7.0,10.0,1.428571429
long chronic,6.0,10.0,1.666666667
favorable prognostic,4.0,10.0,2.5
joint committee,7.0,10.0,1.428571429
example large,8.0,10.0,1.25
deletion exon,4.0,10.0,2.5
detectable tumor,4.0,10.0,2.5
removal entire,10.0,10.0,1.0
disease heart,7.0,10.0,1.428571429
reason night,5.0,10.0,2.0
test hypothesis,9.0,10.0,1.111111111
medicine precision,5.0,10.0,2.0
skin eye,9.0,10.0,1.111111111
tissue model,6.0,10.0,1.666666667
blastoma pleuropulmonary,3.0,10.0,3.333333333
survivor cognitive,4.0,10.0,2.5
decline year,7.0,10.0,1.428571429
representative sample,10.0,10.0,1.0
day cycle,6.0,10.0,1.666666667
tumor craniopharyngioma,4.0,10.0,2.5
recurrence disease,9.0,10.0,1.111111111
delivery community,9.0,10.0,1.111111111
microscopy advance,6.0,10.0,1.666666667
idea high,10.0,10.0,1.0
origin cancer,7.0,10.0,1.428571429
disease response,8.0,10.0,1.25
small intestinal,6.0,10.0,1.666666667
invasive carcinoma,6.0,10.0,1.666666667
key factor,10.0,10.0,1.0
thyroid tissue,3.0,10.0,3.333333333
development opportunity,10.0,10.0,1.0
cancer psychological,8.0,10.0,1.25
lymphocyte blood,8.0,10.0,1.25
coll radiol,8.0,10.0,1.25
immune body,10.0,10.0,1.0
lymphoma age,6.0,10.0,1.666666667
dehydrogenase ldh,7.0,10.0,1.428571429
para aortic,6.0,10.0,1.666666667
suppressor protein,5.0,10.0,2.0
disease lung,10.0,10.0,1.0
disease datum,8.0,10.0,1.25
learning memory,9.0,10.0,1.111111111
poster session,6.0,10.0,1.666666667
material cancer,10.0,10.0,1.0
ability cell,9.0,10.0,1.111111111
episode transcript,10.0,10.0,1.0
difficult cancer,10.0,10.0,1.0
low prevalence,7.0,10.0,1.428571429
indolent aggressive,3.0,10.0,3.333333333
lymphoma symptom,6.0,10.0,1.666666667
neck region,7.0,10.0,1.428571429
surgical biopsy,5.0,10.0,2.0
gene epigenetic,4.0,10.0,2.5
carotid artery,3.0,10.0,3.333333333
therapy positive,6.0,10.0,1.666666667
characteristic cell,7.0,10.0,1.428571429
rate confidence,8.0,10.0,1.25
sample breast,9.0,10.0,1.111111111
disease body,10.0,10.0,1.0
resistant chemotherapy,8.0,10.0,1.25
extent surgery,8.0,10.0,1.25
test prostate,5.0,10.0,2.0
biological pathway,8.0,10.0,1.25
chemotherapy analysis,6.0,10.0,1.666666667
therapy favorable,4.0,10.0,2.5
cancer advocate,10.0,10.0,1.0
dna test,9.0,10.0,1.111111111
share experience,10.0,10.0,1.0
multi omic,10.0,10.0,1.0
situ breast,4.0,10.0,2.5
specialist pediatrician,10.0,10.0,1.0
block signal,9.0,10.0,1.111111111
antibody bind,10.0,10.0,1.0
oral infection,5.0,10.0,2.0
placebo death,7.0,10.0,1.428571429
inhibitor single,8.0,10.0,1.25
mutation blood,5.0,10.0,2.0
placebo adverse,3.0,10.0,3.333333333
datum pembrolizumab,6.0,10.0,1.666666667
atlas tcga,9.0,10.0,1.111111111
remission induction,9.0,10.0,1.111111111
cell metabolic,5.0,10.0,2.0
extent tumor,8.0,10.0,1.25
metastatic solid,9.0,10.0,1.111111111
crispr cas9,5.0,10.0,2.0
great thing,10.0,10.0,1.0
autologous hsct,4.0,10.0,2.5
genetic colorectal,3.0,10.0,3.333333333
point child,10.0,10.0,1.0
metastasis unilateral,3.0,10.0,3.333333333
tumor lymphoma,8.0,10.0,1.25
outcome comparable,4.0,10.0,2.5
therapy abdomen,5.0,10.0,2.0
carcinoma int,3.0,10.0,3.333333333
exome sequencing,6.0,10.0,1.666666667
mcd test,5.0,10.0,2.0
diarrhea fatigue,7.0,10.0,1.428571429
hormone body,9.0,10.0,1.111111111
prior surgery,8.0,10.0,1.25
brigitte widemann,4.0,10.0,2.5
cognitive symptom,4.0,10.0,2.5
diagnosis old,8.0,10.0,1.25
function gene,8.0,10.0,1.25
advance precision,4.0,10.0,2.5
gene activity,10.0,10.0,1.0
tumor bladder,8.0,10.0,1.25
tobacco secondhand,4.0,10.0,2.5
pediatric normal,3.0,10.0,3.333333333
chemotherapy addition,10.0,10.0,1.0
positive aml,6.0,10.0,1.666666667
likelihood cancer,9.0,10.0,1.111111111
molecular makeup,7.0,10.0,1.428571429
constipation diarrhea,7.0,10.0,1.428571429
public servant,7.0,10.0,1.428571429
success rate,8.0,10.0,1.25
development colorectal,7.0,10.0,1.428571429
cancer prev,5.0,10.0,2.0
ovarian epithelial,10.0,10.0,1.0
disease mutation,10.0,10.0,1.0
innovative cancer,10.0,10.0,1.0
observation cancer,7.0,10.0,1.428571429
hum pathol,6.0,10.0,1.666666667
tumor capsule,3.0,10.0,3.333333333
percent cancer,10.0,10.0,1.0
adjuvant hormone,3.0,10.0,3.333333333
innovative molecular,10.0,10.0,1.0
cancer upper,6.0,10.0,1.666666667
neuroblastoma high,6.0,10.0,1.666666667
gene child,3.0,10.0,3.333333333
chair cancer,8.0,10.0,1.25
moonshot blue,8.0,10.0,1.25
protein complex,9.0,10.0,1.111111111
fatigue pain,8.0,10.0,1.25
immunotherapy lung,8.0,10.0,1.25
structure function,10.0,10.0,1.0
pi3k inhibitor,5.0,10.0,2.0
tumor parathyroid,5.0,10.0,2.0
strong response,9.0,10.0,1.111111111
drug leukemia,8.0,10.0,1.25
indolent course,7.0,10.0,1.428571429
survivor share,9.0,10.0,1.111111111
big thing,6.0,10.0,1.666666667
week radiation,10.0,10.0,1.0
failure child,4.0,10.0,2.5
well surgery,9.0,10.0,1.111111111
analysis multiple,9.0,10.0,1.111111111
metastatic medullary,5.0,10.0,2.0
high age,7.0,10.0,1.428571429
child adolesc,5.0,10.0,2.0
target mutation,8.0,10.0,1.25
welcome turn,10.0,10.0,1.0
rate adult,10.0,10.0,1.0
project year,10.0,10.0,1.0
expression high,8.0,10.0,1.25
drug old,10.0,10.0,1.0
low lip,4.0,10.0,2.5
reduction year,5.0,10.0,2.0
radiopharmaceutical therapy,3.0,10.0,3.333333333
rate man,8.0,10.0,1.25
therapy complete,9.0,10.0,1.111111111
age- sex,5.0,10.0,2.0
braf v600,8.0,10.0,1.25
mortality united,8.0,10.0,1.25
final week,3.0,10.0,3.333333333
percent participant,8.0,10.0,1.25
crucial cancer,8.0,10.0,1.25
cancer excess,5.0,10.0,2.0
testing gene,7.0,10.0,1.428571429
endocrine disorder,5.0,10.0,2.0
hpv positive,8.0,10.0,1.25
urinary tumor,3.0,10.0,3.333333333
therapy rare,10.0,10.0,1.0
mutation normal,4.0,10.0,2.5
gene abnormality,6.0,10.0,1.666666667
long bone,5.0,10.0,2.0
promoter hypermethylation,3.0,10.0,3.333333333
hospice enrollment,3.0,10.0,3.333333333
protein function,9.0,10.0,1.111111111
endocrine men2a,3.0,10.0,3.333333333
radioactive seed,3.0,10.0,3.333333333
target immune,8.0,10.0,1.25
computational branch,6.0,10.0,1.666666667
receptor her2,3.0,10.0,3.333333333
paget disease,5.0,10.0,2.0
cancer mesothelioma,5.0,10.0,2.0
person immune,10.0,10.0,1.0
oncology community,10.0,10.0,1.0
pregnancy complication,4.0,10.0,2.5
cell right,9.0,10.0,1.111111111
chemotherapy neoadjuvant,4.0,10.0,2.5
neck underarm,6.0,10.0,1.666666667
datum quality,9.0,10.0,1.111111111
large area,6.0,10.0,1.666666667
tissue eye,4.0,10.0,2.5
severe chronic,5.0,10.0,2.0
surgery branch,10.0,10.0,1.0
dave tool,5.0,10.0,2.0
tumor rectum,3.0,10.0,3.333333333
introduction cancer,10.0,10.0,1.0
kimmel cancer,9.0,10.0,1.111111111
high protein,9.0,10.0,1.111111111
regimen chemotherapy,8.0,10.0,1.25
additional chemotherapy,10.0,10.0,1.0
finding tumor,10.0,10.0,1.0
body skin,6.0,10.0,1.666666667
positive lung,8.0,10.0,1.25
leukemia adult,8.0,10.0,1.25
chemotherapy exposure,3.0,10.0,3.333333333
lymphocyte white,10.0,10.0,1.0
frequency low,3.0,10.0,3.333333333
abdomen drug,9.0,10.0,1.111111111
prognosis person,10.0,10.0,1.0
person prognosis,10.0,10.0,1.0
physical function,5.0,10.0,2.0
history tumor,7.0,10.0,1.428571429
screening diagnosis,10.0,10.0,1.0
year right,8.0,10.0,1.25
activity tumor,10.0,10.0,1.0
high response,8.0,10.0,1.25
signature cancer,6.0,10.0,1.666666667
tissue origin,8.0,10.0,1.25
somatic germline,6.0,10.0,1.666666667
cell number,8.0,10.0,1.25
glioma brain,8.0,10.0,1.25
test unnecessary,8.0,10.0,1.25
response biomarker,6.0,10.0,1.666666667
progress year,10.0,10.0,1.0
growth pattern,9.0,10.0,1.111111111
factor small,8.0,10.0,1.25
progress prevention,10.0,10.0,1.0
tumor abnormal,8.0,10.0,1.25
needle skin,9.0,10.0,1.111111111
marrow sample,8.0,10.0,1.25
missing extra,10.0,10.0,1.0
factor counseling,3.0,10.0,3.333333333
cell nucleus,8.0,10.0,1.25
hormone cancer,6.0,10.0,1.666666667
drug surgery,7.0,10.0,1.428571429
disease hodgkin,4.0,10.0,2.5
gland thyroid,7.0,10.0,1.428571429
testing therapy,8.0,10.0,1.25
progress annual,10.0,10.0,1.0
adult leukemia,8.0,10.0,1.25
cancer esophagus,7.0,10.0,1.428571429
nanci cancer,6.0,10.0,1.666666667
radiation body,9.0,10.0,1.111111111
low spinal,5.0,10.0,2.0
sarcoma cell,5.0,10.0,2.0
year annual,10.0,10.0,1.0
r01 equivalent,4.0,10.0,2.5
vision loss,4.0,10.0,2.5
high cervical,6.0,10.0,1.666666667
capstone project,3.0,10.0,3.333333333
registry pediatr,5.0,10.0,2.0
cigarette smoker,6.0,10.0,1.666666667
tobacco harmful,6.0,10.0,1.666666667
kidney bladder,7.0,10.0,1.428571429
cigarette smoke,7.0,10.0,1.428571429
therapy week,7.0,10.0,1.428571429
nearby organ,8.0,10.0,1.25
csf blue,5.0,10.0,2.0
cancer europe,5.0,10.0,2.0
loss interest,5.0,10.0,2.0
recurrence guiding,10.0,10.0,1.0
ependymoma survivor,7.0,10.0,1.428571429
extrachromosomal dna,7.0,10.0,1.428571429
factor outcome,8.0,10.0,1.25
factor tobacco,8.0,10.0,1.25
cell microenvironment,10.0,10.0,1.0
metastatic brain,5.0,10.0,2.0
mutation single,7.0,10.0,1.428571429
year colorectal,9.0,10.0,1.111111111
figure inject,5.0,10.0,2.0
area breast,7.0,10.0,1.428571429
goal high,9.0,10.0,1.111111111
hemoglobin protein,10.0,10.0,1.0
area regional,9.0,10.0,1.111111111
yield clue,6.0,10.0,1.666666667
drug cisplatin,9.0,10.0,1.111111111
country high,9.0,10.0,1.111111111
tumor novel,8.0,10.0,1.25
nutrient neighboring,4.0,10.0,2.5
line cancer,10.0,10.0,1.0
oncology esmo,10.0,10.0,1.0
area opportunity,7.0,10.0,1.428571429
tumor speciman,6.0,10.0,1.666666667
topical drug,3.0,10.0,3.333333333
special receptor,7.0,10.0,1.428571429
tumor infantile,6.0,10.0,1.666666667
cancer sensitive,10.0,10.0,1.0
novel therapeutic,10.0,10.0,1.0
renal medullary,3.0,10.0,3.333333333
relevant adult,10.0,10.0,1.0
protein oxygen,10.0,10.0,1.0
tumor screening,4.0,10.0,2.5
sexuality day,10.0,10.0,1.0
high man,9.0,10.0,1.111111111
tumor pineoblastoma,4.0,10.0,2.5
person experience,4.0,10.0,2.5
sodium cancer,3.0,10.0,3.333333333
prevention fellowship,8.0,10.0,1.25
therapeutic clinic,8.0,10.0,1.25
leukemia recurrent,4.0,10.0,2.5
testing screen,5.0,10.0,2.0
survivor old,5.0,10.0,2.0
screening prostate,8.0,10.0,1.25
cancer africa,5.0,10.0,2.0
sarcoma rhabdomyosarcoma,10.0,10.0,1.0
base pair,9.0,10.0,1.111111111
child rhabdomyosarcoma,6.0,10.0,1.666666667
gastroenteropancreatic neuroendocrine,3.0,10.0,3.333333333
child solid,9.0,10.0,1.111111111
chemotherapy palliative,6.0,10.0,1.666666667
allogeneic transplant,7.0,10.0,1.428571429
kid medulloblastoma,6.0,10.0,1.666666667
management strategy,9.0,10.0,1.111111111
problem broken,4.0,10.0,2.5
severe pain,9.0,10.0,1.111111111
therapy agent,6.0,10.0,1.666666667
chemotherapy disease,9.0,10.0,1.111111111
inst monogr,5.0,10.0,2.0
prior regimen,8.0,10.0,1.25
response covid-19,6.0,10.0,1.666666667
int pediatr,4.0,10.0,2.5
pediatr otorhinolaryngol,4.0,10.0,2.5
couple year,5.0,10.0,2.0
high likelihood,10.0,10.0,1.0
broad community,9.0,10.0,1.111111111
complexity cancer,10.0,10.0,1.0
time method,3.0,10.0,3.333333333
variant syndrome,4.0,10.0,2.5
year relapse,5.0,10.0,2.0
surgery time,9.0,10.0,1.111111111
desmoplastic small,9.0,10.0,1.111111111
wedge resection,5.0,10.0,2.0
increase detection,6.0,10.0,1.666666667
growth spread,9.0,10.0,1.111111111
sex cord,5.0,10.0,2.0
cancer subscribe,10.0,10.0,1.0
expression grief,3.0,10.0,3.333333333
great improvement,7.0,10.0,1.428571429
grief complicated,3.0,10.0,3.333333333
hdac inhibitor,4.0,10.0,2.5
therapy mastectomy,4.0,10.0,2.5
cancer esthesioneuroblastoma,4.0,10.0,2.5
reactive cell,4.0,10.0,2.5
synchronous metachronous,4.0,10.0,2.5
prognostic feature,3.0,10.0,3.333333333
antibody tumor,5.0,10.0,2.0
cancer senior,10.0,10.0,1.0
lymphoma new,10.0,10.0,1.0
cancer dose,7.0,10.0,1.428571429
bartosch issue,10.0,10.0,1.0
example child,10.0,10.0,1.0
gene normal,6.0,10.0,1.666666667
gene mechanism,4.0,10.0,2.5
idh2 variant,3.0,10.0,3.333333333
biological marker,8.0,10.0,1.25
nivolumab ipilimumab,7.0,10.0,1.428571429
man advanced,7.0,10.0,1.428571429
progress area,10.0,10.0,1.0
drug biomarker,6.0,10.0,1.666666667
her2 status,3.0,10.0,3.333333333
subsequent analysis,9.0,10.0,1.111111111
year thyroid,3.0,10.0,3.333333333
notice award,9.0,10.0,1.111111111
cancer gut,5.0,10.0,2.0
anterior pituitary,3.0,10.0,3.333333333
histological diagnosis,4.0,10.0,2.5
severe diarrhea,4.0,10.0,2.5
diarrhea cancer,3.0,10.0,3.333333333
year addition,9.0,10.0,1.111111111
brain surgery,5.0,10.0,2.0
long morbidity,7.0,10.0,1.428571429
statistical model,7.0,10.0,1.428571429
application announcement,10.0,10.0,1.0
award management,9.0,10.0,1.111111111
management specialist,7.0,10.0,1.428571429
model community,5.0,10.0,2.0
central dogma,4.0,10.0,2.5
prevention colorectal,5.0,10.0,2.0
cyclophosphamide doxorubicin,7.0,10.0,1.428571429
pacific region,5.0,10.0,2.0
syndrome feature,5.0,10.0,2.0
small fraction,8.0,10.0,1.25
schedule receipt,10.0,10.0,1.0
receipt cycle,10.0,10.0,1.0
initial council,10.0,10.0,1.0
biliary tract,4.0,10.0,2.5
ncorp cancer,5.0,10.0,2.0
protein molecule,10.0,10.0,1.0
carcinoma syndrome,9.0,10.0,1.111111111
planning advanced,7.0,10.0,1.428571429
adult advanced,9.0,10.0,1.111111111
number woman,10.0,10.0,1.0
cancer characteristic,9.0,10.0,1.111111111
myeloma new,10.0,10.0,1.0
fusion child,6.0,10.0,1.666666667
prognosis poor,8.0,10.0,1.25
singer ph.d,6.0,10.0,1.666666667
chemotherapy option,9.0,10.0,1.111111111
council early,10.0,10.0,1.0
area relevant,5.0,10.0,2.0
moxetumomab pasudotox,3.0,10.0,3.333333333
investigator annual,5.0,10.0,2.0
taxane chemotherapy,3.0,10.0,3.333333333
transcript oliver,10.0,10.0,1.0
syndrome pediatric,5.0,10.0,2.0
option child,10.0,10.0,1.0
residence alien,9.0,10.0,1.111111111
selective serotonin,4.0,10.0,2.5
serotonin reuptake,4.0,10.0,2.5
clue multiple,6.0,10.0,1.666666667
step moonshot,6.0,10.0,1.666666667
child cell,9.0,10.0,1.111111111
molecular pathogenesis,4.0,10.0,2.5
growth metastasis,8.0,10.0,1.25
therapy new,10.0,10.0,1.0
scan year,4.0,10.0,2.5
response stable,7.0,10.0,1.428571429
low colorectal,3.0,10.0,3.333333333
goal therapy,7.0,10.0,1.428571429
cancer illness,9.0,10.0,1.111111111
variant atrx,3.0,10.0,3.333333333
thin layer,5.0,10.0,2.0
award duration,8.0,10.0,1.25
vein blood,9.0,10.0,1.111111111
child advanced,9.0,10.0,1.111111111
medicine child,9.0,10.0,1.111111111
rolapitant nausea,6.0,10.0,1.666666667
test gene,6.0,10.0,1.666666667
tumor idh,7.0,10.0,1.428571429
cancer olaparib,4.0,10.0,2.5
nordic country,7.0,10.0,1.428571429
prevention conversation,6.0,10.0,1.666666667
idh glioma,4.0,10.0,2.5
tumor supratentorial,4.0,10.0,2.5
age smoking,7.0,10.0,1.428571429
cisplatin advanced,6.0,10.0,1.666666667
epithelial fallopian,8.0,10.0,1.25
cancer essential,10.0,10.0,1.0
phase drug,10.0,10.0,1.0
visa eligible,9.0,10.0,1.111111111
stage postdoctoral,7.0,10.0,1.428571429
card verification,9.0,10.0,1.111111111
verification legal,9.0,10.0,1.111111111
legal admission,9.0,10.0,1.111111111
admission permanent,9.0,10.0,1.111111111
difference overall,9.0,10.0,1.111111111
award development,7.0,10.0,1.428571429
drug regiman,8.0,10.0,1.25
week cycle,5.0,10.0,2.0
preventive measure,9.0,10.0,1.111111111
cancer instance,10.0,10.0,1.0
cancer wilm,4.0,10.0,2.5
inflammatory drug,6.0,10.0,1.666666667
metabolism cancer,8.0,10.0,1.25
prevention vaccine,6.0,10.0,1.666666667
randomized double,6.0,10.0,1.666666667
year adult,6.0,10.0,1.666666667
frequency severity,8.0,10.0,1.25
smoke harmful,3.0,10.0,3.333333333
year advanced,7.0,10.0,1.428571429
fatty acid,6.0,10.0,1.666666667
disease mortality,8.0,10.0,1.25
receptor scintigraphy,4.0,10.0,2.5
postdoc year,4.0,10.0,2.5
smoker lung,5.0,10.0,2.0
bendamustine hydrochloride,3.0,10.0,3.333333333
cancer status,7.0,10.0,1.428571429
standardized mortality,3.0,10.0,3.333333333
low affinity,3.0,10.0,3.333333333
instruction opportunity,4.0,10.0,2.5
position equivalent,6.0,10.0,1.666666667
serotonin norepinephrine,4.0,10.0,2.5
norepinephrine reuptake,4.0,10.0,2.5
child selumetinib,3.0,10.0,3.333333333
test high,9.0,10.0,1.111111111
leukemia myeloid,10.0,10.0,1.0
diffuse glioma,6.0,10.0,1.666666667
malignant melanoma,5.0,10.0,2.0
primitive neuro,6.0,10.0,1.666666667
neuro ectodermal,6.0,10.0,1.666666667
testing year,7.0,10.0,1.428571429
high burden,9.0,10.0,1.111111111
terminology criterion,6.0,10.0,1.666666667
opportunity rfa,3.0,10.0,3.333333333
diarrhea nausea,7.0,10.0,1.428571429
legal verification,7.0,10.0,1.428571429
responsible documenting,4.0,10.0,2.5
verification status,7.0,10.0,1.428571429
cytochrome p450,5.0,10.0,2.0
pace datum,6.0,10.0,1.666666667
syndrome management,6.0,10.0,1.666666667
disease age,6.0,10.0,1.666666667
age rate,8.0,10.0,1.25
small size,8.0,10.0,1.25
therapy placebo,6.0,10.0,1.666666667
collaborative project,9.0,10.0,1.111111111
tumor glioma,9.0,10.0,1.111111111
dmmr msi,4.0,10.0,2.5
immunotherapy pembrolizumab,7.0,10.0,1.428571429
nobel prize,7.0,10.0,1.428571429
pembrolizumab cancer,8.0,10.0,1.25
person quality,6.0,10.0,1.666666667
carcinoma pediatric,8.0,10.0,1.25
cancer cochrane,6.0,10.0,1.666666667
grief therapy,3.0,10.0,3.333333333
therapeutic radiation,5.0,10.0,2.0
middle aged,8.0,10.0,1.25
tumor big,10.0,10.0,1.0
cancer class,7.0,10.0,1.428571429
disease hormone,7.0,10.0,1.428571429
influence effectiveness,6.0,10.0,1.666666667
immune blockade,7.0,10.0,1.428571429
heart damage,4.0,10.0,2.5
criterion adverse,6.0,10.0,1.666666667
tumor benefit,6.0,10.0,1.666666667
testing immunotherapy,8.0,10.0,1.25
relevant complete,10.0,10.0,1.0
positive predictive,6.0,10.0,1.666666667
activity gene,9.0,10.0,1.111111111
disease initial,9.0,10.0,1.111111111
metastasis death,6.0,10.0,1.666666667
cell pet,9.0,10.0,1.111111111
aggressive brain,8.0,10.0,1.25
volume radiation,4.0,10.0,2.5
subtype medulloblastoma,5.0,10.0,2.0
amputation limb,3.0,10.0,3.333333333
line systemic,5.0,10.0,2.0
development high,8.0,10.0,1.25
metastatic nsclc,6.0,10.0,1.666666667
continuum cancer,10.0,10.0,1.0
increase time,8.0,10.0,1.25
adult low,6.0,10.0,1.666666667
crucial characteristic,6.0,10.0,1.666666667
child ayas,4.0,10.0,2.5
small series,5.0,10.0,2.0
age response,6.0,10.0,1.666666667
addition small,9.0,10.0,1.111111111
toxicity high,6.0,10.0,1.666666667
response high,9.0,10.0,1.111111111
surgery child,7.0,10.0,1.428571429
validity consistency,6.0,10.0,1.666666667
area high,10.0,10.0,1.0
man black,9.0,10.0,1.111111111
watchful active,5.0,10.0,2.0
institution investigator,10.0,10.0,1.0
option woman,10.0,10.0,1.0
healthy donor,5.0,10.0,2.0
able tumor,10.0,10.0,1.0
tumor bad,8.0,10.0,1.25
high drug,9.0,10.0,1.111111111
tumor tp53,4.0,10.0,2.5
therapy participant,8.0,10.0,1.25
necrosis factor,5.0,10.0,2.0
week year,9.0,10.0,1.111111111
day hospital,5.0,10.0,2.0
pembrolizumab immune,10.0,10.0,1.0
removal woman,6.0,10.0,1.666666667
pembrolizumab lung,6.0,10.0,1.666666667
consistency external,5.0,10.0,2.0
limitation cancer,10.0,10.0,1.0
variant addition,3.0,10.0,3.333333333
cost portable,8.0,10.0,1.25
drug new,10.0,10.0,1.0
gastrointestinal tumor,7.0,10.0,1.428571429
tumor diagnostic,8.0,10.0,1.25
recipient cancer,8.0,10.0,1.25
surgery ovarian,6.0,10.0,1.666666667
safety profile,9.0,10.0,1.111111111
quotation mark,4.0,10.0,2.5
drug brain,6.0,10.0,1.666666667
informatic development,3.0,10.0,3.333333333
variant analysis,4.0,10.0,2.5
skin exam,7.0,10.0,1.428571429
white black,9.0,10.0,1.111111111
year transplant,5.0,10.0,2.0
drug phase,9.0,10.0,1.111111111
mark identifi,4.0,10.0,2.5
identifi field,4.0,10.0,2.5
fusion rare,6.0,10.0,1.666666667
sample high,9.0,10.0,1.111111111
experience disease,10.0,10.0,1.0
time transition,6.0,10.0,1.666666667
effectiveness cancer,10.0,10.0,1.0
benefit ratio,7.0,10.0,1.428571429
application box,4.0,10.0,2.5
business innovation,8.0,10.0,1.25
fulvestrant postmenopausal,3.0,10.0,3.333333333
skin surface,5.0,10.0,2.0
cavity pharynx,7.0,10.0,1.428571429
judgment budget,6.0,10.0,1.666666667
emory university,9.0,10.0,1.111111111
area development,9.0,10.0,1.111111111
fusobacterium colorectal,4.0,10.0,2.5
therapy complicated,6.0,10.0,1.666666667
ccdi molecular,6.0,10.0,1.666666667
normal brain,8.0,10.0,1.25
target datum,9.0,10.0,1.111111111
intraocular eye,4.0,10.0,2.5
overall time,9.0,10.0,1.111111111
ability immune,9.0,10.0,1.111111111
paperwork reduction,5.0,10.0,2.0
cessation counseling,5.0,10.0,2.0
reduction act,5.0,10.0,2.0
cancer helicobacter,3.0,10.0,3.333333333
mount sinai,7.0,10.0,1.428571429
ribociclib palbociclib,4.0,10.0,2.5
variant familial,5.0,10.0,2.0
prevention low,6.0,10.0,1.666666667
overall analysis,8.0,10.0,1.25
cancer false,8.0,10.0,1.25
cancer degree,8.0,10.0,1.25
minority underserved,7.0,10.0,1.428571429
hard cancer,9.0,10.0,1.111111111
target gene,8.0,10.0,1.25
blood relative,3.0,10.0,3.333333333
annal oncology,6.0,10.0,1.666666667
melanoma mole,4.0,10.0,2.5
tumor difference,10.0,10.0,1.0
diagnosis molecular,8.0,10.0,1.25
biomarker tumor,10.0,10.0,1.0
strategy immune,6.0,10.0,1.666666667
mediastinal tumor,3.0,10.0,3.333333333
age colorectal,5.0,10.0,2.0
white hispanic,7.0,10.0,1.428571429
dialogue cancer,8.0,10.0,1.25
gene signature,6.0,10.0,1.666666667
tumor lab,8.0,10.0,1.25
dexamethasone drug,5.0,10.0,2.0
prognosis large,4.0,10.0,2.5
cancer pylorus,3.0,10.0,3.333333333
short long,8.0,10.0,1.25
high stage,10.0,10.0,1.0
cardia gastric,3.0,10.0,3.333333333
medulloblastoma survivor,5.0,10.0,2.0
analysis chemotherapy,8.0,10.0,1.25
testing pathogenic,4.0,10.0,2.5
death colorectal,5.0,10.0,2.0
time breast,7.0,10.0,1.428571429
resistance immune,8.0,10.0,1.25
stage iib,8.0,10.0,1.25
cell pathway,10.0,10.0,1.0
woman previous,7.0,10.0,1.428571429
mammogram breast,3.0,10.0,3.333333333
efficacy drug,10.0,10.0,1.0
human brain,9.0,10.0,1.111111111
hpv detection,6.0,10.0,1.666666667
death old,6.0,10.0,1.666666667
stress disorder,7.0,10.0,1.428571429
test benefit,8.0,10.0,1.25
sensitive breast,6.0,10.0,1.666666667
persistent recurrent,4.0,10.0,2.5
cancer aging,5.0,10.0,2.0
rare syndrome,5.0,10.0,2.0
breast lobe,4.0,10.0,2.5
organ dysfunction,7.0,10.0,1.428571429
rare subtype,6.0,10.0,1.666666667
muscle mass,5.0,10.0,2.0
compr canc,9.0,10.0,1.111111111
canc netw,9.0,10.0,1.111111111
cancer relationship,7.0,10.0,1.428571429
leukemia infant,6.0,10.0,1.666666667
dose low,6.0,10.0,1.666666667
tumor particular,10.0,10.0,1.0
cohort participant,7.0,10.0,1.428571429
genetic integrative,9.0,10.0,1.111111111
integrative medicine,7.0,10.0,1.428571429
child able,9.0,10.0,1.111111111
damage chemotherapy,8.0,10.0,1.25
agent high,8.0,10.0,1.25
supplement application,4.0,10.0,2.5
genomic proteomic,8.0,10.0,1.25
obstruction syndrome,3.0,10.0,3.333333333
detection high,7.0,10.0,1.428571429
tumor registry,6.0,10.0,1.666666667
mutation adult,7.0,10.0,1.428571429
surface antigen,4.0,10.0,2.5
example breast,10.0,10.0,1.0
intergroup clin,5.0,10.0,2.0
genomics datum,6.0,10.0,1.666666667
chemotherapy low,9.0,10.0,1.111111111
year able,10.0,10.0,1.0
cancer cns,3.0,10.0,3.333333333
infant leukemia,4.0,10.0,2.5
accelerate conversation,10.0,10.0,1.0
behavioral factor,7.0,10.0,1.428571429
quality breast,6.0,10.0,1.666666667
appetite weight,8.0,10.0,1.25
neurocognitive function,3.0,10.0,3.333333333
cell edge,7.0,10.0,1.428571429
know cancer,10.0,10.0,1.0
disease stroke,5.0,10.0,2.0
syndrome year,5.0,10.0,2.0
retrospective child,6.0,10.0,1.666666667
age factor,10.0,10.0,1.0
crchd eiap,10.0,10.0,1.0
challenge team,7.0,10.0,1.428571429
marta prado,8.0,10.0,1.25
drug inhibitor,10.0,10.0,1.0
assessment counseling,6.0,10.0,1.666666667
alteration braf,3.0,10.0,3.333333333
profiling tumor,10.0,10.0,1.0
immunotherapy tumor,10.0,10.0,1.0
ibrutinib imbruvica,9.0,10.0,1.111111111
adt man,3.0,10.0,3.333333333
postmenopausal breast,4.0,10.0,2.5
active area,8.0,10.0,1.25
crchd cohort,10.0,10.0,1.0
gene blood,6.0,10.0,1.666666667
disease human,7.0,10.0,1.428571429
season inside,5.0,10.0,2.0
inside cancer,5.0,10.0,2.0
cell mature,4.0,10.0,2.5
high lymphoblastic,5.0,10.0,2.0
aggregate datum,10.0,10.0,1.0
natural disaster,4.0,10.0,2.5
power datum,9.0,10.0,1.111111111
drug active,6.0,10.0,1.666666667
collaborative tec,7.0,10.0,1.428571429
cancer cellular,9.0,10.0,1.111111111
lung brain,8.0,10.0,1.25
low chemotherapy,6.0,10.0,1.666666667
pediatric hodgkin,4.0,10.0,2.5
cancer lump,5.0,10.0,2.0
cancer kaposi,6.0,10.0,1.666666667
genomic dataset,7.0,10.0,1.428571429
metastatic germ,3.0,10.0,3.333333333
remove cancer,7.0,10.0,1.428571429
nerve tumor,3.0,10.0,3.333333333
cell destruction,10.0,10.0,1.0
scale cancer,10.0,10.0,1.0
variant exclusive,3.0,9.0,3.0
mechanism underlie,8.0,9.0,1.125
watchful symptom,7.0,9.0,1.285714286
normal kidney,5.0,9.0,1.8
kidney wilm,3.0,9.0,3.0
therapy relapse,5.0,9.0,1.8
immunoprevention cip,5.0,9.0,1.8
presentation diagnostic,6.0,9.0,1.5
muscle fat,8.0,9.0,1.125
disease old,9.0,9.0,1.0
later stage,9.0,9.0,1.0
test cervical,9.0,9.0,1.0
cancer substantial,9.0,9.0,1.0
point mechanism,5.0,9.0,1.8
mesylate advanced,5.0,9.0,1.8
symptom stage,7.0,9.0,1.285714286
anxiety symptom,6.0,9.0,1.5
lung pancreatic,7.0,9.0,1.285714286
active healthy,5.0,9.0,1.8
age low,5.0,9.0,1.8
development cell,9.0,9.0,1.0
prognosis neuropathol,3.0,9.0,3.0
extracellular matrix,5.0,9.0,1.8
present young,3.0,9.0,3.0
function radiation,3.0,9.0,3.0
function quality,7.0,9.0,1.285714286
aml diagnosis,3.0,9.0,3.0
mutation resistance,8.0,9.0,1.125
resistance metastatic,7.0,9.0,1.285714286
polyp colon,3.0,9.0,3.0
year presence,5.0,9.0,1.8
drug able,9.0,9.0,1.0
cancer elevated,7.0,9.0,1.285714286
cancer continued,7.0,9.0,1.285714286
biomarker blood,6.0,9.0,1.5
reduction breast,6.0,9.0,1.5
physical therapy,9.0,9.0,1.0
iii placebo,4.0,9.0,2.25
margin positive,5.0,9.0,1.8
loss chemotherapy,5.0,9.0,1.8
tissue datum,7.0,9.0,1.285714286
feature myelodysplastic,3.0,9.0,3.0
tumor goal,9.0,9.0,1.0
deputy chief,9.0,9.0,1.0
datum investigator,9.0,9.0,1.0
datum rare,5.0,9.0,1.8
drug metastatic,7.0,9.0,1.285714286
small increase,8.0,9.0,1.125
mortality man,5.0,9.0,1.8
number chromosome,5.0,9.0,1.8
cancer phd,6.0,9.0,1.5
visualization cancer,5.0,9.0,1.8
imaging datum,8.0,9.0,1.125
benefit child,5.0,9.0,1.8
time woman,6.0,9.0,1.5
cancer discus,9.0,9.0,1.0
book cancer,5.0,9.0,1.8
child median,3.0,9.0,3.0
disease feature,8.0,9.0,1.125
cancer androgen,5.0,9.0,1.8
mean time,3.0,9.0,3.0
law regulation,7.0,9.0,1.285714286
datum multiple,9.0,9.0,1.0
screening harm,7.0,9.0,1.285714286
strong history,6.0,9.0,1.5
leading death,6.0,9.0,1.5
sinusoidal obstruction,3.0,9.0,3.0
cancer aim,7.0,9.0,1.285714286
potential response,5.0,9.0,1.8
mental cancer,4.0,9.0,2.25
supratentorial tumor,3.0,9.0,3.0
depression sleep,7.0,9.0,1.285714286
carcinoma small,7.0,9.0,1.285714286
award oncology,5.0,9.0,1.8
lymph breast,7.0,9.0,1.285714286
fatigue nausea,9.0,9.0,1.0
appointment cancer,9.0,9.0,1.0
malignant brain,6.0,9.0,1.5
big problem,7.0,9.0,1.285714286
single disease,9.0,9.0,1.0
alcoholic beverage,3.0,9.0,3.0
point test,7.0,9.0,1.285714286
factor history,7.0,9.0,1.285714286
breast imaging,3.0,9.0,3.0
time opportunity,9.0,9.0,1.0
decade tobacco,5.0,9.0,1.8
cancer micro,3.0,9.0,3.0
ph.d biomedical,9.0,9.0,1.0
prospective hpv,5.0,9.0,1.8
ccdi cancer,7.0,9.0,1.285714286
medulloblastoma clin,3.0,9.0,3.0
junior faculty,6.0,9.0,1.5
secondary malignancy,5.0,9.0,1.8
translocation carcinoma,3.0,9.0,3.0
malignant pediatric,4.0,9.0,2.25
gene syndrome,5.0,9.0,1.8
syndrome symptom,5.0,9.0,1.8
strategic planning,3.0,9.0,3.0
informatic cbiit,8.0,9.0,1.125
transplantation clin,3.0,9.0,3.0
myeloid neoplasm,3.0,9.0,3.0
adolescent age,7.0,9.0,1.285714286
year direct,3.0,9.0,3.0
quality advanced,5.0,9.0,1.8
bone cell,5.0,9.0,1.8
tumor mechanism,7.0,9.0,1.285714286
woman malignancy,9.0,9.0,1.0
adolescent high,3.0,9.0,3.0
diagnosis breast,7.0,9.0,1.285714286
inhibitor line,7.0,9.0,1.285714286
kras gene,8.0,9.0,1.125
microscopy tumor,5.0,9.0,1.8
vessel real,5.0,9.0,1.8
variant lead,5.0,9.0,1.8
variant presence,3.0,9.0,3.0
duration remission,7.0,9.0,1.285714286
long woman,9.0,9.0,1.0
inhibitor woman,5.0,9.0,1.8
cancer insight,9.0,9.0,1.0
cardiovasc surg,4.0,9.0,2.25
death man,7.0,9.0,1.285714286
negative cancer,8.0,9.0,1.125
cancer emotional,6.0,9.0,1.5
embryonal brain,3.0,9.0,3.0
datum ccdi,4.0,9.0,2.25
woman adjuvant,5.0,9.0,1.8
pump inhibitor,4.0,9.0,2.25
gene adult,5.0,9.0,1.8
growth drug,9.0,9.0,1.0
severity symptom,6.0,9.0,1.5
myeloablative regiman,3.0,9.0,3.0
therapy growth,4.0,9.0,2.25
year progress,9.0,9.0,1.0
biological datum,5.0,9.0,1.8
tumor int,4.0,9.0,2.25
cancer remission,7.0,9.0,1.285714286
ccdi data,3.0,9.0,3.0
cancer profile,8.0,9.0,1.125
thought behavior,5.0,9.0,1.8
outweigh harm,9.0,9.0,1.0
ayas cancer,6.0,9.0,1.5
screening woman,5.0,9.0,1.8
febrile neutropenia,7.0,9.0,1.285714286
variant dicer1,3.0,9.0,3.0
magnification microscopy,5.0,9.0,1.8
cigarette high,7.0,9.0,1.285714286
similar efficacy,7.0,9.0,1.285714286
freedom act,5.0,9.0,1.8
aacr annual,8.0,9.0,1.125
cd19 cell,5.0,9.0,1.8
imaging cancer,8.0,9.0,1.125
cancer atc,3.0,9.0,3.0
team university,8.0,9.0,1.125
drug kaposi,4.0,9.0,2.25
proton pump,4.0,9.0,2.25
chemotherapy complete,9.0,9.0,1.0
median length,8.0,9.0,1.125
support k12,3.0,9.0,3.0
cancer experiment,9.0,9.0,1.0
large child,9.0,9.0,1.0
statistic datum,6.0,9.0,1.5
syndrome systematic,3.0,9.0,3.0
model colorectal,4.0,9.0,2.25
active metabolite,4.0,9.0,2.25
university southern,8.0,9.0,1.125
immunotherapy target,7.0,9.0,1.285714286
datum computational,9.0,9.0,1.0
datum target,6.0,9.0,1.5
screening procedure,5.0,9.0,1.8
cancer dense,6.0,9.0,1.5
hypopharyngeal cancer,6.0,9.0,1.5
association cancer,9.0,9.0,1.0
old lung,9.0,9.0,1.0
time therapy,9.0,9.0,1.0
oncology workshop,4.0,9.0,2.25
prevention interception,7.0,9.0,1.285714286
ras cancer,3.0,9.0,3.0
detection mouth,5.0,9.0,1.8
mouth head,5.0,9.0,1.8
adult small,8.0,9.0,1.125
increase melanoma,6.0,9.0,1.5
substantial improvement,9.0,9.0,1.0
present tumor,9.0,9.0,1.0
suspicious area,8.0,9.0,1.125
therapy finding,9.0,9.0,1.0
subtype stage,3.0,9.0,3.0
dominant inheritance,4.0,9.0,2.25
nicotine addiction,5.0,9.0,1.8
uncommon child,3.0,9.0,3.0
act law,8.0,9.0,1.125
cancer aid,9.0,9.0,1.0
disease colorectal,8.0,9.0,1.125
ancient virus,3.0,9.0,3.0
bile duct,9.0,9.0,1.0
lot cancer,9.0,9.0,1.0
inhibitor braf,4.0,9.0,2.25
collaborative team,7.0,9.0,1.285714286
exclusion criterion,5.0,9.0,1.8
presence metastatic,7.0,9.0,1.285714286
portable cervical,7.0,9.0,1.285714286
tumor deletion,4.0,9.0,2.25
oncology university,9.0,9.0,1.0
cell lining,7.0,9.0,1.285714286
dna brain,5.0,9.0,1.8
talimogene laherparepvec,4.0,9.0,2.25
surgery local,6.0,9.0,1.5
parent smoking,3.0,9.0,3.0
rapid progress,9.0,9.0,1.0
tumor decade,7.0,9.0,1.285714286
time great,9.0,9.0,1.0
child hospice,4.0,9.0,2.25
model lung,7.0,9.0,1.285714286
cancer frederick,5.0,9.0,1.8
master protocol,3.0,9.0,3.0
analysis opportunity,7.0,9.0,1.285714286
range motion,6.0,9.0,1.5
shrinkage tumor,9.0,9.0,1.0
therapy assessment,9.0,9.0,1.0
tumor hospital,9.0,9.0,1.0
decrease mortality,6.0,9.0,1.5
melanoma inhibitor,6.0,9.0,1.5
safety monitoring,6.0,9.0,1.5
inhibitor response,9.0,9.0,1.0
melanoma factor,6.0,9.0,1.5
cancer hard,9.0,9.0,1.0
investigator participant,8.0,9.0,1.125
man metastatic,7.0,9.0,1.285714286
year project,9.0,9.0,1.0
precancerous growth,8.0,9.0,1.125
test imaging,8.0,9.0,1.125
lung adenocarcinoma,5.0,9.0,1.8
human colon,6.0,9.0,1.5
idea hypothesis,9.0,9.0,1.0
dataset cancer,6.0,9.0,1.5
southeast asia,9.0,9.0,1.0
vaccine drug,6.0,9.0,1.5
team finding,9.0,9.0,1.0
idh2 mutation,3.0,9.0,3.0
inotuzumab adult,5.0,9.0,1.8
consistent previous,9.0,9.0,1.0
cancer teen,4.0,9.0,2.25
tumor egfr,5.0,9.0,1.8
tumor progress,9.0,9.0,1.0
death prostate,6.0,9.0,1.5
development human,9.0,9.0,1.0
mek inhibitor,4.0,9.0,2.25
average medulloblastoma,5.0,9.0,1.8
great deal,9.0,9.0,1.0
relative cancer,5.0,9.0,1.8
tobacco disease,6.0,9.0,1.5
cancer hepatoblastoma,4.0,9.0,2.25
vaccine cervical,9.0,9.0,1.0
body biopsy,9.0,9.0,1.0
osimertinib lung,5.0,9.0,1.8
sporadic medullary,3.0,9.0,3.0
sharing story,8.0,9.0,1.125
cancer carcinoma,7.0,9.0,1.285714286
medication dose,6.0,9.0,1.5
surgery advanced,7.0,9.0,1.285714286
eligibility window,6.0,9.0,1.5
normal tumor,8.0,9.0,1.125
colon tumor,7.0,9.0,1.285714286
metastatic castration,7.0,9.0,1.285714286
low moderate,5.0,9.0,1.8
moderate high,5.0,9.0,1.8
budget award,9.0,9.0,1.0
homologous recombination,5.0,9.0,1.8
distinct mentor,9.0,9.0,1.0
cancer alliance,8.0,9.0,1.125
bladder bowel,6.0,9.0,1.5
palliative team,6.0,9.0,1.5
high median,4.0,9.0,2.25
longitudinal cohort,5.0,9.0,1.8
like symptom,9.0,9.0,1.0
finasteride prostate,3.0,9.0,3.0
bad day,4.0,9.0,2.25
leukaemia nature,3.0,9.0,3.0
operating procedure,7.0,9.0,1.285714286
annual oncology,9.0,9.0,1.0
harmful brca,4.0,9.0,2.25
arm percent,6.0,9.0,1.5
carbon monoxide,5.0,9.0,1.8
chemotherapy significant,7.0,9.0,1.285714286
restriction cancer,8.0,9.0,1.125
liposomal doxorubicin,5.0,9.0,1.8
application behalf,5.0,9.0,1.8
academic appointment,8.0,9.0,1.125
f99 award,3.0,9.0,3.0
syndrome pediatr,6.0,9.0,1.5
strategy pediatric,6.0,9.0,1.5
year loss,7.0,9.0,1.285714286
carcinoma tumor,9.0,9.0,1.0
gain chromosome,3.0,9.0,3.0
mutation chemotherapy,5.0,9.0,1.8
cancer partial,7.0,9.0,1.285714286
adult blood,5.0,9.0,1.8
salary fringe,7.0,9.0,1.285714286
example variant,5.0,9.0,1.8
eligibility citizenship,9.0,9.0,1.0
united citizen,8.0,9.0,1.125
award duplication,9.0,9.0,1.0
instruction application,8.0,9.0,1.125
gain experience,9.0,9.0,1.0
safety tolerability,5.0,9.0,1.8
catalog cancer,6.0,9.0,1.5
healthy woman,5.0,9.0,1.8
issue linkage,7.0,9.0,1.285714286
overall tumor,9.0,9.0,1.0
profile tumor,7.0,9.0,1.285714286
card time,9.0,9.0,1.0
award institution,7.0,9.0,1.285714286
fanconi anemia,4.0,9.0,2.25
antidepressant depression,4.0,9.0,2.25
landscape high,3.0,9.0,3.0
iii colon,3.0,9.0,3.0
phd mph,7.0,9.0,1.285714286
smoke smoker,4.0,9.0,2.25
low birth,4.0,9.0,2.25
breast pancreatic,6.0,9.0,1.5
island methylator,3.0,9.0,3.0
methylator phenotype,3.0,9.0,3.0
recording workshop,5.0,9.0,1.8
gene pdgfra,5.0,9.0,1.8
molecular cell,9.0,9.0,1.0
time management,3.0,9.0,3.0
prognostic awareness,4.0,9.0,2.25
exam history,7.0,9.0,1.285714286
candidate minimum,9.0,9.0,1.0
minimum person,7.0,9.0,1.285714286
asa medullary,3.0,9.0,3.0
panel sep,3.0,9.0,3.0
therapy good,9.0,9.0,1.0
challenge attention,7.0,9.0,1.285714286
strategy development,8.0,9.0,1.125
antibody cell,8.0,9.0,1.125
blood heart,9.0,9.0,1.0
cancer principal,9.0,9.0,1.0
relapse lymphoblastic,4.0,9.0,2.25
major cancer,8.0,9.0,1.125
high volume,7.0,9.0,1.285714286
support child,6.0,9.0,1.5
series ray,8.0,9.0,1.125
letrozole tamoxifen,3.0,9.0,3.0
nurse specialist,9.0,9.0,1.0
child plan,8.0,9.0,1.125
tumor genetic,7.0,9.0,1.285714286
symptom day,6.0,9.0,1.5
disease goal,9.0,9.0,1.0
relapse cancer,9.0,9.0,1.0
drug prostate,6.0,9.0,1.5
syndrome young,5.0,9.0,1.8
glioma subtype,3.0,9.0,3.0
endocrine metab,3.0,9.0,3.0
feature child,5.0,9.0,1.8
large high,5.0,9.0,1.8
profiling pediatric,3.0,9.0,3.0
right hemicolectomy,3.0,9.0,3.0
diamond blackfan,3.0,9.0,3.0
blackfan anemia,3.0,9.0,3.0
functional impairment,6.0,9.0,1.5
feature cell,7.0,9.0,1.285714286
alpha fetoprotein,4.0,9.0,2.25
share datum,8.0,9.0,1.125
cancer mean,7.0,9.0,1.285714286
genitourinary cancer,7.0,9.0,1.285714286
total year,6.0,9.0,1.5
exon variant,6.0,9.0,1.5
thing right,7.0,9.0,1.285714286
enzyme protein,8.0,9.0,1.125
surgery neuroendocrine,3.0,9.0,3.0
child talk,6.0,9.0,1.5
child chance,8.0,9.0,1.125
tumor familial,3.0,9.0,3.0
syndrome age,5.0,9.0,1.8
pituitary adenoma,3.0,9.0,3.0
syndrome diagnosis,5.0,9.0,1.8
chemotherapy prospective,5.0,9.0,1.8
langerhans cell,3.0,9.0,3.0
cost ancillary,9.0,9.0,1.0
statistical method,7.0,9.0,1.285714286
year application,9.0,9.0,1.0
etoposide doxorubicin,4.0,9.0,2.25
cyclophosphamide docetaxel,3.0,9.0,3.0
death woman,9.0,9.0,1.0
new hpv,9.0,9.0,1.0
awareness day,5.0,9.0,1.8
oncologist preference,3.0,9.0,3.0
reaction pcr,7.0,9.0,1.285714286
cancer cholesterol,5.0,9.0,1.8
cholesterol addiction,5.0,9.0,1.8
addiction strategy,5.0,9.0,1.8
glioma grade,3.0,9.0,3.0
ethnic difference,7.0,9.0,1.285714286
cancer live,8.0,9.0,1.125
random assignment,6.0,9.0,1.5
dose field,3.0,9.0,3.0
cancer easy,8.0,9.0,1.125
expression immunohistochemistry,6.0,9.0,1.5
data datum,7.0,9.0,1.285714286
cancer match,5.0,9.0,1.8
long mortality,4.0,9.0,2.25
introduction proteogenomic,4.0,9.0,2.25
prognosis tumor,8.0,9.0,1.125
cancer building,9.0,9.0,1.0
adt docetaxel,3.0,9.0,3.0
model pediatric,9.0,9.0,1.0
find cancer,9.0,9.0,1.0
doxorubicin hydrochloride,5.0,9.0,1.8
pain diarrhea,8.0,9.0,1.125
syndrome history,4.0,9.0,2.25
test response,5.0,9.0,1.8
mortality time,7.0,9.0,1.285714286
computational method,7.0,9.0,1.285714286
positive margin,5.0,9.0,1.8
impact field,7.0,9.0,1.285714286
management neuroendocrine,4.0,9.0,2.25
cancer prediction,7.0,9.0,1.285714286
calorie diet,3.0,9.0,3.0
loss tumor,9.0,9.0,1.0
obstructive pulmonary,7.0,9.0,1.285714286
clin cancer,9.0,9.0,1.0
diarrhea chemotherapy,4.0,9.0,2.25
area example,9.0,9.0,1.0
interquartile range,6.0,9.0,1.5
major histocompatibility,5.0,9.0,1.8
histocompatibility complex,5.0,9.0,1.8
model cell,8.0,9.0,1.125
country world,9.0,9.0,1.0
cancer nurse,7.0,9.0,1.285714286
size location,6.0,9.0,1.5
neck radiation,4.0,9.0,2.25
analysis small,8.0,9.0,1.125
opportunity progress,7.0,9.0,1.285714286
hiv aids,9.0,9.0,1.0
key difference,9.0,9.0,1.0
persistent poverty,4.0,9.0,2.25
target rapamycin,6.0,9.0,1.5
sexual problem,5.0,9.0,1.8
rate recurrence,6.0,9.0,1.5
cancer iarc,7.0,9.0,1.285714286
summer curriculum,4.0,9.0,2.25
factor colorectal,6.0,9.0,1.5
advocacy relation,3.0,9.0,3.0
positive small,7.0,9.0,1.285714286
cancer mission,9.0,9.0,1.0
mammalian target,6.0,9.0,1.5
age female,5.0,9.0,1.8
subgroup medulloblastoma,3.0,9.0,3.0
molecule surface,8.0,9.0,1.125
multinodular goiter,4.0,9.0,2.25
extra cranial,7.0,9.0,1.285714286
prostate colon,9.0,9.0,1.0
religious practice,4.0,9.0,2.25
drug adverse,7.0,9.0,1.285714286
histone gene,3.0,9.0,3.0
presentation cancer,8.0,9.0,1.125
molecular therapy,5.0,9.0,1.8
resistance parp,3.0,9.0,3.0
tissue brain,3.0,9.0,3.0
transplant stem,5.0,9.0,1.8
telehealth cancer,9.0,9.0,1.0
tumour good,3.0,9.0,3.0
cancer host,9.0,9.0,1.0
protein regulation,5.0,9.0,1.8
gene polymorphism,4.0,9.0,2.25
symptom chronic,3.0,9.0,3.0
substantial reduction,9.0,9.0,1.0
therapy ctep,9.0,9.0,1.0
keytruda advanced,9.0,9.0,1.0
potential marker,5.0,9.0,1.8
positive ovarian,7.0,9.0,1.285714286
stable cancer,6.0,9.0,1.5
pathway glioma,3.0,9.0,3.0
cell neighboring,5.0,9.0,1.8
pfs median,5.0,9.0,1.8
symptom distress,6.0,9.0,1.5
infusion stem,9.0,9.0,1.0
number variation,3.0,9.0,3.0
syndrome drug,5.0,9.0,1.8
additional workshop,9.0,9.0,1.0
nerve cancer,5.0,9.0,1.8
pediatric rhabdomyosarcoma,4.0,9.0,2.25
u24 institution,7.0,9.0,1.285714286
large bowel,7.0,9.0,1.285714286
cell portion,9.0,9.0,1.0
experience blood,7.0,9.0,1.285714286
prevention lung,7.0,9.0,1.285714286
urinary symptom,6.0,9.0,1.5
cancer enrollment,5.0,9.0,1.8
gene genomic,5.0,9.0,1.8
gene test,7.0,9.0,1.285714286
test generation,6.0,9.0,1.5
drug test,9.0,9.0,1.0
particular drug,9.0,9.0,1.0
pathway genomic,5.0,9.0,1.8
lethal cancer,8.0,9.0,1.125
figure datum,3.0,9.0,3.0
cancer laser,5.0,9.0,1.8
lay drug,9.0,9.0,1.0
variant loss,7.0,9.0,1.285714286
rhabdomyosarcoma fusion,3.0,9.0,3.0
benefit therapy,9.0,9.0,1.0
local distant,7.0,9.0,1.285714286
agenda speaker,9.0,9.0,1.0
organ dye,8.0,9.0,1.125
depression advanced,5.0,9.0,1.8
share pathology,9.0,9.0,1.0
marker blood,5.0,9.0,1.8
panel test,3.0,9.0,3.0
opportunity area,6.0,9.0,1.5
symptom self,9.0,9.0,1.0
mental physical,9.0,9.0,1.0
spectrum cancer,7.0,9.0,1.285714286
cancer adjustment,3.0,9.0,3.0
normal range,4.0,9.0,2.25
average annual,4.0,9.0,2.25
institution country,9.0,9.0,1.0
outcome prediction,3.0,9.0,3.0
cancer quit,8.0,9.0,1.125
thing interested,7.0,9.0,1.285714286
tumor series,7.0,9.0,1.285714286
tobacco industry,5.0,9.0,1.8
age male,6.0,9.0,1.5
cold spring,5.0,9.0,1.8
smoke cigarette,7.0,9.0,1.285714286
grief bereaved,3.0,9.0,3.0
grief counseling,3.0,9.0,3.0
publishing company,3.0,9.0,3.0
picture angle,8.0,9.0,1.125
angle tissue,8.0,9.0,1.125
multigene test,6.0,9.0,1.5
mean cancer,9.0,9.0,1.0
helpful talk,9.0,9.0,1.0
candidate gene,5.0,9.0,1.8
cancer contrast,9.0,9.0,1.0
gland body,6.0,9.0,1.5
low quality,9.0,9.0,1.0
tumor engl,8.0,9.0,1.125
chronic infection,4.0,9.0,2.25
present time,7.0,9.0,1.285714286
nicotine tobacco,4.0,9.0,2.25
tobacco monograph,8.0,9.0,1.125
tobacco smokeless,3.0,9.0,3.0
consecutive series,6.0,9.0,1.5
esophagus esophageal,8.0,9.0,1.125
year industry,5.0,9.0,1.8
inserting needle,7.0,9.0,1.285714286
needle vein,8.0,9.0,1.125
skin tumor,5.0,9.0,1.8
experiment cancer,8.0,9.0,1.125
tumor eye,6.0,9.0,1.5
active tumor,8.0,9.0,1.125
similar finding,8.0,9.0,1.125
cancerous cell,9.0,9.0,1.0
positive datum,5.0,9.0,1.8
body mri,6.0,9.0,1.5
woman white,7.0,9.0,1.285714286
herd immunity,6.0,9.0,1.5
datum incidence,8.0,9.0,1.125
north association,9.0,9.0,1.0
alkaline phosphatase,5.0,9.0,1.8
mutational landscape,3.0,9.0,3.0
surgical technique,8.0,9.0,1.125
cancer arm,7.0,9.0,1.285714286
drug benefit,9.0,9.0,1.0
outcome disease,9.0,9.0,1.0
inoperable tumor,8.0,9.0,1.125
child teen,9.0,9.0,1.0
body liver,8.0,9.0,1.125
test tissue,8.0,9.0,1.125
metastasis drug,8.0,9.0,1.125
vaccine man,6.0,9.0,1.5
healthy target,4.0,9.0,2.25
drug good,9.0,9.0,1.0
drug high,9.0,9.0,1.0
haematolymphoid tumour,3.0,9.0,3.0
classification haematolymphoid,3.0,9.0,3.0
year person,9.0,9.0,1.0
therapy oncology,5.0,9.0,1.8
incidence grade,3.0,9.0,3.0
therapy imrt,6.0,9.0,1.5
gastroesophageal cancer,4.0,9.0,2.25
cancer candidate,8.0,9.0,1.125
difference long,8.0,9.0,1.125
symptom adult,6.0,9.0,1.5
team test,9.0,9.0,1.0
large pediatric,7.0,9.0,1.285714286
datum key,9.0,9.0,1.0
key challenge,9.0,9.0,1.0
preference prognosis,3.0,9.0,3.0
airway lung,6.0,9.0,1.5
anti cell,8.0,9.0,1.125
significant challenge,9.0,9.0,1.0
key personnel,4.0,9.0,2.25
project high,5.0,9.0,1.8
dinutuximab child,4.0,9.0,2.25
psychological therapy,4.0,9.0,2.25
cancer participation,9.0,9.0,1.0
datum lot,7.0,9.0,1.285714286
less extent,9.0,9.0,1.0
tumor positive,8.0,9.0,1.125
cancer power,9.0,9.0,1.0
difference response,8.0,9.0,1.125
csf3r mutation,3.0,9.0,3.0
death number,9.0,9.0,1.0
therapy promise,6.0,9.0,1.5
promise advanced,7.0,9.0,1.285714286
glioblastoma multiforme,5.0,9.0,1.8
chemotherapy recurrent,6.0,9.0,1.5
lung screening,7.0,9.0,1.285714286
association central,9.0,9.0,1.0
disease bone,6.0,9.0,1.5
big difference,7.0,9.0,1.285714286
inhibitor agent,9.0,9.0,1.0
cell experiment,9.0,9.0,1.0
person disease,8.0,9.0,1.125
giant cell,4.0,9.0,2.25
accomplish goal,8.0,9.0,1.125
cell liver,9.0,9.0,1.0
cancer understanding,8.0,9.0,1.125
assessment quality,4.0,9.0,2.25
adverse reaction,6.0,9.0,1.5
prevention cervical,9.0,9.0,1.0
child aggressive,3.0,9.0,3.0
excess cancer,4.0,9.0,2.25
cell drive,9.0,9.0,1.0
assessment diagnosis,3.0,9.0,3.0
atrophic gastritis,4.0,9.0,2.25
stage symptom,6.0,9.0,1.5
diagnosis classification,3.0,9.0,3.0
county high,4.0,9.0,2.25
survivor decade,4.0,9.0,2.25
clin late,9.0,9.0,1.0
lung lobe,3.0,9.0,3.0
quality survivor,5.0,9.0,1.8
tumor renal,6.0,9.0,1.5
cancer note,9.0,9.0,1.0
course year,6.0,9.0,1.5
advance knowledge,7.0,9.0,1.285714286
variant detection,6.0,9.0,1.5
diverse area,9.0,9.0,1.0
capecitabine fluorouracil,4.0,9.0,2.25
number gene,8.0,9.0,1.125
distinct entity,5.0,9.0,1.8
death reduction,5.0,9.0,1.8
disease aggressive,8.0,9.0,1.125
rate few,6.0,9.0,1.5
factor male,5.0,9.0,1.8
advanced age,8.0,9.0,1.125
death grief,3.0,9.0,3.0
prognosis aml,3.0,9.0,3.0
gene drug,9.0,9.0,1.0
statistical manual,3.0,9.0,3.0
manual mental,3.0,9.0,3.0
award merit,7.0,9.0,1.285714286
merit award,9.0,9.0,1.0
cancer evolution,9.0,9.0,1.0
low tumor,9.0,9.0,1.0
woman hpv,5.0,9.0,1.8
child man,4.0,9.0,2.25
vandetanib cabozantinib,4.0,9.0,2.25
hormone fsh,5.0,9.0,1.8
positive solid,3.0,9.0,3.0
response percent,9.0,9.0,1.0
molecule inhibitor,7.0,9.0,1.285714286
cns atypical,3.0,9.0,3.0
course therapy,9.0,9.0,1.0
cancer sexual,5.0,9.0,1.8
medulloblastoma central,4.0,9.0,2.25
trilateral retinoblastoma,3.0,9.0,3.0
fair complexion,4.0,9.0,2.25
systematic cancer,6.0,9.0,1.5
psychological factor,6.0,9.0,1.5
protein disease,9.0,9.0,1.0
age participant,9.0,9.0,1.0
membrane protein,7.0,9.0,1.285714286
problem medicine,6.0,9.0,1.5
prevention adult,9.0,9.0,1.0
lab clinic,6.0,9.0,1.5
half year,9.0,9.0,1.0
conjugate antibody,9.0,9.0,1.0
cancer helpful,9.0,9.0,1.0
anti tumor,9.0,9.0,1.0
promoter methylation,5.0,9.0,1.8
detection small,8.0,9.0,1.125
panel working,4.0,9.0,2.25
big cancer,8.0,9.0,1.125
surgeon radiation,6.0,9.0,1.5
bad cancer,7.0,9.0,1.285714286
tumor protocol,6.0,9.0,1.5
fatigue diarrhea,8.0,9.0,1.125
cabozantinib placebo,3.0,9.0,3.0
med school,5.0,9.0,1.8
medicine year,9.0,9.0,1.0
diagnostic prognostic,7.0,9.0,1.285714286
melanoma option,5.0,9.0,1.8
cell additional,9.0,9.0,1.0
number factor,9.0,9.0,1.0
cell aplasia,7.0,9.0,1.285714286
rheumatoid arthritis,7.0,9.0,1.285714286
fever weight,5.0,9.0,1.8
therapy young,6.0,9.0,1.5
aml cell,7.0,9.0,1.285714286
time complete,8.0,9.0,1.125
time transplant,6.0,9.0,1.5
factor increase,7.0,9.0,1.285714286
fertility woman,7.0,9.0,1.285714286
pediatric diffuse,3.0,9.0,3.0
production hormone,9.0,9.0,1.0
relapse child,5.0,9.0,1.8
abnormality child,4.0,9.0,2.25
matter week,9.0,9.0,1.0
virus dna,3.0,9.0,3.0
prostate lung,9.0,9.0,1.0
spread organ,6.0,9.0,1.5
factor cell,5.0,9.0,1.8
cancer consistent,7.0,9.0,1.285714286
target key,5.0,9.0,1.8
key prostate,5.0,9.0,1.8
initial tumor,9.0,9.0,1.0
choice woman,7.0,9.0,1.285714286
tumor spectrum,6.0,9.0,1.5
great mentor,7.0,9.0,1.285714286
amplification high,3.0,9.0,3.0
method cell,8.0,9.0,1.125
variant retrospective,3.0,9.0,3.0
drug dinutuximab,5.0,9.0,1.8
disease presence,6.0,9.0,1.5
mycn neuroblastoma,3.0,9.0,3.0
good time,9.0,9.0,1.0
incision cut,4.0,9.0,2.25
pediatric autologous,3.0,9.0,3.0
young aml,5.0,9.0,1.8
computational analysis,8.0,9.0,1.125
protection woman,6.0,9.0,1.5
cell solid,7.0,9.0,1.285714286
year half,9.0,9.0,1.0
high aggressive,9.0,9.0,1.0
tumor complex,9.0,9.0,1.0
mutation rare,6.0,9.0,1.5
diagnosis young,8.0,9.0,1.125
recombinant human,5.0,9.0,1.8
low thyroid,4.0,9.0,2.25
therapy tyrosine,5.0,9.0,1.8
lesion radiation,3.0,9.0,3.0
iii tumor,5.0,9.0,1.8
short course,8.0,9.0,1.125
wide local,4.0,9.0,2.25
low recurrence,7.0,9.0,1.285714286
male reproductive,6.0,9.0,1.5
experience depression,6.0,9.0,1.5
pain depression,5.0,9.0,1.8
syndrome cns,8.0,9.0,1.125
cancer severe,7.0,9.0,1.285714286
problem child,9.0,9.0,1.0
nrg oncology,5.0,9.0,1.8
example woman,8.0,9.0,1.125
cancer message,8.0,9.0,1.125
area incision,5.0,9.0,1.8
therapy modality,3.0,9.0,3.0
pembrolizumab line,5.0,9.0,1.8
pregnancy cancer,3.0,9.0,3.0
marker cell,8.0,9.0,1.125
male predominance,3.0,9.0,3.0
model molecular,8.0,9.0,1.125
body fluid,8.0,9.0,1.125
testing drug,9.0,9.0,1.0
old hpv,9.0,9.0,1.0
outcome stage,5.0,9.0,1.8
loss fatigue,7.0,9.0,1.285714286
node body,5.0,9.0,1.8
high overall,8.0,9.0,1.125
county cancer,7.0,9.0,1.285714286
number loss,5.0,9.0,1.8
factor onset,4.0,9.0,2.25
unique experience,9.0,9.0,1.0
intersection cancer,8.0,9.0,1.125
computational genomics,5.0,9.0,1.8
analysis molecular,8.0,9.0,1.125
positive high,6.0,9.0,1.5
cancer epidemic,3.0,9.0,3.0
symptom hodgkin,4.0,9.0,2.25
year hope,9.0,9.0,1.0
prevention challenge,5.0,9.0,1.8
community new,9.0,9.0,1.0
option tumor,9.0,9.0,1.0
prognosis stage,5.0,9.0,1.8
cell layer,3.0,9.0,3.0
recurrent tumor,6.0,9.0,1.5
cell lymphocyte,6.0,9.0,1.5
lactate dehydrogenase,6.0,9.0,1.5
oncology experience,9.0,9.0,1.0
cancer widget,3.0,9.0,3.0
mechanistic understanding,7.0,9.0,1.285714286
preclinical development,7.0,9.0,1.285714286
child hispanic,3.0,9.0,3.0
peptic ulcer,5.0,9.0,1.8
procedure test,6.0,9.0,1.5
cell histology,4.0,9.0,2.25
cancer neuroblastoma,6.0,9.0,1.5
long tumor,9.0,9.0,1.0
cancer pleuropulmonary,5.0,9.0,1.8
adult hodgkin,6.0,9.0,1.5
virus tumor,6.0,9.0,1.5
liver spleen,7.0,9.0,1.285714286
lymphoma small,7.0,9.0,1.285714286
participant therapy,9.0,9.0,1.0
similarity cancer,7.0,9.0,1.285714286
significant progress,9.0,9.0,1.0
alteration expression,3.0,9.0,3.0
stage anaplastic,4.0,9.0,2.25
form body,7.0,9.0,1.285714286
practice child,9.0,9.0,1.0
subject human,6.0,9.0,1.5
late introduction,8.0,9.0,1.125
space adjacent,3.0,9.0,3.0
lymphoma mantle,7.0,9.0,1.285714286
radiation volume,3.0,9.0,3.0
tissue malt,5.0,9.0,1.8
ureter bladder,6.0,9.0,1.5
gastric duodenal,5.0,9.0,1.8
physic world,5.0,9.0,1.8
topotecan berzosertib,5.0,9.0,1.8
support symptom,8.0,9.0,1.125
oral contraceptive,6.0,9.0,1.5
drug testing,9.0,9.0,1.0
tissue damage,8.0,9.0,1.125
behalf european,4.0,9.0,2.25
child act,6.0,9.0,1.5
female participant,3.0,9.0,3.0
retrospective series,8.0,9.0,1.125
immunization practice,3.0,9.0,3.0
multiple organ,9.0,9.0,1.0
mathematical model,8.0,9.0,1.125
pediatric solid,8.0,9.0,1.125
concern cost,9.0,9.0,1.0
goal support,8.0,9.0,1.125
undergone surgery,9.0,9.0,1.0
year postdoctoral,7.0,9.0,1.285714286
vascular endothelial,4.0,9.0,2.25
endothelial growth,4.0,9.0,2.25
united death,9.0,9.0,1.0
alteration alk,8.0,9.0,1.125
variant history,6.0,9.0,1.5
hormone blood,7.0,9.0,1.285714286
year distant,4.0,9.0,2.25
pain physical,7.0,9.0,1.285714286
phase clin,4.0,9.0,2.25
cell branch,8.0,9.0,1.125
hiv antibody,5.0,9.0,1.8
protein human,7.0,9.0,1.285714286
problem year,6.0,9.0,1.5
healthy weight,8.0,9.0,1.125
fibrous tissue,7.0,9.0,1.285714286
vaccine immune,5.0,9.0,1.8
gastroint endosc,3.0,9.0,3.0
variant sporadic,4.0,9.0,2.25
cancer nctn,7.0,9.0,1.285714286
metastasis metastatic,7.0,9.0,1.285714286
therapy mechanism,8.0,9.0,1.125
cancer racial,7.0,9.0,1.285714286
distinct burkitt,5.0,9.0,1.8
tumor stromal,9.0,9.0,1.0
metastatic spread,8.0,9.0,1.125
sample enzyme,9.0,9.0,1.0
analysis test,9.0,9.0,1.0
efficacy immunotherapy,8.0,9.0,1.125
tumor ovarian,9.0,9.0,1.0
spread normal,5.0,9.0,1.8
technological advance,9.0,9.0,1.0
model pancreatic,8.0,9.0,1.125
sonic hedgehog,7.0,9.0,1.285714286
audio video,5.0,9.0,1.8
retinoblastoma cancer,5.0,9.0,1.8
antibody body,4.0,9.0,2.25
antigen tissue,9.0,9.0,1.0
child normal,7.0,9.0,1.285714286
child severe,4.0,9.0,2.25
tumor organ,8.0,9.0,1.125
bladder prostate,4.0,9.0,2.25
overall woman,9.0,9.0,1.0
aspiration fna,9.0,9.0,1.0
safe cancer,8.0,9.0,1.125
inflammatory bowel,5.0,9.0,1.8
datum project,9.0,9.0,1.0
diaphragm organ,4.0,9.0,2.25
stage iie,5.0,9.0,1.8
antibiotic therapy,3.0,9.0,3.0
organ lung,7.0,9.0,1.285714286
old adolescent,7.0,9.0,1.285714286
death thyroid,5.0,9.0,1.8
test person,4.0,9.0,2.25
low mortality,8.0,9.0,1.125
alpha reductase,4.0,9.0,2.25
hpv woman,5.0,9.0,1.8
large proportion,8.0,9.0,1.125
vaccine therapy,3.0,9.0,3.0
significant number,7.0,9.0,1.285714286
racial difference,7.0,9.0,1.285714286
depression high,6.0,9.0,1.5
great potential,9.0,9.0,1.0
dna chromosome,7.0,9.0,1.285714286
gene diagnosis,5.0,9.0,1.8
cancer multicentre,4.0,9.0,2.25
cancer van,4.0,9.0,2.25
implementation team,9.0,9.0,1.0
mesothelioma malignant,3.0,9.0,3.0
ambiguous lineage,3.0,9.0,3.0
man young,8.0,9.0,1.125
body ability,9.0,9.0,1.0
cancer procedure,9.0,9.0,1.0
chemotherapy cns,3.0,9.0,3.0
somatostatin analog,5.0,9.0,1.8
receptor surface,9.0,9.0,1.0
survivor rare,6.0,9.0,1.5
tumor aniridia,4.0,9.0,2.25
survivor great,4.0,9.0,2.25
highlight cancer,7.0,9.0,1.285714286
rectal examination,5.0,9.0,1.8
body ray,6.0,9.0,1.5
long nerve,7.0,9.0,1.285714286
resistance chemotherapy,9.0,9.0,1.0
aerobic exercise,5.0,9.0,1.8
tumor melanoma,9.0,9.0,1.0
age breast,7.0,9.0,1.285714286
nurse practitioner,7.0,9.0,1.285714286
year chemotherapy,8.0,9.0,1.125
scale genomic,8.0,9.0,1.125
roof mouth,3.0,9.0,3.0
good palliative,8.0,9.0,1.125
favorable disease,4.0,9.0,2.25
body high,9.0,9.0,1.0
body chemotherapy,9.0,9.0,1.0
chemotherapy growth,7.0,8.0,1.142857143
mouth nose,5.0,8.0,1.6
transplant drug,6.0,8.0,1.333333333
infusion drug,8.0,8.0,1.0
half cancer,8.0,8.0,1.0
cell flag,8.0,8.0,1.0
daratumumab cancer,4.0,8.0,2.0
girl boy,5.0,8.0,1.6
great high,5.0,8.0,1.6
cancer metab,3.0,8.0,2.666666667
cancer robust,7.0,8.0,1.142857143
evolution cancer,8.0,8.0,1.0
development advanced,5.0,8.0,1.6
leukemia mutation,5.0,8.0,1.6
pediatric disease,7.0,8.0,1.142857143
tumor space,4.0,8.0,2.0
cancer ret,4.0,8.0,2.0
child option,3.0,8.0,2.666666667
surgery biopsy,6.0,8.0,1.333333333
palliative well,8.0,8.0,1.0
flag cancer,8.0,8.0,1.0
destruction body,8.0,8.0,1.0
glioma survivor,4.0,8.0,2.0
diet exercise,6.0,8.0,1.333333333
video monoclonal,8.0,8.0,1.0
rituximab molecule,8.0,8.0,1.0
catheter cancer,8.0,8.0,1.0
overview gastrointestinal,4.0,8.0,2.0
cyclophosphamide vincristine,3.0,8.0,2.666666667
lymphoma similar,4.0,8.0,2.0
breathing problem,7.0,8.0,1.142857143
steroid hormone,8.0,8.0,1.0
pas body,4.0,8.0,2.0
pain abdomen,5.0,8.0,1.6
model prostate,4.0,8.0,2.0
failure high,5.0,8.0,1.6
antibody able,8.0,8.0,1.0
drug application,7.0,8.0,1.142857143
therapy total,6.0,8.0,1.333333333
liver transplant,3.0,8.0,2.666666667
child liver,4.0,8.0,2.0
adult solid,7.0,8.0,1.142857143
tumor close,8.0,8.0,1.0
layer epidermis,4.0,8.0,2.0
liver high,5.0,8.0,1.6
p53 tumor,8.0,8.0,1.0
substance needle,8.0,8.0,1.0
needle seed,8.0,8.0,1.0
seed wire,8.0,8.0,1.0
wire catheter,8.0,8.0,1.0
lateral neck,3.0,8.0,2.666666667
recurrence metastasis,7.0,8.0,1.142857143
surgery recurrent,7.0,8.0,1.142857143
fluid blood,3.0,8.0,2.666666667
rate age,5.0,8.0,1.6
multiple gene,8.0,8.0,1.0
syndrome wagr,4.0,8.0,2.0
appropriate cancer,7.0,8.0,1.142857143
quality assessment,7.0,8.0,1.142857143
carcinoma disease,5.0,8.0,1.6
virus hiv,7.0,8.0,1.142857143
deficiency cancer,4.0,8.0,2.0
example gene,8.0,8.0,1.0
experiment cell,8.0,8.0,1.0
cancer patient,8.0,8.0,1.0
cancer venetoclax,4.0,8.0,2.0
biomarker likely,8.0,8.0,1.0
rate mortality,8.0,8.0,1.0
series rare,4.0,8.0,2.0
eye exam,5.0,8.0,1.6
drug steroid,7.0,8.0,1.142857143
tumor prognosis,8.0,8.0,1.0
status high,8.0,8.0,1.0
area symptom,8.0,8.0,1.0
virus immune,5.0,8.0,1.6
complete tumor,6.0,8.0,1.333333333
cancer endpoint,5.0,8.0,1.6
melanoma lung,8.0,8.0,1.0
unique cancer,7.0,8.0,1.142857143
immunology hematology,7.0,8.0,1.142857143
hematology etiology,7.0,8.0,1.142857143
rearrangement gene,4.0,8.0,2.0
improvement year,5.0,8.0,1.6
lymphoma team,4.0,8.0,2.0
datum good,8.0,8.0,1.0
lung kidney,8.0,8.0,1.0
cancer disorder,7.0,8.0,1.142857143
activation gene,4.0,8.0,2.0
underwent surgery,5.0,8.0,1.6
test liquid,5.0,8.0,1.6
hormone tumor,7.0,8.0,1.142857143
problem large,8.0,8.0,1.0
vessel heart,6.0,8.0,1.333333333
eye brain,5.0,8.0,1.6
waldeyer ring,8.0,8.0,1.0
woman hodgkin,4.0,8.0,2.0
lymph nearby,4.0,8.0,2.0
normal thyroid,3.0,8.0,2.666666667
time exposure,5.0,8.0,1.6
modification tumor,4.0,8.0,2.0
relapse resistance,4.0,8.0,2.0
time right,7.0,8.0,1.142857143
leukemia high,5.0,8.0,1.6
good chemotherapy,7.0,8.0,1.142857143
right place,5.0,8.0,1.6
duodenum small,3.0,8.0,2.666666667
metastasis branch,6.0,8.0,1.333333333
metastatic gastrointestinal,4.0,8.0,2.0
gender age,5.0,8.0,1.6
antibody infection,5.0,8.0,1.6
initial alk,5.0,8.0,1.6
heart healthy,3.0,8.0,2.666666667
ivb ivc,4.0,8.0,2.0
cancer innovative,8.0,8.0,1.0
adolescent child,7.0,8.0,1.142857143
stage abnormal,6.0,8.0,1.333333333
fast heartbeat,6.0,8.0,1.333333333
genomic rearrangement,5.0,8.0,1.6
tool genomic,6.0,8.0,1.333333333
platelet bone,7.0,8.0,1.142857143
cell virus,5.0,8.0,1.6
teen young,8.0,8.0,1.0
number white,7.0,8.0,1.142857143
distress depression,4.0,8.0,2.0
insight potential,8.0,8.0,1.0
test chromosome,8.0,8.0,1.0
lymph removal,8.0,8.0,1.0
molecular landscape,4.0,8.0,2.0
tumor pathologist,8.0,8.0,1.0
histone modification,6.0,8.0,1.333333333
tumor overexpress,6.0,8.0,1.333333333
chemical tag,4.0,8.0,2.0
postdoctoral cancer,8.0,8.0,1.0
cervical node,3.0,8.0,2.666666667
experience survey,3.0,8.0,2.666666667
stromal consortium,5.0,8.0,1.6
tumor carboplatin,4.0,8.0,2.0
favorable response,6.0,8.0,1.333333333
cell complete,8.0,8.0,1.0
emotional physical,5.0,8.0,1.6
dog cancer,3.0,8.0,2.666666667
pathologist bone,8.0,8.0,1.0
therapy key,6.0,8.0,1.333333333
heart blood,6.0,8.0,1.333333333
tissue heart,5.0,8.0,1.6
itchy skin,8.0,8.0,1.0
practice issue,8.0,8.0,1.0
biopsy excisional,8.0,8.0,1.0
immunohistochemistry test,8.0,8.0,1.0
tumor multifocal,3.0,8.0,2.666666667
promise cancer,8.0,8.0,1.0
k08 development,4.0,8.0,2.0
decitabine cedazuridine,4.0,8.0,2.0
pediatric endemic,5.0,8.0,1.6
radiation machine,5.0,8.0,1.6
cell metastasis,8.0,8.0,1.0
decitabine drug,3.0,8.0,2.666666667
datum easy,8.0,8.0,1.0
lot year,8.0,8.0,1.0
analysis therapy,8.0,8.0,1.0
csf spinal,5.0,8.0,1.6
outcome example,8.0,8.0,1.0
application special,5.0,8.0,1.6
inhibitor adjuvant,5.0,8.0,1.6
ebv status,3.0,8.0,2.666666667
cancer follicular,8.0,8.0,1.0
age screening,5.0,8.0,1.6
platinum therapy,5.0,8.0,1.6
predictor outcome,4.0,8.0,2.0
test positive,7.0,8.0,1.142857143
cohort pediatric,6.0,8.0,1.333333333
scan computer,8.0,8.0,1.0
cancer mri,7.0,8.0,1.142857143
appointment ask,8.0,8.0,1.0
ask cancer,8.0,8.0,1.0
recurrent cancer,7.0,8.0,1.142857143
chemotherapy total,6.0,8.0,1.333333333
marrow donor,7.0,8.0,1.142857143
predictive factor,6.0,8.0,1.333333333
cutaneous anaplastic,4.0,8.0,2.0
relapse tumor,4.0,8.0,2.0
datum infrastructure,6.0,8.0,1.333333333
gap knowledge,8.0,8.0,1.0
personal genomic,5.0,8.0,1.6
bone fracture,8.0,8.0,1.0
death heart,8.0,8.0,1.0
invasive bladder,6.0,8.0,1.333333333
cancer colonoscopy,5.0,8.0,1.6
pembrolizumab surgery,3.0,8.0,2.666666667
chemo hearing,5.0,8.0,1.6
tumor ebv,3.0,8.0,2.666666667
cell differentiation,6.0,8.0,1.333333333
datum registry,5.0,8.0,1.6
eur surg,4.0,8.0,2.0
initial surgical,3.0,8.0,2.666666667
therapy laser,5.0,8.0,1.6
vein arm,4.0,8.0,2.0
apheresis machine,5.0,8.0,1.6
rest blood,5.0,8.0,1.6
death anticipatory,3.0,8.0,2.666666667
relief chronic,4.0,8.0,2.0
ibrutinib relief,4.0,8.0,2.0
immune tissue,8.0,8.0,1.0
small tube,8.0,8.0,1.0
cancer api,5.0,8.0,1.6
translational lesion,5.0,8.0,1.6
carcinoma chemotherapy,5.0,8.0,1.6
sample pancreatic,3.0,8.0,2.666666667
year blood,6.0,8.0,1.333333333
european registry,4.0,8.0,2.0
cell cellular,6.0,8.0,1.333333333
body diagnose,4.0,8.0,2.0
peritoneal carcinomatosis,4.0,8.0,2.0
node small,8.0,8.0,1.0
mourning bereavement,3.0,8.0,2.666666667
final year,7.0,8.0,1.142857143
well drug,8.0,8.0,1.0
diagnosis diagnostic,6.0,8.0,1.333333333
locus chromosome,4.0,8.0,2.0
marrow tissue,7.0,8.0,1.142857143
option hodgkin,5.0,8.0,1.6
genomic overview,6.0,8.0,1.333333333
impact chronic,7.0,8.0,1.142857143
diverse background,7.0,8.0,1.142857143
cancer med,5.0,8.0,1.6
papillary cancer,5.0,8.0,1.6
diagnosis staging,6.0,8.0,1.333333333
cough shortness,6.0,8.0,1.333333333
autologous transplant,6.0,8.0,1.333333333
sick child,7.0,8.0,1.142857143
lymphoma recurrent,4.0,8.0,2.0
test lymph,4.0,8.0,2.0
lymphoma nhl,8.0,8.0,1.0
response initial,6.0,8.0,1.333333333
physical therapist,7.0,8.0,1.142857143
berzosertib small,4.0,8.0,2.0
piece tumor,8.0,8.0,1.0
time job,7.0,8.0,1.142857143
mild moderate,6.0,8.0,1.333333333
minimum age,3.0,8.0,2.666666667
high symptom,3.0,8.0,2.666666667
decade thyroid,5.0,8.0,1.6
profiling method,5.0,8.0,1.6
exam procedure,8.0,8.0,1.0
tonsil adenoid,8.0,8.0,1.0
tumor alk,6.0,8.0,1.333333333
factor grief,3.0,8.0,2.666666667
long breast,7.0,8.0,1.142857143
ph.d chair,6.0,8.0,1.333333333
cancer blue,5.0,8.0,1.6
stage iiic,4.0,8.0,2.0
percent high,7.0,8.0,1.142857143
time chemotherapy,8.0,8.0,1.0
star act,4.0,8.0,2.0
problem heart,7.0,8.0,1.142857143
advance thyroid,6.0,8.0,1.333333333
generation alk,5.0,8.0,1.6
mutation egfr,5.0,8.0,1.6
inhibitor bladder,5.0,8.0,1.6
cancer indication,7.0,8.0,1.142857143
relapse pediatric,5.0,8.0,1.6
datum gene,8.0,8.0,1.0
cancer complication,5.0,8.0,1.6
immunotherapy person,8.0,8.0,1.0
placebo grade,3.0,8.0,2.666666667
high immune,8.0,8.0,1.0
kind cell,6.0,8.0,1.333333333
cell genomic,7.0,8.0,1.142857143
intensive therapy,6.0,8.0,1.333333333
diagnosis option,8.0,8.0,1.0
old brain,8.0,8.0,1.0
epidemic cancer,3.0,8.0,2.666666667
prevention key,8.0,8.0,1.0
knowledge base,7.0,8.0,1.142857143
mortality woman,5.0,8.0,1.6
mood learning,8.0,8.0,1.0
cns disease,6.0,8.0,1.333333333
community public,7.0,8.0,1.142857143
skin stage,3.0,8.0,2.666666667
point stage,6.0,8.0,1.333333333
quality child,8.0,8.0,1.0
diagnosis chemotherapy,6.0,8.0,1.333333333
child prognosis,6.0,8.0,1.333333333
analysis benefit,4.0,8.0,2.0
dosing schedule,7.0,8.0,1.142857143
vaccine efficacy,4.0,8.0,2.0
dose schedule,4.0,8.0,2.0
enhance cancer,7.0,8.0,1.142857143
protection hpv,3.0,8.0,2.666666667
worker rehabilitation,8.0,8.0,1.0
integrative analysis,4.0,8.0,2.0
syndrome screening,4.0,8.0,2.0
example year,8.0,8.0,1.0
face cancer,7.0,8.0,1.142857143
overall age,7.0,8.0,1.142857143
vessel blood,7.0,8.0,1.142857143
recurrent cns,5.0,8.0,1.6
tumor profile,7.0,8.0,1.142857143
mutation germline,7.0,8.0,1.142857143
vein scanner,7.0,8.0,1.142857143
cell biopsy,8.0,8.0,1.0
geriatr soc,4.0,8.0,2.0
memory cancer,8.0,8.0,1.0
analysis blood,6.0,8.0,1.333333333
engagement cancer,8.0,8.0,1.0
cancer fusion,7.0,8.0,1.142857143
development immunotherapy,8.0,8.0,1.0
test large,8.0,8.0,1.0
refractory recurrent,4.0,8.0,2.0
tumor neuro,8.0,8.0,1.0
therapy bladder,4.0,8.0,2.0
test screening,8.0,8.0,1.0
parathyroid hormone,4.0,8.0,2.0
unique challenge,5.0,8.0,1.6
computational model,7.0,8.0,1.142857143
carcinoma test,3.0,8.0,2.666666667
body disease,8.0,8.0,1.0
heterogeneity cancer,7.0,8.0,1.142857143
tumor origin,7.0,8.0,1.142857143
syndrome disease,6.0,8.0,1.333333333
trans retinoic,4.0,8.0,2.0
pediatric nurse,8.0,8.0,1.0
girl year,5.0,8.0,1.6
cancer identification,6.0,8.0,1.333333333
cancer glioblastoma,7.0,8.0,1.142857143
week day,3.0,8.0,2.666666667
lymph regional,4.0,8.0,2.0
novel molecular,4.0,8.0,2.0
gland small,7.0,8.0,1.142857143
syndrome int,3.0,8.0,2.666666667
previous experience,7.0,8.0,1.142857143
psychological financial,6.0,8.0,1.333333333
endocrine medullary,6.0,8.0,1.333333333
syndrome phenotype,4.0,8.0,2.0
cancer tremendous,8.0,8.0,1.0
high total,7.0,8.0,1.142857143
death cardiovascular,6.0,8.0,1.333333333
mutation lynch,4.0,8.0,2.0
therapy brentuximab,4.0,8.0,2.0
piece tissue,7.0,8.0,1.142857143
venetoclax drug,5.0,8.0,1.6
significance mutation,4.0,8.0,2.0
potential barrier,3.0,8.0,2.666666667
akt pathway,6.0,8.0,1.333333333
duke university,6.0,8.0,1.333333333
chromosome low,4.0,8.0,2.0
factor response,6.0,8.0,1.333333333
cancer longitudinal,6.0,8.0,1.333333333
well overall,8.0,8.0,1.0
tumor antigen,7.0,8.0,1.142857143
scanner series,8.0,8.0,1.0
mortality weekly,6.0,8.0,1.333333333
contribution postdoctoral,8.0,8.0,1.0
point pfs,3.0,8.0,2.666666667
dose computed,8.0,8.0,1.0
cerebral cortex,4.0,8.0,2.0
phenotype multiple,4.0,8.0,2.0
cancer implication,7.0,8.0,1.142857143
application novel,3.0,8.0,2.666666667
preclinical drug,8.0,8.0,1.0
adult chemotherapy,5.0,8.0,1.6
tumor therapeutic,8.0,8.0,1.0
assessment symptom,6.0,8.0,1.333333333
perlmutter cancer,6.0,8.0,1.333333333
cell resistance,8.0,8.0,1.0
defibrotide sodium,3.0,8.0,2.666666667
hepatic veno,4.0,8.0,2.0
recurrence radiation,4.0,8.0,2.0
mri child,8.0,8.0,1.0
mri machine,8.0,8.0,1.0
table body,8.0,8.0,1.0
cancer computed,8.0,8.0,1.0
public tobacco,5.0,8.0,1.6
team drug,7.0,8.0,1.142857143
goal outcome,8.0,8.0,1.0
activation cell,7.0,8.0,1.142857143
diversity cancer,7.0,8.0,1.142857143
satish gopal,4.0,8.0,2.0
adjacent normal,6.0,8.0,1.333333333
psychological support,6.0,8.0,1.333333333
ability blood,8.0,8.0,1.0
testing management,3.0,8.0,2.666666667
low physical,5.0,8.0,1.6
death median,3.0,8.0,2.666666667
meaningful difference,6.0,8.0,1.333333333
right lot,4.0,8.0,2.0
lung bladder,7.0,8.0,1.142857143
head gynecologic,8.0,8.0,1.0
cancer comparative,4.0,8.0,2.0
tumor intrinsic,8.0,8.0,1.0
tumor fusion,6.0,8.0,1.333333333
nonsmoker secondhand,4.0,8.0,2.0
cell squamous,3.0,8.0,2.666666667
time enrollment,8.0,8.0,1.0
prevention agent,6.0,8.0,1.333333333
mediastinal radiation,3.0,8.0,2.666666667
catchment area,5.0,8.0,1.6
time old,8.0,8.0,1.0
bacterial infection,6.0,8.0,1.333333333
race child,5.0,8.0,1.6
prostate tissue,3.0,8.0,2.666666667
analysis consecutive,4.0,8.0,2.0
multisystem organ,3.0,8.0,2.666666667
gene promoter,4.0,8.0,2.0
university wisconsin,7.0,8.0,1.142857143
surgery test,5.0,8.0,1.6
survivor woman,7.0,8.0,1.142857143
associate branch,7.0,8.0,1.142857143
inhibitor anti,7.0,8.0,1.142857143
project echo,5.0,8.0,1.6
choice surgery,4.0,8.0,2.0
barrett esophagus,3.0,8.0,2.666666667
participant country,8.0,8.0,1.0
chemical tobacco,5.0,8.0,1.6
smoke nonsmoker,3.0,8.0,2.666666667
cancer outstanding,4.0,8.0,2.0
support time,6.0,8.0,1.333333333
datum course,6.0,8.0,1.333333333
institution experience,6.0,8.0,1.333333333
faculty mentor,6.0,8.0,1.333333333
criterion diagnosis,4.0,8.0,2.0
present cancer,8.0,8.0,1.0
week therapy,7.0,8.0,1.142857143
chemotherapy young,6.0,8.0,1.333333333
data gdc,4.0,8.0,2.0
datum repository,8.0,8.0,1.0
long toxicity,6.0,8.0,1.333333333
necrosis bone,4.0,8.0,2.0
gender race,8.0,8.0,1.0
extensive surgery,5.0,8.0,1.6
stage option,5.0,8.0,1.6
therapy concurrent,4.0,8.0,2.0
high cholesterol,4.0,8.0,2.0
pxa apxa,3.0,8.0,2.666666667
ectodermal tumor,4.0,8.0,2.0
ovary fallopian,7.0,8.0,1.142857143
cost testing,5.0,8.0,1.6
cognitive behavior,4.0,8.0,2.0
bph prostate,3.0,8.0,2.666666667
favorable unfavorable,4.0,8.0,2.0
neck rhabdomyosarcoma,3.0,8.0,2.666666667
test safety,8.0,8.0,1.0
analysis eur,6.0,8.0,1.333333333
marrow peripheral,6.0,8.0,1.333333333
day appointment,6.0,8.0,1.333333333
fluid lung,3.0,8.0,2.666666667
cooperative development,8.0,8.0,1.0
screening practice,5.0,8.0,1.6
symptom gastrointestinal,4.0,8.0,2.0
tumor opinion,5.0,8.0,1.6
ability diagnose,8.0,8.0,1.0
medicine practice,6.0,8.0,1.333333333
prescription subsidy,5.0,8.0,1.6
pre malignant,5.0,8.0,1.6
sample diagnosis,6.0,8.0,1.333333333
lymphoma tumor,7.0,8.0,1.142857143
complication graft,3.0,8.0,2.666666667
hodgkin reed,4.0,8.0,2.0
thickness tumor,4.0,8.0,2.0
example lung,8.0,8.0,1.0
incidence united,7.0,8.0,1.142857143
apc variant,3.0,8.0,2.666666667
diagnose prostate,3.0,8.0,2.666666667
hereditary breast,5.0,8.0,1.6
dtc test,3.0,8.0,2.666666667
analysis long,6.0,8.0,1.333333333
deletion variant,3.0,8.0,2.666666667
therapy likely,6.0,8.0,1.333333333
woman likely,5.0,8.0,1.6
carbon dioxide,7.0,8.0,1.142857143
sure cancer,8.0,8.0,1.0
retina optic,3.0,8.0,2.666666667
hpv dna,8.0,8.0,1.0
support prevention,8.0,8.0,1.0
drug combo,6.0,8.0,1.333333333
chromosome tumor,4.0,8.0,2.0
cancer sharing,8.0,8.0,1.0
percent breast,5.0,8.0,1.6
melanoma disease,6.0,8.0,1.333333333
time kind,5.0,8.0,1.6
academia private,8.0,8.0,1.0
ph.d molecular,8.0,8.0,1.0
drug radiation,6.0,8.0,1.333333333
pyrimidine fluoropyrimidine,3.0,8.0,2.666666667
cancer proteogenomic,3.0,8.0,2.666666667
hormone block,4.0,8.0,2.0
neuroendocrine neoplasm,6.0,8.0,1.333333333
therapy appropriate,3.0,8.0,2.666666667
big step,8.0,8.0,1.0
campus ritchey,8.0,8.0,1.0
body muscle,7.0,8.0,1.142857143
man placebo,3.0,8.0,2.666666667
mediastinum area,4.0,8.0,2.0
shed light,7.0,8.0,1.142857143
great importance,8.0,8.0,1.0
inhibitor tamoxifen,3.0,8.0,2.666666667
stage hormone,4.0,8.0,2.0
woman germline,5.0,8.0,1.6
design conduct,8.0,8.0,1.0
option drug,7.0,8.0,1.142857143
quality year,7.0,8.0,1.142857143
aml old,6.0,8.0,1.333333333
protein mutation,8.0,8.0,1.0
master regulator,5.0,8.0,1.6
guide contract,6.0,8.0,1.333333333
cancer phenotype,5.0,8.0,1.6
mutation test,7.0,8.0,1.142857143
discussion provider,6.0,8.0,1.333333333
gene responsible,6.0,8.0,1.333333333
optimal dose,6.0,8.0,1.333333333
increase age,7.0,8.0,1.142857143
participant breast,6.0,8.0,1.333333333
year factor,5.0,8.0,1.6
partial reduction,6.0,8.0,1.333333333
residual cancer,6.0,8.0,1.333333333
inhibitor long,8.0,8.0,1.0
participant pembrolizumab,4.0,8.0,2.0
mutation multiple,3.0,8.0,2.666666667
preservation male,6.0,8.0,1.333333333
preference discussion,4.0,8.0,2.0
man tumor,5.0,8.0,1.6
chemotherapy adjuvant,3.0,8.0,2.666666667
excess breast,4.0,8.0,2.0
discussion goal,5.0,8.0,1.6
large increase,8.0,8.0,1.0
cohort median,3.0,8.0,2.666666667
single cancer,8.0,8.0,1.0
tumor presentation,6.0,8.0,1.333333333
syndrome single,6.0,8.0,1.333333333
depression loss,6.0,8.0,1.333333333
software tool,7.0,8.0,1.142857143
testing woman,7.0,8.0,1.142857143
drug discovery,7.0,8.0,1.142857143
cancer pediatr,6.0,8.0,1.333333333
chest body,3.0,8.0,2.666666667
growth model,8.0,8.0,1.0
status time,4.0,8.0,2.0
cell glucose,4.0,8.0,2.0
difference disease,7.0,8.0,1.142857143
consultation oncologist,3.0,8.0,2.666666667
percent chemotherapy,5.0,8.0,1.6
remission chemotherapy,7.0,8.0,1.142857143
cell present,8.0,8.0,1.0
company cancer,6.0,8.0,1.333333333
single multiple,6.0,8.0,1.333333333
datum opportunity,6.0,8.0,1.333333333
cervical colorectal,5.0,8.0,1.6
predictive model,3.0,8.0,2.666666667
pathway drug,8.0,8.0,1.0
year paper,8.0,8.0,1.0
surgery spread,6.0,8.0,1.333333333
sarcoma form,6.0,8.0,1.333333333
drug well,8.0,8.0,1.0
body symptom,6.0,8.0,1.333333333
form breast,6.0,8.0,1.333333333
year testing,4.0,8.0,2.0
diagnostic marker,6.0,8.0,1.333333333
icahn school,8.0,8.0,1.0
moffitt cancer,6.0,8.0,1.333333333
point median,4.0,8.0,2.0
oral complication,5.0,8.0,1.6
yield positive,4.0,8.0,2.0
growth blood,7.0,8.0,1.142857143
protein pathway,6.0,8.0,1.333333333
function long,3.0,8.0,2.666666667
dependent cancer,4.0,8.0,2.0
worta mccaskill,4.0,8.0,2.0
opportunity par-24,4.0,8.0,2.0
word phrase,4.0,8.0,2.0
well datum,8.0,8.0,1.0
half time,4.0,8.0,2.0
death bereavement,4.0,8.0,2.0
lymphoma central,4.0,8.0,2.0
consortium clin,6.0,8.0,1.333333333
test potential,8.0,8.0,1.0
loss gain,4.0,8.0,2.0
year previous,7.0,8.0,1.142857143
reduction lung,7.0,8.0,1.142857143
siteman cancer,4.0,8.0,2.0
cancer priority,8.0,8.0,1.0
prognosis pediatric,4.0,8.0,2.0
tumor appendiceal,3.0,8.0,2.666666667
resistant drug,5.0,8.0,1.6
community share,8.0,8.0,1.0
clear benefit,6.0,8.0,1.333333333
dci breast,4.0,8.0,2.0
person world,8.0,8.0,1.0
biopsy speciman,4.0,8.0,2.0
medicine colleague,8.0,8.0,1.0
prognosis clin,4.0,8.0,2.0
dpyd genotype,3.0,8.0,2.666666667
pacific islander,7.0,8.0,1.142857143
thyroid function,5.0,8.0,1.6
tumour cancer,4.0,8.0,2.0
prognostic indicator,5.0,8.0,1.6
cancer leukaemia,5.0,8.0,1.6
investigator tumor,8.0,8.0,1.0
cell peripheral,4.0,8.0,2.0
european neuroendocrine,3.0,8.0,2.666666667
alive disease,6.0,8.0,1.333333333
dramatic response,8.0,8.0,1.0
prior year,8.0,8.0,1.0
mentor great,5.0,8.0,1.6
cancer terminal,5.0,8.0,1.6
growth skin,4.0,8.0,2.0
participant test,7.0,8.0,1.142857143
therapy pulmonary,3.0,8.0,2.666666667
drug substantial,8.0,8.0,1.0
difference age,5.0,8.0,1.6
awareness cancer,6.0,8.0,1.333333333
cell factor,8.0,8.0,1.0
disease lot,8.0,8.0,1.0
rate region,4.0,8.0,2.0
potential biological,7.0,8.0,1.142857143
dose intensity,5.0,8.0,1.6
annual year,6.0,8.0,1.333333333
cell early,6.0,8.0,1.333333333
immunotherapy child,7.0,8.0,1.142857143
criterion tumor,5.0,8.0,1.6
setting addition,8.0,8.0,1.0
osteosarcoma cancer,4.0,8.0,2.0
cure disease,5.0,8.0,1.6
fluoropyrimidine chemotherapy,3.0,8.0,2.666666667
faculty development,4.0,8.0,2.0
sarcoma year,5.0,8.0,1.6
chemotherapy practice,5.0,8.0,1.6
consistent finding,8.0,8.0,1.0
large millimeter,3.0,8.0,2.666666667
skin tone,4.0,8.0,2.0
menopausal status,3.0,8.0,2.666666667
high remission,6.0,8.0,1.333333333
subtype pediatric,4.0,8.0,2.0
procedure tumor,8.0,8.0,1.0
subcutaneous tissue,3.0,8.0,2.666666667
abnormal mammogram,3.0,8.0,2.666666667
mesylate cancer,4.0,8.0,2.0
large vein,7.0,8.0,1.142857143
surface protein,8.0,8.0,1.0
oncology target,5.0,8.0,1.6
sample time,8.0,8.0,1.0
cell chromosome,7.0,8.0,1.142857143
function ovarian,5.0,8.0,1.6
cancer stat,8.0,8.0,1.0
man herd,6.0,8.0,1.333333333
therapy management,6.0,8.0,1.333333333
initial phase,6.0,8.0,1.333333333
bone sarcoma,3.0,8.0,2.666666667
nerve pain,8.0,8.0,1.0
imaging symptom,8.0,8.0,1.0
cancer tip,7.0,8.0,1.142857143
rathmell cancer,4.0,8.0,2.0
tumor rhabdomyosarcoma,6.0,8.0,1.333333333
tumor microbiome,3.0,8.0,2.666666667
variant genome,5.0,8.0,1.6
number dna,7.0,8.0,1.142857143
experience community,6.0,8.0,1.333333333
criterion citizenship,4.0,8.0,2.0
therapy table,5.0,8.0,1.6
practice stage,6.0,8.0,1.333333333
therapy major,8.0,8.0,1.0
workshop stromal,3.0,8.0,2.666666667
heterogeneous tumor,6.0,8.0,1.333333333
high bladder,3.0,8.0,2.666666667
future opportunity,8.0,8.0,1.0
factor poor,6.0,8.0,1.333333333
adenocarcinoma tumor,6.0,8.0,1.333333333
time field,6.0,8.0,1.333333333
region genome,8.0,8.0,1.0
small cohort,6.0,8.0,1.333333333
screening mammography,7.0,8.0,1.142857143
target therapy,7.0,8.0,1.142857143
melanoma uveal,3.0,8.0,2.666666667
great thank,6.0,8.0,1.333333333
awareness prognosis,3.0,8.0,2.666666667
discus prognosis,3.0,8.0,2.666666667
share cancer,8.0,8.0,1.0
aggressive breast,8.0,8.0,1.0
dialogue crchd,8.0,8.0,1.0
germline dicer1,3.0,8.0,2.666666667
disease potential,8.0,8.0,1.0
cancer ribociclib,4.0,8.0,2.0
receptor tumor,6.0,8.0,1.333333333
cancer yield,4.0,8.0,2.0
cancer selumetinib,5.0,8.0,1.6
tumor hematopoietic,4.0,8.0,2.0
pilot project,6.0,8.0,1.333333333
association variant,6.0,8.0,1.333333333
symptom person,6.0,8.0,1.333333333
sample metastatic,8.0,8.0,1.0
idea nanci,4.0,8.0,2.0
thing black,6.0,8.0,1.333333333
tumor profiling,4.0,8.0,2.0
erlotinib tarceva,8.0,8.0,1.0
engineering cell,8.0,8.0,1.0
course radiation,5.0,8.0,1.6
datum big,8.0,8.0,1.0
cancer spouse,4.0,8.0,2.0
disease white,7.0,8.0,1.142857143
rate young,6.0,8.0,1.333333333
mortality high,6.0,8.0,1.333333333
mutation kras,8.0,8.0,1.0
dna replication,8.0,8.0,1.0
glucose pancreatic,6.0,8.0,1.333333333
cell nerve,6.0,8.0,1.333333333
obligation budget,4.0,8.0,2.0
medicine finding,6.0,8.0,1.333333333
mastectomy radiation,4.0,8.0,2.0
cell extra,7.0,8.0,1.142857143
melanoma brain,4.0,8.0,2.0
datum age,8.0,8.0,1.0
bad year,7.0,8.0,1.142857143
histology molecular,3.0,8.0,2.666666667
age trep,3.0,8.0,2.666666667
practice nurse,4.0,8.0,2.0
emotional spiritual,7.0,8.0,1.142857143
cancer score,6.0,8.0,1.333333333
morbidity cancer,4.0,8.0,2.0
cancer eye,5.0,8.0,1.6
cancer histology,5.0,8.0,1.6
refractory large,4.0,8.0,2.0
course precision,4.0,8.0,2.0
stage extent,6.0,8.0,1.333333333
guide cancer,7.0,8.0,1.142857143
blinatumomab chemotherapy,3.0,8.0,2.666666667
thing year,7.0,8.0,1.142857143
substantial number,6.0,8.0,1.333333333
therapy refractory,7.0,8.0,1.142857143
overdiagnosis overtreatment,8.0,8.0,1.0
cancer axillary,4.0,8.0,2.0
drug tebentafusp,4.0,8.0,2.0
drug efficacy,8.0,8.0,1.0
fund cancer,8.0,8.0,1.0
cancer setting,6.0,8.0,1.333333333
survivor eur,3.0,8.0,2.666666667
relaxation technique,5.0,8.0,1.6
cancer responsive,8.0,8.0,1.0
status pediatric,4.0,8.0,2.0
cell active,8.0,8.0,1.0
radiopharmaceutical radiation,3.0,8.0,2.666666667
inheritance pattern,4.0,8.0,2.0
year development,8.0,8.0,1.0
adenoma cancer,3.0,8.0,2.666666667
aplastic anemia,3.0,8.0,2.666666667
mimic leukemia,4.0,8.0,2.0
critical need,8.0,8.0,1.0
ph.d m.p.h,6.0,8.0,1.333333333
renal failure,3.0,8.0,2.666666667
quality satisfaction,3.0,8.0,2.666666667
drug brentuximab,5.0,8.0,1.6
ado trastuzumab,7.0,8.0,1.142857143
percent child,5.0,8.0,1.6
salary supplementation,8.0,8.0,1.0
molecular application,5.0,8.0,1.6
origin single,5.0,8.0,1.6
skin basal,3.0,8.0,2.666666667
cancer look,5.0,8.0,1.6
eye skin,6.0,8.0,1.333333333
congressional justification,6.0,8.0,1.333333333
associated mutation,7.0,8.0,1.142857143
novel mechanism,8.0,8.0,1.0
additional datum,8.0,8.0,1.0
cell new,8.0,8.0,1.0
limited small,6.0,8.0,1.333333333
survivor bone,3.0,8.0,2.666666667
nanoparticle tumor,5.0,8.0,1.6
prognostic predictive,4.0,8.0,2.0
tumor desmoplastic,6.0,8.0,1.333333333
agreement cancer,8.0,8.0,1.0
mastectomy surgery,3.0,8.0,2.666666667
cancer doxorubicin,6.0,8.0,1.333333333
cell signal,7.0,8.0,1.142857143
signal transduction,7.0,8.0,1.142857143
prevention cessation,6.0,8.0,1.333333333
era cancer,8.0,8.0,1.0
mobile application,7.0,8.0,1.142857143
journal medicine,8.0,8.0,1.0
therapy genomic,6.0,8.0,1.333333333
ifosfamide cisplatin,4.0,8.0,2.0
fatigue cognitive,4.0,8.0,2.0
instability cancer,4.0,8.0,2.0
test endometrial,5.0,8.0,1.6
gene genome,8.0,8.0,1.0
development innovative,7.0,8.0,1.142857143
high value,6.0,8.0,1.333333333
alteration pattern,5.0,8.0,1.6
receptor hormone,4.0,8.0,2.0
body normal,8.0,8.0,1.0
problem support,8.0,8.0,1.0
surgery lung,4.0,8.0,2.0
screening year,5.0,8.0,1.6
test brain,5.0,8.0,1.6
cancer sean,4.0,8.0,2.0
age prostate,5.0,8.0,1.6
multiple symptom,4.0,8.0,2.0
myeloma tumor,4.0,8.0,2.0
tumor male,8.0,8.0,1.0
testing negative,5.0,8.0,1.6
response protein,8.0,8.0,1.0
therapy goal,8.0,8.0,1.0
complication surgery,7.0,8.0,1.142857143
pik3ca variant,4.0,8.0,2.0
time initial,8.0,8.0,1.0
cancer conventional,6.0,8.0,1.333333333
helpful cancer,6.0,8.0,1.333333333
function woman,4.0,8.0,2.0
year subsequent,4.0,8.0,2.0
development project,6.0,8.0,1.333333333
project datum,8.0,8.0,1.0
survivor systematic,3.0,8.0,2.666666667
human melanoma,5.0,8.0,1.6
target team,7.0,8.0,1.142857143
disease cycle,3.0,8.0,2.666666667
receptor cancer,7.0,8.0,1.142857143
year metastatic,6.0,8.0,1.333333333
potential long,8.0,8.0,1.0
colon adenoma,3.0,8.0,2.666666667
clue colorectal,6.0,8.0,1.333333333
prognosis similar,3.0,8.0,2.666666667
cancer complexity,7.0,8.0,1.142857143
carcinoma analysis,5.0,8.0,1.6
survivor drug,6.0,8.0,1.333333333
molecular cytogenetic,4.0,8.0,2.0
human prostate,4.0,8.0,2.0
award overview,8.0,8.0,1.0
clarification salary,8.0,8.0,1.0
analysis randomized,4.0,8.0,2.0
cancer glioma,6.0,8.0,1.333333333
chronic hepatitis,4.0,8.0,2.0
year trend,8.0,8.0,1.0
significant decline,4.0,8.0,2.0
metastatic setting,3.0,8.0,2.666666667
precision therapy,5.0,8.0,1.6
lineberger cancer,8.0,8.0,1.0
development year,7.0,8.0,1.142857143
sexual orientation,5.0,8.0,1.6
acetate cancer,3.0,8.0,2.666666667
acetate drug,3.0,8.0,2.666666667
promote cancer,8.0,8.0,1.0
cancer epidemiologic,8.0,8.0,1.0
major blood,3.0,8.0,2.666666667
return surgery,5.0,8.0,1.6
test dna,7.0,8.0,1.142857143
cdk4 cdk6,5.0,8.0,1.6
tumor difficult,8.0,8.0,1.0
preclinical datum,6.0,8.0,1.333333333
cancer obesity,7.0,8.0,1.142857143
virchow arch,4.0,8.0,2.0
kid pediatric,4.0,8.0,2.0
interim rppr,3.0,8.0,2.666666667
loss grief,5.0,8.0,1.6
werner syndrome,4.0,8.0,2.0
ethnic cancer,8.0,8.0,1.0
exercise physical,6.0,8.0,1.333333333
referral indication,4.0,8.0,2.0
predisposition assessment,4.0,8.0,2.0
nonpolyposis colon,5.0,8.0,1.6
carrier mutation,4.0,8.0,2.0
cycle receipt,8.0,8.0,1.0
receipt application,8.0,8.0,1.0
tomorrow cancer,4.0,8.0,2.0
episode impactful,4.0,8.0,2.0
impactful mentor,4.0,8.0,2.0
factor mortality,5.0,8.0,1.6
uncover chemotherapy,4.0,8.0,2.0
cell animal,8.0,8.0,1.0
anticancer agent,8.0,8.0,1.0
mechanism drug,7.0,8.0,1.142857143
arm tumor,8.0,8.0,1.0
lab experiment,6.0,8.0,1.333333333
carfilzomib multiple,5.0,8.0,1.6
counselor referral,4.0,8.0,2.0
quality woman,6.0,8.0,1.333333333
therapy computer,6.0,8.0,1.333333333
consortium protocol,3.0,8.0,2.666666667
year male,5.0,8.0,1.6
path cancer,6.0,8.0,1.333333333
episode advocacy,4.0,8.0,2.0
advocacy mentoring,4.0,8.0,2.0
mentoring equity,4.0,8.0,2.0
episode tomorrow,4.0,8.0,2.0
tumor well,8.0,8.0,1.0
option surgery,8.0,8.0,1.0
dose rate,4.0,8.0,2.0
new breast,8.0,8.0,1.0
number relative,3.0,8.0,2.666666667
option old,6.0,8.0,1.333333333
relapse low,4.0,8.0,2.0
episode engineering,4.0,8.0,2.0
episode black,4.0,8.0,2.0
cancer climb,4.0,8.0,2.0
episode fireside,4.0,8.0,2.0
fireside rathmell,4.0,8.0,2.0
syndrome blood,6.0,8.0,1.333333333
chemotherapy anthracycline,3.0,8.0,2.666666667
example cell,7.0,8.0,1.142857143
myeloma multiple,6.0,8.0,1.333333333
therapy kidney,5.0,8.0,1.6
myeloma prior,6.0,8.0,1.333333333
therapy rate,3.0,8.0,2.666666667
datum sne,3.0,8.0,2.666666667
cultural religious,6.0,8.0,1.333333333
immunotherapy workshop,4.0,8.0,2.0
mutation analysis,8.0,8.0,1.0
cervical vaginal,4.0,8.0,2.0
prospective analysis,5.0,8.0,1.6
chemotherapy new,8.0,8.0,1.0
benefit testing,5.0,8.0,1.6
chordoma chondrosarcoma,4.0,8.0,2.0
woman black,5.0,8.0,1.6
alteration prognostic,4.0,8.0,2.0
environment tumor,8.0,8.0,1.0
physician oncologist,7.0,8.0,1.142857143
award renewable,8.0,8.0,1.0
equipment travel,8.0,8.0,1.0
susceptibility cancer,7.0,8.0,1.142857143
inhibitor target,8.0,8.0,1.0
rate long,8.0,8.0,1.0
ovarian breast,7.0,8.0,1.142857143
drug agent,8.0,8.0,1.0
lymphocytic lymphoma,8.0,8.0,1.0
class cancer,7.0,8.0,1.142857143
low diagnosis,5.0,8.0,1.6
situ cancer,6.0,8.0,1.333333333
breast exam,4.0,8.0,2.0
test abnormal,6.0,8.0,1.333333333
abnormal test,3.0,8.0,2.666666667
woman factor,5.0,8.0,1.6
bean structure,8.0,8.0,1.0
problem bone,5.0,8.0,1.6
comorbid depression,3.0,8.0,2.666666667
cohort long,3.0,8.0,2.666666667
death high,8.0,8.0,1.0
inhibitor pd-1,8.0,8.0,1.0
addition woman,8.0,8.0,1.0
finding team,8.0,8.0,1.0
development ctd,8.0,8.0,1.0
factor low,6.0,8.0,1.333333333
cancer hum,7.0,8.0,1.142857143
r61 rfa,4.0,8.0,2.0
cancer r33,4.0,8.0,2.0
biallelic inactivation,4.0,8.0,2.0
resident citizenship,8.0,8.0,1.0
card apply,8.0,8.0,1.0
apply citizenship,8.0,8.0,1.0
key pathway,8.0,8.0,1.0
location cancer,8.0,8.0,1.0
uninterrupted imatinib,6.0,8.0,1.333333333
mri breast,5.0,8.0,1.6
intramural extramural,8.0,8.0,1.0
tumor workshop,5.0,8.0,1.6
somatic inactivation,3.0,8.0,2.666666667
diagnostic value,4.0,8.0,2.0
woman invasive,3.0,8.0,2.666666667
application webinar,6.0,8.0,1.333333333
hospital country,8.0,8.0,1.0
resistance tumor,8.0,8.0,1.0
line model,8.0,8.0,1.0
resistance mechanism,8.0,8.0,1.0
speech therapy,6.0,8.0,1.333333333
cancer brentuximab,4.0,8.0,2.0
tumor neuronal,3.0,8.0,2.666666667
prevention pcpt,4.0,8.0,2.0
reduction incidence,4.0,8.0,2.0
form brain,6.0,8.0,1.333333333
self exam,4.0,8.0,2.0
diagnose breast,5.0,8.0,1.6
vaginal dryness,4.0,8.0,2.0
pediatric stem,3.0,8.0,2.666666667
award period,8.0,8.0,1.0
award issuance,8.0,8.0,1.0
issuance foreign,8.0,8.0,1.0
strategy prevention,8.0,8.0,1.0
imatinib gastrointestinal,6.0,8.0,1.333333333
sharing plan,8.0,8.0,1.0
major impact,8.0,8.0,1.0
iarc monograph,7.0,8.0,1.142857143
monograph carcinogenic,7.0,8.0,1.142857143
hpv head,6.0,8.0,1.333333333
cancer mammography,6.0,8.0,1.333333333
tumor rate,7.0,8.0,1.142857143
sufficient time,7.0,8.0,1.142857143
her2 gene,6.0,8.0,1.333333333
gene encode,7.0,8.0,1.142857143
activity enzyme,8.0,8.0,1.0
cancer r61,4.0,8.0,2.0
medulloblastoma surgery,4.0,8.0,2.0
participant radiation,5.0,8.0,1.6
test diagnosis,7.0,8.0,1.142857143
age variant,4.0,8.0,2.0
therapy particular,6.0,8.0,1.333333333
datum pediatric,7.0,8.0,1.142857143
pediatric datum,8.0,8.0,1.0
travel cost,6.0,8.0,1.333333333
award candidate,8.0,8.0,1.0
meaningful improvement,8.0,8.0,1.0
investigator oncology,8.0,8.0,1.0
award institutional,8.0,8.0,1.0
therapy death,7.0,8.0,1.142857143
analytical tool,4.0,8.0,2.0
shh subtype,4.0,8.0,2.0
child drug,8.0,8.0,1.0
award k00,4.0,8.0,2.0
transition application,5.0,8.0,1.6
award degree,7.0,8.0,1.142857143
degree academic,7.0,8.0,1.142857143
p450 enzyme,4.0,8.0,2.0
history prostate,4.0,8.0,2.0
prospective cancer,7.0,8.0,1.142857143
application development,4.0,8.0,2.0
melanoma drug,6.0,8.0,1.333333333
option immunotherapy,7.0,8.0,1.142857143
therapy int,3.0,8.0,2.666666667
mortality incidence,4.0,8.0,2.0
cancer gleason,4.0,8.0,2.0
analysis investigator,7.0,8.0,1.142857143
child aged,6.0,8.0,1.333333333
disease familial,5.0,8.0,1.6
germline dna,7.0,8.0,1.142857143
citizen foreign,5.0,8.0,1.6
mutant glioma,5.0,8.0,1.6
immune status,6.0,8.0,1.333333333
tumor mismatch,6.0,8.0,1.333333333
datum therapy,7.0,8.0,1.142857143
cell plasticity,7.0,8.0,1.142857143
death rare,6.0,8.0,1.333333333
counselor cancer,7.0,8.0,1.142857143
data ecosystem,3.0,8.0,2.666666667
tumor methylation,4.0,8.0,2.0
visa status,6.0,8.0,1.333333333
cancer targeted,7.0,8.0,1.142857143
liver cell,4.0,8.0,2.0
student institution,4.0,8.0,2.0
award active,8.0,8.0,1.0
low year,8.0,8.0,1.0
duodenal tumor,3.0,8.0,2.666666667
actionable mutation,5.0,8.0,1.6
year award,8.0,8.0,1.0
grade toxicity,7.0,8.0,1.142857143
quality score,7.0,8.0,1.142857143
child hepatoblastoma,5.0,8.0,1.6
investigator datum,7.0,8.0,1.142857143
great benefit,8.0,8.0,1.0
cancer pipeline,6.0,8.0,1.333333333
aggressive therapy,7.0,8.0,1.142857143
year mean,3.0,8.0,2.666666667
code protein,6.0,8.0,1.333333333
protocol clin,4.0,8.0,2.0
adolescent cigarette,4.0,8.0,2.0
melanoma recurrence,6.0,8.0,1.333333333
relevant award,8.0,8.0,1.0
drug market,7.0,8.0,1.142857143
melanoma braf,5.0,8.0,1.6
tumor able,8.0,8.0,1.0
registry child,5.0,8.0,1.6
toxicity drug,8.0,8.0,1.0
bacteria tumor,5.0,8.0,1.6
child subtype,8.0,8.0,1.0
activity immune,6.0,8.0,1.333333333
oar advocacy,3.0,8.0,2.666666667
respiratory complication,3.0,8.0,2.666666667
development area,6.0,8.0,1.333333333
complete announcement,8.0,8.0,1.0
announcement parent,5.0,8.0,1.6
key initiative,5.0,8.0,1.6
medicine datum,8.0,8.0,1.0
imat project,3.0,8.0,2.666666667
business advance,4.0,8.0,2.0
university child,8.0,8.0,1.0
complex chromosomal,4.0,8.0,2.0
til therapy,4.0,8.0,2.0
cognitive difficulty,6.0,8.0,1.333333333
initiative cssi,8.0,8.0,1.0
finding child,8.0,8.0,1.0
surgery lumpectomy,4.0,8.0,2.0
man old,8.0,8.0,1.0
precise diagnosis,6.0,8.0,1.333333333
incidence tumor,8.0,8.0,1.0
key molecular,8.0,8.0,1.0
cellular immunotherapy,7.0,8.0,1.142857143
nicotine young,4.0,8.0,2.0
branch tcrb,8.0,8.0,1.0
youth tobacco,8.0,8.0,1.0
cell old,8.0,8.0,1.0
cell well,8.0,8.0,1.0
drug large,8.0,8.0,1.0
reporter query,4.0,8.0,2.0
initiative molecular,3.0,8.0,2.666666667
rate hispanic,6.0,8.0,1.333333333
similar outcome,6.0,8.0,1.333333333
university college,7.0,8.0,1.142857143
hispanic woman,5.0,8.0,1.6
disease curable,8.0,8.0,1.0
severe cancer,5.0,8.0,1.6
cancer swog,5.0,8.0,1.6
diagnostic procedure,5.0,8.0,1.6
high human,7.0,8.0,1.142857143
low volume,7.0,8.0,1.142857143
regulation cancer,7.0,8.0,1.142857143
transcriptional regulation,5.0,8.0,1.6
biochemistry university,8.0,8.0,1.0
chemo leiomyosarcoma,6.0,8.0,1.333333333
meaningful benefit,8.0,8.0,1.0
cellular classification,4.0,8.0,2.0
lymphoma subtype,6.0,8.0,1.333333333
innovation cancer,6.0,8.0,1.333333333
tremendous progress,8.0,8.0,1.0
hiv malignancy,4.0,8.0,2.0
absolute difference,3.0,8.0,2.666666667
cancer trastuzumab,3.0,8.0,2.666666667
hormone agonist,5.0,8.0,1.6
benefit screening,5.0,8.0,1.6
reduction mortality,6.0,8.0,1.333333333
opinion authority,5.0,8.0,1.6
pharmaceutical biotechnology,7.0,8.0,1.142857143
authority experience,5.0,8.0,1.6
little progress,8.0,8.0,1.0
datum additional,8.0,8.0,1.0
tumor negative,8.0,8.0,1.0
collaboration large,6.0,8.0,1.333333333
analysis human,8.0,8.0,1.0
rituximab therapy,4.0,8.0,2.0
laser light,5.0,8.0,1.6
lab datum,6.0,8.0,1.333333333
iii hodgkin,3.0,8.0,2.666666667
friend child,3.0,8.0,2.666666667
disease thyroid,8.0,8.0,1.0
protection cancer,5.0,8.0,1.6
immune harmful,8.0,8.0,1.0
normal blood,7.0,8.0,1.142857143
cancer bacteria,7.0,8.0,1.142857143
facilitate development,8.0,8.0,1.0
disease immune,6.0,8.0,1.333333333
consortium csbc,4.0,8.0,2.0
alteration lead,3.0,7.0,2.333333333
esmo practice,5.0,7.0,1.4
mucosa lymphoid,5.0,7.0,1.4
chemotherapy poor,5.0,7.0,1.4
persistence mutation,3.0,7.0,2.333333333
assessment tumor,7.0,7.0,1.0
brain cns,5.0,7.0,1.4
monitor disease,7.0,7.0,1.0
molecular marker,5.0,7.0,1.4
method high,7.0,7.0,1.0
antibody infusion,7.0,7.0,1.0
drug toxin,7.0,7.0,1.0
toxin radioactive,7.0,7.0,1.0
regression analysis,5.0,7.0,1.4
quality chemotherapy,4.0,7.0,1.75
factor key,5.0,7.0,1.4
histone methyltransferase,4.0,7.0,1.75
united number,7.0,7.0,1.0
nmri scan,6.0,7.0,1.166666667
body abnormal,7.0,7.0,1.0
liquid drink,7.0,7.0,1.0
advanced soft,4.0,7.0,1.75
therapy negative,4.0,7.0,1.75
computational modeling,5.0,7.0,1.4
cancer interesting,7.0,7.0,1.0
feature diagnostic,6.0,7.0,1.166666667
factor testing,5.0,7.0,1.4
abnormal protein,6.0,7.0,1.166666667
agent activity,5.0,7.0,1.4
overexpress her2,4.0,7.0,1.75
small breast,4.0,7.0,1.75
cancer holiday,4.0,7.0,1.75
biopsy diagnosis,7.0,7.0,1.0
toxicity efficacy,5.0,7.0,1.4
high prostate,6.0,7.0,1.166666667
support friend,5.0,7.0,1.4
glomerular filtration,3.0,7.0,2.333333333
advanced cervical,3.0,7.0,2.333333333
investigator phase,7.0,7.0,1.0
prevention message,4.0,7.0,1.75
vaccination discussion,5.0,7.0,1.4
discussion parent,5.0,7.0,1.4
tumor effectiveness,5.0,7.0,1.4
child retinoblastoma,4.0,7.0,1.75
squamous neck,6.0,7.0,1.166666667
tumor insight,7.0,7.0,1.0
bind receptor,5.0,7.0,1.4
complete disappearance,7.0,7.0,1.0
poor pediatric,3.0,7.0,2.333333333
sample drug,7.0,7.0,1.0
young man,6.0,7.0,1.166666667
age distribution,5.0,7.0,1.4
rate metastatic,6.0,7.0,1.166666667
cssi opportunity,5.0,7.0,1.4
advance decade,7.0,7.0,1.0
phase cml,4.0,7.0,1.75
cancer uterus,6.0,7.0,1.166666667
woman lung,5.0,7.0,1.4
hispanic man,4.0,7.0,1.75
dose escalation,6.0,7.0,1.166666667
carcinoma incidence,4.0,7.0,1.75
close look,7.0,7.0,1.0
protein major,5.0,7.0,1.4
school junior,6.0,7.0,1.166666667
junior senior,4.0,7.0,1.75
high male,7.0,7.0,1.0
nodal disease,6.0,7.0,1.166666667
cardiac cancer,4.0,7.0,1.75
rate lung,5.0,7.0,1.4
intelligence working,3.0,7.0,2.333333333
dna ancient,3.0,7.0,2.333333333
young aged,6.0,7.0,1.166666667
outpatient clinic,7.0,7.0,1.0
high concentration,7.0,7.0,1.0
adult smoker,5.0,7.0,1.4
response team,7.0,7.0,1.0
increase incidence,7.0,7.0,1.0
future generation,7.0,7.0,1.0
prevention area,6.0,7.0,1.166666667
rate therapy,5.0,7.0,1.4
winship cancer,7.0,7.0,1.0
cell few,5.0,7.0,1.4
person age,7.0,7.0,1.0
support need,7.0,7.0,1.0
immunotherapy example,7.0,7.0,1.0
activity broad,5.0,7.0,1.4
model small,7.0,7.0,1.0
small phase,7.0,7.0,1.0
local disease,3.0,7.0,2.333333333
cell biological,7.0,7.0,1.0
tobacco priority,7.0,7.0,1.0
outcome rate,6.0,7.0,1.166666667
high average,6.0,7.0,1.166666667
sex characteristic,6.0,7.0,1.166666667
transcriptional signature,3.0,7.0,2.333333333
carcinoma ovary,3.0,7.0,2.333333333
large deletion,3.0,7.0,2.333333333
candidate idea,7.0,7.0,1.0
scope mentor,7.0,7.0,1.0
tumor initial,7.0,7.0,1.0
regulatory requirement,7.0,7.0,1.0
cancer english,5.0,7.0,1.4
segregation analysis,4.0,7.0,1.75
management sharing,5.0,7.0,1.4
man death,4.0,7.0,1.75
investigator pediatric,5.0,7.0,1.4
immunotherapy agent,6.0,7.0,1.166666667
registry year,5.0,7.0,1.4
testing assessment,6.0,7.0,1.166666667
gene multiple,6.0,7.0,1.166666667
therapy superior,5.0,7.0,1.4
datum phase,7.0,7.0,1.0
relevant molecular,3.0,7.0,2.333333333
oncogene cancer,7.0,7.0,1.0
pediatric soft,4.0,7.0,1.75
short half,4.0,7.0,1.75
investigator expertise,6.0,7.0,1.166666667
cancer index,3.0,7.0,2.333333333
therapy gene,7.0,7.0,1.0
pattern tumor,7.0,7.0,1.0
tumor adrenocortical,6.0,7.0,1.166666667
braf protein,7.0,7.0,1.0
colleague datum,7.0,7.0,1.0
datum disease,7.0,7.0,1.0
disease history,6.0,7.0,1.166666667
cancer cardiovascular,5.0,7.0,1.4
hormonal factor,6.0,7.0,1.166666667
neck palpation,3.0,7.0,2.333333333
aggressive lung,6.0,7.0,1.166666667
cancer multicenter,4.0,7.0,1.75
european prospective,4.0,7.0,1.75
prospective investigation,4.0,7.0,1.75
child birth,6.0,7.0,1.166666667
healthcare provider,7.0,7.0,1.0
cost value,3.0,7.0,2.333333333
maternal allele,3.0,7.0,2.333333333
cancer predoctoral,3.0,7.0,2.333333333
datum long,5.0,7.0,1.4
huntsman cancer,6.0,7.0,1.166666667
scan brain,5.0,7.0,1.4
gene frequent,3.0,7.0,2.333333333
dabrafenib tafinlar,7.0,7.0,1.0
tafinlar trametinib,7.0,7.0,1.0
data safety,6.0,7.0,1.166666667
new potential,7.0,7.0,1.0
arch child,4.0,7.0,1.75
characteristic child,4.0,7.0,1.75
palbociclib metastatic,5.0,7.0,1.4
applicant citizen,7.0,7.0,1.0
fusion disease,3.0,7.0,2.333333333
mutation expression,6.0,7.0,1.166666667
cancer traumatic,4.0,7.0,1.75
uniform datum,7.0,7.0,1.0
methylation status,3.0,7.0,2.333333333
drug ipilimumab,6.0,7.0,1.166666667
datum normal,4.0,7.0,1.75
tumor biological,5.0,7.0,1.4
medicine drug,7.0,7.0,1.0
platelet blood,5.0,7.0,1.4
large woman,7.0,7.0,1.0
chromosome deletion,3.0,7.0,2.333333333
gene rare,3.0,7.0,2.333333333
pattern age,7.0,7.0,1.0
strategy advanced,4.0,7.0,1.75
v600 mutation,6.0,7.0,1.166666667
estimate rate,7.0,7.0,1.0
rate radiation,6.0,7.0,1.166666667
radiation boost,4.0,7.0,1.75
burden disease,7.0,7.0,1.0
tumor systematic,7.0,7.0,1.0
year defray,5.0,7.0,1.4
right direction,7.0,7.0,1.0
tki therapy,3.0,7.0,2.333333333
datum human,7.0,7.0,1.0
calendar time,7.0,7.0,1.0
support budget,7.0,7.0,1.0
key feature,7.0,7.0,1.0
tumor association,5.0,7.0,1.4
mastectomy woman,6.0,7.0,1.166666667
association chemotherapy,4.0,7.0,1.75
pxa tumor,3.0,7.0,2.333333333
remission cancer,5.0,7.0,1.4
death adult,5.0,7.0,1.4
preventive medicine,6.0,7.0,1.166666667
engl med,6.0,7.0,1.166666667
expression her2,3.0,7.0,2.333333333
young girl,5.0,7.0,1.4
defray travel,5.0,7.0,1.4
plan support,7.0,7.0,1.0
fusion half,5.0,7.0,1.4
significant proportion,6.0,7.0,1.166666667
premenopausal breast,3.0,7.0,2.333333333
positive mammogram,5.0,7.0,1.4
diagnostic testing,5.0,7.0,1.4
woman large,6.0,7.0,1.166666667
antigen immune,6.0,7.0,1.166666667
disease infection,7.0,7.0,1.0
genomic clue,5.0,7.0,1.4
damage brain,4.0,7.0,1.75
hedgehog shh,5.0,7.0,1.4
protein form,5.0,7.0,1.4
person thought,4.0,7.0,1.75
therapy problem,7.0,7.0,1.0
year dose,5.0,7.0,1.4
radiation child,7.0,7.0,1.0
oncology drug,7.0,7.0,1.0
xanthoastrocytoma pxa,7.0,7.0,1.0
chemotherapy outcome,7.0,7.0,1.0
erg fusion,3.0,7.0,2.333333333
incidence relapse,3.0,7.0,2.333333333
tumor future,7.0,7.0,1.0
plan future,7.0,7.0,1.0
benefit hospice,3.0,7.0,2.333333333
relief symptom,5.0,7.0,1.4
parent grief,4.0,7.0,1.75
heart rhythm,5.0,7.0,1.4
rare adult,6.0,7.0,1.166666667
cancer contralateral,3.0,7.0,2.333333333
cohort high,5.0,7.0,1.4
tumour child,5.0,7.0,1.4
special camera,4.0,7.0,1.75
cancer webpage,7.0,7.0,1.0
myeloma therapy,5.0,7.0,1.4
benefit year,4.0,7.0,1.75
point year,5.0,7.0,1.4
high potential,7.0,7.0,1.0
spread tumor,7.0,7.0,1.0
nodular hyperplasia,4.0,7.0,1.75
cancer finasteride,3.0,7.0,2.333333333
tissue nerve,3.0,7.0,2.333333333
healthy body,5.0,7.0,1.4
step cell,7.0,7.0,1.0
low woman,4.0,7.0,1.75
mental status,4.0,7.0,1.75
saliva sample,6.0,7.0,1.166666667
viable option,7.0,7.0,1.0
time team,7.0,7.0,1.0
advanced lymphoma,4.0,7.0,1.75
substantial proportion,7.0,7.0,1.0
mental history,3.0,7.0,2.333333333
menstrual cycle,4.0,7.0,1.75
low total,5.0,7.0,1.4
cancer attributable,5.0,7.0,1.4
reduction measure,3.0,7.0,2.333333333
partnership public,3.0,7.0,2.333333333
medulloblastoma cancer,4.0,7.0,1.75
refractory solid,5.0,7.0,1.4
travel statistical,7.0,7.0,1.0
leader oncology,7.0,7.0,1.0
cancer account,7.0,7.0,1.0
overall addition,7.0,7.0,1.0
r01 optional,5.0,7.0,1.4
infection liver,6.0,7.0,1.166666667
syndrome genomic,3.0,7.0,2.333333333
potential solution,7.0,7.0,1.0
impact testing,4.0,7.0,1.75
branch phone,7.0,7.0,1.0
proteomic tumor,6.0,7.0,1.166666667
child clin,4.0,7.0,1.75
vitamin mineral,6.0,7.0,1.166666667
target pathway,7.0,7.0,1.0
majority cancer,7.0,7.0,1.0
reduction size,7.0,7.0,1.0
secondary alteration,3.0,7.0,2.333333333
therapy prevention,6.0,7.0,1.166666667
project blood,5.0,7.0,1.4
linkage cancer,7.0,7.0,1.0
transformation cancer,5.0,7.0,1.4
age white,6.0,7.0,1.166666667
repository cancer,7.0,7.0,1.0
somatic tumor,5.0,7.0,1.4
cell expression,7.0,7.0,1.0
year team,7.0,7.0,1.0
new immune,7.0,7.0,1.0
surface immune,7.0,7.0,1.0
resistance immunotherapy,6.0,7.0,1.166666667
attack immune,5.0,7.0,1.4
small year,6.0,7.0,1.166666667
lifetime cancer,5.0,7.0,1.4
duct breast,6.0,7.0,1.166666667
infection major,4.0,7.0,1.75
pathology molecular,6.0,7.0,1.166666667
tissue speciman,5.0,7.0,1.4
structure filter,7.0,7.0,1.0
saarinen pihkala,4.0,7.0,1.75
lisocabtagene maraleucel,3.0,7.0,2.333333333
cell lymphoid,5.0,7.0,1.4
periosteal osteosarcoma,3.0,7.0,2.333333333
collarbone chest,4.0,7.0,1.75
tumor margin,6.0,7.0,1.166666667
neuropathol exp,3.0,7.0,2.333333333
exp neurol,3.0,7.0,2.333333333
renewable budget,7.0,7.0,1.0
previous therapy,5.0,7.0,1.4
increase awareness,7.0,7.0,1.0
sharpless cancer,5.0,7.0,1.4
force cancer,7.0,7.0,1.0
dmitry kobak,3.0,7.0,2.333333333
cell lineage,5.0,7.0,1.4
bloom syndrome,3.0,7.0,2.333333333
soft palate,4.0,7.0,1.75
provider hospice,3.0,7.0,2.333333333
frequency genomic,3.0,7.0,2.333333333
child time,5.0,7.0,1.4
drug long,7.0,7.0,1.0
addition datum,7.0,7.0,1.0
partnership advance,5.0,7.0,1.4
multiple option,7.0,7.0,1.0
tumor adamantinoma,3.0,7.0,2.333333333
sézary syndrome,7.0,7.0,1.0
range topic,7.0,7.0,1.0
datum biomarker,5.0,7.0,1.4
particular tumor,7.0,7.0,1.0
form bone,4.0,7.0,1.75
bone body,6.0,7.0,1.166666667
novel agent,7.0,7.0,1.0
computer model,6.0,7.0,1.166666667
reverse transcriptase,3.0,7.0,2.333333333
leukemia contemporary,3.0,7.0,2.333333333
agreement parent,5.0,7.0,1.4
property cell,5.0,7.0,1.4
cancer estrogen,7.0,7.0,1.0
ahead time,6.0,7.0,1.166666667
place cancer,7.0,7.0,1.0
assistance apply,7.0,7.0,1.0
apply application,7.0,7.0,1.0
mutation relevant,5.0,7.0,1.4
rapamycin mtor,6.0,7.0,1.166666667
previous exposure,5.0,7.0,1.4
like structure,6.0,7.0,1.166666667
tfe3 gene,3.0,7.0,2.333333333
local stage,5.0,7.0,1.4
adult braf,3.0,7.0,2.333333333
immune suppressive,5.0,7.0,1.4
bad thing,5.0,7.0,1.4
egfr inhibitor,3.0,7.0,2.333333333
diagnosis additional,7.0,7.0,1.0
urinary incontinence,3.0,7.0,2.333333333
histamine receptor,3.0,7.0,2.333333333
neurological symptom,5.0,7.0,1.4
assessment genet,3.0,7.0,2.333333333
cancer atla,3.0,7.0,2.333333333
cyclophosphamide dose,3.0,7.0,2.333333333
lenalidomide revlimid,7.0,7.0,1.0
receipt resubmission,7.0,7.0,1.0
procedure lymph,4.0,7.0,1.75
test variant,4.0,7.0,1.75
certifie registry,7.0,7.0,1.0
sensitive tumor,5.0,7.0,1.4
analysis alteration,5.0,7.0,1.4
time response,6.0,7.0,1.166666667
cell thing,7.0,7.0,1.0
drug issue,6.0,7.0,1.166666667
thorac cardiovasc,4.0,7.0,1.75
chemotherapy subsequent,3.0,7.0,2.333333333
time example,7.0,7.0,1.0
diet low,6.0,7.0,1.166666667
socioeconomic factor,4.0,7.0,1.75
cancer pilot,5.0,7.0,1.4
deliberate attack,7.0,7.0,1.0
problem disease,4.0,7.0,1.75
therapy additional,6.0,7.0,1.166666667
cancer smith,7.0,7.0,1.0
time parent,5.0,7.0,1.4
tumor overall,7.0,7.0,1.0
placebo week,7.0,7.0,1.0
immediate impact,7.0,7.0,1.0
immunotherapy resistance,4.0,7.0,1.75
testing scan,5.0,7.0,1.4
phase time,6.0,7.0,1.166666667
cell her2,5.0,7.0,1.4
therapy myeloid,6.0,7.0,1.166666667
time person,7.0,7.0,1.0
reporting analysis,7.0,7.0,1.0
orientation gender,4.0,7.0,1.75
woman incidence,6.0,7.0,1.166666667
increase overall,7.0,7.0,1.0
registry aggregate,7.0,7.0,1.0
registry promote,7.0,7.0,1.0
epidemiologic public,7.0,7.0,1.0
public burden,7.0,7.0,1.0
curable preventable,7.0,7.0,1.0
therapeutic development,6.0,7.0,1.166666667
workshop progress,7.0,7.0,1.0
vorasidenib low,3.0,7.0,2.333333333
gps notice,7.0,7.0,1.0
great proportion,7.0,7.0,1.0
bench bedside,7.0,7.0,1.0
sensitive parp,3.0,7.0,2.333333333
moderate intensity,6.0,7.0,1.166666667
intensity aerobic,4.0,7.0,1.75
high significant,6.0,7.0,1.166666667
size large,7.0,7.0,1.0
rate distant,4.0,7.0,1.75
disease analysis,5.0,7.0,1.4
normal cytogenetic,3.0,7.0,2.333333333
location size,5.0,7.0,1.4
tumor external,6.0,7.0,1.166666667
variant wild,3.0,7.0,2.333333333
statistical power,7.0,7.0,1.0
cancer adt,4.0,7.0,1.75
conference cancer,5.0,7.0,1.4
metastasis bone,6.0,7.0,1.166666667
chain gene,3.0,7.0,2.333333333
old mutation,6.0,7.0,1.166666667
gene human,7.0,7.0,1.0
lymph axillary,3.0,7.0,2.333333333
lmic cancer,5.0,7.0,1.4
functional characterization,5.0,7.0,1.4
rate pediatric,6.0,7.0,1.166666667
disease number,7.0,7.0,1.0
target major,6.0,7.0,1.166666667
bcr abl,6.0,7.0,1.166666667
analysis support,6.0,7.0,1.166666667
hypertensive crisis,3.0,7.0,2.333333333
protein signal,5.0,7.0,1.4
resistance toxin,4.0,7.0,1.75
presence cancer,6.0,7.0,1.166666667
cancer dceg,7.0,7.0,1.0
tumour eur,4.0,7.0,1.75
hospital ritchey,7.0,7.0,1.0
cancer microsatellite,3.0,7.0,2.333333333
carcinoma kidney,5.0,7.0,1.4
challenge metastatic,7.0,7.0,1.0
mutation metastatic,6.0,7.0,1.166666667
present cell,6.0,7.0,1.166666667
stage decade,3.0,7.0,2.333333333
immune drug,6.0,7.0,1.166666667
oncology palliative,5.0,7.0,1.4
yeat domain,3.0,7.0,2.333333333
progress disease,6.0,7.0,1.166666667
community opportunity,5.0,7.0,1.4
cancer lmic,3.0,7.0,2.333333333
memory executive,3.0,7.0,2.333333333
weekly session,4.0,7.0,1.75
peritoneal cavity,7.0,7.0,1.0
histology gene,3.0,7.0,2.333333333
spread breast,4.0,7.0,1.75
carcinoma high,6.0,7.0,1.166666667
annual household,4.0,7.0,1.75
cancer seattle,7.0,7.0,1.0
memory speed,3.0,7.0,2.333333333
self story,7.0,7.0,1.0
nerve brain,6.0,7.0,1.166666667
problem loss,5.0,7.0,1.4
hospital phd,5.0,7.0,1.4
diagnose tumor,5.0,7.0,1.4
surgery cycle,4.0,7.0,1.75
liver damage,7.0,7.0,1.0
cardiac pulmonary,3.0,7.0,2.333333333
test testing,4.0,7.0,1.75
testing mutation,6.0,7.0,1.166666667
cancer era,6.0,7.0,1.166666667
facilitate collaboration,7.0,7.0,1.0
expression child,3.0,7.0,2.333333333
campus hospital,7.0,7.0,1.0
chemotherapy participant,6.0,7.0,1.166666667
chromosome gene,5.0,7.0,1.4
child infant,7.0,7.0,1.0
stage cell,5.0,7.0,1.4
mutation somatic,3.0,7.0,2.333333333
biological function,5.0,7.0,1.4
consortium cptac,7.0,7.0,1.0
cystic nephroma,4.0,7.0,1.75
community example,7.0,7.0,1.0
brain function,5.0,7.0,1.4
survivor disease,5.0,7.0,1.4
therapy adt,6.0,7.0,1.166666667
assessment breast,6.0,7.0,1.166666667
year endocrine,3.0,7.0,2.333333333
positive score,6.0,7.0,1.166666667
outcome response,7.0,7.0,1.0
multiple time,7.0,7.0,1.0
genetic molecular,7.0,7.0,1.0
base excision,3.0,7.0,2.333333333
low vitamin,6.0,7.0,1.166666667
late issue,5.0,7.0,1.4
cancer perspective,6.0,7.0,1.166666667
malignant glioma,5.0,7.0,1.4
scan magnetic,6.0,7.0,1.166666667
diagnosis biopsy,7.0,7.0,1.0
number project,6.0,7.0,1.166666667
benefit example,7.0,7.0,1.0
aml normal,3.0,7.0,2.333333333
incidence low,7.0,7.0,1.0
etoposide ifosfamide,5.0,7.0,1.4
dedicated cancer,7.0,7.0,1.0
expression variant,3.0,7.0,2.333333333
cancer task,4.0,7.0,1.75
datum able,5.0,7.0,1.4
experience cure,7.0,7.0,1.0
align cancer,7.0,7.0,1.0
syndrome late,5.0,7.0,1.4
western country,5.0,7.0,1.4
chemotherapy time,6.0,7.0,1.166666667
variant increase,4.0,7.0,1.75
tumor alveolar,7.0,7.0,1.0
functional analysis,6.0,7.0,1.166666667
good interest,6.0,7.0,1.166666667
leiomyosarcoma malignant,6.0,7.0,1.166666667
kra hra,3.0,7.0,2.333333333
cell long,6.0,7.0,1.166666667
translocation cell,3.0,7.0,2.333333333
survivor chronic,3.0,7.0,2.333333333
good position,6.0,7.0,1.166666667
opportunity share,7.0,7.0,1.0
rearrangement poor,3.0,7.0,2.333333333
alliance cancer,4.0,7.0,1.75
low energy,3.0,7.0,2.333333333
hope drug,7.0,7.0,1.0
disease outcome,7.0,7.0,1.0
central pathology,4.0,7.0,1.75
close proximity,7.0,7.0,1.0
vomiting chemotherapy,5.0,7.0,1.4
variety mechanism,7.0,7.0,1.0
world setting,7.0,7.0,1.0
score range,4.0,7.0,1.75
adenocarcinoma cancer,6.0,7.0,1.166666667
great place,7.0,7.0,1.0
sound interesting,4.0,7.0,1.75
micro environment,4.0,7.0,1.75
procedure choice,5.0,7.0,1.4
position time,7.0,7.0,1.0
issue management,7.0,7.0,1.0
activity exercise,5.0,7.0,1.4
sex cancer,7.0,7.0,1.0
transitional cell,3.0,7.0,2.333333333
diagnosis small,6.0,7.0,1.166666667
woman overall,7.0,7.0,1.0
woman mastectomy,5.0,7.0,1.4
lymph woman,3.0,7.0,2.333333333
team participant,6.0,7.0,1.166666667
investigator drug,7.0,7.0,1.0
k12 development,3.0,7.0,2.333333333
team protein,6.0,7.0,1.166666667
support survivor,3.0,7.0,2.333333333
inhibitor potential,5.0,7.0,1.4
drug shrank,7.0,7.0,1.0
sarcoma old,6.0,7.0,1.166666667
breast additional,3.0,7.0,2.333333333
positive ebv,5.0,7.0,1.4
genitourinary tract,5.0,7.0,1.4
year partnership,6.0,7.0,1.166666667
support self,6.0,7.0,1.166666667
prevention skin,5.0,7.0,1.4
cancer persistent,6.0,7.0,1.166666667
impact cognitive,3.0,7.0,2.333333333
tumor lot,7.0,7.0,1.0
project collaboration,6.0,7.0,1.166666667
volume issue,4.0,7.0,1.75
molecular evolution,7.0,7.0,1.0
fuel tumor,6.0,7.0,1.166666667
management support,6.0,7.0,1.166666667
analysis distinct,6.0,7.0,1.166666667
progress leukemia,5.0,7.0,1.4
kidney injury,4.0,7.0,1.75
chemotherapy anti,6.0,7.0,1.166666667
conversation series,6.0,7.0,1.166666667
toxic molecule,5.0,7.0,1.4
survivor interview,5.0,7.0,1.4
therapy safe,7.0,7.0,1.0
surgical duty,5.0,7.0,1.4
pds pis,5.0,7.0,1.4
mediastinal mass,3.0,7.0,2.333333333
woman drug,7.0,7.0,1.0
phd cancer,7.0,7.0,1.0
cancer stress,7.0,7.0,1.0
cancer alk,6.0,7.0,1.166666667
thyroid ultrasound,4.0,7.0,1.75
lymphocyte til,7.0,7.0,1.0
region country,6.0,7.0,1.166666667
project nsabp,3.0,7.0,2.333333333
liposarcoma leiomyosarcoma,4.0,7.0,1.75
low sensitivity,5.0,7.0,1.4
well disease,7.0,7.0,1.0
disease prior,6.0,7.0,1.166666667
number chemotherapy,7.0,7.0,1.0
chemotherapy overall,7.0,7.0,1.0
analysis sample,7.0,7.0,1.0
high metastatic,7.0,7.0,1.0
rmc alliance,3.0,7.0,2.333333333
chair department,6.0,7.0,1.166666667
wellness counselor,7.0,7.0,1.0
cancer sensory,5.0,7.0,1.4
extramural community,7.0,7.0,1.0
prognosis metastatic,4.0,7.0,1.75
prediction pediatric,3.0,7.0,2.333333333
candidate therapy,5.0,7.0,1.4
microenvironment metastasis,6.0,7.0,1.166666667
cost budget,6.0,7.0,1.166666667
cranial rhabdoid,6.0,7.0,1.166666667
cancer variation,3.0,7.0,2.333333333
chemotherapy benefit,5.0,7.0,1.4
cancer complicated,5.0,7.0,1.4
good screening,7.0,7.0,1.0
woman mammogram,3.0,7.0,2.333333333
symptom medication,7.0,7.0,1.0
support collaborative,6.0,7.0,1.166666667
metnet project,3.0,7.0,2.333333333
understanding disease,7.0,7.0,1.0
protein large,7.0,7.0,1.0
invasive tumor,6.0,7.0,1.166666667
lab lot,7.0,7.0,1.0
outreach crchd,7.0,7.0,1.0
sharing datum,6.0,7.0,1.166666667
chromosome 8q24,3.0,7.0,2.333333333
factor trend,6.0,7.0,1.166666667
oncology familial,3.0,7.0,2.333333333
carcinoma phase,4.0,7.0,1.75
space time,4.0,7.0,1.75
tumor molecule,6.0,7.0,1.166666667
data genomic,6.0,7.0,1.166666667
expression response,5.0,7.0,1.4
major contributor,6.0,7.0,1.166666667
world time,7.0,7.0,1.0
leukemia genomic,5.0,7.0,1.4
datum method,7.0,7.0,1.0
time normal,5.0,7.0,1.4
function fertility,4.0,7.0,1.75
potential participant,5.0,7.0,1.4
high anxiety,6.0,7.0,1.166666667
low likelihood,6.0,7.0,1.166666667
goal thing,5.0,7.0,1.4
great year,5.0,7.0,1.4
world hpv,5.0,7.0,1.4
palbociclib letrozole,3.0,7.0,2.333333333
difficult problem,7.0,7.0,1.0
body function,6.0,7.0,1.166666667
time ependymoma,4.0,7.0,1.75
oncology siop,3.0,7.0,2.333333333
hpv oropharyngeal,6.0,7.0,1.166666667
induction failure,3.0,7.0,2.333333333
immunity oral,5.0,7.0,1.4
vital statistic,5.0,7.0,1.4
adult hepatocellular,3.0,7.0,2.333333333
award scholar,7.0,7.0,1.0
adolescent girl,5.0,7.0,1.4
cancer administrative,3.0,7.0,2.333333333
cancer jama,7.0,7.0,1.0
function virus,3.0,7.0,2.333333333
time addition,7.0,7.0,1.0
therapy point,3.0,7.0,2.333333333
thyroid pituitary,4.0,7.0,1.75
depressed mood,4.0,7.0,1.75
analysis genomic,6.0,7.0,1.166666667
challenge interdisciplinary,3.0,7.0,2.333333333
child myeloid,5.0,7.0,1.4
adjacent tumor,4.0,7.0,1.75
rare disorder,6.0,7.0,1.166666667
reproductive function,3.0,7.0,2.333333333
cancer limitation,7.0,7.0,1.0
prognosis few,4.0,7.0,1.75
inflammatory cytokine,6.0,7.0,1.166666667
myeloma year,5.0,7.0,1.4
outcome addition,6.0,7.0,1.166666667
tumor myc,5.0,7.0,1.4
phenotypic feature,3.0,7.0,2.333333333
genetic skin,7.0,7.0,1.0
woman menopausal,6.0,7.0,1.166666667
death therapy,6.0,7.0,1.166666667
cancer dual,4.0,7.0,1.75
dual function,3.0,7.0,2.333333333
pediatric age,5.0,7.0,1.4
tumor extra,5.0,7.0,1.4
determinant cancer,7.0,7.0,1.0
spectrum germline,3.0,7.0,2.333333333
papilloma virus,5.0,7.0,1.4
clinicopathologic feature,6.0,7.0,1.166666667
hiv negative,3.0,7.0,2.333333333
quality death,4.0,7.0,1.75
cancer relation,7.0,7.0,1.0
size grade,3.0,7.0,2.333333333
trend united,6.0,7.0,1.166666667
discovery cohort,4.0,7.0,1.75
time total,3.0,7.0,2.333333333
bortezomib dexamethasone,4.0,7.0,1.75
new brain,7.0,7.0,1.0
smoking smoker,6.0,7.0,1.166666667
addition testing,6.0,7.0,1.166666667
well chance,7.0,7.0,1.0
person able,6.0,7.0,1.166666667
time short,7.0,7.0,1.0
oncologist prognosis,3.0,7.0,2.333333333
biomarker discovery,4.0,7.0,1.75
physical science,4.0,7.0,1.75
woman significant,6.0,7.0,1.166666667
chemotherapy week,7.0,7.0,1.0
cancer birth,4.0,7.0,1.75
exposure environmental,6.0,7.0,1.166666667
virus kill,4.0,7.0,1.75
aml pediatric,3.0,7.0,2.333333333
melanoma small,7.0,7.0,1.0
planning cancer,6.0,7.0,1.166666667
cancer perception,4.0,7.0,1.75
aging cancer,5.0,7.0,1.4
tumor right,5.0,7.0,1.4
protein idp,3.0,7.0,2.333333333
tumor favorable,3.0,7.0,2.333333333
science oncology,4.0,7.0,1.75
synthetic cancer,3.0,7.0,2.333333333
therapy form,6.0,7.0,1.166666667
therapy capecitabine,3.0,7.0,2.333333333
background personal,7.0,7.0,1.0
cancer chordoma,3.0,7.0,2.333333333
immune activity,7.0,7.0,1.0
resistance single,6.0,7.0,1.166666667
wild allele,4.0,7.0,1.75
game changer,6.0,7.0,1.166666667
award fellowship,7.0,7.0,1.0
significant toxicity,6.0,7.0,1.166666667
lung gastrointestinal,6.0,7.0,1.166666667
cancer third,7.0,7.0,1.0
story participation,7.0,7.0,1.0
united europe,7.0,7.0,1.0
cost drug,7.0,7.0,1.0
cancer mole,3.0,7.0,2.333333333
mutation favorable,3.0,7.0,2.333333333
impact mutation,3.0,7.0,2.333333333
cancer sense,5.0,7.0,1.4
small lymphocytic,7.0,7.0,1.0
persistent peripheral,4.0,7.0,1.75
selumetinib drug,3.0,7.0,2.333333333
selumetinib shrink,3.0,7.0,2.333333333
child well,6.0,7.0,1.166666667
disease gene,7.0,7.0,1.0
difference quality,5.0,7.0,1.4
dna testing,4.0,7.0,1.75
critical cell,7.0,7.0,1.0
coronavirus pandemic,4.0,7.0,1.75
trainee spotlight,4.0,7.0,1.75
year placebo,5.0,7.0,1.4
tumor abundant,3.0,7.0,2.333333333
underserved community,5.0,7.0,1.4
malignant potential,4.0,7.0,1.75
surface receptor,5.0,7.0,1.4
drug durvalumab,4.0,7.0,1.75
labeling index,3.0,7.0,2.333333333
future progress,5.0,7.0,1.4
previous infection,5.0,7.0,1.4
partial protection,5.0,7.0,1.4
domain mutation,3.0,7.0,2.333333333
expression low,7.0,7.0,1.0
drug class,7.0,7.0,1.0
form advanced,5.0,7.0,1.4
structure cell,7.0,7.0,1.0
measure pain,6.0,7.0,1.166666667
african hispanic,5.0,7.0,1.4
percentage cancer,6.0,7.0,1.166666667
plasma concentration,4.0,7.0,1.75
commitment collaboration,5.0,7.0,1.4
renew commitment,6.0,7.0,1.166666667
therapeutic response,7.0,7.0,1.0
biomarker drug,7.0,7.0,1.0
drug strategy,5.0,7.0,1.4
drug concentration,6.0,7.0,1.166666667
development implementation,6.0,7.0,1.166666667
aggressive high,7.0,7.0,1.0
cell previous,7.0,7.0,1.0
phase child,7.0,7.0,1.0
specialized excellence,7.0,7.0,1.0
procedure physical,7.0,7.0,1.0
poor performance,5.0,7.0,1.4
chemotherapy percent,5.0,7.0,1.4
inclusion exclusion,4.0,7.0,1.75
protein present,7.0,7.0,1.0
point high,4.0,7.0,1.75
late palliative,7.0,7.0,1.0
carrier breast,4.0,7.0,1.75
cathy muha,4.0,7.0,1.75
urgent need,7.0,7.0,1.0
head palliative,7.0,7.0,1.0
keytruda chemotherapy,7.0,7.0,1.0
cancer structural,5.0,7.0,1.4
adolescent pediatr,5.0,7.0,1.4
day lot,7.0,7.0,1.0
drug atezolizumab,5.0,7.0,1.4
development molecular,7.0,7.0,1.0
private partnership,7.0,7.0,1.0
molecular finding,5.0,7.0,1.4
dose scan,6.0,7.0,1.166666667
pembrolizumab esophageal,3.0,7.0,2.333333333
esophageal squamous,5.0,7.0,1.4
influence response,5.0,7.0,1.4
pembrolizumab immunotherapy,6.0,7.0,1.166666667
difficult tumor,7.0,7.0,1.0
immunotherapy year,7.0,7.0,1.0
new nivolumab,7.0,7.0,1.0
inhibitor initial,6.0,7.0,1.166666667
cell protective,5.0,7.0,1.4
drug capecitabine,5.0,7.0,1.4
woman triple,5.0,7.0,1.4
line cell,7.0,7.0,1.0
breast lymph,5.0,7.0,1.4
low prostate,4.0,7.0,1.75
node liver,3.0,7.0,2.333333333
disease grade,4.0,7.0,1.75
hydroxyindoleacetic acid,3.0,7.0,2.333333333
dose octreotide,4.0,7.0,1.75
negative predictive,4.0,7.0,1.75
america cancer,7.0,7.0,1.0
van den,4.0,7.0,1.75
lot hope,7.0,7.0,1.0
nsclc tumor,7.0,7.0,1.0
drug complete,7.0,7.0,1.0
cisplatin gemcitabine,4.0,7.0,1.75
everyday practice,6.0,7.0,1.166666667
malignant lesion,4.0,7.0,1.75
aberrant expression,3.0,7.0,2.333333333
atezolizumab chemotherapy,6.0,7.0,1.166666667
option discus,6.0,7.0,1.166666667
discus option,7.0,7.0,1.0
radical surgical,4.0,7.0,1.75
metastasis radiation,5.0,7.0,1.4
irradiation int,4.0,7.0,1.75
well child,6.0,7.0,1.166666667
cellular molecular,6.0,7.0,1.166666667
copy gene,4.0,7.0,1.75
antibody block,4.0,7.0,1.75
medicine placeholder,7.0,7.0,1.0
variant old,4.0,7.0,1.75
similar drug,6.0,7.0,1.166666667
reduction therapy,5.0,7.0,1.4
cell molecule,7.0,7.0,1.0
man nonmetastatic,4.0,7.0,1.75
man castration,4.0,7.0,1.75
platelet hemoglobin,7.0,7.0,1.0
cell reed,4.0,7.0,1.75
small blood,7.0,7.0,1.0
k22 award,3.0,7.0,2.333333333
therapy previous,6.0,7.0,1.166666667
organoid cell,6.0,7.0,1.166666667
cancer short,5.0,7.0,1.4
team year,6.0,7.0,1.166666667
supplemental oxygen,3.0,7.0,2.333333333
form kidney,5.0,7.0,1.4
mayo clin,7.0,7.0,1.0
clin proc,7.0,7.0,1.0
plaque radiation,3.0,7.0,2.333333333
cancer infographic,7.0,7.0,1.0
strategy brain,5.0,7.0,1.4
abnormality pediatric,3.0,7.0,2.333333333
genomic classifier,3.0,7.0,2.333333333
form leukemia,7.0,7.0,1.0
electron micrograph,7.0,7.0,1.0
esophagus translational,3.0,7.0,2.333333333
cytokine receptor,3.0,7.0,2.333333333
unique feature,7.0,7.0,1.0
eye retina,3.0,7.0,2.333333333
chemotherapy pediatric,5.0,7.0,1.4
leukemia year,6.0,7.0,1.166666667
repair mechanism,6.0,7.0,1.166666667
frequency high,6.0,7.0,1.166666667
cell migration,6.0,7.0,1.166666667
tiny deposit,5.0,7.0,1.4
table regional,3.0,7.0,2.333333333
chronic constipation,3.0,7.0,2.333333333
good quality,7.0,7.0,1.0
outcome chemotherapy,5.0,7.0,1.4
symptom prostate,3.0,7.0,2.333333333
castrate resistant,3.0,7.0,2.333333333
fatigue rash,7.0,7.0,1.0
symptom long,7.0,7.0,1.0
long overall,7.0,7.0,1.0
lesion small,3.0,7.0,2.333333333
hospice aggressive,5.0,7.0,1.4
fluid organ,6.0,7.0,1.166666667
number excess,3.0,7.0,2.333333333
mechanism metastasis,6.0,7.0,1.166666667
platinum agent,3.0,7.0,2.333333333
innovative idea,6.0,7.0,1.166666667
experience financial,4.0,7.0,1.75
laser beam,6.0,7.0,1.166666667
outcome favorable,3.0,7.0,2.333333333
exciting cancer,6.0,7.0,1.166666667
community metaecho,6.0,7.0,1.166666667
young female,7.0,7.0,1.0
placebo significant,5.0,7.0,1.4
behavior therapy,4.0,7.0,1.75
cancer pharmaceutical,7.0,7.0,1.0
biomedical behavioral,5.0,7.0,1.4
development agreement,7.0,7.0,1.0
old disease,6.0,7.0,1.166666667
analysis cohort,6.0,7.0,1.166666667
testing low,5.0,7.0,1.4
diagnosis man,7.0,7.0,1.0
resistant disease,5.0,7.0,1.4
prospective clin,6.0,7.0,1.166666667
application requirement,3.0,7.0,2.333333333
il3 fusion,3.0,7.0,2.333333333
belief value,6.0,7.0,1.166666667
cancer informal,3.0,7.0,2.333333333
platelet count,5.0,7.0,1.4
failure heart,3.0,7.0,2.333333333
cancer separate,7.0,7.0,1.0
united noncitizen,7.0,7.0,1.0
registry incidence,3.0,7.0,2.333333333
tumor midline,7.0,7.0,1.0
positive percent,7.0,7.0,1.0
project activity,5.0,7.0,1.4
contract proposal,4.0,7.0,1.75
gene alzheimer,4.0,7.0,1.75
association breast,4.0,7.0,1.75
cancer path,7.0,7.0,1.0
experience diagnosis,7.0,7.0,1.0
median placebo,7.0,7.0,1.0
testing counselor,6.0,7.0,1.166666667
placebo relative,4.0,7.0,1.75
relative confidence,5.0,7.0,1.4
hormone drug,6.0,7.0,1.166666667
monohydrate cancer,3.0,7.0,2.333333333
memory problem,4.0,7.0,1.75
knowledge exchange,7.0,7.0,1.0
tumor thickness,3.0,7.0,2.333333333
screening partnership,5.0,7.0,1.4
breast thyroid,6.0,7.0,1.166666667
needle chest,3.0,7.0,2.333333333
benefit smoking,3.0,7.0,2.333333333
challenge strategy,7.0,7.0,1.0
key person,7.0,7.0,1.0
recipient outstanding,5.0,7.0,1.4
tumor procedure,7.0,7.0,1.0
median day,5.0,7.0,1.4
geographic variation,6.0,7.0,1.166666667
old survivor,3.0,7.0,2.333333333
annual screening,5.0,7.0,1.4
problem woman,7.0,7.0,1.0
connection rare,6.0,7.0,1.166666667
cancer seibel,7.0,7.0,1.0
oncology pog,3.0,7.0,2.333333333
child beckwith,3.0,7.0,2.333333333
physical cancer,6.0,7.0,1.166666667
sector cancer,7.0,7.0,1.0
lung needle,4.0,7.0,1.75
neuroblastoma cog,5.0,7.0,1.4
body left,6.0,7.0,1.166666667
layer skin,4.0,7.0,1.75
opioid pain,5.0,7.0,1.4
negative prognostic,3.0,7.0,2.333333333
actionable finding,3.0,7.0,2.333333333
infant death,6.0,7.0,1.166666667
screening icsn,3.0,7.0,2.333333333
participant death,7.0,7.0,1.0
week chemotherapy,3.0,7.0,2.333333333
advance progress,6.0,7.0,1.166666667
drug venetoclax,5.0,7.0,1.4
chemotherapy brain,4.0,7.0,1.75
death placebo,5.0,7.0,1.4
nmri magnetic,7.0,7.0,1.0
immunotherapy metastatic,6.0,7.0,1.166666667
university team,7.0,7.0,1.0
area low,6.0,7.0,1.166666667
cancer pten,3.0,7.0,2.333333333
chemotherapy medicine,6.0,7.0,1.166666667
drug doxorubicin,6.0,7.0,1.166666667
cancer green,3.0,7.0,2.333333333
otolaryngol head,3.0,7.0,2.333333333
age macular,5.0,7.0,1.4
macular degeneration,5.0,7.0,1.4
cigar pipe,5.0,7.0,1.4
esophagus lung,6.0,7.0,1.166666667
tissue gene,6.0,7.0,1.166666667
cancer pancrea,6.0,7.0,1.166666667
smoker nonsmoker,6.0,7.0,1.166666667
tumor classified,3.0,7.0,2.333333333
panel discussion,7.0,7.0,1.0
functional consequence,7.0,7.0,1.0
quality old,6.0,7.0,1.166666667
year local,4.0,7.0,1.75
therapy photodynamic,7.0,7.0,1.0
history disease,7.0,7.0,1.0
clonal hematopoiesis,6.0,7.0,1.166666667
alteration ikzf1,3.0,7.0,2.333333333
cancer veteran,4.0,7.0,1.75
initial finding,5.0,7.0,1.4
drug medication,5.0,7.0,1.4
tobacco nitrosamine,4.0,7.0,1.75
drug mutation,6.0,7.0,1.166666667
therapy stereotactic,5.0,7.0,1.4
tumor pathway,3.0,7.0,2.333333333
major minor,3.0,7.0,2.333333333
distinct feature,4.0,7.0,1.75
close gap,6.0,7.0,1.166666667
woman african,5.0,7.0,1.4
african descent,6.0,7.0,1.166666667
colon lung,7.0,7.0,1.0
mgmt promoter,3.0,7.0,2.333333333
diagnosis rate,5.0,7.0,1.4
target development,6.0,7.0,1.166666667
cell unique,7.0,7.0,1.0
option management,4.0,7.0,1.75
breast mri,6.0,7.0,1.166666667
surgical expertise,5.0,7.0,1.4
braf wild,3.0,7.0,2.333333333
pelvis cancer,3.0,7.0,2.333333333
child long,7.0,7.0,1.0
alteration low,3.0,7.0,2.333333333
opportunity development,6.0,7.0,1.166666667
child table,7.0,7.0,1.0
bowel function,3.0,7.0,2.333333333
cancer promising,7.0,7.0,1.0
concept cancer,7.0,7.0,1.0
compound cancer,7.0,7.0,1.0
therapy corticosteroid,7.0,7.0,1.0
professor pathology,5.0,7.0,1.4
pi3k akt,3.0,7.0,2.333333333
function tumor,7.0,7.0,1.0
continued commitment,5.0,7.0,1.4
cancer sharpless,5.0,7.0,1.4
feature tool,7.0,7.0,1.0
disease phenotype,5.0,7.0,1.4
gastric lesion,3.0,7.0,2.333333333
fluid intake,4.0,7.0,1.75
sustainable development,3.0,7.0,2.333333333
year point,4.0,7.0,1.75
retrospective french,5.0,7.0,1.4
deficiency syndrome,4.0,7.0,1.75
attache cell,6.0,7.0,1.166666667
tp53 alteration,3.0,7.0,2.333333333
advanced solid,7.0,7.0,1.0
careful assessment,4.0,7.0,1.75
etv6 gene,3.0,7.0,2.333333333
impact disease,7.0,7.0,1.0
oncology clinic,3.0,7.0,2.333333333
factor disease,6.0,7.0,1.166666667
self assessment,5.0,7.0,1.4
otolaryngology head,7.0,7.0,1.0
project able,5.0,7.0,1.4
pi3k pathway,6.0,7.0,1.166666667
thing mentor,3.0,7.0,2.333333333
novel drug,7.0,7.0,1.0
retrospective multicenter,4.0,7.0,1.75
smoker low,3.0,7.0,2.333333333
smoker high,4.0,7.0,1.75
prc2 activity,3.0,7.0,2.333333333
internal organ,7.0,7.0,1.0
form sonogram,7.0,7.0,1.0
cancer sustainable,6.0,7.0,1.166666667
present child,5.0,7.0,1.4
young high,7.0,7.0,1.0
disease onset,6.0,7.0,1.166666667
community lot,5.0,7.0,1.4
quality low,5.0,7.0,1.4
male hormone,5.0,7.0,1.4
skin biopsy,6.0,7.0,1.166666667
fraction size,3.0,7.0,2.333333333
pharmacological management,3.0,7.0,2.333333333
detection method,7.0,7.0,1.0
tumor activity,7.0,7.0,1.0
datum single,6.0,7.0,1.166666667
sinus tumor,4.0,7.0,1.75
oncology medicine,7.0,7.0,1.0
time week,7.0,7.0,1.0
myasthenia gravis,4.0,7.0,1.75
red cell,7.0,7.0,1.0
missense mutation,4.0,7.0,1.75
peace mind,7.0,7.0,1.0
radiation low,6.0,7.0,1.166666667
world gastroenterol,4.0,7.0,1.75
gene oncogene,6.0,7.0,1.166666667
toxic therapy,6.0,7.0,1.166666667
van der,3.0,7.0,2.333333333
woman dose,5.0,7.0,1.4
budget mechanism,5.0,7.0,1.4
array analysis,3.0,7.0,2.333333333
novel germline,5.0,7.0,1.4
blood quiz,4.0,7.0,1.75
cancer outpatient,4.0,7.0,1.75
prevalence age,6.0,7.0,1.166666667
slide mri,7.0,7.0,1.0
provider child,7.0,7.0,1.0
child overall,7.0,7.0,1.0
initial experience,6.0,7.0,1.166666667
significant symptom,7.0,7.0,1.0
large benefit,7.0,7.0,1.0
mutation potential,5.0,7.0,1.4
dose cytarabine,3.0,7.0,2.333333333
aml disease,7.0,7.0,1.0
tumor pathogenic,5.0,7.0,1.4
excessive alcohol,5.0,7.0,1.4
cognitive restructuring,3.0,7.0,2.333333333
single therapy,7.0,7.0,1.0
response induction,3.0,7.0,2.333333333
cell method,4.0,7.0,1.75
high cell,5.0,7.0,1.4
delirium cancer,3.0,7.0,2.333333333
initiative exceptional,4.0,7.0,1.75
response similar,5.0,7.0,1.4
response criterion,6.0,7.0,1.166666667
challenge development,7.0,7.0,1.0
benefit tumor,5.0,7.0,1.4
branch nob,7.0,7.0,1.0
bispecific antibody,3.0,7.0,2.333333333
medicine lung,6.0,7.0,1.166666667
point objective,3.0,7.0,2.333333333
outline opportunity,3.0,7.0,2.333333333
immunotherapy conversation,5.0,7.0,1.4
year example,6.0,7.0,1.166666667
oncologist pathologist,7.0,7.0,1.0
moonshot annual,7.0,7.0,1.0
therapy harm,6.0,7.0,1.166666667
overall death,7.0,7.0,1.0
hybridization analysis,4.0,7.0,1.75
her2 expression,3.0,7.0,2.333333333
fetoprotein afp,3.0,7.0,2.333333333
syndrome autosomal,3.0,7.0,2.333333333
challenge pediatric,5.0,7.0,1.4
favorable tumor,3.0,7.0,2.333333333
tumor half,7.0,7.0,1.0
tissue small,5.0,7.0,1.4
nra kra,3.0,7.0,2.333333333
carcinoma cell,7.0,7.0,1.0
black child,5.0,7.0,1.4
therapy jude,5.0,7.0,1.4
panel good,7.0,7.0,1.0
idea community,7.0,7.0,1.0
distant lymph,4.0,7.0,1.75
disease prognosis,7.0,7.0,1.0
team good,7.0,7.0,1.0
support difficult,7.0,7.0,1.0
quality symptom,7.0,7.0,1.0
validity test,3.0,7.0,2.333333333
insight tumor,6.0,7.0,1.166666667
cell day,7.0,7.0,1.0
well job,7.0,7.0,1.0
urothelial cancer,6.0,7.0,1.166666667
pathway activity,5.0,7.0,1.4
bowel syndrome,4.0,7.0,1.75
region cancer,7.0,7.0,1.0
stage neuroblastoma,3.0,7.0,2.333333333
cancer invasive,6.0,7.0,1.166666667
waiting active,3.0,7.0,2.333333333
progressive recurrent,5.0,7.0,1.4
number stem,7.0,7.0,1.0
clot lung,5.0,7.0,1.4
alteration loss,5.0,7.0,1.4
lymphoma malignant,6.0,7.0,1.166666667
low relapse,5.0,7.0,1.4
chemotherapy immune,7.0,7.0,1.0
prevention hpv,6.0,7.0,1.166666667
nivolumab pembrolizumab,7.0,7.0,1.0
therapy pain,4.0,7.0,1.75
vaccine promise,5.0,7.0,1.4
detection disease,5.0,7.0,1.4
model estimate,3.0,7.0,2.333333333
henrietta lack,3.0,7.0,2.333333333
talk nurse,6.0,7.0,1.166666667
high body,6.0,7.0,1.166666667
drug alectinib,4.0,7.0,1.75
alteration disease,5.0,7.0,1.4
immunohistochemical analysis,5.0,7.0,1.4
high proliferative,5.0,7.0,1.4
proliferative index,5.0,7.0,1.4
glioma high,3.0,7.0,2.333333333
tumor pancrea,5.0,7.0,1.4
cancer cardiac,3.0,7.0,2.333333333
high heart,5.0,7.0,1.4
long protection,5.0,7.0,1.4
prevalence severity,5.0,7.0,1.4
analysis factor,6.0,7.0,1.166666667
time low,7.0,7.0,1.0
problem sleep,4.0,7.0,1.75
insomnia cancer,3.0,7.0,2.333333333
woman pregnancy,6.0,7.0,1.166666667
iia iib,7.0,7.0,1.0
true cancer,3.0,7.0,2.333333333
quality sleep,3.0,7.0,2.333333333
pet mri,5.0,7.0,1.4
problem man,4.0,7.0,1.75
therapeutic resistance,5.0,7.0,1.4
drug team,7.0,7.0,1.0
gene low,4.0,7.0,1.75
therapy depression,6.0,7.0,1.166666667
therapy great,7.0,7.0,1.0
rearrangement high,3.0,7.0,2.333333333
neuroendocrine cancer,5.0,7.0,1.4
cancer abnormality,7.0,7.0,1.0
biallelic mismatch,3.0,7.0,2.333333333
issue child,4.0,7.0,1.75
response grief,3.0,7.0,2.333333333
alk drug,3.0,7.0,2.333333333
management thyroid,3.0,7.0,2.333333333
cancer treatable,7.0,7.0,1.0
pleasure welcome,5.0,7.0,1.4
blood old,7.0,7.0,1.0
paediatric oncology,3.0,7.0,2.333333333
point hodgkin,3.0,7.0,2.333333333
clock cancer,3.0,7.0,2.333333333
lymphoma swollen,3.0,7.0,2.333333333
cycle therapy,5.0,7.0,1.4
oncologist oncology,4.0,7.0,1.75
tumor pain,6.0,7.0,1.166666667
growth gene,3.0,7.0,2.333333333
empirical support,3.0,7.0,2.333333333
grief emotional,3.0,7.0,2.333333333
time participant,7.0,7.0,1.0
marker resistance,3.0,7.0,2.333333333
emotional aspect,5.0,7.0,1.4
final cancer,6.0,7.0,1.166666667
procedure organ,7.0,7.0,1.0
light test,4.0,7.0,1.75
inferior rate,3.0,7.0,2.333333333
pain score,4.0,7.0,1.75
large body,6.0,7.0,1.166666667
burden tobacco,5.0,7.0,1.4
investigator advancement,4.0,7.0,1.75
exciting finding,7.0,7.0,1.0
analysis efficacy,5.0,7.0,1.4
history radiation,4.0,7.0,1.75
vascular invasion,5.0,7.0,1.4
grad school,5.0,7.0,1.4
selection bias,7.0,7.0,1.0
experience year,7.0,7.0,1.0
chemotherapy recurrence,5.0,7.0,1.4
participant old,7.0,7.0,1.0
tissue high,6.0,7.0,1.166666667
deep dive,6.0,7.0,1.166666667
multiple partial,5.0,7.0,1.4
benefit potential,6.0,7.0,1.166666667
follicular cancer,4.0,7.0,1.75
copy chromosome,4.0,7.0,1.75
cell woman,5.0,7.0,1.4
university cambridge,3.0,7.0,2.333333333
marker cancer,7.0,7.0,1.0
award k08,3.0,7.0,2.333333333
disease tonsil,7.0,7.0,1.0
spleen bone,7.0,7.0,1.0
lymphoma bone,6.0,7.0,1.166666667
microenvironment pancreatic,3.0,7.0,2.333333333
tool method,5.0,7.0,1.4
lesion tbel,5.0,7.0,1.4
cancer topotecan,3.0,7.0,2.333333333
digestive kidney,7.0,7.0,1.0
lab human,7.0,7.0,1.0
period sadness,3.0,7.0,2.333333333
loss normal,5.0,7.0,1.4
disease point,4.0,7.0,1.75
negative outcome,3.0,7.0,2.333333333
alteration nf1,3.0,7.0,2.333333333
adverse prognosis,5.0,7.0,1.4
prognostic index,3.0,7.0,2.333333333
receptor chimeric,7.0,7.0,1.0
symptom significant,5.0,7.0,1.4
grief depression,3.0,7.0,2.333333333
college student,5.0,7.0,1.4
exercise healthy,7.0,7.0,1.0
sodium drug,3.0,7.0,2.333333333
therapy recurrence,5.0,7.0,1.4
old diagnosis,7.0,7.0,1.0
recurrence distant,4.0,7.0,1.75
tobacco harm,7.0,7.0,1.0
neuropathy cancer,4.0,7.0,1.75
symptom screening,7.0,7.0,1.0
small mass,6.0,7.0,1.166666667
mass lymph,7.0,7.0,1.0
factor chemotherapy,6.0,7.0,1.166666667
structure protein,7.0,7.0,1.0
high solid,5.0,7.0,1.4
normal reaction,5.0,7.0,1.4
physical engineering,3.0,7.0,2.333333333
catalog hcmi,3.0,7.0,2.333333333
registry clin,3.0,7.0,2.333333333
local therapy,5.0,7.0,1.4
therapy lymph,5.0,7.0,1.4
prevalence thyroid,5.0,7.0,1.4
carcinoma metab,5.0,7.0,1.4
follicular cell,4.0,7.0,1.75
carcinoma variant,4.0,7.0,1.75
restore body,7.0,7.0,1.0
stomach body,4.0,7.0,1.75
lung skin,6.0,7.0,1.166666667
lymphoma young,4.0,7.0,1.75
lymphoma skin,5.0,7.0,1.4
surgery melanoma,4.0,7.0,1.75
epithelial cancer,7.0,7.0,1.0
potential symptom,6.0,7.0,1.166666667
progress advance,7.0,7.0,1.0
mental substance,3.0,7.0,2.333333333
therapy imatinib,7.0,7.0,1.0
grief major,3.0,7.0,2.333333333
woman oral,5.0,7.0,1.4
clonal evolution,3.0,7.0,2.333333333
muscle invasive,5.0,7.0,1.4
adult recurrent,4.0,7.0,1.75
surgery total,6.0,7.0,1.166666667
thyroidectomy lobectomy,3.0,7.0,2.333333333
cell restore,7.0,7.0,1.0
method colorectal,5.0,7.0,1.4
cell assay,5.0,7.0,1.4
transurethral resection,3.0,7.0,2.333333333
success story,6.0,7.0,1.166666667
rate decade,7.0,7.0,1.0
sarcoma immunotherapy,6.0,7.0,1.166666667
lymphoma stomach,4.0,7.0,1.75
disease platinum,5.0,7.0,1.4
low drug,6.0,7.0,1.166666667
complex problem,7.0,7.0,1.0
cell marker,5.0,7.0,1.4
anaplastic lymphoma,7.0,7.0,1.0
lymphoma kinase,6.0,7.0,1.166666667
lymphoma mature,4.0,7.0,1.75
transdisciplinary team,5.0,7.0,1.4
gastric gastroesophageal,7.0,7.0,1.0
scale computational,5.0,7.0,1.4
aim cancer,7.0,7.0,1.0
immunotherapy pin,4.0,7.0,1.75
high mutational,3.0,7.0,2.333333333
body response,6.0,7.0,1.166666667
predictor poor,3.0,7.0,2.333333333
disease metastasis,6.0,7.0,1.166666667
phase double,5.0,7.0,1.4
phase total,5.0,7.0,1.4
prevention human,6.0,7.0,1.166666667
provider perspective,4.0,7.0,1.75
cancer menopausal,5.0,7.0,1.4
therapy menopausal,3.0,7.0,2.333333333
papillary carcinoma,3.0,7.0,2.333333333
picture organ,7.0,7.0,1.0
act cancer,6.0,7.0,1.166666667
detect cancer,7.0,7.0,1.0
extension childbirth,3.0,7.0,2.333333333
half participant,6.0,7.0,1.166666667
sarcoma asp,7.0,7.0,1.0
trend priority,5.0,7.0,1.4
paradigm shift,7.0,7.0,1.0
associazione italiana,3.0,7.0,2.333333333
italiana ematologia,3.0,7.0,2.333333333
ematologia oncologia,3.0,7.0,2.333333333
decitabine cancer,3.0,7.0,2.333333333
physical inactivity,6.0,7.0,1.166666667
coming year,7.0,7.0,1.0
additional genomic,5.0,7.0,1.4
chromosome fusion,3.0,7.0,2.333333333
sample csf,5.0,7.0,1.4
rate factor,7.0,7.0,1.0
cancer regional,6.0,7.0,1.166666667
unusual substance,4.0,7.0,1.75
hot spot,3.0,7.0,2.333333333
cancer cross,7.0,7.0,1.0
issue adult,7.0,7.0,1.0
adult application,7.0,7.0,1.0
wide needle,7.0,7.0,1.0
mutation alk,5.0,7.0,1.4
drug fertility,5.0,7.0,1.4
microscope cell,6.0,7.0,1.166666667
young bereaved,3.0,7.0,2.333333333
symptom psychological,4.0,7.0,1.75
medicine genomic,6.0,7.0,1.166666667
phenotype pediatric,5.0,7.0,1.4
examination microscope,7.0,7.0,1.0
platelet cbc,7.0,7.0,1.0
cbc test,7.0,7.0,1.0
nuclear factor,5.0,7.0,1.4
number potential,7.0,7.0,1.0
nivolumab tumor,5.0,7.0,1.4
tumor candidate,6.0,7.0,1.166666667
support religious,5.0,7.0,1.4
needle hipbone,7.0,7.0,1.0
hipbone pathologist,7.0,7.0,1.0
rhabdomyosarcoma soft,7.0,7.0,1.0
biopsy child,6.0,7.0,1.166666667
bone microscope,7.0,7.0,1.0
high wilm,3.0,7.0,2.333333333
tnm tumor,5.0,7.0,1.4
positive cervical,3.0,7.0,2.333333333
analysis stage,6.0,7.0,1.166666667
great likelihood,6.0,7.0,1.166666667
evade immune,7.0,7.0,1.0
skeletal muscle,6.0,7.0,1.166666667
adenocarcinoma stromal,4.0,7.0,1.75
consortium psrc,5.0,7.0,1.4
sensitive radiation,6.0,7.0,1.166666667
phenotype cancer,5.0,7.0,1.4
resistance sensitivity,5.0,7.0,1.4
chemotherapy datum,6.0,7.0,1.166666667
example team,7.0,7.0,1.0
drug form,7.0,7.0,1.0
oncologia pediatrica,3.0,7.0,2.333333333
symptom fever,4.0,7.0,1.75
reason weight,4.0,7.0,1.75
immunotherapy new,7.0,7.0,1.0
new pembrolizumab,7.0,7.0,1.0
cell exhaustion,4.0,7.0,1.75
moonshot implementation,7.0,7.0,1.0
cbc blood,7.0,7.0,1.0
lymphoma low,6.0,7.0,1.166666667
histopathologic feature,4.0,7.0,1.75
loss adult,6.0,7.0,1.166666667
gene major,5.0,7.0,1.4
marrow cancer,7.0,7.0,1.0
blood inserting,7.0,7.0,1.0
tube blood,7.0,7.0,1.0
optimal duration,3.0,7.0,2.333333333
line blood,5.0,7.0,1.4
tool potential,5.0,7.0,1.4
drug pair,3.0,7.0,2.333333333
enlarge tumor,4.0,7.0,1.75
analysis participant,5.0,7.0,1.4
cancer frequency,5.0,7.0,1.4
depressive episode,3.0,7.0,2.333333333
mutation engl,3.0,7.0,2.333333333
intermediate high,6.0,7.0,1.166666667
select cancer,5.0,7.0,1.4
target molecular,5.0,7.0,1.4
factor adult,4.0,7.0,1.75
histone protein,5.0,7.0,1.4
cancer esmo,4.0,7.0,1.75
platinum drug,6.0,7.0,1.166666667
rna sequencing,7.0,7.0,1.0
conduct support,7.0,7.0,1.0
drug osimertinib,3.0,7.0,2.333333333
alectinib initial,4.0,7.0,1.75
zahir scholar,7.0,7.0,1.0
note scholar,7.0,7.0,1.0
limitation small,5.0,7.0,1.4
tumor epithelioid,4.0,7.0,1.75
normal weight,6.0,7.0,1.166666667
tumor key,5.0,7.0,1.4
intravital microscopy,3.0,7.0,2.333333333
liposarcoma cancer,5.0,7.0,1.4
gadolinium vein,7.0,7.0,1.0
vein gadolinium,7.0,7.0,1.0
gadolinium collect,7.0,7.0,1.0
cohort analysis,5.0,7.0,1.4
age adult,6.0,7.0,1.166666667
procedure staging,7.0,7.0,1.0
model metastatic,5.0,7.0,1.4
syndrome retrospective,3.0,7.0,2.333333333
intrinsic extrinsic,5.0,7.0,1.4
pathogenic mechanism,3.0,7.0,2.333333333
colleague nature,7.0,7.0,1.0
nanoparticle mimic,3.0,7.0,2.333333333
drug effectiveness,7.0,7.0,1.0
drug lead,7.0,7.0,1.0
outcome breast,4.0,7.0,1.75
cell chest,3.0,7.0,2.333333333
lymphoma genome,4.0,7.0,1.75
child planning,3.0,7.0,2.333333333
anxiety death,5.0,7.0,1.4
cell aml,5.0,7.0,1.4
tissue drug,7.0,7.0,1.0
difference normal,7.0,7.0,1.0
distant organ,6.0,7.0,1.166666667
cell intrinsic,5.0,7.0,1.4
cell cluster,6.0,7.0,1.166666667
nerve fiber,4.0,7.0,1.75
substance gadolinium,7.0,7.0,1.0
picture procedure,7.0,7.0,1.0
low depression,6.0,7.0,1.166666667
lymph lymphoma,5.0,7.0,1.4
stage adult,4.0,7.0,1.75
america europe,7.0,7.0,1.0
metastasis option,5.0,7.0,1.4
surgical complication,6.0,7.0,1.166666667
appendix cancer,3.0,7.0,2.333333333
cancer egfr,7.0,7.0,1.0
mutation new,7.0,7.0,1.0
oncology model,6.0,7.0,1.166666667
therapy technique,5.0,7.0,1.4
datum sample,7.0,7.0,1.0
tumor sensitive,7.0,7.0,1.0
tumor lesion,5.0,7.0,1.4
mutation associated,5.0,7.0,1.4
human datum,6.0,7.0,1.166666667
magical thinking,3.0,7.0,2.333333333
initiative progress,3.0,7.0,2.333333333
lymph liver,4.0,7.0,1.75
csf cancer,4.0,7.0,1.75
diaphragm stage,4.0,7.0,1.75
distant body,5.0,7.0,1.4
cancer virus,7.0,7.0,1.0
lymphovascular invasion,3.0,7.0,2.333333333
number lymph,7.0,7.0,1.0
exposure low,4.0,7.0,1.75
pediatric medicine,5.0,7.0,1.4
goal accomplish,7.0,7.0,1.0
course tumor,5.0,7.0,1.4
year complete,7.0,7.0,1.0
high hormone,7.0,7.0,1.0
firm conclusion,7.0,7.0,1.0
cancer platinum,6.0,7.0,1.166666667
experience thing,5.0,7.0,1.4
inhibitor substantial,5.0,7.0,1.4
hpv test,4.0,7.0,1.75
moonshot progress,7.0,7.0,1.0
barrier enrollment,4.0,7.0,1.75
ajcc staging,5.0,7.0,1.4
young black,7.0,7.0,1.0
disease liver,4.0,7.0,1.75
actionable target,5.0,7.0,1.4
cure act,5.0,7.0,1.4
experience great,7.0,7.0,1.0
tumor staging,7.0,7.0,1.0
vaginal cancer,3.0,7.0,2.333333333
melanoma basal,3.0,7.0,2.333333333
chest thin,3.0,7.0,2.333333333
woman rate,6.0,7.0,1.166666667
net cancer,4.0,7.0,1.75
community initiative,7.0,7.0,1.0
participant low,7.0,7.0,1.0
cancer placebo,5.0,7.0,1.4
computerized tomography,7.0,7.0,1.0
day surgery,4.0,7.0,1.75
disease united,7.0,7.0,1.0
oncology space,3.0,7.0,2.333333333
blood liver,6.0,7.0,1.166666667
indolent cell,4.0,7.0,1.75
surgery external,6.0,7.0,1.166666667
surgery disease,7.0,7.0,1.0
demographic factor,6.0,7.0,1.166666667
variant anaplastic,3.0,7.0,2.333333333
growth monoclonal,7.0,7.0,1.0
lymphoma immunotherapy,5.0,7.0,1.4
upper respiratory,7.0,7.0,1.0
limited option,7.0,7.0,1.0
turnaround time,6.0,7.0,1.166666667
transplant radiation,7.0,7.0,1.0
chemotherapy rituximab,4.0,7.0,1.75
cancer antioxidant,3.0,7.0,2.333333333
efficacy selpercatinib,3.0,7.0,2.333333333
bloodstream radioactive,6.0,7.0,1.166666667
series child,4.0,7.0,1.75
disease placebo,6.0,7.0,1.166666667
form melanoma,6.0,7.0,1.166666667
data initiative,5.0,7.0,1.4
biopsy lung,4.0,7.0,1.75
active gene,3.0,7.0,2.333333333
ajcc stage,4.0,7.0,1.75
receptor radionuclide,3.0,7.0,2.333333333
radionuclide therapy,3.0,7.0,2.333333333
endoscopic surgery,4.0,7.0,1.75
kill tumor,5.0,7.0,1.4
vaccine uptake,6.0,7.0,1.166666667
hcmi generation,5.0,7.0,1.4
gene transcription,3.0,7.0,2.333333333
gene chromosomal,3.0,7.0,2.333333333
excision tumor,6.0,7.0,1.166666667
dasatinib child,5.0,7.0,1.4
adverse drug,5.0,7.0,1.4
spectrum tumor,4.0,7.0,1.75
adolescent year,7.0,7.0,1.0
lot progress,5.0,7.0,1.4
alanine aminotransferase,6.0,7.0,1.166666667
material vein,6.0,7.0,1.166666667
tumor intermediate,5.0,7.0,1.4
south america,3.0,7.0,2.333333333
cancer periodic,7.0,7.0,1.0
octreotide lanreotide,3.0,7.0,2.333333333
sex race,6.0,7.0,1.166666667
entire tumor,7.0,7.0,1.0
solid malignancy,4.0,7.0,1.75
white race,3.0,7.0,2.333333333
adverse similar,3.0,7.0,2.333333333
therapy damage,6.0,7.0,1.166666667
disease little,7.0,7.0,1.0
cancer nilotinib,3.0,7.0,2.333333333
lung damage,3.0,7.0,2.333333333
cryosurgery cancer,7.0,7.0,1.0
cancer protocol,5.0,7.0,1.4
lung head,5.0,7.0,1.4
university michigan,7.0,7.0,1.0
county low,5.0,7.0,1.4
candidate surgery,6.0,7.0,1.166666667
minor salivary,3.0,7.0,2.333333333
irradiation blood,4.0,7.0,1.75
cancer sporadic,5.0,7.0,1.4
sporadic hereditary,4.0,7.0,1.75
endocrine organ,5.0,7.0,1.4
syndrome men2a,3.0,7.0,2.333333333
drug participant,5.0,7.0,1.4
participant blood,5.0,7.0,1.4
useful diagnostic,7.0,7.0,1.0
muscle pain,7.0,7.0,1.0
sarcoma chemotherapy,5.0,7.0,1.4
child lung,6.0,7.0,1.166666667
prevention support,7.0,7.0,1.0
team major,5.0,7.0,1.4
inhibitor inactivator,3.0,7.0,2.333333333
therapy lead,7.0,7.0,1.0
mortality factor,7.0,7.0,1.0
cessation medication,4.0,7.0,1.75
encode protein,6.0,7.0,1.166666667
experience descriptive,4.0,7.0,1.75
partial tumor,7.0,7.0,1.0
tumor partial,7.0,7.0,1.0
drug line,7.0,7.0,1.0
copanlisib follicular,4.0,7.0,1.75
comorbid insomnia,3.0,7.0,2.333333333
drug soft,4.0,7.0,1.75
upper body,5.0,7.0,1.4
biomimetic tissue,4.0,7.0,1.75
therapy artnet,4.0,6.0,1.5
genomic feature,5.0,6.0,1.2
practice diagnosis,3.0,6.0,2.0
pet detection,3.0,6.0,2.0
growth metastatic,6.0,6.0,1.0
lipid metabolism,4.0,6.0,1.5
marker detection,6.0,6.0,1.0
papillary craniopharyngioma,3.0,6.0,2.0
neck upper,6.0,6.0,1.0
body arm,6.0,6.0,1.0
therapy venetoclax,6.0,6.0,1.0
sarcoma subtype,4.0,6.0,1.5
tumor salivary,4.0,6.0,1.5
tissue fluid,5.0,6.0,1.2
disease development,6.0,6.0,1.0
consortium ealc,3.0,6.0,2.0
lymphoma consortium,3.0,6.0,2.0
diagnostic imaging,4.0,6.0,1.5
therapy regimen,3.0,6.0,2.0
drug nilotinib,3.0,6.0,2.0
aml target,3.0,6.0,2.0
example public,6.0,6.0,1.0
diagnosis importance,6.0,6.0,1.0
midostaurin aml,4.0,6.0,1.5
diagnosis poor,4.0,6.0,1.5
large blood,5.0,6.0,1.2
psychologist worker,6.0,6.0,1.0
therapy observation,6.0,6.0,1.0
skin liver,3.0,6.0,2.0
death parent,4.0,6.0,1.5
cancer paper,6.0,6.0,1.0
child refractory,4.0,6.0,1.5
testing disease,6.0,6.0,1.0
prevention activity,6.0,6.0,1.0
factor pediatric,3.0,6.0,2.0
gene aml,4.0,6.0,1.5
cancer midostaurin,3.0,6.0,2.0
diagnosis surgical,4.0,6.0,1.5
cancer classic,3.0,6.0,2.0
assistant physician,4.0,6.0,1.5
advance development,6.0,6.0,1.0
business partnership,3.0,6.0,2.0
innovation sbir,6.0,6.0,1.0
instrument freeze,6.0,6.0,1.0
tumor reduction,5.0,6.0,1.2
africa asia,3.0,6.0,2.0
mri tumor,6.0,6.0,1.0
bone eye,3.0,6.0,2.0
diarrhea rash,6.0,6.0,1.0
vandetanib advanced,4.0,6.0,1.5
node neck,5.0,6.0,1.2
bone small,6.0,6.0,1.0
alk protein,5.0,6.0,1.2
pfs year,5.0,6.0,1.2
point overall,5.0,6.0,1.2
aspartate aminotransferase,5.0,6.0,1.2
disease right,4.0,6.0,1.5
molecular remission,4.0,6.0,1.5
mtc medullary,3.0,6.0,2.0
year prognosis,4.0,6.0,1.5
material collect,6.0,6.0,1.0
community annual,6.0,6.0,1.0
hormone thyroid,5.0,6.0,1.2
young generation,4.0,6.0,1.5
phase efficacy,4.0,6.0,1.5
cryosurgery instrument,5.0,6.0,1.2
tool tumor,6.0,6.0,1.0
rate person,6.0,6.0,1.0
cancer radiopharmaceutical,4.0,6.0,1.5
periodic interest,6.0,6.0,1.0
lining mouth,4.0,6.0,1.5
country hpv,3.0,6.0,2.0
skin bone,5.0,6.0,1.2
disease rare,6.0,6.0,1.0
disease table,5.0,6.0,1.2
large community,6.0,6.0,1.0
guest path,6.0,6.0,1.0
break guest,6.0,6.0,1.0
monitor tumor,6.0,6.0,1.0
datum institution,6.0,6.0,1.0
community advocate,6.0,6.0,1.0
initiative big,4.0,6.0,1.5
nerve injury,4.0,6.0,1.5
symptom surgery,5.0,6.0,1.2
hormone child,3.0,6.0,2.0
symptom multiple,5.0,6.0,1.2
symptom benign,6.0,6.0,1.0
year thing,6.0,6.0,1.0
neoplasm child,4.0,6.0,1.5
paraganglioma pheochromocytoma,3.0,6.0,2.0
skin area,6.0,6.0,1.0
cancer scanner,6.0,6.0,1.0
cell stomach,3.0,6.0,2.0
variant finding,3.0,6.0,2.0
concern team,4.0,6.0,1.5
nuclear receptor,4.0,6.0,1.5
gene similar,6.0,6.0,1.0
testing braf,3.0,6.0,2.0
datum drug,6.0,6.0,1.0
iodine therapy,5.0,6.0,1.2
advanced basal,4.0,6.0,1.5
rectum colon,3.0,6.0,2.0
microscope disease,5.0,6.0,1.2
marker test,5.0,6.0,1.2
bladder kidney,5.0,6.0,1.2
sonidegib advanced,4.0,6.0,1.5
distant metastatic,5.0,6.0,1.2
dose body,6.0,6.0,1.0
child intraocular,3.0,6.0,2.0
melanoma child,3.0,6.0,2.0
loss separation,3.0,6.0,2.0
death loss,3.0,6.0,2.0
age developmental,4.0,6.0,1.5
skeleton ghost,3.0,6.0,2.0
curious death,3.0,6.0,2.0
old death,3.0,6.0,2.0
agent therapy,5.0,6.0,1.2
child example,6.0,6.0,1.0
tumor mri,5.0,6.0,1.2
mechanism immune,6.0,6.0,1.0
economic impact,3.0,6.0,2.0
recurrence death,5.0,6.0,1.2
occupational therapist,6.0,6.0,1.0
chemotherapy human,3.0,6.0,2.0
pediatric endocrinologist,6.0,6.0,1.0
fatty tissue,6.0,6.0,1.0
cancer nov,6.0,6.0,1.0
mimic salmonella,3.0,6.0,2.0
kidney lung,6.0,6.0,1.0
pain weight,4.0,6.0,1.5
example healthy,6.0,6.0,1.0
intrinsic resistance,4.0,6.0,1.5
red cancer,6.0,6.0,1.0
path medicine,6.0,6.0,1.0
measurement serum,5.0,6.0,1.2
long body,6.0,6.0,1.0
severe abdominal,4.0,6.0,1.5
problem high,5.0,6.0,1.2
time blood,6.0,6.0,1.0
activity breast,5.0,6.0,1.2
decade immunotherapy,6.0,6.0,1.0
dead person,3.0,6.0,2.0
body head,6.0,6.0,1.0
thyroid radiation,3.0,6.0,2.0
eye problem,4.0,6.0,1.5
eye drop,4.0,6.0,1.5
intestine colon,4.0,6.0,1.5
obese drug,4.0,6.0,1.5
sunitinib sutent,6.0,6.0,1.0
symptom fatigue,5.0,6.0,1.2
symptom young,6.0,6.0,1.0
formalin paraffin,5.0,6.0,1.2
protein her2,5.0,6.0,1.2
time significant,5.0,6.0,1.2
diffuse intrinsic,4.0,6.0,1.5
skin head,3.0,6.0,2.0
muscle relaxation,5.0,6.0,1.2
datum outcome,6.0,6.0,1.0
gene prognostic,4.0,6.0,1.5
cell hemoglobin,6.0,6.0,1.0
symptom test,5.0,6.0,1.2
old chemotherapy,6.0,6.0,1.0
old history,6.0,6.0,1.0
development blood,6.0,6.0,1.0
biallelic mutation,4.0,6.0,1.5
cancer clue,5.0,6.0,1.2
array cancer,6.0,6.0,1.0
factor kappa,4.0,6.0,1.5
alteration fusion,4.0,6.0,1.5
molecular method,4.0,6.0,1.5
tumor exceptional,4.0,6.0,1.5
diagnose blood,6.0,6.0,1.0
chemotherapy phase,6.0,6.0,1.0
significant decrease,5.0,6.0,1.2
rate addition,5.0,6.0,1.2
death correct,4.0,6.0,1.5
deceased person,3.0,6.0,2.0
child mother,4.0,6.0,1.5
problem bad,3.0,6.0,2.0
sarcoma vascular,5.0,6.0,1.2
tissue joint,5.0,6.0,1.2
negative consequence,3.0,6.0,2.0
undergraduate graduate,4.0,6.0,1.5
bone hollow,6.0,6.0,1.0
loss bereaved,4.0,6.0,1.5
test detect,6.0,6.0,1.0
screening technique,6.0,6.0,1.0
removal bone,6.0,6.0,1.0
grief cognitive,3.0,6.0,2.0
cancer polyp,6.0,6.0,1.0
corr death,3.0,6.0,2.0
form therapy,5.0,6.0,1.2
long thin,6.0,6.0,1.0
death physician,5.0,6.0,1.2
abnormal growth,4.0,6.0,1.5
marker surface,6.0,6.0,1.0
chromosome break,6.0,6.0,1.0
piece chromosome,5.0,6.0,1.2
support precision,4.0,6.0,1.5
grief outcome,3.0,6.0,2.0
cancer decitabine,3.0,6.0,2.0
regimen therapy,6.0,6.0,1.0
scholar year,6.0,6.0,1.0
dipg brain,4.0,6.0,1.5
datum essential,5.0,6.0,1.2
old bereaved,3.0,6.0,2.0
increase mortality,6.0,6.0,1.0
springer publishing,5.0,6.0,1.2
child sex,5.0,6.0,1.2
year extension,4.0,6.0,1.5
screening number,6.0,6.0,1.0
oncology opportunity,6.0,6.0,1.0
drug intrathecal,5.0,6.0,1.2
lessen chance,4.0,6.0,1.5
diagnosis hodgkin,5.0,6.0,1.2
cancer contribution,4.0,6.0,1.5
prognosis favorable,4.0,6.0,1.5
cord sample,5.0,6.0,1.2
bone spine,6.0,6.0,1.0
dye sample,6.0,6.0,1.0
bladder urethra,6.0,6.0,1.0
occult blood,4.0,6.0,1.5
colorectal cervical,4.0,6.0,1.5
screening united,3.0,6.0,2.0
clear tumor,6.0,6.0,1.0
phase chemotherapy,4.0,6.0,1.5
cancer race,5.0,6.0,1.2
opinion appointment,6.0,6.0,1.0
receptor tcr,5.0,6.0,1.2
agent adult,6.0,6.0,1.0
gist gastrointestinal,5.0,6.0,1.2
middle high,6.0,6.0,1.0
area great,5.0,6.0,1.2
tobacco tax,6.0,6.0,1.0
bleeding infection,5.0,6.0,1.2
thing experience,6.0,6.0,1.0
target large,4.0,6.0,1.5
cancer gdc,4.0,6.0,1.5
diagnosis metastatic,4.0,6.0,1.5
drug tamoxifen,6.0,6.0,1.0
donor chemotherapy,6.0,6.0,1.0
dctd activity,6.0,6.0,1.0
model repository,6.0,6.0,1.0
blood donor,6.0,6.0,1.0
arm blood,6.0,6.0,1.0
accelerate discovery,6.0,6.0,1.0
alteration cell,6.0,6.0,1.0
cancer multi,6.0,6.0,1.0
long impact,3.0,6.0,2.0
ret ptc,5.0,6.0,1.2
udelsman thyroid,3.0,6.0,2.0
association thyroid,5.0,6.0,1.2
analysis thyroid,4.0,6.0,1.5
experience symptom,3.0,6.0,2.0
cancer opioid,3.0,6.0,2.0
high fever,6.0,6.0,1.0
pain palliative,6.0,6.0,1.0
phd year,5.0,6.0,1.2
integr cancer,4.0,6.0,1.5
poor sleep,5.0,6.0,1.2
cancer postoperative,3.0,6.0,2.0
hematology annual,6.0,6.0,1.0
therapy ibrutinib,5.0,6.0,1.2
enlarge cell,6.0,6.0,1.0
muscle tendon,5.0,6.0,1.2
therapy bad,5.0,6.0,1.2
sarcoma disease,3.0,6.0,2.0
thing couple,5.0,6.0,1.2
blood marker,6.0,6.0,1.0
core facility,4.0,6.0,1.5
subtype large,4.0,6.0,1.5
bad tumor,6.0,6.0,1.0
immunotherapy promise,4.0,6.0,1.5
energy cell,4.0,6.0,1.5
energy glucose,3.0,6.0,2.0
muscle weakness,5.0,6.0,1.2
low age,4.0,6.0,1.5
syndrome ret,4.0,6.0,1.5
skill expertise,6.0,6.0,1.0
commitment good,3.0,6.0,2.0
rehabilitation cancer,4.0,6.0,1.5
tobacco interview,4.0,6.0,1.5
sarcoma radiation,5.0,6.0,1.2
fat blood,4.0,6.0,1.5
vein drug,5.0,6.0,1.2
setting cancer,6.0,6.0,1.0
energy need,3.0,6.0,2.0
grade diffuse,3.0,6.0,2.0
crizotinib alk,5.0,6.0,1.2
translocation gene,4.0,6.0,1.5
chromosome variant,3.0,6.0,2.0
tumor anaplastic,3.0,6.0,2.0
bereaved grief,4.0,6.0,1.5
normal complicated,4.0,6.0,1.5
participant cohort,5.0,6.0,1.2
old immune,6.0,6.0,1.0
choice advanced,4.0,6.0,1.5
child undergone,5.0,6.0,1.2
prevalence characteristic,6.0,6.0,1.0
diagnostic staging,3.0,6.0,2.0
difference incidence,6.0,6.0,1.0
lab model,6.0,6.0,1.0
dose year,3.0,6.0,2.0
drug kill,5.0,6.0,1.2
instance cancer,5.0,6.0,1.2
glioma rare,4.0,6.0,1.5
rate pfs,5.0,6.0,1.2
drug cemiplimab,3.0,6.0,2.0
alk -positive,4.0,6.0,1.5
positive year,5.0,6.0,1.2
legislative activity,3.0,6.0,2.0
function blood,4.0,6.0,1.5
tobacco year,6.0,6.0,1.0
chemotherapy abdominal,4.0,6.0,1.5
muscle cell,4.0,6.0,1.5
chemotherapy dose,5.0,6.0,1.2
special award,5.0,6.0,1.2
tumor outcome,6.0,6.0,1.0
time support,6.0,6.0,1.0
factor variant,5.0,6.0,1.2
dose doxorubicin,3.0,6.0,2.0
problem adult,4.0,6.0,1.5
cell close,5.0,6.0,1.2
diagnosis prostate,3.0,6.0,2.0
score year,5.0,6.0,1.2
inflammatory response,6.0,6.0,1.0
thing little,4.0,6.0,1.5
rate old,6.0,6.0,1.0
child dose,6.0,6.0,1.0
animation immunotherapy,6.0,6.0,1.0
number benefit,6.0,6.0,1.0
recombination repair,3.0,6.0,2.0
resection time,4.0,6.0,1.5
irritable bowel,4.0,6.0,1.5
clinic rare,6.0,6.0,1.0
datum new,6.0,6.0,1.0
tumor host,6.0,6.0,1.0
large diameter,5.0,6.0,1.2
tumor functional,5.0,6.0,1.2
vessel skin,5.0,6.0,1.2
computation therapy,3.0,6.0,2.0
disease prostate,5.0,6.0,1.2
day new,6.0,6.0,1.0
colorectal pancreatic,4.0,6.0,1.5
mutation present,6.0,6.0,1.0
pediatric burkitt,4.0,6.0,1.5
decade drug,6.0,6.0,1.0
head brain,3.0,6.0,2.0
improvement quality,6.0,6.0,1.0
lot energy,6.0,6.0,1.0
safety median,3.0,6.0,2.0
right word,5.0,6.0,1.2
particle radiation,5.0,6.0,1.2
syndrome presence,3.0,6.0,2.0
disease pathogenic,4.0,6.0,1.5
tumor adrenal,4.0,6.0,1.5
year sex,5.0,6.0,1.2
positive rate,4.0,6.0,1.5
vaccination cervical,6.0,6.0,1.0
hint cancer,6.0,6.0,1.0
team factor,6.0,6.0,1.0
specialist worker,6.0,6.0,1.0
immunotherapy body,6.0,6.0,1.0
pediatrician pediatric,6.0,6.0,1.0
scan tumor,5.0,6.0,1.2
disease organ,5.0,6.0,1.2
vaccination girl,6.0,6.0,1.0
outpatient cancer,4.0,6.0,1.5
child united,6.0,6.0,1.0
ebv cell,5.0,6.0,1.2
lymphoma development,4.0,6.0,1.5
flow tumor,4.0,6.0,1.5
sonogram computer,6.0,6.0,1.0
tissue echo,6.0,6.0,1.0
bounce sound,6.0,6.0,1.0
distant location,6.0,6.0,1.0
frequent test,3.0,6.0,2.0
young person,5.0,6.0,1.2
disease variant,5.0,6.0,1.2
prostate bladder,5.0,6.0,1.2
block flow,3.0,6.0,2.0
cancer comparison,4.0,6.0,1.5
mutation exon,5.0,6.0,1.2
benefit lung,6.0,6.0,1.0
option helpful,6.0,6.0,1.0
death advanced,5.0,6.0,1.2
self datum,5.0,6.0,1.2
survivor benefit,5.0,6.0,1.2
sporadic familial,3.0,6.0,2.0
addition participant,6.0,6.0,1.0
talk option,5.0,6.0,1.2
area future,6.0,6.0,1.0
smoker year,6.0,6.0,1.0
parathyroid disease,3.0,6.0,2.0
correlation variant,5.0,6.0,1.2
year table,5.0,6.0,1.2
brca1/2 mutation,3.0,6.0,2.0
cell malignant,6.0,6.0,1.0
emotional reaction,5.0,6.0,1.2
surg int,5.0,6.0,1.2
cell survive,6.0,6.0,1.0
metastatic pancreatic,4.0,6.0,1.5
receptor alpha,6.0,6.0,1.0
workforce infrastructure,3.0,6.0,2.0
respiratory disease,5.0,6.0,1.2
mutation immune,3.0,6.0,2.0
prospective comparison,5.0,6.0,1.2
outcome small,4.0,6.0,1.5
community molecular,6.0,6.0,1.0
eur pediatr,3.0,6.0,2.0
management hereditary,3.0,6.0,2.0
diagnosis surgery,6.0,6.0,1.0
brentuximab high,4.0,6.0,1.5
cell vaccine,6.0,6.0,1.0
cell figure,5.0,6.0,1.2
margin tumor,6.0,6.0,1.0
goal tumor,4.0,6.0,1.5
cost extension,5.0,6.0,1.2
histological classification,5.0,6.0,1.2
receptor tyrosine,4.0,6.0,1.5
idh tumor,6.0,6.0,1.0
antitumor activity,5.0,6.0,1.2
smoking disease,5.0,6.0,1.2
maximum dose,4.0,6.0,1.5
high degree,6.0,6.0,1.0
southwest oncology,5.0,6.0,1.2
long blood,3.0,6.0,2.0
therapy pancreatic,4.0,6.0,1.5
additional molecular,5.0,6.0,1.2
profile consistent,4.0,6.0,1.5
heart association,6.0,6.0,1.0
child secondhand,4.0,6.0,1.5
mutation novel,3.0,6.0,2.0
additional benefit,6.0,6.0,1.0
mild cognitive,4.0,6.0,1.5
region brain,6.0,6.0,1.0
dose woman,4.0,6.0,1.5
careful monitoring,5.0,6.0,1.2
inhibits protein,4.0,6.0,1.5
mutation brca,3.0,6.0,2.0
selective receptor,4.0,6.0,1.5
world breakthrough,5.0,6.0,1.2
project physic,5.0,6.0,1.2
decline cognitive,5.0,6.0,1.2
great promise,6.0,6.0,1.0
arm initial,3.0,6.0,2.0
mutation olaparib,5.0,6.0,1.2
hour urine,4.0,6.0,1.5
placebo woman,5.0,6.0,1.2
child testing,4.0,6.0,1.5
smoke disease,3.0,6.0,2.0
alzheimer cancer,4.0,6.0,1.5
woman fertility,4.0,6.0,1.5
tih nib,6.0,6.0,1.0
plenary session,6.0,6.0,1.0
oncology radiology,4.0,6.0,1.5
diversity biomedical,4.0,6.0,1.5
year diversity,3.0,6.0,2.0
high false,4.0,6.0,1.5
key limitation,4.0,6.0,1.5
quality functional,3.0,6.0,2.0
biological behavior,4.0,6.0,1.5
springtime opportunity,5.0,6.0,1.2
child body,6.0,6.0,1.0
score tumor,6.0,6.0,1.0
cancer remarkable,6.0,6.0,1.0
lab protein,5.0,6.0,1.2
screening conference,3.0,6.0,2.0
mortality overall,6.0,6.0,1.0
limited data,6.0,6.0,1.0
stomach pain,5.0,6.0,1.2
stage endometrial,3.0,6.0,2.0
gene multigene,3.0,6.0,2.0
severity score,3.0,6.0,2.0
candidate citizen,6.0,6.0,1.0
medicine biomedical,5.0,6.0,1.2
aged child,5.0,6.0,1.2
table tumor,3.0,6.0,2.0
topic documentary,6.0,6.0,1.0
biomedical workforce,4.0,6.0,1.5
cancer percentage,6.0,6.0,1.0
loss time,4.0,6.0,1.5
overall datum,6.0,6.0,1.0
man overall,6.0,6.0,1.0
woman testing,4.0,6.0,1.5
significant adverse,6.0,6.0,1.0
low self,6.0,6.0,1.0
datum complete,5.0,6.0,1.2
relative contribution,5.0,6.0,1.2
enteritis radiation,3.0,6.0,2.0
start determined,6.0,6.0,1.0
agreement application,4.0,6.0,1.5
mutation p53,4.0,6.0,1.5
woman option,6.0,6.0,1.0
oophorectomy woman,4.0,6.0,1.5
gliomatosis cerebri,6.0,6.0,1.0
stomach young,4.0,6.0,1.5
glioblastoma cancer,6.0,6.0,1.0
turcot syndrome,3.0,6.0,2.0
malignant rhabdoid,4.0,6.0,1.5
german austrian,4.0,6.0,1.5
cancer subscription,3.0,6.0,2.0
analysis mutation,6.0,6.0,1.0
sequence datum,6.0,6.0,1.0
availability datum,6.0,6.0,1.0
immunotherapy radiation,6.0,6.0,1.0
option prostate,5.0,6.0,1.2
cancer extracranial,3.0,6.0,2.0
score bad,5.0,6.0,1.2
lab dish,5.0,6.0,1.2
cohort additional,4.0,6.0,1.5
pediatric multiple,5.0,6.0,1.2
onset year,3.0,6.0,2.0
direct consumer,3.0,6.0,2.0
year outcome,6.0,6.0,1.0
difference proportion,3.0,6.0,2.0
cancer local,6.0,6.0,1.0
iii adult,6.0,6.0,1.0
old single,6.0,6.0,1.0
combo rare,4.0,6.0,1.5
factor old,6.0,6.0,1.0
mrd assessment,3.0,6.0,2.0
lesion surgery,4.0,6.0,1.5
relationship symptom,3.0,6.0,2.0
bad time,6.0,6.0,1.0
subject cancer,4.0,6.0,1.5
blood sugar,4.0,6.0,1.5
child hereditary,5.0,6.0,1.2
cancer marker,6.0,6.0,1.0
deleterious germline,5.0,6.0,1.2
immunotherapy brain,3.0,6.0,2.0
young breast,5.0,6.0,1.2
outcome gene,4.0,6.0,1.5
test kind,6.0,6.0,1.0
node breast,4.0,6.0,1.5
constipation symptom,3.0,6.0,2.0
idea turn,6.0,6.0,1.0
unmet need,6.0,6.0,1.0
therapy early,6.0,6.0,1.0
tissue support,4.0,6.0,1.5
datum software,4.0,6.0,1.5
transplant consolidation,4.0,6.0,1.5
participant chemotherapy,6.0,6.0,1.0
lung cell,5.0,6.0,1.2
chemotherapy shrink,5.0,6.0,1.2
expression drug,3.0,6.0,2.0
cohort woman,6.0,6.0,1.0
ovarian peritoneal,5.0,6.0,1.2
year pathogenic,3.0,6.0,2.0
old pembrolizumab,6.0,6.0,1.0
oral drug,5.0,6.0,1.2
example drug,6.0,6.0,1.0
drug factor,6.0,6.0,1.0
culture model,5.0,6.0,1.2
test companion,6.0,6.0,1.0
postoperative radiotherapy,3.0,6.0,2.0
therapy step,6.0,6.0,1.0
episode host,6.0,6.0,1.0
time young,6.0,6.0,1.0
tumor opportunity,6.0,6.0,1.0
gene critical,4.0,6.0,1.5
translational betrnet,3.0,6.0,2.0
alteration chromosome,6.0,6.0,1.0
cancer rapid,5.0,6.0,1.2
therapy invasive,5.0,6.0,1.2
surgery modality,3.0,6.0,2.0
lesion bone,3.0,6.0,2.0
rate country,6.0,6.0,1.0
experience high,4.0,6.0,1.5
emergency cancer,3.0,6.0,2.0
tumor prior,6.0,6.0,1.0
drug gemcitabine,6.0,6.0,1.0
interstitial lung,4.0,6.0,1.5
size percent,5.0,6.0,1.2
advanced nsclc,6.0,6.0,1.0
illness factor,3.0,6.0,2.0
lesion lung,6.0,6.0,1.0
survivor similar,5.0,6.0,1.2
hypertension cardiovascular,4.0,6.0,1.5
carcinoma scc,4.0,6.0,1.5
therapy poor,5.0,6.0,1.2
survivor analysis,4.0,6.0,1.5
little damage,5.0,6.0,1.2
distinct cancer,6.0,6.0,1.0
multi modal,5.0,6.0,1.2
nose mouth,5.0,6.0,1.2
loss support,4.0,6.0,1.5
malignant benign,4.0,6.0,1.5
datum participant,6.0,6.0,1.0
pattern gene,4.0,6.0,1.5
overview extracranial,3.0,6.0,2.0
year single,6.0,6.0,1.0
histology favorable,3.0,6.0,2.0
biomarker stage,6.0,6.0,1.0
sample normal,6.0,6.0,1.0
team high,6.0,6.0,1.0
screening exam,6.0,6.0,1.0
assessment measure,4.0,6.0,1.5
human pancreatic,4.0,6.0,1.5
cancer pet,3.0,6.0,2.0
nodule benign,4.0,6.0,1.5
benign cancerous,6.0,6.0,1.0
inhibition clue,3.0,6.0,2.0
lung large,4.0,6.0,1.5
design datum,6.0,6.0,1.0
collaboration advance,5.0,6.0,1.2
true child,6.0,6.0,1.0
cancer universal,4.0,6.0,1.5
analysis imat,6.0,6.0,1.0
agenda participant,6.0,6.0,1.0
community workshop,5.0,6.0,1.2
team potential,6.0,6.0,1.0
option high,6.0,6.0,1.0
healthy volunteer,5.0,6.0,1.2
implementation strategy,5.0,6.0,1.2
urologic oncology,6.0,6.0,1.0
relative reduction,4.0,6.0,1.5
therapy quality,6.0,6.0,1.0
tamoxifen raloxifene,3.0,6.0,2.0
normal lung,4.0,6.0,1.5
screening project,5.0,6.0,1.2
human lung,6.0,6.0,1.0
recognition tumor,4.0,6.0,1.5
disease restrictive,3.0,6.0,2.0
bladder tumor,6.0,6.0,1.0
gemcitabine gemzar,6.0,6.0,1.0
prime time,5.0,6.0,1.2
disease partial,4.0,6.0,1.5
increase uptake,3.0,6.0,2.0
ratio year,3.0,6.0,2.0
drug dose,6.0,6.0,1.0
k12 special,3.0,6.0,2.0
budget k12,3.0,6.0,2.0
drug little,6.0,6.0,1.0
surgery chance,5.0,6.0,1.2
recurrence low,4.0,6.0,1.5
tumor cellular,4.0,6.0,1.5
faan cancer,6.0,6.0,1.0
percentage child,6.0,6.0,1.0
tumor previous,6.0,6.0,1.0
selection therapy,3.0,6.0,2.0
tumor arm,5.0,6.0,1.2
duration year,5.0,6.0,1.2
cancer occurrence,5.0,6.0,1.2
abnormal bone,4.0,6.0,1.5
colorectal breast,6.0,6.0,1.0
high index,6.0,6.0,1.0
subgroup high,5.0,6.0,1.2
negative margin,5.0,6.0,1.2
target metastatic,4.0,6.0,1.5
window opportunity,5.0,6.0,1.2
data enhancement,3.0,6.0,2.0
cancer biophysic,4.0,6.0,1.5
spending time,6.0,6.0,1.0
form radiation,5.0,6.0,1.2
breast ductal,3.0,6.0,2.0
accessible cancer,6.0,6.0,1.0
head breast,6.0,6.0,1.0
skin factor,6.0,6.0,1.0
remission mrd,3.0,6.0,2.0
foster collaboration,5.0,6.0,1.2
cancer asgcr,3.0,6.0,2.0
consortium university,4.0,6.0,1.5
minicircle cancer,3.0,6.0,2.0
complete genomic,4.0,6.0,1.5
melanoma dark,4.0,6.0,1.5
ethnicity poverty,4.0,6.0,1.5
gene locus,4.0,6.0,1.5
tissue investigator,4.0,6.0,1.5
sun skin,4.0,6.0,1.5
gene immune,6.0,6.0,1.0
unusual mole,3.0,6.0,2.0
molecule tumor,6.0,6.0,1.0
tumor significant,6.0,6.0,1.0
surgery residual,5.0,6.0,1.2
cell overexpress,6.0,6.0,1.0
genomic variant,4.0,6.0,1.5
pigment skin,4.0,6.0,1.5
novel coronavirus,3.0,6.0,2.0
able tolerate,6.0,6.0,1.0
repository datum,6.0,6.0,1.0
tumor panel,4.0,6.0,1.5
problem overdiagnosis,6.0,6.0,1.0
cancer decline,4.0,6.0,1.5
challenge big,5.0,6.0,1.2
factor skin,5.0,6.0,1.2
observation chemotherapy,3.0,6.0,2.0
therapy rapid,6.0,6.0,1.0
contract year,3.0,6.0,2.0
possession valid,3.0,6.0,2.0
award contract,3.0,6.0,2.0
k12 r01,3.0,6.0,2.0
remission median,5.0,6.0,1.2
rate chemotherapy,6.0,6.0,1.0
time screening,4.0,6.0,1.5
brca2 breast,3.0,6.0,2.0
regular screening,5.0,6.0,1.2
head comparison,3.0,6.0,2.0
adverse cancer,6.0,6.0,1.0
carrier germline,4.0,6.0,1.5
receptor expression,3.0,6.0,2.0
removal tumor,5.0,6.0,1.2
large multicenter,5.0,6.0,1.2
bone complication,4.0,6.0,1.5
valid alien,3.0,6.0,2.0
k12 optional,3.0,6.0,2.0
tissue child,6.0,6.0,1.0
target investigator,5.0,6.0,1.2
cancer aml,6.0,6.0,1.0
tumor guide,6.0,6.0,1.0
test pathogenic,3.0,6.0,2.0
datum enthusiast,3.0,6.0,2.0
panel tumor,6.0,6.0,1.0
characteristic disease,6.0,6.0,1.0
wonderful opportunity,4.0,6.0,1.5
driver gene,4.0,6.0,1.5
genome variant,4.0,6.0,1.5
apple store,6.0,6.0,1.0
able paper,6.0,6.0,1.0
example thing,6.0,6.0,1.0
cancer junction,3.0,6.0,2.0
emtansine metastatic,4.0,6.0,1.5
impact cost,5.0,6.0,1.2
rate false,5.0,6.0,1.2
secondary endpoint,5.0,6.0,1.2
year screening,6.0,6.0,1.0
metastasis university,5.0,6.0,1.2
card legal,3.0,6.0,2.0
disease finding,6.0,6.0,1.0
activation immune,6.0,6.0,1.0
cancer actionable,6.0,6.0,1.0
improved outcome,6.0,6.0,1.0
reduction bone,5.0,6.0,1.2
overall therapy,6.0,6.0,1.0
u54s institution,5.0,6.0,1.2
low fiber,6.0,6.0,1.0
survivor hope,5.0,6.0,1.2
criterion opportunity,4.0,6.0,1.5
knowledge development,6.0,6.0,1.0
justification reason,6.0,6.0,1.0
k12 salary,3.0,6.0,2.0
tumor ependymomas,4.0,6.0,1.5
ability repair,6.0,6.0,1.0
aggressive course,5.0,6.0,1.2
endometrial gastric,3.0,6.0,2.0
assessment colorectal,3.0,6.0,2.0
chemotherapy adult,6.0,6.0,1.0
benefit stage,5.0,6.0,1.2
datum great,6.0,6.0,1.0
child support,6.0,6.0,1.0
spouse child,6.0,6.0,1.0
lifelong thyroid,5.0,6.0,1.2
thyroidectomy lifelong,5.0,6.0,1.2
tumor practice,6.0,6.0,1.0
procedure breast,3.0,6.0,2.0
carcinoma engl,4.0,6.0,1.5
skin squamous,3.0,6.0,2.0
abnormal microscope,4.0,6.0,1.5
experience icure,6.0,6.0,1.0
intramural umbrella,6.0,6.0,1.0
greg armstrong,4.0,6.0,1.5
interview greg,4.0,6.0,1.5
crosstalk cancer,5.0,6.0,1.2
year field,5.0,6.0,1.2
model data,6.0,6.0,1.0
train model,3.0,6.0,2.0
hormone cell,5.0,6.0,1.2
datum adult,6.0,6.0,1.0
kidney ccsk,4.0,6.0,1.5
decade physical,5.0,6.0,1.2
application time,6.0,6.0,1.0
candidate position,3.0,6.0,2.0
subject k12,3.0,6.0,2.0
year adolescent,4.0,6.0,1.5
cell critical,6.0,6.0,1.0
finding phase,6.0,6.0,1.0
alectinib alk,3.0,6.0,2.0
present symptom,6.0,6.0,1.0
variant multiple,5.0,6.0,1.2
rectum anus,6.0,6.0,1.0
team translational,6.0,6.0,1.0
behavior loss,6.0,6.0,1.0
nivolumab cancer,4.0,6.0,1.5
diagnosis prevalence,4.0,6.0,1.5
diagnosis sex,4.0,6.0,1.5
tumor anatomical,3.0,6.0,2.0
protein characteristic,4.0,6.0,1.5
generation panel,4.0,6.0,1.5
number analysis,6.0,6.0,1.0
wide dna,4.0,6.0,1.5
datum cell,5.0,6.0,1.2
spatial transcriptomic,4.0,6.0,1.5
field able,5.0,6.0,1.2
fear recurrence,3.0,6.0,2.0
cancer adenocarcinoma,4.0,6.0,1.5
deletion duplication,5.0,6.0,1.2
nonsense variant,4.0,6.0,1.5
tumor spinal,6.0,6.0,1.0
oncology outpatient,3.0,6.0,2.0
test man,5.0,6.0,1.2
disease management,6.0,6.0,1.0
clear margin,4.0,6.0,1.5
beam therapy,5.0,6.0,1.2
alteration outcome,4.0,6.0,1.5
thing example,6.0,6.0,1.0
ccr team,6.0,6.0,1.0
inhibitor stage,5.0,6.0,1.2
age infant,4.0,6.0,1.5
glial cell,3.0,6.0,2.0
disease quality,6.0,6.0,1.0
test surgery,4.0,6.0,1.5
cancer numerous,6.0,6.0,1.0
leukemia hodgkin,3.0,6.0,2.0
thank great,6.0,6.0,1.0
medication cancer,4.0,6.0,1.5
year short,6.0,6.0,1.0
retrospective observational,4.0,6.0,1.5
old low,6.0,6.0,1.0
drug complication,4.0,6.0,1.5
choice young,4.0,6.0,1.5
glioblastoma cell,6.0,6.0,1.0
close cancer,6.0,6.0,1.0
activity cardiovascular,3.0,6.0,2.0
completion chemotherapy,5.0,6.0,1.2
ask experience,5.0,6.0,1.2
england journal,6.0,6.0,1.0
datum cloud,4.0,6.0,1.5
cancer chair,6.0,6.0,1.0
transform cancer,6.0,6.0,1.0
cell characteristic,6.0,6.0,1.0
drug offer,6.0,6.0,1.0
drug moxetumomab,3.0,6.0,2.0
toxin drug,3.0,6.0,2.0
exploratory analysis,4.0,6.0,1.5
series test,6.0,6.0,1.0
screening large,5.0,6.0,1.2
cell investigator,6.0,6.0,1.0
benefit addition,3.0,6.0,2.0
georgetown university,6.0,6.0,1.0
physical exercise,5.0,6.0,1.2
kill cell,6.0,6.0,1.0
pd-1 attache,6.0,6.0,1.0
drug body,6.0,6.0,1.0
example immunotherapy,6.0,6.0,1.0
termination notice,3.0,6.0,2.0
cancer genitourinary,3.0,6.0,2.0
cancer matter,4.0,6.0,1.5
enzyme dna,4.0,6.0,1.5
gvhd transplant,4.0,6.0,1.5
valuable insight,6.0,6.0,1.0
drug antibody,6.0,6.0,1.0
dna copy,4.0,6.0,1.5
mechanism high,4.0,6.0,1.5
cancer outline,4.0,6.0,1.5
dietary restriction,3.0,6.0,2.0
chemotherapy age,5.0,6.0,1.2
protein rna,5.0,6.0,1.2
time trend,6.0,6.0,1.0
cancer web,6.0,6.0,1.0
drug trio,4.0,6.0,1.5
development prostate,3.0,6.0,2.0
disease characteristic,6.0,6.0,1.0
medicine surgery,6.0,6.0,1.0
drug joint,4.0,6.0,1.5
similar human,6.0,6.0,1.0
chemotherapy bone,6.0,6.0,1.0
america threat,6.0,6.0,1.0
impact great,4.0,6.0,1.5
team target,4.0,6.0,1.5
myb qki,3.0,6.0,2.0
cytokine cell,5.0,6.0,1.2
leukemia prospective,5.0,6.0,1.2
community impact,4.0,6.0,1.5
driver variant,3.0,6.0,2.0
cancer strategic,4.0,6.0,1.5
rate significant,5.0,6.0,1.2
woman racial,6.0,6.0,1.0
design outcome,5.0,6.0,1.2
pain anxiety,4.0,6.0,1.5
woman major,6.0,6.0,1.0
lack benefit,4.0,6.0,1.5
randomization year,4.0,6.0,1.5
cancer possibility,6.0,6.0,1.0
intensity chemotherapy,4.0,6.0,1.5
mouth ulcer,4.0,6.0,1.5
distress quality,4.0,6.0,1.5
adjuvant neoadjuvant,4.0,6.0,1.5
chromosomal deletion,4.0,6.0,1.5
tumor endoscopic,3.0,6.0,2.0
adult onset,3.0,6.0,2.0
agent pediatric,4.0,6.0,1.5
cancer detail,4.0,6.0,1.5
uterine cancer,6.0,6.0,1.0
rate liver,6.0,6.0,1.0
outcome tumor,6.0,6.0,1.0
therapy dependent,3.0,6.0,2.0
drug significant,5.0,6.0,1.2
symptom chemotherapy,6.0,6.0,1.0
supp optional,4.0,6.0,1.5
admin supp,4.0,6.0,1.5
skin cell,4.0,6.0,1.5
supplement cooperative,4.0,6.0,1.5
tcga interview,4.0,6.0,1.5
cptac tcga,4.0,6.0,1.5
cell vulnerable,6.0,6.0,1.0
multiple area,6.0,6.0,1.0
receptor antagonist,3.0,6.0,2.0
parent admin,4.0,6.0,1.5
long initial,6.0,6.0,1.0
stage test,6.0,6.0,1.0
year advance,6.0,6.0,1.0
ulcerative colitis,4.0,6.0,1.5
syndrome osteosarcoma,4.0,6.0,1.5
stable woman,4.0,6.0,1.5
blood body,6.0,6.0,1.0
woman prostate,3.0,6.0,2.0
rate decrease,5.0,6.0,1.2
year protein,6.0,6.0,1.0
mass spectrometry,4.0,6.0,1.5
interview proteomic,4.0,6.0,1.5
protein biological,5.0,6.0,1.2
datum cohort,6.0,6.0,1.0
series virtual,5.0,6.0,1.2
datum broad,5.0,6.0,1.2
disease brain,5.0,6.0,1.2
somatic copy,5.0,6.0,1.2
child kidney,3.0,6.0,2.0
pregnancy breast,6.0,6.0,1.0
biomarker datum,6.0,6.0,1.0
tissue genomic,6.0,6.0,1.0
high performance,5.0,6.0,1.2
multiple genomic,4.0,6.0,1.5
analysis disease,6.0,6.0,1.0
prognostic therapeutic,3.0,6.0,2.0
area abnormal,5.0,6.0,1.2
benefit high,4.0,6.0,1.5
cancer myeloid,6.0,6.0,1.0
analysis protein,6.0,6.0,1.0
familial sporadic,5.0,6.0,1.2
carcinoma oral,3.0,6.0,2.0
spatiotemporal cancer,3.0,6.0,2.0
mitigation strategy,6.0,6.0,1.0
tumor detection,5.0,6.0,1.2
monograph cancer,5.0,6.0,1.2
cancer unclear,6.0,6.0,1.0
development disease,6.0,6.0,1.0
tumor typical,4.0,6.0,1.5
drug selumetinib,4.0,6.0,1.5
u01 optional,5.0,6.0,1.2
detection screening,6.0,6.0,1.0
biospeciman cancer,6.0,6.0,1.0
biospecimen cancer,6.0,6.0,1.0
radiation long,6.0,6.0,1.0
test helpful,5.0,6.0,1.2
woman abnormal,5.0,6.0,1.2
complex biological,4.0,6.0,1.5
dna protein,5.0,6.0,1.2
analysis surg,3.0,6.0,2.0
lymph spread,5.0,6.0,1.2
analysis int,5.0,6.0,1.2
tenured junior,3.0,6.0,2.0
woman long,6.0,6.0,1.0
factor normal,4.0,6.0,1.5
chemotherapy single,5.0,6.0,1.2
relapse disease,4.0,6.0,1.5
remission relapse,6.0,6.0,1.0
cell hijack,4.0,6.0,1.5
mammogram mri,6.0,6.0,1.0
smoking alcohol,5.0,6.0,1.2
diagnosis detection,6.0,6.0,1.0
colorectal ovarian,6.0,6.0,1.0
factor woman,4.0,6.0,1.5
fight disease,6.0,6.0,1.0
cancer happy,6.0,6.0,1.0
activity key,6.0,6.0,1.0
syndrome disorder,5.0,6.0,1.2
high msi,6.0,6.0,1.0
few woman,6.0,6.0,1.0
mammogram woman,4.0,6.0,1.5
difficult test,6.0,6.0,1.0
sonogram ultrasound,6.0,6.0,1.0
woman lifetime,6.0,6.0,1.0
tumor majority,6.0,6.0,1.0
observation year,3.0,6.0,2.0
paclitaxel doxorubicin,3.0,6.0,2.0
radiation large,6.0,6.0,1.0
team nurse,6.0,6.0,1.0
line agent,4.0,6.0,1.5
symptom similar,4.0,6.0,1.5
datum electronic,4.0,6.0,1.5
duration adjuvant,3.0,6.0,2.0
datum safety,5.0,6.0,1.2
diagnosis impact,6.0,6.0,1.0
gain function,4.0,6.0,1.5
clinicopathological feature,4.0,6.0,1.5
time able,6.0,6.0,1.0
psychological stress,3.0,6.0,2.0
analysis observational,3.0,6.0,2.0
pediatric aya,4.0,6.0,1.5
measurable tumor,4.0,6.0,1.5
attack cell,6.0,6.0,1.0
dysfunction high,4.0,6.0,1.5
chance tumor,5.0,6.0,1.2
drug shrink,6.0,6.0,1.0
medicine nausea,3.0,6.0,2.0
prevention well,6.0,6.0,1.0
talk provider,5.0,6.0,1.2
test symptom,5.0,6.0,1.2
extreme caution,5.0,6.0,1.2
difficult disease,4.0,6.0,1.5
pain syndrome,4.0,6.0,1.5
resistant initial,4.0,6.0,1.5
foundation cancer,6.0,6.0,1.0
old melanoma,6.0,6.0,1.0
model medulloblastoma,3.0,6.0,2.0
complete datum,6.0,6.0,1.0
therapy human,6.0,6.0,1.0
distress symptom,3.0,6.0,2.0
comparison woman,4.0,6.0,1.5
bacteria human,4.0,6.0,1.5
cancer screen,6.0,6.0,1.0
cost high,5.0,6.0,1.2
therapy efficacy,6.0,6.0,1.0
advocacy rare,6.0,6.0,1.0
advocacy mypart,4.0,6.0,1.5
unit icu,4.0,6.0,1.5
panel gene,4.0,6.0,1.5
progress therapy,6.0,6.0,1.0
dose time,3.0,6.0,2.0
iarc working,3.0,6.0,2.0
ph.d associate,6.0,6.0,1.0
therapy prior,6.0,6.0,1.0
cancer joint,6.0,6.0,1.0
activity braf,4.0,6.0,1.5
lombardi cancer,6.0,6.0,1.0
disease pembrolizumab,6.0,6.0,1.0
old tumor,6.0,6.0,1.0
datum melanoma,5.0,6.0,1.2
aim death,4.0,6.0,1.5
unique aim,4.0,6.0,1.5
chemotherapy salvage,3.0,6.0,2.0
like growth,5.0,6.0,1.2
metaiodobenzylguanidine mibg,3.0,6.0,2.0
tumor imaging,4.0,6.0,1.5
growth colorectal,6.0,6.0,1.0
therapy cardiac,3.0,6.0,2.0
rate racial,5.0,6.0,1.2
prompt engineering,3.0,6.0,2.0
neoplasm pediatric,3.0,6.0,2.0
immunotherapy initial,3.0,6.0,2.0
advocate engagement,5.0,6.0,1.2
initiative support,5.0,6.0,1.2
surgery mastectomy,3.0,6.0,2.0
advocacy cancer,6.0,6.0,1.0
translocation chromosome,3.0,6.0,2.0
high intermediate,4.0,6.0,1.5
therapy retrospective,4.0,6.0,1.5
datum diverse,4.0,6.0,1.5
bacteria cancer,4.0,6.0,1.5
human gene,6.0,6.0,1.0
therapy daratumumab,4.0,6.0,1.5
prognosis wilm,3.0,6.0,2.0
tumor med,4.0,6.0,1.5
rate severe,5.0,6.0,1.2
pdf file,6.0,6.0,1.0
rate increase,5.0,6.0,1.2
immune target,6.0,6.0,1.0
cumulative exposure,4.0,6.0,1.5
diarrhea constipation,5.0,6.0,1.2
method tool,6.0,6.0,1.0
exciting area,6.0,6.0,1.0
additional mechanism,6.0,6.0,1.0
cell activation,5.0,6.0,1.2
positive participant,5.0,6.0,1.2
leukemia apl,4.0,6.0,1.5
malignancy high,5.0,6.0,1.2
mitochondrial dna,3.0,6.0,2.0
chronic phase,4.0,6.0,1.5
status tumor,3.0,6.0,2.0
immune ability,6.0,6.0,1.0
north uniform,6.0,6.0,1.0
progress decade,6.0,6.0,1.0
impact cigarette,4.0,6.0,1.5
tobacco youth,5.0,6.0,1.2
receptor drug,5.0,6.0,1.2
moment tobacco,4.0,6.0,1.5
m.p.h tobacco,6.0,6.0,1.0
human activity,6.0,6.0,1.0
team award,4.0,6.0,1.5
vaccine oral,5.0,6.0,1.2
tumour endocrine,3.0,6.0,2.0
critical immunotherapy,4.0,6.0,1.5
sequence critical,4.0,6.0,1.5
diagnostic biomarker,6.0,6.0,1.0
high cohort,6.0,6.0,1.0
protein bind,6.0,6.0,1.0
mutation negative,4.0,6.0,1.5
chronic human,6.0,6.0,1.0
preventable chronic,6.0,6.0,1.0
//seer.cancer.gov report_to_nation/,6.0,6.0,1.0
advanced degree,4.0,6.0,1.5
stable man,6.0,6.0,1.0
cancer laryngeal,6.0,6.0,1.0
neurotransmitter receptor,4.0,6.0,1.5
etoposide vincristine,6.0,6.0,1.0
univariate analysis,4.0,6.0,1.5
volunteer dedicated,6.0,6.0,1.0
outcome investigator,6.0,6.0,1.0
fight world,6.0,6.0,1.0
dedicated fight,6.0,6.0,1.0
force volunteer,6.0,6.0,1.0
grassroots force,6.0,6.0,1.0
cancer grassroots,6.0,6.0,1.0
activity deliberate,6.0,6.0,1.0
novel human,5.0,6.0,1.2
area molecular,6.0,6.0,1.0
safety concern,6.0,6.0,1.0
reinduction therapy,4.0,6.0,1.5
conference progress,4.0,6.0,1.5
year ph.d,6.0,6.0,1.0
cancer expertise,6.0,6.0,1.0
drug screening,4.0,6.0,1.5
response outcome,4.0,6.0,1.5
yale cancer,6.0,6.0,1.0
regimen phase,4.0,6.0,1.5
cancer company,6.0,6.0,1.0
agent target,6.0,6.0,1.0
long large,6.0,6.0,1.0
high analysis,4.0,6.0,1.5
cancer certifie,6.0,6.0,1.0
enzyme cell,6.0,6.0,1.0
friend support,5.0,6.0,1.2
exposure increase,4.0,6.0,1.5
placebo point,3.0,6.0,2.0
cancer covid-19,3.0,6.0,2.0
untreated tumor,5.0,6.0,1.2
cochrane systematic,3.0,6.0,2.0
point factor,6.0,6.0,1.0
cancer protective,4.0,6.0,1.5
alteration potential,4.0,6.0,1.5
president budget,6.0,6.0,1.0
planning development,6.0,6.0,1.0
doe collaboration,4.0,6.0,1.5
field oncology,6.0,6.0,1.0
predictive marker,6.0,6.0,1.0
highlight potential,4.0,6.0,1.5
smoker quit,4.0,6.0,1.5
cancer cigarette,5.0,6.0,1.2
participant time,6.0,6.0,1.0
vice chair,6.0,6.0,1.0
investigator ph.d,6.0,6.0,1.0
variant kra,4.0,6.0,1.5
cancer hormonal,5.0,6.0,1.2
diagnosis participant,5.0,6.0,1.2
syndrome loss,4.0,6.0,1.5
strategy effectiveness,3.0,6.0,2.0
key hpv,4.0,6.0,1.5
message key,4.0,6.0,1.5
participant datum,5.0,6.0,1.2
severe adverse,4.0,6.0,1.5
volume disease,3.0,6.0,2.0
cancer viral,4.0,6.0,1.5
filtration rate,3.0,6.0,2.0
descriptive committee,3.0,6.0,2.0
cancer crucial,4.0,6.0,1.5
strategy tobacco,5.0,6.0,1.2
tobacco dependence,3.0,6.0,2.0
spotlight world,6.0,6.0,1.0
application mentor,6.0,6.0,1.0
mortality major,3.0,6.0,2.0
cost influence,4.0,6.0,1.5
initiative focus,6.0,6.0,1.0
survivor financial,5.0,6.0,1.2
chorionic gonadotropin,4.0,6.0,1.5
human chorionic,4.0,6.0,1.5
factor testicular,3.0,6.0,2.0
tumor history,5.0,6.0,1.2
disease subsequent,4.0,6.0,1.5
cancer urol,4.0,6.0,1.5
estrogen body,3.0,6.0,2.0
breast high,6.0,6.0,1.0
cancer ductal,3.0,6.0,2.0
failure datum,5.0,6.0,1.2
epigenetic regulation,5.0,6.0,1.2
cell testicular,6.0,6.0,1.0
cancer favorable,6.0,6.0,1.0
k00 cancer,4.0,6.0,1.5
therapy leukemia,5.0,6.0,1.2
cigarette conventional,5.0,6.0,1.2
survey participant,3.0,6.0,2.0
obesity physical,4.0,6.0,1.5
idea lab,6.0,6.0,1.0
cancer nanotechnology,4.0,6.0,1.5
award project,6.0,6.0,1.0
chest cancer,5.0,6.0,1.2
adenoma age,3.0,6.0,2.0
pill form,6.0,6.0,1.0
birth child,5.0,6.0,1.2
course chemotherapy,6.0,6.0,1.0
exposure agent,3.0,6.0,2.0
testis cancer,4.0,6.0,1.5
support palliative,3.0,6.0,2.0
prior experience,5.0,6.0,1.2
protein amino,4.0,6.0,1.5
spiritual quality,3.0,6.0,2.0
u.s citizen,6.0,6.0,1.0
rate series,6.0,6.0,1.0
leukemia disease,3.0,6.0,2.0
leukemia cmml,4.0,6.0,1.5
chromosome present,4.0,6.0,1.5
opportunity stage,3.0,6.0,2.0
drug model,6.0,6.0,1.0
absolute breast,4.0,6.0,1.5
cancer direction,6.0,6.0,1.0
arm drug,3.0,6.0,2.0
therapy few,6.0,6.0,1.0
factor decrease,4.0,6.0,1.5
cml chromosome,5.0,6.0,1.2
imperative cancer,4.0,6.0,1.5
timely manner,5.0,6.0,1.2
webinar recording,6.0,6.0,1.0
citizenship requirement,6.0,6.0,1.0
visa holder,4.0,6.0,1.5
foreign visa,4.0,6.0,1.5
project description,6.0,6.0,1.0
announcement opportunity,6.0,6.0,1.0
model brain,6.0,6.0,1.0
modern era,4.0,6.0,1.5
addition therapy,6.0,6.0,1.0
tip enhance,3.0,6.0,2.0
predisposition cancer,6.0,6.0,1.0
association gwas,6.0,6.0,1.0
cancer minimal,6.0,6.0,1.0
previous line,4.0,6.0,1.5
disease transplant,5.0,6.0,1.2
cancer region,6.0,6.0,1.0
award supplemental,4.0,6.0,1.5
application activation,4.0,6.0,1.5
leukemia chemotherapy,5.0,6.0,1.2
chemotherapy potential,6.0,6.0,1.0
smarcb1 gene,4.0,6.0,1.5
inhibitor phase,6.0,6.0,1.0
mutation status,4.0,6.0,1.5
cog year,5.0,6.0,1.2
recipient institution,4.0,6.0,1.5
award geographic,4.0,6.0,1.5
visa duration,4.0,6.0,1.5
award responsible,4.0,6.0,1.5
abemaciclib inhibitor,3.0,6.0,2.0
woman body,5.0,6.0,1.2
tool estimate,5.0,6.0,1.2
variant hereditary,3.0,6.0,2.0
long low,5.0,6.0,1.2
tumor comparison,5.0,6.0,1.2
phase k00,3.0,6.0,2.0
braf tumor,6.0,6.0,1.0
vessel cancer,6.0,6.0,1.0
detection recurrent,5.0,6.0,1.2
mechanism opportunity,6.0,6.0,1.0
year opportunity,6.0,6.0,1.0
development candidate,6.0,6.0,1.0
difference drug,6.0,6.0,1.0
advance tumor,6.0,6.0,1.0
experience mentor,4.0,6.0,1.5
mechanism variant,4.0,6.0,1.5
single base,5.0,6.0,1.2
regimen cancer,4.0,6.0,1.5
cancer efficacy,4.0,6.0,1.5
therapy antibody,6.0,6.0,1.0
cancer chemical,4.0,6.0,1.5
body low,5.0,6.0,1.2
advantage tumor,6.0,6.0,1.0
team belief,6.0,6.0,1.0
cell neutropenia,6.0,6.0,1.0
phase institution,5.0,6.0,1.2
foreign substance,6.0,6.0,1.0
proof principle,6.0,6.0,1.0
diagnosis median,4.0,6.0,1.5
woman aromatase,3.0,6.0,2.0
nanoparticle cancer,4.0,6.0,1.5
terri armstrong,6.0,6.0,1.0
adult cns,6.0,6.0,1.0
therapy severe,4.0,6.0,1.5
estimate cancer,6.0,6.0,1.0
gps additional,6.0,6.0,1.0
jaw problem,4.0,6.0,1.5
limited experience,6.0,6.0,1.0
prevention healthy,6.0,6.0,1.0
screening frequency,3.0,6.0,2.0
carcinogen cancer,6.0,6.0,1.0
analysis gastroenterology,4.0,6.0,1.5
investigator child,5.0,6.0,1.2
v600e braf,4.0,6.0,1.5
diabetes hypertension,4.0,6.0,1.5
alk ros1,4.0,6.0,1.5
therapy biomarker,5.0,6.0,1.2
collaborative bttc,5.0,6.0,1.2
drug arm,4.0,6.0,1.5
complex gene,4.0,6.0,1.5
fractionation radiation,4.0,6.0,1.5
method detection,6.0,6.0,1.0
symptom cough,4.0,6.0,1.5
lead cell,6.0,6.0,1.0
biopsy team,3.0,6.0,2.0
inhibitor advanced,6.0,6.0,1.0
immune reaction,6.0,6.0,1.0
lab animal,4.0,6.0,1.5
bone drug,3.0,6.0,2.0
exploratory developmental,5.0,6.0,1.2
feature breast,3.0,6.0,2.0
response strong,6.0,6.0,1.0
physical quality,4.0,6.0,1.5
time friend,6.0,6.0,1.0
promise rhabdomyosarcoma,4.0,6.0,1.5
diagnosis ductal,3.0,6.0,2.0
factor sex,3.0,6.0,2.0
example man,6.0,6.0,1.0
cancer retinoblastoma,4.0,6.0,1.5
incidence brain,3.0,6.0,2.0
fungoide cutaneous,6.0,6.0,1.0
plan additional,6.0,6.0,1.0
smoking factor,6.0,6.0,1.0
affected cancer,6.0,6.0,1.0
high exposure,4.0,6.0,1.5
alive cancer,6.0,6.0,1.0
tobacco regulation,4.0,6.0,1.5
genetic overview,6.0,6.0,1.0
old median,4.0,6.0,1.5
pd-1 immune,6.0,6.0,1.0
support tuition,6.0,6.0,1.0
salary year,6.0,6.0,1.0
award eligible,4.0,6.0,1.5
therapy bortezomib,5.0,6.0,1.2
palbociclib ibrance,6.0,6.0,1.0
able drug,6.0,6.0,1.0
eye disease,4.0,6.0,1.5
psychosocial factor,3.0,6.0,2.0
anthracycline therapy,3.0,6.0,2.0
detail cancer,6.0,6.0,1.0
cell transcriptomic,3.0,6.0,2.0
transcriptomic datum,5.0,6.0,1.2
quality issue,6.0,6.0,1.0
seattle child,5.0,6.0,1.2
mutation sporadic,3.0,6.0,2.0
drug united,6.0,6.0,1.0
prescription drug,6.0,6.0,1.0
subset child,3.0,6.0,2.0
tec opportunity,4.0,6.0,1.5
concurrent adjuvant,3.0,6.0,2.0
skeletal abnormality,3.0,6.0,2.0
loss overview,4.0,6.0,1.5
cedars sinai,6.0,6.0,1.0
variant parent,4.0,6.0,1.5
long clin,3.0,6.0,2.0
atla cancer,6.0,6.0,1.0
poster presentation,4.0,6.0,1.5
kind datum,5.0,6.0,1.2
surgery body,6.0,6.0,1.0
sore throat,6.0,6.0,1.0
danish cohort,3.0,6.0,2.0
university north,6.0,6.0,1.0
transition cancer,5.0,6.0,1.2
cancer trajectory,4.0,6.0,1.5
example investigator,6.0,6.0,1.0
resubmission initial,6.0,6.0,1.0
drug median,6.0,6.0,1.0
transfer closeout,6.0,6.0,1.0
management prior,6.0,6.0,1.0
manage award,6.0,6.0,1.0
cancer manage,6.0,6.0,1.0
therapy challenge,6.0,6.0,1.0
survivor participant,3.0,6.0,2.0
tumor strong,4.0,6.0,1.5
interview mario,4.0,6.0,1.5
cancer lumpectomy,5.0,6.0,1.2
acosog z0011,3.0,6.0,2.0
surgery underwent,5.0,6.0,1.2
donor cell,5.0,6.0,1.2
abemaciclib initial,5.0,6.0,1.2
cancer abemaciclib,4.0,6.0,1.5
poor physical,3.0,6.0,2.0
participant questionnaire,6.0,6.0,1.0
factor local,4.0,6.0,1.5
additional option,6.0,6.0,1.0
lens interview,4.0,6.0,1.5
rna lens,4.0,6.0,1.5
cancer legislation,4.0,6.0,1.5
outcome retrospective,5.0,6.0,1.2
therapy counseling,4.0,6.0,1.5
stress child,5.0,6.0,1.2
act support,4.0,6.0,1.5
complex relationship,6.0,6.0,1.0
pediatrician parent,3.0,6.0,2.0
sarcoma test,4.0,6.0,1.5
sensitive test,5.0,6.0,1.2
microbiome colorectal,3.0,6.0,2.0
relationship building,5.0,6.0,1.2
chemotherapy colorectal,4.0,6.0,1.5
human overview,6.0,6.0,1.0
cancer promise,6.0,6.0,1.0
surgery adult,6.0,6.0,1.0
number blood,5.0,6.0,1.2
chemotherapy good,6.0,6.0,1.0
practice clin,4.0,6.0,1.5
professor cell,3.0,6.0,2.0
property cancer,5.0,6.0,1.2
dna genome,5.0,6.0,1.2
therapy cure,6.0,6.0,1.0
target mutant,6.0,6.0,1.0
high flow,3.0,6.0,2.0
idh2 gene,6.0,6.0,1.0
critical progress,4.0,6.0,1.5
metastasis child,4.0,6.0,1.5
log rank,3.0,6.0,2.0
opportunity project,4.0,6.0,1.5
prognosis additional,4.0,6.0,1.5
concern potential,5.0,6.0,1.2
grantee cancer,6.0,6.0,1.0
gene additional,5.0,6.0,1.2
outreach engagement,4.0,6.0,1.5
oncology time,6.0,6.0,1.0
example phase,6.0,6.0,1.0
sectional survey,6.0,6.0,1.0
exposure cell,3.0,6.0,2.0
medicine immunotherapy,6.0,6.0,1.0
request application,6.0,6.0,1.0
cancer capacity,5.0,6.0,1.2
intention analysis,4.0,6.0,1.5
year absolute,4.0,6.0,1.5
previous team,6.0,6.0,1.0
disease decade,6.0,6.0,1.0
mutation therapy,6.0,6.0,1.0
cancer explore,6.0,6.0,1.0
old chronic,4.0,6.0,1.5
negative finding,5.0,6.0,1.2
future old,6.0,6.0,1.0
participant brain,3.0,6.0,2.0
stage model,4.0,6.0,1.5
cancer psychiatry,3.0,6.0,2.0
sarcoma desmoid,5.0,6.0,1.2
ovarian sex,4.0,6.0,1.5
blastoma cystic,4.0,6.0,1.5
budget fund,6.0,6.0,1.0
plan judgment,5.0,6.0,1.2
cord stromal,4.0,6.0,1.5
myxoid round,5.0,6.0,1.2
high background,4.0,6.0,1.5
drug company,5.0,6.0,1.2
stress anxiety,6.0,6.0,1.0
model normal,3.0,6.0,2.0
particular concern,5.0,6.0,1.2
genetic factor,6.0,6.0,1.0
generation dna,5.0,6.0,1.2
assay screen,4.0,6.0,1.5
single molecule,6.0,6.0,1.0
download datum,6.0,6.0,1.0
hard pediatric,4.0,6.0,1.5
cancer conduct,6.0,6.0,1.0
tumor myxoid,5.0,6.0,1.2
natural course,4.0,6.0,1.5
outcome physician,6.0,6.0,1.0
outcome median,4.0,6.0,1.5
alk rearrangement,3.0,6.0,2.0
prevalence high,5.0,6.0,1.2
myofibromatosis inflammatory,5.0,6.0,1.2
infantile myofibromatosis,5.0,6.0,1.2
drug nausea,6.0,6.0,1.0
tool need,6.0,6.0,1.0
epithelioid synovial,5.0,6.0,1.2
schwannoma epithelioid,5.0,6.0,1.2
carcinoma schwannoma,5.0,6.0,1.2
liposarcoma nut,5.0,6.0,1.2
stage child,5.0,6.0,1.2
woman hospital,4.0,6.0,1.5
hospice facility,4.0,6.0,1.5
stomach esophageal,4.0,6.0,1.5
genome gene,6.0,6.0,1.0
tumor female,5.0,6.0,1.2
adenocarcinoma pdac,5.0,6.0,1.2
genomic disease,4.0,6.0,1.5
similar cancer,5.0,6.0,1.2
noncancerous cell,4.0,6.0,1.5
status quality,5.0,6.0,1.2
transplant long,4.0,6.0,1.5
secret sauce,4.0,6.0,1.5
incomplete penetrance,3.0,6.0,2.0
outcome quality,6.0,6.0,1.0
pancreatic adenocarcinoma,6.0,6.0,1.0
therapy applicable,6.0,6.0,1.0
cell therapeutic,6.0,6.0,1.0
twitter account,5.0,6.0,1.2
moonshot obligation,4.0,6.0,1.5
advanced uveal,4.0,6.0,1.5
tebentafusp advanced,4.0,6.0,1.5
polyp hereditary,4.0,6.0,1.5
dominant syndrome,4.0,6.0,1.5
tool thing,4.0,6.0,1.5
bad performance,4.0,6.0,1.5
drug increase,5.0,6.0,1.2
cell liposarcoma,5.0,6.0,1.2
uncommon cancer,6.0,6.0,1.0
benefit disease,4.0,6.0,1.5
man child,5.0,6.0,1.2
senior year,4.0,6.0,1.5
bit black,4.0,6.0,1.5
paper example,6.0,6.0,1.0
paper nanci,5.0,6.0,1.2
community rare,6.0,6.0,1.0
interested medicine,4.0,6.0,1.5
school nursing,6.0,6.0,1.0
safety analysis,4.0,6.0,1.5
usual activity,5.0,6.0,1.2
transcription polymerase,4.0,6.0,1.5
capacity cancer,5.0,6.0,1.2
actionable tumor,4.0,6.0,1.5
initiation chemotherapy,5.0,6.0,1.2
phase oncology,4.0,6.0,1.5
clear good,5.0,6.0,1.2
preference hospice,3.0,6.0,2.0
terminal prognosis,3.0,6.0,2.0
thing able,6.0,6.0,1.0
outcome surgery,6.0,6.0,1.0
loss factor,4.0,6.0,1.5
whipple procedure,4.0,6.0,1.5
immunotherapy potential,6.0,6.0,1.0
datum hcmi,3.0,6.0,2.0
cancer low-,6.0,6.0,1.0
match arm,3.0,6.0,2.0
challenge precision,5.0,6.0,1.2
droh klor,6.0,6.0,1.0
hydrochloride placeholder,6.0,6.0,1.0
pre application,4.0,6.0,1.5
cancer tanzania,3.0,6.0,2.0
survey oncologist,4.0,6.0,1.5
parent low,4.0,6.0,1.5
patient old,6.0,6.0,1.0
additional gene,5.0,6.0,1.2
symptom week,5.0,6.0,1.2
topic discussion,5.0,6.0,1.2
love lab,4.0,6.0,1.5
space cancer,6.0,6.0,1.0
phase refractory,3.0,6.0,2.0
surgery anthracycline,6.0,6.0,1.0
cancer eribulin,3.0,6.0,2.0
genomic region,5.0,6.0,1.2
diagnose lung,4.0,6.0,1.5
loss old,4.0,6.0,1.5
actionable genomic,4.0,6.0,1.5
bone lymph,4.0,6.0,1.5
klor ide,6.0,6.0,1.0
response dna,6.0,6.0,1.0
oncology college,3.0,6.0,2.0
initiative old,6.0,6.0,1.0
phase immunotherapy,6.0,6.0,1.0
molecular signature,6.0,6.0,1.0
physician attitude,3.0,6.0,2.0
microscope kind,6.0,6.0,1.0
talk highlight,6.0,6.0,1.0
path talk,6.0,6.0,1.0
chemotherapy systematic,5.0,6.0,1.2
monthly seminar,6.0,6.0,1.0
series monthly,6.0,6.0,1.0
music zahir,6.0,6.0,1.0
psychotherapy depression,3.0,6.0,2.0
tobacco quit,6.0,6.0,1.0
prognosis oncologist,3.0,6.0,2.0
proposal project,3.0,6.0,2.0
option pediatric,4.0,6.0,1.5
therapy steroid,5.0,6.0,1.2
human papilloma,4.0,6.0,1.5
soil helminth,3.0,6.0,2.0
infection soil,3.0,6.0,2.0
fellowship opportunity,4.0,6.0,1.5
year fellowship,6.0,6.0,1.0
prevalence spectrum,4.0,6.0,1.5
commitment cervical,3.0,6.0,2.0
status phase,6.0,6.0,1.0
gene copy,6.0,6.0,1.0
skill workshop,3.0,6.0,2.0
equivalent award,4.0,6.0,1.5
high black,6.0,6.0,1.0
paper number,6.0,6.0,1.0
larynx voice,4.0,6.0,1.5
high smoking,6.0,6.0,1.0
sexual activity,4.0,6.0,1.5
tissue grade,5.0,6.0,1.2
landscape cell,4.0,6.0,1.5
efficacy therapy,6.0,6.0,1.0
median disease,3.0,6.0,2.0
close blood,5.0,6.0,1.2
myeloma single,4.0,6.0,1.5
smoking prevention,5.0,6.0,1.2
cancer session,6.0,6.0,1.0
tumor biomarker,6.0,6.0,1.0
inhibitor melanoma,6.0,6.0,1.0
alteration pathway,4.0,6.0,1.5
university lab,6.0,6.0,1.0
gland pituitary,4.0,6.0,1.5
strategy challenge,6.0,6.0,1.0
cancer integrative,5.0,6.0,1.2
time presenter,6.0,6.0,1.0
bronchiolitis obliteran,3.0,6.0,2.0
trajectory tobacco,3.0,6.0,2.0
age number,6.0,6.0,1.0
rate number,5.0,6.0,1.2
example talk,6.0,6.0,1.0
scholar development,6.0,6.0,1.0
series contribution,6.0,6.0,1.0
goal scholar,6.0,6.0,1.0
highlight goal,6.0,6.0,1.0
impact black,4.0,6.0,1.5
tumor plexiform,5.0,6.0,1.2
exosome immune,4.0,6.0,1.5
practice brain,4.0,6.0,1.5
cancer ncorp,6.0,6.0,1.0
drug metabolism,6.0,6.0,1.0
gen intern,5.0,6.0,1.2
length cancer,6.0,6.0,1.0
track response,3.0,6.0,2.0
molecule bind,5.0,6.0,1.2
protein liver,4.0,6.0,1.5
nf1 gene,4.0,6.0,1.5
team small,6.0,6.0,1.0
eye tumor,3.0,6.0,2.0
branch pob,4.0,6.0,1.5
neuropathy increase,4.0,6.0,1.5
human colorectal,4.0,6.0,1.5
wall tumor,5.0,6.0,1.2
drug biological,5.0,6.0,1.2
time age,6.0,6.0,1.0
thursday p.m.,6.0,6.0,1.0
talk thursday,6.0,6.0,1.0
presenter scholar,6.0,6.0,1.0
neurofibroma child,4.0,6.0,1.5
small adult,6.0,6.0,1.0
disease progress,6.0,6.0,1.0
infection multiple,4.0,6.0,1.5
number drug,6.0,6.0,1.0
tumor evade,6.0,6.0,1.0
tip iceberg,6.0,6.0,1.0
pain daily,4.0,6.0,1.5
tumor abdomen,5.0,6.0,1.2
disease difficult,6.0,6.0,1.0
future good,6.0,6.0,1.0
regiman chemotherapy,5.0,6.0,1.2
physician relationship,4.0,6.0,1.5
speaker geographical,6.0,6.0,1.0
background cancer,5.0,6.0,1.2
tumor foundation,6.0,6.0,1.0
habit illness,6.0,6.0,1.0
example genomic,4.0,6.0,1.5
team world,5.0,6.0,1.2
exam body,6.0,6.0,1.0
disorder major,4.0,6.0,1.5
hard prove,6.0,6.0,1.0
well tumor,6.0,6.0,1.0
tumor return,5.0,6.0,1.2
extent note,6.0,6.0,1.0
analysis thing,4.0,6.0,1.5
cold tumor,5.0,6.0,1.2
gene overexpression,4.0,6.0,1.5
hypothesis testing,4.0,6.0,1.5
discus path,6.0,6.0,1.0
speaker discus,6.0,6.0,1.0
behavioral speaker,6.0,6.0,1.0
tumor behavioral,6.0,6.0,1.0
year topic,6.0,6.0,1.0
ethnicity extent,6.0,6.0,1.0
location gender,6.0,6.0,1.0
geographical location,6.0,6.0,1.0
drug etoposide,3.0,6.0,2.0
sclc initial,4.0,6.0,1.5
cancer range,6.0,6.0,1.0
mechanism cell,6.0,6.0,1.0
child experience,6.0,6.0,1.0
breast nipple,4.0,6.0,1.5
history exam,6.0,6.0,1.0
devastating disease,6.0,6.0,1.0
range age,6.0,6.0,1.0
film computer,3.0,6.0,2.0
ray pas,3.0,6.0,2.0
structure organ,3.0,6.0,2.0
picture structure,3.0,6.0,2.0
nanoparticle generator,3.0,6.0,2.0
syndrome pleuropulmonary,3.0,6.0,2.0
diagnostic yield,4.0,6.0,1.5
dissemination opportunity,6.0,6.0,1.0
node surgery,4.0,6.0,1.5
disease surgeon,6.0,6.0,1.0
demographic speaker,6.0,6.0,1.0
balance demographic,6.0,6.0,1.0
rate balance,6.0,6.0,1.0
field rate,6.0,6.0,1.0
number field,6.0,6.0,1.0
cancer asia,5.0,6.0,1.2
lack support,4.0,6.0,1.5
webinar music,6.0,6.0,1.0
series webinar,6.0,6.0,1.0
time agent,6.0,6.0,1.0
urinary hydroxyindoleacetic,3.0,6.0,2.0
rare mutation,6.0,6.0,1.0
surface tumor,4.0,6.0,1.5
therapy indication,3.0,6.0,2.0
screening cervical,6.0,6.0,1.0
safe young,5.0,6.0,1.2
total participant,6.0,6.0,1.0
malignant carcinoid,3.0,6.0,2.0
sample lymph,3.0,6.0,2.0
complex mhc,4.0,6.0,1.5
rate option,4.0,6.0,1.5
measure prior,6.0,6.0,1.0
variant range,4.0,6.0,1.5
mean measure,6.0,6.0,1.0
variety mean,6.0,6.0,1.0
series variety,6.0,6.0,1.0
management disease,6.0,6.0,1.0
malignant nonmalignant,4.0,6.0,1.5
pain opioid,6.0,6.0,1.0
hospital sjcrh,3.0,6.0,2.0
pressure test,3.0,6.0,2.0
nearby healthy,6.0,6.0,1.0
intergroup rhabdomyosarcoma,3.0,6.0,2.0
cancer deep,5.0,6.0,1.2
gist tumor,3.0,6.0,2.0
activity cell,6.0,6.0,1.0
cell trait,4.0,6.0,1.5
adult adolescent,6.0,6.0,1.0
syndrome immune,6.0,6.0,1.0
metastasis small,6.0,6.0,1.0
long safety,6.0,6.0,1.0
thing kind,5.0,6.0,1.2
adult metastatic,5.0,6.0,1.2
proteogenomic datum,3.0,6.0,2.0
cancer alive,6.0,6.0,1.0
eye body,3.0,6.0,2.0
examine eye,3.0,6.0,2.0
cell place,6.0,6.0,1.0
hormone substance,6.0,6.0,1.0
melanoma key,3.0,6.0,2.0
procedure picture,4.0,6.0,1.5
test tube,5.0,6.0,1.2
genomics pediatric,4.0,6.0,1.5
annual percent,4.0,6.0,1.5
therapy nivolumab,6.0,6.0,1.0
test prevention,6.0,6.0,1.0
sbir development,5.0,6.0,1.2
oncology discus,4.0,6.0,1.5
large airway,5.0,6.0,1.2
intense light,6.0,6.0,1.0
beam intense,6.0,6.0,1.0
narrow beam,6.0,6.0,1.0
oral medication,5.0,6.0,1.2
malignancy hodgkin,4.0,6.0,1.5
rfa ca-15,3.0,6.0,2.0
detection melanoma,3.0,6.0,2.0
therapy strategy,6.0,6.0,1.0
lymphoma favorable,4.0,6.0,1.5
tissue test,6.0,6.0,1.0
initiative new,6.0,6.0,1.0
year increase,5.0,6.0,1.2
toxicity financial,4.0,6.0,1.5
practitioner field,6.0,6.0,1.0
screening low,6.0,6.0,1.0
age gender,4.0,6.0,1.5
cancer predictor,5.0,6.0,1.2
company testing,3.0,6.0,2.0
week diagnosis,5.0,6.0,1.2
count high,4.0,6.0,1.5
procedure remove,4.0,6.0,1.5
beam narrow,6.0,6.0,1.0
braf nra,3.0,6.0,2.0
cell braf,3.0,6.0,2.0
gene development,6.0,6.0,1.0
radiofrequency ablation,3.0,6.0,2.0
symptom low,6.0,6.0,1.0
thyroid replacement,4.0,6.0,1.5
cancer frequent,5.0,6.0,1.2
tool model,4.0,6.0,1.5
aml mutation,3.0,6.0,2.0
cancer daratumumab,3.0,6.0,2.0
mentorship cancer,3.0,6.0,2.0
syndrome molecular,3.0,6.0,2.0
experience child,5.0,6.0,1.2
overall outcome,4.0,6.0,1.5
cell wbc,3.0,6.0,2.0
rate analysis,6.0,6.0,1.0
cardiac arrest,4.0,6.0,1.5
time experience,6.0,6.0,1.0
project development,6.0,6.0,1.0
molecular single,4.0,6.0,1.5
mutation genomic,6.0,6.0,1.0
initiative year,4.0,6.0,1.5
rate melanoma,5.0,6.0,1.2
panel immune,6.0,6.0,1.0
score test,5.0,6.0,1.2
recipient specialist,6.0,6.0,1.0
experienced relapse,4.0,6.0,1.5
unnecessary surgery,6.0,6.0,1.0
mass cancer,6.0,6.0,1.0
diagnostic statistical,3.0,6.0,2.0
venetoclax venclexta,5.0,6.0,1.2
syndrome genotype,4.0,6.0,1.5
metastatic involvement,4.0,6.0,1.5
malignant cancerous,6.0,6.0,1.0
microbiome cancer,6.0,6.0,1.0
gene brca2,4.0,6.0,1.5
anemia blood,5.0,6.0,1.2
faith spiritual,4.0,6.0,1.5
religious faith,3.0,6.0,2.0
cancer ned,6.0,6.0,1.0
oxygen therapy,3.0,6.0,2.0
number hospital,4.0,6.0,1.5
death time,5.0,6.0,1.2
death chemotherapy,6.0,6.0,1.0
cancer observation,6.0,6.0,1.0
datum example,6.0,6.0,1.0
synthetic lethal,4.0,6.0,1.5
cancer genital,6.0,6.0,1.0
drug adult,5.0,6.0,1.2
tumor invasion,4.0,6.0,1.5
neoplastic cell,6.0,6.0,1.0
fund support,6.0,6.0,1.0
factor rate,5.0,6.0,1.2
good drug,6.0,6.0,1.0
gene drive,6.0,6.0,1.0
molecular pharmacology,3.0,6.0,2.0
time large,6.0,6.0,1.0
genomic aberration,4.0,6.0,1.5
expectancy year,4.0,6.0,1.5
flow oxygen,3.0,6.0,2.0
cancer interdisciplinary,6.0,6.0,1.0
datum experience,6.0,6.0,1.0
lot experience,6.0,6.0,1.0
leave absence,6.0,6.0,1.0
point lot,5.0,6.0,1.2
team molecular,6.0,6.0,1.0
institution university,4.0,6.0,1.5
goal lot,4.0,6.0,1.5
additional insight,6.0,6.0,1.0
factor variation,4.0,6.0,1.5
quality qol,3.0,6.0,2.0
tumor airway,3.0,6.0,2.0
potential factor,6.0,6.0,1.0
death apoptosis,6.0,6.0,1.0
form bladder,5.0,6.0,1.2
thought cancer,6.0,6.0,1.0
cell thymus,4.0,6.0,1.5
nephrotic syndrome,5.0,6.0,1.2
exposure carcinogen,6.0,6.0,1.0
cancer exceptional,3.0,6.0,2.0
pure red,6.0,6.0,1.0
carcinoma form,6.0,6.0,1.0
child trouble,6.0,6.0,1.0
cell lot,6.0,6.0,1.0
thymus thymic,4.0,6.0,1.5
investigator able,6.0,6.0,1.0
transplant pediatric,4.0,6.0,1.5
disease significant,6.0,6.0,1.0
therapy presence,5.0,6.0,1.2
protein region,6.0,6.0,1.0
multicentre double,5.0,6.0,1.2
goal molecular,6.0,6.0,1.0
colony factor,6.0,6.0,1.0
profile high,6.0,6.0,1.0
option refractory,4.0,6.0,1.5
expression dna,4.0,6.0,1.5
nurse navigator,4.0,6.0,1.5
cancer pathologist,5.0,6.0,1.2
cluster analysis,3.0,6.0,2.0
table pet,5.0,6.0,1.2
tumor thymus,3.0,6.0,2.0
symptom major,3.0,6.0,2.0
scanner picture,5.0,6.0,1.2
lie small,5.0,6.0,1.2
white strap,5.0,6.0,1.2
rest white,5.0,6.0,1.2
head rest,5.0,6.0,1.2
recur cancer,6.0,6.0,1.0
outcome infant,3.0,6.0,2.0
poor response,4.0,6.0,1.5
chest cavity,5.0,6.0,1.2
year century,6.0,6.0,1.0
cluster gene,4.0,6.0,1.5
syndrome low,5.0,6.0,1.2
difference child,5.0,6.0,1.2
idea blue,4.0,6.0,1.5
moonshot panel,6.0,6.0,1.0
southern cancer,6.0,6.0,1.0
dna ctdna,5.0,6.0,1.2
long rate,5.0,6.0,1.2
man white,6.0,6.0,1.0
harm normal,5.0,6.0,1.2
pre stem,4.0,6.0,1.5
rate adverse,5.0,6.0,1.2
regiman high,4.0,6.0,1.5
nervous atypical,4.0,6.0,1.5
woman form,6.0,6.0,1.0
heavy metal,4.0,6.0,1.5
neuroblastoma cell,6.0,6.0,1.0
reproductive organ,6.0,6.0,1.0
participant severe,6.0,6.0,1.0
neck lung,4.0,6.0,1.5
method large,6.0,6.0,1.0
subgroup cancer,5.0,6.0,1.2
bioinformatics tool,5.0,6.0,1.2
round chemotherapy,5.0,6.0,1.2
cell procedure,5.0,6.0,1.2
fluid space,5.0,6.0,1.2
removal fluid,5.0,6.0,1.2
bone muscle,4.0,6.0,1.5
inhibitor activity,5.0,6.0,1.2
urinary bladder,4.0,6.0,1.5
spirituality religion,4.0,6.0,1.5
loss speech,3.0,6.0,2.0
flu like,6.0,6.0,1.0
fungoide sézary,6.0,6.0,1.0
nhl aid,6.0,6.0,1.0
adult nhl,6.0,6.0,1.0
cancer circadian,4.0,6.0,1.5
spleen organ,6.0,6.0,1.0
rate poor,4.0,6.0,1.5
inferior year,4.0,6.0,1.5
united kingdom,5.0,6.0,1.2
fertility pregnancy,6.0,6.0,1.0
drug single,5.0,6.0,1.2
inhibitor year,4.0,6.0,1.5
severe complication,3.0,6.0,2.0
high severe,5.0,6.0,1.2
moonshot task,6.0,6.0,1.0
cell kidney,3.0,6.0,2.0
genome transcriptome,6.0,6.0,1.0
big need,4.0,6.0,1.5
high form,5.0,6.0,1.2
sample liquid,3.0,6.0,2.0
percentage live,5.0,6.0,1.2
lymph hodgkin,4.0,6.0,1.5
vessel thin,6.0,6.0,1.0
lymph fever,3.0,6.0,2.0
channel blocker,3.0,6.0,2.0
calcium channel,3.0,6.0,2.0
ivb stage,5.0,6.0,1.2
genomic tumor,5.0,6.0,1.2
day daily,3.0,6.0,2.0
tonsil throat,6.0,6.0,1.0
profile similar,4.0,6.0,1.5
exchange idea,6.0,6.0,1.0
deep understanding,6.0,6.0,1.0
mathematical modeling,3.0,6.0,2.0
muscle regional,3.0,6.0,2.0
trend overall,5.0,6.0,1.2
sense peace,3.0,6.0,2.0
rate postoperative,4.0,6.0,1.5
obstet gynecol,5.0,6.0,1.2
cell spleen,6.0,6.0,1.0
datum well,6.0,6.0,1.0
well horizon,3.0,6.0,2.0
pain well,4.0,6.0,1.5
community hcmi,4.0,6.0,1.5
cancer investigational,5.0,6.0,1.2
palliative relieve,3.0,6.0,2.0
cell fluorescent,5.0,6.0,1.2
diagnostic cancer,6.0,6.0,1.0
class gene,5.0,6.0,1.2
gene significant,4.0,6.0,1.5
conventional therapy,4.0,6.0,1.5
emergent property,3.0,6.0,2.0
cross disciplinary,6.0,6.0,1.0
cancer phenomenon,5.0,6.0,1.2
widget cancer,4.0,6.0,1.5
experience rare,5.0,6.0,1.2
cell size,5.0,6.0,1.2
tumor somatic,5.0,6.0,1.2
nodal marginal,3.0,6.0,2.0
imaging therapy,5.0,6.0,1.2
throat tonsil,6.0,6.0,1.0
stomach organ,6.0,6.0,1.0
therapy conventional,6.0,6.0,1.0
duration therapy,3.0,6.0,2.0
immunotherapy alveolar,4.0,6.0,1.5
tumor abdominal,4.0,6.0,1.5
model hcmi,4.0,6.0,1.5
alteration deletion,4.0,6.0,1.5
cell capable,6.0,6.0,1.0
complication allogeneic,3.0,6.0,2.0
time priority,6.0,6.0,1.0
model gene,5.0,6.0,1.2
long adjuvant,3.0,6.0,2.0
old male,6.0,6.0,1.0
blood calcium,6.0,6.0,1.0
strategy future,6.0,6.0,1.0
area year,6.0,6.0,1.0
year substantial,6.0,6.0,1.0
liver pancreas,6.0,6.0,1.0
variant relative,3.0,6.0,2.0
sequence variant,6.0,6.0,1.0
ccg cancer,5.0,6.0,1.2
loss symptom,3.0,6.0,2.0
lifetime achievement,4.0,6.0,1.5
function protein,6.0,6.0,1.0
transition phase,6.0,6.0,1.0
therapy oral,4.0,6.0,1.5
senior key,6.0,6.0,1.0
development strategy,6.0,6.0,1.0
mammalian model,5.0,6.0,1.2
tumor physical,6.0,6.0,1.0
disease molecular,6.0,6.0,1.0
brain kidney,4.0,6.0,1.5
dose therapy,3.0,6.0,2.0
serum concentration,4.0,6.0,1.5
kinase alk,4.0,6.0,1.5
cancer formation,5.0,6.0,1.2
cancer behavioral,5.0,6.0,1.2
intellectual disability,3.0,6.0,2.0
polyp familial,3.0,6.0,2.0
drug organ,6.0,6.0,1.0
oncology phase,5.0,6.0,1.2
ink mark,3.0,6.0,2.0
energy radiation,4.0,6.0,1.5
cancer monoclonal,6.0,6.0,1.0
therapeutic opportunity,6.0,6.0,1.0
understanding mechanism,6.0,6.0,1.0
signature tumor,5.0,6.0,1.2
registry cohort,4.0,6.0,1.5
lesion high,6.0,6.0,1.0
therapy toxic,6.0,6.0,1.0
equivalent eligible,4.0,6.0,1.5
alk mutation,3.0,6.0,2.0
body neck,6.0,6.0,1.0
antigen antibody,3.0,6.0,2.0
lymphoma person,6.0,6.0,1.0
eligible disease,3.0,6.0,2.0
inhibitor high,6.0,6.0,1.0
distinct tumor,4.0,6.0,1.5
cough chest,4.0,6.0,1.5
metastatic lesion,6.0,6.0,1.0
award commitment,6.0,6.0,1.0
applicant year,4.0,6.0,1.5
gynecological cancer,4.0,6.0,1.5
therapy diarrhea,3.0,6.0,2.0
testing blood,6.0,6.0,1.0
chief tumor,6.0,6.0,1.0
cancer nationwide,5.0,6.0,1.2
cancer beneficial,4.0,6.0,1.5
production cell,4.0,6.0,1.5
toxic cancer,6.0,6.0,1.0
staging tnm,6.0,6.0,1.0
right thing,6.0,6.0,1.0
multifocal disease,4.0,6.0,1.5
cancer indolent,4.0,6.0,1.5
area cell,5.0,6.0,1.2
anticancer activity,6.0,6.0,1.0
lymphoma adolescent,4.0,6.0,1.5
child single,4.0,6.0,1.5
elevated rate,3.0,6.0,2.0
fish test,6.0,6.0,1.0
drug lab,6.0,6.0,1.0
high factor,6.0,6.0,1.0
adult molecular,4.0,6.0,1.5
disease colleague,6.0,6.0,1.0
disease lymphoma,6.0,6.0,1.0
anxiety depressive,4.0,6.0,1.5
factor impact,6.0,6.0,1.0
fluid sample,6.0,6.0,1.0
sample fluid,6.0,6.0,1.0
bilateral multifocal,4.0,6.0,1.5
positive history,5.0,6.0,1.2
bridge cancer,4.0,6.0,1.5
analysis fusion,4.0,6.0,1.5
characterization tumor,6.0,6.0,1.0
rate incidence,5.0,6.0,1.2
incidence colorectal,4.0,6.0,1.5
requirement development,4.0,6.0,1.5
disorder depression,4.0,6.0,1.5
day radiation,6.0,6.0,1.0
enhance ability,6.0,6.0,1.0
recurrent pediatric,3.0,6.0,2.0
year goal,6.0,6.0,1.0
child poor,5.0,6.0,1.2
metastasis lung,5.0,6.0,1.2
progress tumor,5.0,6.0,1.2
investigator highlight,5.0,6.0,1.2
consequence tumor,5.0,6.0,1.2
place lung,3.0,6.0,2.0
marrow place,3.0,6.0,2.0
syndrome constitutional,4.0,6.0,1.5
repair defect,5.0,6.0,1.2
node area,5.0,6.0,1.2
community interview,4.0,6.0,1.5
gene anaplastic,4.0,6.0,1.5
child relationship,4.0,6.0,1.5
therapeutic etctn,6.0,6.0,1.0
physician cancer,5.0,6.0,1.2
sporadic disease,4.0,6.0,1.5
kidney cell,3.0,6.0,2.0
income barrier,4.0,6.0,1.5
fertility specialist,6.0,6.0,1.0
high example,5.0,6.0,1.2
infection high,6.0,6.0,1.0
vaginal vulvar,6.0,6.0,1.0
history depression,3.0,6.0,2.0
rating scale,4.0,6.0,1.5
diaphragm adult,3.0,6.0,2.0
csf nearby,3.0,6.0,2.0
lung csf,3.0,6.0,2.0
marrow lung,3.0,6.0,2.0
lung cerebrospinal,3.0,6.0,2.0
drinking water,3.0,6.0,2.0
male smoker,3.0,6.0,2.0
adult gastrointestinal,4.0,6.0,1.5
cancer expectancy,4.0,6.0,1.5
regular dental,4.0,6.0,1.5
year solid,5.0,6.0,1.2
cancer scan,5.0,6.0,1.2
bone joint,4.0,6.0,1.5
immunodeficiency virus,5.0,6.0,1.2
human immunodeficiency,5.0,6.0,1.2
oncology genomic,5.0,6.0,1.2
subtype molecular,4.0,6.0,1.5
energy external,6.0,6.0,1.0
trouble cancer,3.0,6.0,2.0
bone density,4.0,6.0,1.5
option chemotherapy,5.0,6.0,1.2
frontal lobe,4.0,6.0,1.5
net tumor,5.0,6.0,1.2
death datum,6.0,6.0,1.0
frequency alteration,4.0,6.0,1.5
chromosome rearrangement,3.0,6.0,2.0
age overall,6.0,6.0,1.0
short arm,3.0,6.0,2.0
novel idea,6.0,6.0,1.0
positive outcome,6.0,6.0,1.0
self management,4.0,6.0,1.5
cell multiply,5.0,6.0,1.2
cell net,4.0,6.0,1.5
hormone symptom,5.0,6.0,1.2
syndrome carcinoid,3.0,6.0,2.0
cancer pathophysiology,6.0,6.0,1.0
chemotherapy steroid,5.0,6.0,1.2
sample child,3.0,6.0,2.0
cellular cancer,6.0,6.0,1.0
small incision,6.0,6.0,1.0
sonogram picture,6.0,6.0,1.0
ultrasound procedure,6.0,6.0,1.0
strong justification,4.0,6.0,1.5
gland disease,3.0,6.0,2.0
metabolism tumor,4.0,6.0,1.5
lymphoma body,3.0,6.0,2.0
lymphoma surgery,3.0,6.0,2.0
presentation neuro,4.0,6.0,1.5
vitamin prostate,4.0,6.0,1.5
tumor united,6.0,6.0,1.0
patch skin,4.0,6.0,1.5
disease remission,5.0,6.0,1.2
variant test,4.0,6.0,1.5
ret thyroid,3.0,6.0,2.0
staging tumor,5.0,6.0,1.2
surgery radioactive,6.0,6.0,1.0
chemotherapy bleomycin,4.0,6.0,1.5
tumor pembrolizumab,5.0,6.0,1.2
intravenous catheter,3.0,5.0,1.666666667
clue precancer,3.0,5.0,1.666666667
issue physician,5.0,5.0,1.0
precancer tumor,3.0,5.0,1.666666667
sarcoma hodgkin,4.0,5.0,1.25
neuroendocrine thyroid,4.0,5.0,1.25
disease story,5.0,5.0,1.0
intermediate prognosis,3.0,5.0,1.666666667
alive chemotherapy,4.0,5.0,1.25
community able,4.0,5.0,1.25
exome rna,5.0,5.0,1.0
panobinostat multiple,3.0,5.0,1.666666667
right left,5.0,5.0,1.0
year present,4.0,5.0,1.25
ability datum,5.0,5.0,1.0
distress anxiety,5.0,5.0,1.0
associated lymphoma,3.0,5.0,1.666666667
randomized phase,4.0,5.0,1.25
prevention symptom,4.0,5.0,1.25
learning model,3.0,5.0,1.666666667
couple week,5.0,5.0,1.0
crchd cure,3.0,5.0,1.666666667
reality brain,3.0,5.0,1.666666667
nurse reality,3.0,5.0,1.666666667
staging test,5.0,5.0,1.0
block cell,5.0,5.0,1.0
tumor suppressive,4.0,5.0,1.25
additional imaging,3.0,5.0,1.666666667
drug eribulin,3.0,5.0,1.666666667
classification table,5.0,5.0,1.0
building partnership,4.0,5.0,1.25
therapy finance,3.0,5.0,1.666666667
episode computation,3.0,5.0,1.666666667
datum framework,3.0,5.0,1.666666667
provider advocate,4.0,5.0,1.25
cancer economic,4.0,5.0,1.25
therapy healthy,5.0,5.0,1.0
drug plx038,3.0,5.0,1.666666667
letter institutional,5.0,5.0,1.0
superior cava,3.0,5.0,1.666666667
testing investigational,5.0,5.0,1.0
pattern brain,5.0,5.0,1.0
papillary tumor,4.0,5.0,1.25
cell university,5.0,5.0,1.0
biomarker imaging,3.0,5.0,1.666666667
colleague plan,5.0,5.0,1.0
investigational therapy,5.0,5.0,1.0
chemotherapy bevacizumab,4.0,5.0,1.25
inhibitor postmenopausal,4.0,5.0,1.25
drug aromatase,4.0,5.0,1.25
mesylate drug,3.0,5.0,1.666666667
community human,4.0,5.0,1.25
gene structural,5.0,5.0,1.0
oncology excellence,5.0,5.0,1.0
late adult,5.0,5.0,1.0
skill set,5.0,5.0,1.0
reduction tobacco,5.0,5.0,1.0
school year,5.0,5.0,1.0
illness death,4.0,5.0,1.25
experience provider,4.0,5.0,1.25
tobacco light,5.0,5.0,1.0
cancer wish,5.0,5.0,1.0
project p01,3.0,5.0,1.666666667
large academic,5.0,5.0,1.0
win progress,3.0,5.0,1.666666667
concern win,3.0,5.0,1.666666667
test death,5.0,5.0,1.0
medicine radiotherapy,3.0,5.0,1.666666667
cancer psa,4.0,5.0,1.25
sharing analysis,3.0,5.0,1.666666667
cancer thought,5.0,5.0,1.0
super enhancer,3.0,5.0,1.666666667
colleague jama,5.0,5.0,1.0
long problem,5.0,5.0,1.0
tobacco prevention,4.0,5.0,1.25
analysis braf,5.0,5.0,1.0
area int,4.0,5.0,1.25
ethnic variation,3.0,5.0,1.666666667
comfortable child,5.0,5.0,1.0
drug week,5.0,5.0,1.0
prostate benign,3.0,5.0,1.666666667
dysregulation cancer,4.0,5.0,1.25
cure child,5.0,5.0,1.0
child quality,4.0,5.0,1.25
neutropenia leukopenia,3.0,5.0,1.666666667
time human,4.0,5.0,1.25
symptom prognosis,3.0,5.0,1.666666667
problem prostate,3.0,5.0,1.666666667
advance prostate,5.0,5.0,1.0
lymphoma target,4.0,5.0,1.25
ritual child,3.0,5.0,1.666666667
similar difference,4.0,5.0,1.25
loss variant,3.0,5.0,1.666666667
young brain,4.0,5.0,1.25
gene example,5.0,5.0,1.0
subtype multiple,3.0,5.0,1.666666667
experience single,4.0,5.0,1.25
young time,4.0,5.0,1.25
physical pain,4.0,5.0,1.25
thyroid cell,4.0,5.0,1.25
datum stage,5.0,5.0,1.0
iiib stage,3.0,5.0,1.666666667
metastasis normal,5.0,5.0,1.0
enterprise cancer,5.0,5.0,1.0
bit time,4.0,5.0,1.25
clue child,3.0,5.0,1.666666667
transfer cancer,3.0,5.0,1.666666667
syndrome chronic,5.0,5.0,1.0
able high,5.0,5.0,1.0
biomarker high,5.0,5.0,1.0
child deceased,3.0,5.0,1.666666667
vasculature tumor,3.0,5.0,1.666666667
tumor vessel,3.0,5.0,1.666666667
french british,3.0,5.0,1.666666667
drug carboplatin,4.0,5.0,1.25
surgery postoperative,3.0,5.0,1.666666667
experience death,5.0,5.0,1.0
foundational cancer,5.0,5.0,1.0
carcinoma blood,4.0,5.0,1.25
mab brief,5.0,5.0,1.0
disease niaid,5.0,5.0,1.0
liposarcoma eribulin,3.0,5.0,1.666666667
cancer translation,4.0,5.0,1.25
ikzf1 hispanic,3.0,5.0,1.666666667
therapy able,5.0,5.0,1.0
child lot,4.0,5.0,1.25
therapy model,5.0,5.0,1.0
grief developmental,3.0,5.0,1.666666667
symptom death,5.0,5.0,1.0
old thyroid,3.0,5.0,1.666666667
applicable year,4.0,5.0,1.25
size high,5.0,5.0,1.0
rate placebo,4.0,5.0,1.25
tumor real,5.0,5.0,1.0
method human,5.0,5.0,1.0
positive correlation,4.0,5.0,1.25
elimination cervical,5.0,5.0,1.0
rare hodgkin,5.0,5.0,1.0
liberal art,4.0,5.0,1.25
undergraduate degree,5.0,5.0,1.0
warrant investigation,5.0,5.0,1.0
classification age,3.0,5.0,1.666666667
chemotherapy infusion,3.0,5.0,1.666666667
protein antigen,5.0,5.0,1.0
ccr surgery,5.0,5.0,1.0
beam radiotherapy,3.0,5.0,1.666666667
success small,5.0,5.0,1.0
person smoke,3.0,5.0,1.666666667
incremental improvement,4.0,5.0,1.25
school college,4.0,5.0,1.25
psychological physical,4.0,5.0,1.25
woman spouse,4.0,5.0,1.25
united addition,5.0,5.0,1.0
large impact,5.0,5.0,1.0
united high,5.0,5.0,1.0
cancer eortc,3.0,5.0,1.666666667
smoker smoking,5.0,5.0,1.0
direct cancer,5.0,5.0,1.0
individualized counseling,5.0,5.0,1.0
retrospective pediatric,3.0,5.0,1.666666667
cancer duke,4.0,5.0,1.25
prevention stomach,3.0,5.0,1.666666667
powerful predictor,3.0,5.0,1.666666667
prevention esophageal,4.0,5.0,1.25
percent vaccine,3.0,5.0,1.666666667
outcome radiation,4.0,5.0,1.25
clearing air,5.0,5.0,1.0
raw datum,4.0,5.0,1.25
indirect surrogate,3.0,5.0,1.666666667
hispanic asian,5.0,5.0,1.0
syndrome presentation,5.0,5.0,1.0
clinic collaboration,4.0,5.0,1.25
metabolic activity,3.0,5.0,1.666666667
molecule protein,4.0,5.0,1.25
herd protection,3.0,5.0,1.666666667
few vaccine,5.0,5.0,1.0
trend mortality,5.0,5.0,1.0
tumor subgroup,5.0,5.0,1.0
good datum,5.0,5.0,1.0
academia thing,5.0,5.0,1.0
female year,4.0,5.0,1.25
gap cancer,5.0,5.0,1.0
difference gene,4.0,5.0,1.25
gender identity,3.0,5.0,1.666666667
frequency age,4.0,5.0,1.25
pediatric retrospective,3.0,5.0,1.666666667
cancer anal,3.0,5.0,1.666666667
pathophysiological mechanism,4.0,5.0,1.25
inhibitor tkis,5.0,5.0,1.0
high activity,4.0,5.0,1.25
distinct gastrointestinal,3.0,5.0,1.666666667
screening future,5.0,5.0,1.0
air lung,3.0,5.0,1.666666667
model glioblastoma,3.0,5.0,1.666666667
progress impact,5.0,5.0,1.0
female age,3.0,5.0,1.666666667
old girl,4.0,5.0,1.25
vaccination hpv,5.0,5.0,1.0
characterization rare,5.0,5.0,1.0
driver genomic,3.0,5.0,1.666666667
high african,5.0,5.0,1.0
pdgfrb fusion,3.0,5.0,1.666666667
competitive segment,4.0,5.0,1.25
achievement award,5.0,5.0,1.0
year area,5.0,5.0,1.0
money thing,3.0,5.0,1.666666667
key gene,5.0,5.0,1.0
logistic regression,5.0,5.0,1.0
peptide tumor,4.0,5.0,1.25
cancer block,5.0,5.0,1.0
activity symptom,4.0,5.0,1.25
smoking today,5.0,5.0,1.0
air smoking,5.0,5.0,1.0
tumor extent,5.0,5.0,1.0
datum base,4.0,5.0,1.25
critical potential,5.0,5.0,1.0
person major,5.0,5.0,1.0
able complete,5.0,5.0,1.0
able test,5.0,5.0,1.0
prevention community,5.0,5.0,1.0
girl woman,5.0,5.0,1.0
particular time,5.0,5.0,1.0
neuronal microenvironment,3.0,5.0,1.666666667
white high,5.0,5.0,1.0
cancer statistical,5.0,5.0,1.0
track cancer,3.0,5.0,1.666666667
hormone tsh,4.0,5.0,1.25
year prostate,3.0,5.0,1.666666667
cancer magnitude,3.0,5.0,1.666666667
growth brain,5.0,5.0,1.0
microenvironment multiple,3.0,5.0,1.666666667
infrastructure datum,3.0,5.0,1.666666667
loss libido,3.0,5.0,1.666666667
negative biopsy,4.0,5.0,1.25
female white,5.0,5.0,1.0
fusion diagnosis,3.0,5.0,1.666666667
promoter region,3.0,5.0,1.666666667
support brain,5.0,5.0,1.0
neuropathologist tumor,4.0,5.0,1.25
quality radiation,4.0,5.0,1.25
mri brain,5.0,5.0,1.0
vulvar cancer,4.0,5.0,1.25
overall favorable,3.0,5.0,1.666666667
rearrangement chromosome,3.0,5.0,1.666666667
grief person,3.0,5.0,1.666666667
score reduction,4.0,5.0,1.25
minority child,5.0,5.0,1.0
smoker analysis,5.0,5.0,1.0
low papillary,4.0,5.0,1.25
week surgery,4.0,5.0,1.25
diet physical,5.0,5.0,1.0
participant total,5.0,5.0,1.0
person grief,3.0,5.0,1.666666667
unique environment,5.0,5.0,1.0
immune infection,5.0,5.0,1.0
goal datum,3.0,5.0,1.666666667
number lung,5.0,5.0,1.0
disease premature,5.0,5.0,1.0
bad overall,5.0,5.0,1.0
overview grief,3.0,5.0,1.666666667
presentation datum,5.0,5.0,1.0
mortality smoker,3.0,5.0,1.666666667
cancer hypothesis,4.0,5.0,1.25
testosterone production,4.0,5.0,1.25
cns relapse,3.0,5.0,1.666666667
comparable child,3.0,5.0,1.666666667
deletion high,3.0,5.0,1.666666667
decade tumor,5.0,5.0,1.0
colleague translational,5.0,5.0,1.0
year history,4.0,5.0,1.25
rate great,4.0,5.0,1.25
collaborative analysis,4.0,5.0,1.25
medulloblastoma knowledge,3.0,5.0,1.666666667
addition drug,5.0,5.0,1.0
lifestyle healthy,3.0,5.0,1.666666667
target alteration,5.0,5.0,1.0
tumor stroma,5.0,5.0,1.0
pdac metabolism,3.0,5.0,1.666666667
principal deputy,5.0,5.0,1.0
secondary tumor,3.0,5.0,1.666666667
anxiety sleep,5.0,5.0,1.0
new target,5.0,5.0,1.0
indoor area,3.0,5.0,1.666666667
need support,5.0,5.0,1.0
agent similar,3.0,5.0,1.666666667
supplement prostate,4.0,5.0,1.25
period cancer,5.0,5.0,1.0
diet alcohol,3.0,5.0,1.666666667
analysis pcpt,3.0,5.0,1.666666667
day placebo,3.0,5.0,1.666666667
computer dimensional,4.0,5.0,1.25
example radiation,5.0,5.0,1.0
cancer heavy,5.0,5.0,1.0
ntrk gene,3.0,5.0,1.666666667
holiday season,4.0,5.0,1.25
time talk,5.0,5.0,1.0
team large,5.0,5.0,1.0
diameter tumor,5.0,5.0,1.0
low lung,3.0,5.0,1.666666667
test strategy,5.0,5.0,1.0
verifie cancer,3.0,5.0,1.666666667
large verifie,3.0,5.0,1.666666667
year randomization,3.0,5.0,1.666666667
cancer collaborator,5.0,5.0,1.0
datum addition,5.0,5.0,1.0
arm median,3.0,5.0,1.666666667
early detection,4.0,5.0,1.25
anaplastic tumor,4.0,5.0,1.25
rash diarrhea,4.0,5.0,1.25
astrazeneca drug,5.0,5.0,1.0
tumor gut,5.0,5.0,1.0
financial issue,3.0,5.0,1.666666667
history drug,5.0,5.0,1.0
tumor point,5.0,5.0,1.0
fun thing,4.0,5.0,1.25
quantitative polymerase,3.0,5.0,1.666666667
university illinois,4.0,5.0,1.25
dietary intake,3.0,5.0,1.666666667
vitamin placebo,3.0,5.0,1.666666667
cap hair,3.0,5.0,1.666666667
interview new,5.0,5.0,1.0
cancer find,5.0,5.0,1.0
gland cell,3.0,5.0,1.666666667
rate historical,3.0,5.0,1.666666667
rate well,5.0,5.0,1.0
man sex,5.0,5.0,1.0
woman vaccine,4.0,5.0,1.25
drug lenvatinib,3.0,5.0,1.666666667
manufacturer drug,5.0,5.0,1.0
sample test,5.0,5.0,1.0
cell pancrea,3.0,5.0,1.666666667
audience interested,3.0,5.0,1.666666667
incidence severity,4.0,5.0,1.25
thing high,5.0,5.0,1.0
time frame,5.0,5.0,1.0
red white,5.0,5.0,1.0
metastasis axillary,3.0,5.0,1.666666667
cancer bariatric,3.0,5.0,1.666666667
factor example,5.0,5.0,1.0
diagnosis recurrence,5.0,5.0,1.0
datum analytical,3.0,5.0,1.666666667
prognosis relapse,3.0,5.0,1.666666667
cell local,4.0,5.0,1.25
surgery old,5.0,5.0,1.0
cancer emerge,3.0,5.0,1.666666667
tomography magnetic,5.0,5.0,1.0
initial response,5.0,5.0,1.0
regimen child,5.0,5.0,1.0
initial woman,3.0,5.0,1.666666667
benefit colorectal,3.0,5.0,1.666666667
outcome low,5.0,5.0,1.0
long drug,5.0,5.0,1.0
divide cell,5.0,5.0,1.0
long kid,3.0,5.0,1.666666667
heart long,3.0,5.0,1.666666667
dexrazoxane heart,3.0,5.0,1.666666667
normal limit,4.0,5.0,1.25
survivor healthy,4.0,5.0,1.25
diagnosis drug,5.0,5.0,1.0
positive sentinel,3.0,5.0,1.666666667
woman arm,4.0,5.0,1.25
share personal,3.0,5.0,1.666666667
drug disrupt,5.0,5.0,1.0
tumor contrast,5.0,5.0,1.0
rtk pathway,3.0,5.0,1.666666667
oncofertility bridge,3.0,5.0,1.666666667
underwent mastectomy,5.0,5.0,1.0
cancer rely,5.0,5.0,1.0
quality sample,5.0,5.0,1.0
ret kinase,3.0,5.0,1.666666667
university pennsylvania,5.0,5.0,1.0
chemistry university,5.0,5.0,1.0
leader right,5.0,5.0,1.0
gastric intestinal,3.0,5.0,1.666666667
cancer pre,5.0,5.0,1.0
potential value,5.0,5.0,1.0
birth baby,3.0,5.0,1.666666667
induction year,3.0,5.0,1.666666667
key mechanism,5.0,5.0,1.0
essential progress,4.0,5.0,1.25
delivery tumor,3.0,5.0,1.666666667
cell cd8,4.0,5.0,1.25
damage normal,5.0,5.0,1.0
immunotherapy great,5.0,5.0,1.0
invasive surgery,3.0,5.0,1.666666667
mechanism project,3.0,5.0,1.666666667
thing book,5.0,5.0,1.0
human immune,4.0,5.0,1.25
cancer routine,5.0,5.0,1.0
additional progress,5.0,5.0,1.0
number small,5.0,5.0,1.0
metastatic colonization,4.0,5.0,1.25
cell susceptible,5.0,5.0,1.0
problem severe,5.0,5.0,1.0
node resection,5.0,5.0,1.0
friend great,5.0,5.0,1.0
lot great,5.0,5.0,1.0
sore mouth,4.0,5.0,1.25
blood saliva,4.0,5.0,1.25
time sense,5.0,5.0,1.0
old colorectal,5.0,5.0,1.0
drug goserelin,4.0,5.0,1.25
ovarian reserve,3.0,5.0,1.666666667
experience time,5.0,5.0,1.0
pralsetinib ret,3.0,5.0,1.666666667
nf1 cancer,5.0,5.0,1.0
activity initiative,5.0,5.0,1.0
promise tumor,5.0,5.0,1.0
ability function,5.0,5.0,1.0
lab arm,3.0,5.0,1.666666667
match lab,3.0,5.0,1.666666667
rate income,3.0,5.0,1.666666667
old factor,4.0,5.0,1.25
pain constipation,5.0,5.0,1.0
response duration,5.0,5.0,1.0
long surgery,4.0,5.0,1.25
silver lining,5.0,5.0,1.0
test able,5.0,5.0,1.0
file cancer,5.0,5.0,1.0
likely woman,4.0,5.0,1.25
traditional tumor,3.0,5.0,1.666666667
hour chemotherapy,3.0,5.0,1.666666667
abiraterone zytiga,5.0,5.0,1.0
application contract,3.0,5.0,1.666666667
project area,5.0,5.0,1.0
tumor appendectomy,3.0,5.0,1.666666667
appendiceal tumor,3.0,5.0,1.666666667
institution retrospective,3.0,5.0,1.666666667
median man,3.0,5.0,1.666666667
business transfer,3.0,5.0,1.666666667
positive lymph,3.0,5.0,1.666666667
adrenocortical cancer,3.0,5.0,1.666666667
panel vice,3.0,5.0,1.666666667
expansion datum,3.0,5.0,1.666666667
rate large,5.0,5.0,1.0
k12 support,3.0,5.0,1.666666667
k12 cancer,3.0,5.0,1.666666667
cancer preliminary,5.0,5.0,1.0
serosa tumor,3.0,5.0,1.666666667
percent complete,3.0,5.0,1.666666667
chemotherapy team,5.0,5.0,1.0
analysis rare,5.0,5.0,1.0
investigator community,5.0,5.0,1.0
video discussion,3.0,5.0,1.666666667
mercaptopurine thioguanine,3.0,5.0,1.666666667
pathology imaging,3.0,5.0,1.666666667
local tumor,4.0,5.0,1.25
option cervical,3.0,5.0,1.666666667
regimen daratumumab,3.0,5.0,1.666666667
unprecedented opportunity,5.0,5.0,1.0
pain function,5.0,5.0,1.0
retrospective single,5.0,5.0,1.0
mitotic rate,4.0,5.0,1.25
alteration normal,5.0,5.0,1.0
major surgery,4.0,5.0,1.25
community idea,5.0,5.0,1.0
tumor animal,5.0,5.0,1.0
thyroid microcarcinoma,3.0,5.0,1.666666667
initiative blue,5.0,5.0,1.0
hard time,4.0,5.0,1.25
eligible commitment,5.0,5.0,1.0
midgut neuroendocrine,3.0,5.0,1.666666667
intestinal neuroendocrine,3.0,5.0,1.666666667
score time,3.0,5.0,1.666666667
practice metab,3.0,5.0,1.666666667
management multiple,3.0,5.0,1.666666667
high subtype,4.0,5.0,1.25
characteristic gene,3.0,5.0,1.666666667
phase metastatic,5.0,5.0,1.0
immunotherapy lymphoma,3.0,5.0,1.666666667
time cognitive,3.0,5.0,1.666666667
chemotherapy hormonal,5.0,5.0,1.0
diverse array,5.0,5.0,1.0
body large,5.0,5.0,1.0
depression physical,5.0,5.0,1.0
insight mechanism,5.0,5.0,1.0
development active,5.0,5.0,1.0
allowable cost,5.0,5.0,1.0
leukemia idh1,3.0,5.0,1.666666667
conjugate hard,3.0,5.0,1.666666667
implication management,4.0,5.0,1.25
flat cell,5.0,5.0,1.0
development scholar,5.0,5.0,1.0
request person,5.0,5.0,1.0
duty request,5.0,5.0,1.0
active surgical,5.0,5.0,1.0
thinking cancer,5.0,5.0,1.0
community conference,5.0,5.0,1.0
person advisory,5.0,5.0,1.0
similar position,5.0,5.0,1.0
lab time,3.0,5.0,1.666666667
datum future,5.0,5.0,1.0
medicine physician,5.0,5.0,1.0
thin flat,5.0,5.0,1.0
discipline cancer,5.0,5.0,1.0
sex old,3.0,5.0,1.666666667
exchange knowledge,4.0,5.0,1.25
gene factor,5.0,5.0,1.0
effectiveness drug,4.0,5.0,1.25
biopsy abnormal,3.0,5.0,1.666666667
mutation fusion,4.0,5.0,1.25
biopsy stage,4.0,5.0,1.25
biopsy scalpel,3.0,5.0,1.666666667
tumor unilateral,4.0,5.0,1.25
sporadic tumor,4.0,5.0,1.25
incomplete resection,3.0,5.0,1.666666667
oncogene variant,5.0,5.0,1.0
diagnosis great,4.0,5.0,1.25
emtansine kadcyla,5.0,5.0,1.0
globe high,5.0,5.0,1.0
distribution cancer,5.0,5.0,1.0
memory attention,4.0,5.0,1.25
survivor problem,4.0,5.0,1.25
school aged,4.0,5.0,1.25
basal like,4.0,5.0,1.25
iiib iiic,5.0,5.0,1.0
neck thyroid,5.0,5.0,1.0
assistance xtrain,5.0,5.0,1.0
teaching hospital,5.0,5.0,1.0
oncology k12,3.0,5.0,1.666666667
issue xtrain,5.0,5.0,1.0
phone issue,5.0,5.0,1.0
series future,5.0,5.0,1.0
week nationwide,5.0,5.0,1.0
malady week,5.0,5.0,1.0
film cancer,5.0,5.0,1.0
documentary film,5.0,5.0,1.0
leader topic,5.0,5.0,1.0
new collaboration,5.0,5.0,1.0
desk fiscal,5.0,5.0,1.0
era desk,5.0,5.0,1.0
hope project,5.0,5.0,1.0
xtrain era,5.0,5.0,1.0
annual breast,4.0,5.0,1.25
tcga cancer,5.0,5.0,1.0
management bartosch,5.0,5.0,1.0
similar mutation,5.0,5.0,1.0
activity week,3.0,5.0,1.666666667
death physical,5.0,5.0,1.0
recreational activity,3.0,5.0,1.666666667
prospective series,3.0,5.0,1.666666667
reduction cardiovascular,3.0,5.0,1.666666667
child situation,3.0,5.0,1.666666667
kindle epub,5.0,5.0,1.0
pdf kindle,5.0,5.0,1.0
activity hour,4.0,5.0,1.25
activity adult,5.0,5.0,1.0
gene time,5.0,5.0,1.0
historical trend,5.0,5.0,1.0
extramural historical,5.0,5.0,1.0
datum extramural,5.0,5.0,1.0
metastasis tnm,3.0,5.0,1.666666667
metastatic esophageal,3.0,5.0,1.666666667
virtual annual,5.0,5.0,1.0
immunotherapy esophageal,3.0,5.0,1.666666667
protective barrier,3.0,5.0,1.666666667
generator chemotherapy,3.0,5.0,1.666666667
distinct gene,5.0,5.0,1.0
pembrolizumab placebo,3.0,5.0,1.666666667
normal development,3.0,5.0,1.666666667
disease distant,5.0,5.0,1.0
medicine kind,5.0,5.0,1.0
budget datum,5.0,5.0,1.0
justification budget,5.0,5.0,1.0
proposal congressional,5.0,5.0,1.0
time physical,3.0,5.0,1.666666667
project tumor,5.0,5.0,1.0
documentary cancer,4.0,5.0,1.25
cell decade,5.0,5.0,1.0
colorectal small,3.0,5.0,1.666666667
key genomic,3.0,5.0,1.666666667
tumor operation,4.0,5.0,1.25
therapy shrink,5.0,5.0,1.0
datum biospecimen,5.0,5.0,1.0
rfa cancer,5.0,5.0,1.0
cancer nanoparticle,3.0,5.0,1.666666667
duct cancer,5.0,5.0,1.0
therapy unfavorable,3.0,5.0,1.666666667
sequence gene,5.0,5.0,1.0
vandetanib placebo,3.0,5.0,1.666666667
idea challenge,5.0,5.0,1.0
variant associated,3.0,5.0,1.666666667
factor future,5.0,5.0,1.0
knowledge tumor,5.0,5.0,1.0
inhibitor ret,4.0,5.0,1.25
cell transplanted,3.0,5.0,1.666666667
fusion leukemia,3.0,5.0,1.666666667
need model,5.0,5.0,1.0
diverse opportunity,5.0,5.0,1.0
difference pfs,3.0,5.0,1.666666667
mouth drug,5.0,5.0,1.0
mutation key,5.0,5.0,1.0
surgery median,5.0,5.0,1.0
overall placebo,5.0,5.0,1.0
opportunity spotlight,5.0,5.0,1.0
cancer hispanic,3.0,5.0,1.666666667
addition pembrolizumab,5.0,5.0,1.0
median chemotherapy,5.0,5.0,1.0
collaboration community,5.0,5.0,1.0
lymphadenectomy radiation,3.0,5.0,1.666666667
disease single,4.0,5.0,1.25
drug head,3.0,5.0,1.666666667
switch cancer,5.0,5.0,1.0
intramural lab,5.0,5.0,1.0
melanoma thyroid,3.0,5.0,1.666666667
united states,3.0,5.0,1.666666667
great impact,5.0,5.0,1.0
surgery lymph,5.0,5.0,1.0
outlook woman,3.0,5.0,1.666666667
episode outlook,3.0,5.0,1.666666667
chemotherapy substantial,5.0,5.0,1.0
speaker bio,3.0,5.0,1.666666667
feature prognostic,5.0,5.0,1.0
gland skin,4.0,5.0,1.25
iva cancer,4.0,5.0,1.25
cancer validation,5.0,5.0,1.0
variant phenotype,4.0,5.0,1.25
number disease,5.0,5.0,1.0
protein response,3.0,5.0,1.666666667
vesicle exosome,5.0,5.0,1.0
cssi cancer,5.0,5.0,1.0
surgery goal,5.0,5.0,1.0
positive finding,5.0,5.0,1.0
mrd positive,4.0,5.0,1.25
overall median,5.0,5.0,1.0
marrow cell,4.0,5.0,1.25
drink alcohol,3.0,5.0,1.666666667
participant complete,5.0,5.0,1.0
upper middle,4.0,5.0,1.25
alcohol high,4.0,5.0,1.25
cabozantinib progressive,3.0,5.0,1.666666667
support participant,5.0,5.0,1.0
drug molecule,4.0,5.0,1.25
normal allele,3.0,5.0,1.666666667
self brain,3.0,5.0,1.666666667
data self,3.0,5.0,1.666666667
webinar series,5.0,5.0,1.0
library medicine,4.0,5.0,1.25
tumor poor,5.0,5.0,1.0
local invasion,4.0,5.0,1.25
cancer county,3.0,5.0,1.666666667
cancer fine,3.0,5.0,1.666666667
gene negative,3.0,5.0,1.666666667
cellular mechanism,3.0,5.0,1.666666667
poor year,3.0,5.0,1.666666667
impact ability,4.0,5.0,1.25
lymphoma multiple,5.0,5.0,1.0
profile novel,3.0,5.0,1.666666667
carcinoma rcc,3.0,5.0,1.666666667
optical imaging,4.0,5.0,1.25
metnet metastasis,3.0,5.0,1.666666667
oxygen specie,5.0,5.0,1.0
reactive oxygen,5.0,5.0,1.0
candidate tumor,5.0,5.0,1.0
variant overall,5.0,5.0,1.0
eur urol,4.0,5.0,1.25
targeted agent,5.0,5.0,1.0
datum old,5.0,5.0,1.0
rfa ca-20,3.0,5.0,1.666666667
radical surgery,5.0,5.0,1.0
working carcinogenic,3.0,5.0,1.666666667
time survivor,3.0,5.0,1.666666667
organ function,4.0,5.0,1.25
region globe,5.0,5.0,1.0
rate difference,3.0,5.0,1.666666667
eur med,3.0,5.0,1.666666667
mutation aggressive,5.0,5.0,1.0
long person,4.0,5.0,1.25
osimertinib praise,3.0,5.0,1.666666667
production protein,3.0,5.0,1.666666667
analysis annal,3.0,5.0,1.666666667
mutation old,5.0,5.0,1.0
age mutation,5.0,5.0,1.0
participant age,3.0,5.0,1.666666667
tumor unknown,5.0,5.0,1.0
endpoint overall,5.0,5.0,1.0
proposal year,5.0,5.0,1.0
detection molecular,3.0,5.0,1.666666667
minority cancer,4.0,5.0,1.25
unknown carcinoma,3.0,5.0,1.666666667
teclistamab multiple,3.0,5.0,1.666666667
low hodgkin,3.0,5.0,1.666666667
therapy haart,3.0,5.0,1.666666667
active antiretroviral,3.0,5.0,1.666666667
tumor hpv,3.0,5.0,1.666666667
tumour predisposition,3.0,5.0,1.666666667
lymphoma dna,3.0,5.0,1.666666667
therapy skin,5.0,5.0,1.0
variant detectable,3.0,5.0,1.666666667
team expertise,4.0,5.0,1.25
flt3 aml,3.0,5.0,1.666666667
aml drug,5.0,5.0,1.0
syndrome diagnostic,4.0,5.0,1.25
lymph area,3.0,5.0,1.666666667
aggressive blood,5.0,5.0,1.0
drug midostaurin,4.0,5.0,1.25
factor wilm,3.0,5.0,1.666666667
insulin like,4.0,5.0,1.25
bad initial,5.0,5.0,1.0
tumorigenesis cancer,5.0,5.0,1.0
ciloleucel yescarta,5.0,5.0,1.0
lung stage,4.0,5.0,1.25
procedure look,3.0,5.0,1.666666667
yield long,3.0,5.0,1.666666667
vaccine yield,3.0,5.0,1.666666667
biopsy incisional,4.0,5.0,1.25
lens tool,4.0,5.0,1.25
mediastinoscope chest,3.0,5.0,1.666666667
distribution tumor,5.0,5.0,1.0
syndrome registry,3.0,5.0,1.666666667
close observation,4.0,5.0,1.25
breastbone mediastinoscope,3.0,5.0,1.666666667
drug great,4.0,5.0,1.25
reduction strategy,5.0,5.0,1.0
traditional hypothesis,3.0,5.0,1.666666667
medulloblastoma single,3.0,5.0,1.666666667
entire cohort,3.0,5.0,1.666666667
look organ,3.0,5.0,1.666666667
therapy complex,5.0,5.0,1.0
cancer dormant,3.0,5.0,1.666666667
lymphoma time,5.0,5.0,1.0
therapy colleague,5.0,5.0,1.0
weakness numbness,5.0,5.0,1.0
importance detection,5.0,5.0,1.0
clue cancer,5.0,5.0,1.0
hospital clinic,5.0,5.0,1.0
biospecimen future,5.0,5.0,1.0
salmonella chemotherapy,3.0,5.0,1.666666667
chemotherapy gemcitabine,5.0,5.0,1.0
high time,4.0,5.0,1.25
body fat,4.0,5.0,1.25
alectinib cancer,3.0,5.0,1.666666667
gene large,5.0,5.0,1.0
neck mass,4.0,5.0,1.25
observation child,5.0,5.0,1.0
new genome,5.0,5.0,1.0
cell fibroblast,3.0,5.0,1.666666667
therapeutic drug,5.0,5.0,1.0
successful partnership,3.0,5.0,1.666666667
percent median,4.0,5.0,1.25
cancer fatty,3.0,5.0,1.666666667
mutation nonsyndromic,3.0,5.0,1.666666667
lmic high,4.0,5.0,1.25
unique person,3.0,5.0,1.666666667
administrative datum,4.0,5.0,1.25
conduct datum,5.0,5.0,1.0
feldman mirzaa,4.0,5.0,1.25
datum insight,5.0,5.0,1.0
drug mitoxantrone,3.0,5.0,1.666666667
cell doxorubicin,3.0,5.0,1.666666667
fat tissue,3.0,5.0,1.666666667
coauthor cancer,5.0,5.0,1.0
stage year,5.0,5.0,1.0
raise awareness,5.0,5.0,1.0
adam feldman,4.0,5.0,1.25
country tobacco,3.0,5.0,1.666666667
workforce shortage,5.0,5.0,1.0
support impact,5.0,5.0,1.0
cancer underlying,3.0,5.0,1.666666667
biopsy needle,3.0,5.0,1.666666667
day subscribe,5.0,5.0,1.0
extension eligible,5.0,5.0,1.0
cigarette consumption,3.0,5.0,1.666666667
beneficial high,3.0,5.0,1.666666667
community tool,5.0,5.0,1.0
sequela pediatric,3.0,5.0,1.666666667
mouth thin,4.0,5.0,1.25
lung abnormal,3.0,5.0,1.666666667
discus challenge,3.0,5.0,1.666666667
black college,3.0,5.0,1.666666667
degree engineering,3.0,5.0,1.666666667
blastoma pulmonary,5.0,5.0,1.0
lymphoma phenotype,3.0,5.0,1.666666667
status distinct,3.0,5.0,1.666666667
bar virus,3.0,5.0,1.666666667
drug hope,5.0,5.0,1.0
neuroblastoma wilm,4.0,5.0,1.25
factor presentation,4.0,5.0,1.25
tumor primitive,5.0,5.0,1.0
cancer ecog,3.0,5.0,1.666666667
variable number,3.0,5.0,1.666666667
cancer expand,3.0,5.0,1.666666667
datum importance,4.0,5.0,1.25
symptom advanced,4.0,5.0,1.25
project idea,5.0,5.0,1.0
thing large,5.0,5.0,1.0
immunotherapy well,5.0,5.0,1.0
leukemia key,4.0,5.0,1.25
genomic dna,5.0,5.0,1.0
modeling cancer,5.0,5.0,1.0
nervous brain,3.0,5.0,1.666666667
head field,5.0,5.0,1.0
year chest,3.0,5.0,1.666666667
datum interest,5.0,5.0,1.0
enlarge anatomy,5.0,5.0,1.0
opinion factor,5.0,5.0,1.0
sectional imaging,5.0,5.0,1.0
proportion cancer,5.0,5.0,1.0
initial metastatic,5.0,5.0,1.0
workshop recording,4.0,5.0,1.25
interesting story,5.0,5.0,1.0
disease interesting,5.0,5.0,1.0
interest gene,5.0,5.0,1.0
paper interest,5.0,5.0,1.0
today nanci,5.0,5.0,1.0
immature cell,5.0,5.0,1.0
chest radiography,3.0,5.0,1.666666667
aspirin day,4.0,5.0,1.25
session participant,5.0,5.0,1.0
recurrence overall,3.0,5.0,1.666666667
accessible community,5.0,5.0,1.0
time cutting,3.0,5.0,1.666666667
spot skin,4.0,5.0,1.25
interact datum,5.0,5.0,1.0
procedure time,4.0,5.0,1.25
field nanci,5.0,5.0,1.0
parent tumor,3.0,5.0,1.666666667
cancer atlas,4.0,5.0,1.25
low stage,5.0,5.0,1.0
rate brachytherapy,3.0,5.0,1.666666667
procedure complete,5.0,5.0,1.0
fullness rib,3.0,5.0,1.666666667
child sickle,3.0,5.0,1.666666667
loss smarcb1,3.0,5.0,1.666666667
tumor pre,3.0,5.0,1.666666667
knowledge therapy,5.0,5.0,1.0
cancer comfortable,5.0,5.0,1.0
phd faan,4.0,5.0,1.25
lead activation,5.0,5.0,1.0
blood smear,5.0,5.0,1.0
chemistry blood,4.0,5.0,1.25
psychosocial cancer,5.0,5.0,1.0
time lab,3.0,5.0,1.666666667
time randomization,4.0,5.0,1.25
number platelet,5.0,5.0,1.0
surgical breast,3.0,5.0,1.666666667
time interested,5.0,5.0,1.0
drug adjuvant,4.0,5.0,1.25
nanci team,5.0,5.0,1.0
skin hip,5.0,5.0,1.0
long hollow,5.0,5.0,1.0
skin long,5.0,5.0,1.0
progressive muscle,4.0,5.0,1.25
cell exciting,5.0,5.0,1.0
arm therapy,4.0,5.0,1.25
hormone breast,4.0,5.0,1.25
therapy mammalian,5.0,5.0,1.0
receptor progesterone,3.0,5.0,1.666666667
disciplinary team,3.0,5.0,1.666666667
therapy partial,5.0,5.0,1.0
dinutuximab unituxin,5.0,5.0,1.0
bone examination,5.0,5.0,1.0
realm cancer,5.0,5.0,1.0
attention year,5.0,5.0,1.0
share know,5.0,5.0,1.0
video channel,3.0,5.0,1.666666667
number thyroid,3.0,5.0,1.666666667
long response,4.0,5.0,1.25
chance share,5.0,5.0,1.0
match molecular,5.0,5.0,1.0
future medicine,5.0,5.0,1.0
dose tumor,3.0,5.0,1.666666667
subtype race,4.0,5.0,1.25
trend year,5.0,5.0,1.0
pediatric wilm,3.0,5.0,1.666666667
quality oncology,3.0,5.0,1.666666667
rate freedom,3.0,5.0,1.666666667
development lung,5.0,5.0,1.0
tumor watchful,3.0,5.0,1.666666667
active field,5.0,5.0,1.0
table cancer,3.0,5.0,1.666666667
pipe cigar,5.0,5.0,1.0
cigarette pipe,5.0,5.0,1.0
needle bone,5.0,5.0,1.0
column needle,5.0,5.0,1.0
puncture procedure,5.0,5.0,1.0
investigator skill,5.0,5.0,1.0
needle long,5.0,5.0,1.0
spinal needle,5.0,5.0,1.0
area spinal,5.0,5.0,1.0
lab year,5.0,5.0,1.0
academic industry,5.0,5.0,1.0
table small,5.0,5.0,1.0
position table,5.0,5.0,1.0
lie position,5.0,5.0,1.0
puncture lie,5.0,5.0,1.0
spinal tap,5.0,5.0,1.0
proportional hazard,3.0,5.0,1.666666667
blue testing,5.0,5.0,1.0
column cerebrospinal,5.0,5.0,1.0
favourable histology,3.0,5.0,1.666666667
distinctive favourable,3.0,5.0,1.666666667
mutation distinctive,3.0,5.0,1.666666667
mllt1 yeat,3.0,5.0,1.666666667
remission disease,5.0,5.0,1.0
team kind,3.0,5.0,1.666666667
iii child,3.0,5.0,1.666666667
mutant tumor,3.0,5.0,1.666666667
datum wide,5.0,5.0,1.0
data analysis,5.0,5.0,1.0
thing big,5.0,5.0,1.0
needle low,5.0,5.0,1.0
slide cancer,5.0,5.0,1.0
csf microscope,5.0,5.0,1.0
bortezomib velcade,5.0,5.0,1.0
small segment,3.0,5.0,1.666666667
diversity equity,4.0,5.0,1.25
engineering discipline,5.0,5.0,1.0
key stakeholder,5.0,5.0,1.0
thing real,5.0,5.0,1.0
cell symptom,4.0,5.0,1.25
history relative,3.0,5.0,1.666666667
therapy transplant,4.0,5.0,1.25
surgery benign,5.0,5.0,1.0
opportunity biomedical,5.0,5.0,1.0
stage lymphoma,3.0,5.0,1.666666667
regimen old,5.0,5.0,1.0
lab idea,3.0,5.0,1.666666667
chemotherapy leukemia,4.0,5.0,1.25
phase therapy,5.0,5.0,1.0
immunotherapy nivolumab,5.0,5.0,1.0
ommaya reservoir,5.0,5.0,1.0
drug ommaya,5.0,5.0,1.0
blue figure,5.0,5.0,1.0
vitreous humor,3.0,5.0,1.666666667
therapy pdt,3.0,5.0,1.666666667
complexity central,3.0,5.0,1.666666667
proteogenomic complexity,3.0,5.0,1.666666667
picture time,4.0,5.0,1.25
space cerebrospinal,5.0,5.0,1.0
intrathecal space,5.0,5.0,1.0
job year,3.0,5.0,1.666666667
award cooperative,5.0,5.0,1.0
negotiation award,5.0,5.0,1.0
activity negotiation,5.0,5.0,1.0
warrior woman,5.0,5.0,1.0
courageous warrior,5.0,5.0,1.0
denny courageous,5.0,5.0,1.0
professor denny,5.0,5.0,1.0
tribute professor,5.0,5.0,1.0
brain middle,4.0,5.0,1.25
business activity,5.0,5.0,1.0
prior annual,5.0,5.0,1.0
status screen,3.0,5.0,1.666666667
target colorectal,3.0,5.0,1.666666667
cancer fusobacterium,3.0,5.0,1.666666667
half hour,5.0,5.0,1.0
investigator year,5.0,5.0,1.0
subsidy breast,3.0,5.0,1.666666667
column small,5.0,5.0,1.0
brain figure,5.0,5.0,1.0
tube brain,5.0,5.0,1.0
scalp surgery,5.0,5.0,1.0
container scalp,5.0,5.0,1.0
dome container,5.0,5.0,1.0
syndrome basal,5.0,5.0,1.0
reservoir dome,5.0,5.0,1.0
domestic cancer,4.0,5.0,1.25
dynamic cancer,5.0,5.0,1.0
esophageal junction,3.0,5.0,1.666666667
therapy cns,4.0,5.0,1.25
therapy pd-1,4.0,5.0,1.25
allele loss,3.0,5.0,1.666666667
splice variant,4.0,5.0,1.25
cancer histological,3.0,5.0,1.666666667
robin vanderpool,4.0,5.0,1.25
bloodstream blood,5.0,5.0,1.0
syndrome microdeletion,3.0,5.0,1.666666667
parent origin,4.0,5.0,1.25
opdivo chemotherapy,3.0,5.0,1.666666667
excitement story,3.0,5.0,1.666666667
week excitement,3.0,5.0,1.666666667
adenoma colorectal,3.0,5.0,1.666666667
cell great,5.0,5.0,1.0
tumor malignancy,4.0,5.0,1.25
carcinoma low,4.0,5.0,1.25
impact survivor,3.0,5.0,1.666666667
goal palliative,4.0,5.0,1.25
design cancer,5.0,5.0,1.0
sex tumor,4.0,5.0,1.25
infusion donor,5.0,5.0,1.0
biofilm clue,3.0,5.0,1.666666667
initial large,5.0,5.0,1.0
epithelial tumor,5.0,5.0,1.0
age lymphoblastic,4.0,5.0,1.25
platelet transfusion,3.0,5.0,1.666666667
clinicaltrials.gov cancer,5.0,5.0,1.0
blood gene,4.0,5.0,1.25
bogler path,5.0,5.0,1.0
reason clear,5.0,5.0,1.0
dye beam,4.0,5.0,1.25
practice tobacco,3.0,5.0,1.666666667
chemotherapy backbone,3.0,5.0,1.666666667
bacterial biofilm,3.0,5.0,1.666666667
interested data,3.0,5.0,1.666666667
datum data,5.0,5.0,1.0
tumor frequency,4.0,5.0,1.25
cancer abdomen,4.0,5.0,1.25
woman test,5.0,5.0,1.0
tissue pathologist,5.0,5.0,1.0
scan picture,4.0,5.0,1.25
similar small,3.0,5.0,1.666666667
cell allogeneic,3.0,5.0,1.666666667
adult lymphoblastic,3.0,5.0,1.666666667
cancer lymphoblastic,4.0,5.0,1.25
cell option,5.0,5.0,1.0
download nanci,3.0,5.0,1.666666667
revolutionary cancer,4.0,5.0,1.25
short break,5.0,5.0,1.0
testing time,4.0,5.0,1.25
immunology branch,5.0,5.0,1.0
absence variant,3.0,5.0,1.666666667
diagnosis prevention,5.0,5.0,1.0
invasion metastasis,5.0,5.0,1.0
stress symptom,4.0,5.0,1.25
new precision,5.0,5.0,1.0
sample characteristic,4.0,5.0,1.25
scale high,4.0,5.0,1.25
transplantation immunology,5.0,5.0,1.0
symptom gvhd,3.0,5.0,1.666666667
pediatric hsct,3.0,5.0,1.666666667
sense key,3.0,5.0,1.666666667
proteomic cancer,4.0,5.0,1.25
hepatocellular cancer,5.0,5.0,1.0
liver hepatocellular,5.0,5.0,1.0
classic nodular,3.0,5.0,1.666666667
ovarian fallopian,5.0,5.0,1.0
molecule target,4.0,5.0,1.25
survivor support,4.0,5.0,1.25
affordable act,3.0,5.0,1.666666667
advance field,5.0,5.0,1.0
time beam,4.0,5.0,1.25
fluid time,4.0,5.0,1.25
dye fluid,4.0,5.0,1.25
tissue fluorescent,4.0,5.0,1.25
shape presence,4.0,5.0,1.25
nodular hodgkin,3.0,5.0,1.666666667
transcriptomic proteomic,3.0,5.0,1.666666667
syndrome dicer1,3.0,5.0,1.666666667
datum sure,5.0,5.0,1.0
testing guide,4.0,5.0,1.25
small step,5.0,5.0,1.0
application project,4.0,5.0,1.25
ineffective adjuvant,3.0,5.0,1.666666667
drug abemaciclib,3.0,5.0,1.666666667
qualitative barrier,4.0,5.0,1.25
equal number,4.0,5.0,1.25
gastrointestinal malignancy,4.0,5.0,1.25
cohort wilm,3.0,5.0,1.666666667
association poor,3.0,5.0,1.666666667
overall pembrolizumab,4.0,5.0,1.25
curative intent,4.0,5.0,1.25
cancer curative,4.0,5.0,1.25
week period,3.0,5.0,1.666666667
option choice,5.0,5.0,1.0
biallelic variant,3.0,5.0,1.666666667
year durvalumab,3.0,5.0,1.666666667
number reason,5.0,5.0,1.0
diet response,3.0,5.0,1.666666667
chemotherapy interim,4.0,5.0,1.25
expansion cell,5.0,5.0,1.0
cell chronic,5.0,5.0,1.0
conference lung,5.0,5.0,1.0
support association,4.0,5.0,1.25
cell nivolumab,5.0,5.0,1.0
pd-1 cell,5.0,5.0,1.0
multiple institution,5.0,5.0,1.0
presentation young,3.0,5.0,1.666666667
line setting,4.0,5.0,1.25
overall low,5.0,5.0,1.0
tumor surface,3.0,5.0,1.666666667
symptom drug,4.0,5.0,1.25
gvhd therapy,3.0,5.0,1.666666667
field lot,5.0,5.0,1.0
surgery radical,4.0,5.0,1.25
issue thing,5.0,5.0,1.0
cancer gastroesophageal,5.0,5.0,1.0
poor high,3.0,5.0,1.666666667
ribociclib kisqali,3.0,5.0,1.666666667
molecular biologist,5.0,5.0,1.0
carcinoma rmc,3.0,5.0,1.666666667
nivolumab median,5.0,5.0,1.0
solution problem,5.0,5.0,1.0
exposure factor,4.0,5.0,1.25
undetermined significance,4.0,5.0,1.25
expression presence,5.0,5.0,1.0
cell subset,5.0,5.0,1.0
persistence cell,4.0,5.0,1.25
biopsy disease,5.0,5.0,1.0
cohort clear,3.0,5.0,1.666666667
similar inhibitor,4.0,5.0,1.25
sample percentage,4.0,5.0,1.25
measure number,4.0,5.0,1.25
region human,5.0,5.0,1.0
resistance phenomenon,5.0,5.0,1.0
time relapse,5.0,5.0,1.0
datum kind,5.0,5.0,1.0
relationship person,5.0,5.0,1.0
refractory burkitt,3.0,5.0,1.666666667
award stable,3.0,5.0,1.666666667
cancer jun,4.0,5.0,1.25
challenge time,5.0,5.0,1.0
president lady,5.0,5.0,1.0
lung metastasis,5.0,5.0,1.0
body spread,4.0,5.0,1.25
liver surgery,5.0,5.0,1.0
capillary leak,4.0,5.0,1.25
successful application,3.0,5.0,1.666666667
experience interesting,5.0,5.0,1.0
abemaciclib option,3.0,5.0,1.666666667
number physician,4.0,5.0,1.25
time impact,5.0,5.0,1.0
academic setting,5.0,5.0,1.0
field interest,5.0,5.0,1.0
time idea,5.0,5.0,1.0
agent disease,5.0,5.0,1.0
variable prognostic,3.0,5.0,1.666666667
experience expertise,5.0,5.0,1.0
benefit line,4.0,5.0,1.25
variant mortality,4.0,5.0,1.25
large project,5.0,5.0,1.0
recording slide,4.0,5.0,1.25
cancer core,5.0,5.0,1.0
cancer investment,5.0,5.0,1.0
lymphoma classical,4.0,5.0,1.25
inhibitor anastrozole,3.0,5.0,1.666666667
normal hematopoiesis,3.0,5.0,1.666666667
parent award,3.0,5.0,1.666666667
scope parent,3.0,5.0,1.666666667
gene enzyme,4.0,5.0,1.25
inflammation organ,4.0,5.0,1.25
major barrier,4.0,5.0,1.25
ready energy,3.0,5.0,1.666666667
preference quality,3.0,5.0,1.666666667
microscope tumor,3.0,5.0,1.666666667
significant contribution,5.0,5.0,1.0
strategy outstanding,5.0,5.0,1.0
faq award,5.0,5.0,1.0
lining chest,5.0,5.0,1.0
small team,5.0,5.0,1.0
big fan,3.0,5.0,1.666666667
table option,4.0,5.0,1.25
interest datum,4.0,5.0,1.25
time well,5.0,5.0,1.0
day old,5.0,5.0,1.0
status low,5.0,5.0,1.0
time assistant,3.0,5.0,1.666666667
award r50,3.0,5.0,1.666666667
tumor micro,4.0,5.0,1.25
sound great,5.0,5.0,1.0
offer hope,5.0,5.0,1.0
immune lymphoma,3.0,5.0,1.666666667
computational biologist,5.0,5.0,1.0
microenvironment branch,4.0,5.0,1.25
professor chair,3.0,5.0,1.666666667
cell progenitor,3.0,5.0,1.666666667
autoimmune disorder,4.0,5.0,1.25
oncologist neurosurgeon,3.0,5.0,1.666666667
ectopic expression,3.0,5.0,1.666666667
right large,5.0,5.0,1.0
confirm drug,5.0,5.0,1.0
behavior gene,3.0,5.0,1.666666667
fertility issue,3.0,5.0,1.666666667
real problem,5.0,5.0,1.0
omics datum,5.0,5.0,1.0
syndrome relative,3.0,5.0,1.666666667
genital wart,4.0,5.0,1.25
cancer exercise,3.0,5.0,1.666666667
cancer minority,5.0,5.0,1.0
maternal chromosome,3.0,5.0,1.666666667
datum small,5.0,5.0,1.0
molecular age,3.0,5.0,1.666666667
adult aggressive,5.0,5.0,1.0
management low,5.0,5.0,1.0
low testosterone,4.0,5.0,1.25
cancer star,3.0,5.0,1.666666667
drug aml,4.0,5.0,1.25
meningioma high,4.0,5.0,1.25
lab cell,4.0,5.0,1.25
right diagnosis,5.0,5.0,1.0
effusion pleural,3.0,5.0,1.666666667
ask recurrence,4.0,5.0,1.25
cancer lee,4.0,5.0,1.25
week drug,5.0,5.0,1.0
disease prevalence,5.0,5.0,1.0
therapy improvement,5.0,5.0,1.0
example analysis,5.0,5.0,1.0
cell autonomous,4.0,5.0,1.25
chair oncology,5.0,5.0,1.0
cell novel,5.0,5.0,1.0
spontaneous remission,3.0,5.0,1.666666667
break path,5.0,5.0,1.0
cancer detectable,4.0,5.0,1.25
medicine pain,5.0,5.0,1.0
metastasis stage,5.0,5.0,1.0
discus cancer,5.0,5.0,1.0
rate cumulative,3.0,5.0,1.666666667
negative expression,3.0,5.0,1.666666667
point able,5.0,5.0,1.0
oncogene human,5.0,5.0,1.0
cancer indian,3.0,5.0,1.666666667
symptom heart,3.0,5.0,1.666666667
safety cancer,4.0,5.0,1.25
prevention tool,5.0,5.0,1.0
large confirm,5.0,5.0,1.0
docetaxel adt,3.0,5.0,1.666666667
team rare,5.0,5.0,1.0
day time,4.0,5.0,1.25
speaker moderator,5.0,5.0,1.0
support well,5.0,5.0,1.0
molecular tissue,3.0,5.0,1.666666667
syndrome deletion,3.0,5.0,1.666666667
support high,5.0,5.0,1.0
depression psychological,4.0,5.0,1.25
black african,5.0,5.0,1.0
child wagr,3.0,5.0,1.666666667
screening opportunity,5.0,5.0,1.0
cancer summer,4.0,5.0,1.25
support area,5.0,5.0,1.0
molecular factor,4.0,5.0,1.25
htan cancer,5.0,5.0,1.0
cerebellum brain,4.0,5.0,1.25
targetable gene,5.0,5.0,1.0
glioma astrocytoma,3.0,5.0,1.666666667
multidisciplinary cancer,5.0,5.0,1.0
carcinoma large,5.0,5.0,1.0
metastasis classification,5.0,5.0,1.0
large man,5.0,5.0,1.0
surgery recurrence,4.0,5.0,1.25
inhibitor large,4.0,5.0,1.25
initiation therapy,5.0,5.0,1.0
cell diarrhea,3.0,5.0,1.666666667
advance fertility,3.0,5.0,1.666666667
expand cancer,3.0,5.0,1.666666667
paternal uniparental,3.0,5.0,1.666666667
concern safety,5.0,5.0,1.0
nucleus cell,5.0,5.0,1.0
syndrome hemihypertrophy,3.0,5.0,1.666666667
inguinal lymph,3.0,5.0,1.666666667
mindfulness meditation,3.0,5.0,1.666666667
structural biophysical,3.0,5.0,1.666666667
imaging staging,5.0,5.0,1.0
experiment lab,5.0,5.0,1.0
cell grade,4.0,5.0,1.25
cigarette youth,4.0,5.0,1.25
public benefit,5.0,5.0,1.0
critical renal,3.0,5.0,1.666666667
macrophage cell,5.0,5.0,1.0
histologic subtype,5.0,5.0,1.0
block production,5.0,5.0,1.0
abiraterone metastatic,5.0,5.0,1.0
microbubble radiation,5.0,5.0,1.0
tnm staging,5.0,5.0,1.0
quality time,5.0,5.0,1.0
advantage disadvantage,5.0,5.0,1.0
cancer breakthrough,5.0,5.0,1.0
biochemistry molecular,5.0,5.0,1.0
pediatric hospital,5.0,5.0,1.0
navigating landscape,3.0,5.0,1.666666667
cancer navigating,3.0,5.0,1.666666667
oxygen microbubble,5.0,5.0,1.0
body knowledge,5.0,5.0,1.0
appendix tumor,4.0,5.0,1.25
drug device,4.0,5.0,1.25
kidney tissue,4.0,5.0,1.25
scalp hair,3.0,5.0,1.666666667
mitch zeller,3.0,5.0,1.666666667
conversation mitch,3.0,5.0,1.666666667
speed conversation,3.0,5.0,1.666666667
cigarette speed,3.0,5.0,1.666666667
oversight cigarette,3.0,5.0,1.666666667
removal breast,5.0,5.0,1.0
cancer autologous,5.0,5.0,1.0
cancer die,5.0,5.0,1.0
long remission,4.0,5.0,1.25
olanzapine nausea,4.0,5.0,1.25
alter inhibitor,3.0,5.0,1.666666667
peptide receptor,3.0,5.0,1.666666667
kinase pi3k,5.0,5.0,1.0
cancer fluid,4.0,5.0,1.25
infection rate,5.0,5.0,1.0
disease negative,4.0,5.0,1.25
cancer pathogenesis,4.0,5.0,1.25
fat high,5.0,5.0,1.0
hormone androgen,5.0,5.0,1.0
bisphosphonate drug,3.0,5.0,1.666666667
president fiscal,5.0,5.0,1.0
percent fat,3.0,5.0,1.666666667
diet obesity,3.0,5.0,1.666666667
predictive modeling,5.0,5.0,1.0
grateful opportunity,5.0,5.0,1.0
jewish descent,4.0,5.0,1.25
skill writing,3.0,5.0,1.666666667
thing good,5.0,5.0,1.0
cellular function,5.0,5.0,1.0
hospice advanced,3.0,5.0,1.666666667
increase year,5.0,5.0,1.0
drug docetaxel,5.0,5.0,1.0
tumor actionable,3.0,5.0,1.666666667
cancer evident,3.0,5.0,1.666666667
tumor responsive,3.0,5.0,1.666666667
nat commun,3.0,5.0,1.666666667
measure tobacco,4.0,5.0,1.25
removal ovary,4.0,5.0,1.25
representative cancer,5.0,5.0,1.0
tumor atla,3.0,5.0,1.666666667
man adt,3.0,5.0,1.666666667
drug ovarian,5.0,5.0,1.0
imaging head,3.0,5.0,1.666666667
model high,5.0,5.0,1.0
analysis ovarian,5.0,5.0,1.0
tamoxifen aromatase,3.0,5.0,1.666666667
atlas datum,3.0,5.0,1.666666667
recovery time,5.0,5.0,1.0
influence surgery,3.0,5.0,1.666666667
financial harm,4.0,5.0,1.25
negative cohort,4.0,5.0,1.25
cost discussion,3.0,5.0,1.666666667
healthy breast,5.0,5.0,1.0
cell structure,4.0,5.0,1.25
testing colorectal,4.0,5.0,1.25
premenopausal postmenopausal,3.0,5.0,1.666666667
modulator serm,5.0,5.0,1.0
woman personal,4.0,5.0,1.25
cancer aromatase,4.0,5.0,1.25
anastrozole letrozole,3.0,5.0,1.666666667
figure enlarge,3.0,5.0,1.666666667
retinoblastoma tumor,3.0,5.0,1.666666667
pathway loss,4.0,5.0,1.25
symptom qol,3.0,5.0,1.666666667
diagnosis number,5.0,5.0,1.0
spread prostate,4.0,5.0,1.25
tumor invasive,4.0,5.0,1.25
carcinoma time,5.0,5.0,1.0
presence germline,4.0,5.0,1.25
therapy mht,3.0,5.0,1.666666667
postdoc student,3.0,5.0,1.666666667
example community,5.0,5.0,1.0
kobak philipp,3.0,5.0,1.666666667
interview dmitry,3.0,5.0,1.666666667
sne interview,3.0,5.0,1.666666667
cost tobacco,3.0,5.0,1.666666667
measure blood,4.0,5.0,1.25
therapy day,4.0,5.0,1.25
estrogen breast,3.0,5.0,1.666666667
woman estrogen,3.0,5.0,1.666666667
alive placebo,5.0,5.0,1.0
adult united,5.0,5.0,1.0
half century,5.0,5.0,1.0
hpv awareness,3.0,5.0,1.666666667
upper chest,3.0,5.0,1.666666667
spread metastasis,5.0,5.0,1.0
brain metastatic,3.0,5.0,1.666666667
downward trend,5.0,5.0,1.0
old world,5.0,5.0,1.0
woman gene,4.0,5.0,1.25
decrease rate,5.0,5.0,1.0
join cancer,4.0,5.0,1.25
estimate breast,4.0,5.0,1.25
man number,4.0,5.0,1.25
precancerous cancer,5.0,5.0,1.0
habit thing,5.0,5.0,1.0
molecular high,4.0,5.0,1.25
personal cancer,3.0,5.0,1.666666667
unusual history,5.0,5.0,1.0
disease unusual,5.0,5.0,1.0
feature presentation,5.0,5.0,1.0
lymphoma germ,4.0,5.0,1.25
tuning cell,3.0,5.0,1.666666667
fine tuning,3.0,5.0,1.666666667
variant absence,3.0,5.0,1.666666667
nmri pet,5.0,5.0,1.0
testing agent,5.0,5.0,1.0
company academic,5.0,5.0,1.0
stage unfavorable,3.0,5.0,1.666666667
good place,5.0,5.0,1.0
cancer noncancer,3.0,5.0,1.666666667
gene parp,5.0,5.0,1.0
wermer syndrome,3.0,5.0,1.666666667
pancreatic islet,4.0,5.0,1.25
psychotherapy cancer,4.0,5.0,1.25
biochemical reaction,4.0,5.0,1.25
mitochondrion cell,3.0,5.0,1.666666667
short form,5.0,5.0,1.0
challenge initiative,5.0,5.0,1.0
immune disease,5.0,5.0,1.0
male adolescent,4.0,5.0,1.25
alteration syndrome,3.0,5.0,1.666666667
alteration multiple,5.0,5.0,1.0
syndrome rhabdoid,3.0,5.0,1.666666667
adult soft,4.0,5.0,1.25
safety disease,5.0,5.0,1.0
number agent,5.0,5.0,1.0
sample stage,4.0,5.0,1.25
drug man,3.0,5.0,1.666666667
biomedical enterprise,5.0,5.0,1.0
need biomedical,5.0,5.0,1.0
difficult situation,5.0,5.0,1.0
aml myeloid,3.0,5.0,1.666666667
variant development,4.0,5.0,1.25
disease complication,5.0,5.0,1.0
like feature,5.0,5.0,1.0
average time,5.0,5.0,1.0
toxicity outcome,5.0,5.0,1.0
rhabdomyosarcoma drug,4.0,5.0,1.25
power immune,5.0,5.0,1.0
mood disturbance,3.0,5.0,1.666666667
registry north,5.0,5.0,1.0
threat united,5.0,5.0,1.0
attack america,5.0,5.0,1.0
america safety,5.0,5.0,1.0
drug candidate,5.0,5.0,1.0
agent human,5.0,5.0,1.0
holistic cancer,5.0,5.0,1.0
public holistic,5.0,5.0,1.0
opportunity public,5.0,5.0,1.0
year prospective,3.0,5.0,1.666666667
interest activity,5.0,5.0,1.0
prevalence cigarette,3.0,5.0,1.666666667
relapse high,3.0,5.0,1.666666667
therapy initiative,5.0,5.0,1.0
year united,5.0,5.0,1.0
proposal series,4.0,5.0,1.25
cdc america,5.0,5.0,1.0
expression interest,4.0,5.0,1.25
deputy strategy,5.0,5.0,1.0
singer deputy,5.0,5.0,1.0
recovery prognosis,5.0,5.0,1.0
cognitive cancer,3.0,5.0,1.666666667
period death,4.0,5.0,1.25
transcriptase polymerase,3.0,5.0,1.666666667
adult female,4.0,5.0,1.25
cancer behavior,5.0,5.0,1.0
deep sequencing,3.0,5.0,1.666666667
kidney liver,4.0,5.0,1.25
drug metabolic,3.0,5.0,1.666666667
analysis additional,5.0,5.0,1.0
morphological feature,3.0,5.0,1.666666667
remarkable progress,5.0,5.0,1.0
familial syndrome,3.0,5.0,1.666666667
analysis improvement,5.0,5.0,1.0
annual collaborative,5.0,5.0,1.0
tisagenlecleucel cell,4.0,5.0,1.25
testing screening,4.0,5.0,1.25
carcinoma thymic,3.0,5.0,1.666666667
adrenal carcinoma,5.0,5.0,1.0
history test,5.0,5.0,1.0
pembrolizumab phase,4.0,5.0,1.25
mutation frequency,5.0,5.0,1.0
therapy period,4.0,5.0,1.25
year neoadjuvant,4.0,5.0,1.25
bisphosphonate therapy,3.0,5.0,1.666666667
thiosulfate chemo,3.0,5.0,1.666666667
tumor neoadjuvant,4.0,5.0,1.25
radiotherapy head,3.0,5.0,1.666666667
rate prostate,4.0,5.0,1.25
drug analysis,5.0,5.0,1.0
tumor colorectal,3.0,5.0,1.666666667
year pembrolizumab,5.0,5.0,1.0
tool analyze,5.0,5.0,1.0
protein interact,5.0,5.0,1.0
tumor susceptible,4.0,5.0,1.25
fatigue cancer,3.0,5.0,1.666666667
rate major,5.0,5.0,1.0
panic disorder,3.0,5.0,1.666666667
cell alteration,5.0,5.0,1.0
sample mutation,5.0,5.0,1.0
option time,5.0,5.0,1.0
management u24,4.0,5.0,1.25
concept experiment,5.0,5.0,1.0
problem mood,5.0,5.0,1.0
genomic factor,3.0,5.0,1.666666667
loss low,5.0,5.0,1.0
testing syndrome,4.0,5.0,1.25
year symptom,4.0,5.0,1.25
activity metastatic,3.0,5.0,1.666666667
testing multiple,4.0,5.0,1.25
brexucabtagene autoleucel,4.0,5.0,1.25
phase dose,5.0,5.0,1.0
cell cd19,5.0,5.0,1.0
cyclophosphamide chemotherapy,5.0,5.0,1.0
syndrome few,3.0,5.0,1.666666667
diagnosis good,5.0,5.0,1.0
analysis response,4.0,5.0,1.25
drug maker,4.0,5.0,1.25
decade year,5.0,5.0,1.0
activity code,5.0,5.0,1.0
medal award,5.0,5.0,1.0
surgical outcome,3.0,5.0,1.666666667
endocrine diagnosis,3.0,5.0,1.666666667
curative child,4.0,5.0,1.25
target undruggable,5.0,5.0,1.0
rate dna,3.0,5.0,1.666666667
endocrine child,3.0,5.0,1.666666667
management pediatric,4.0,5.0,1.25
allergy infectious,5.0,5.0,1.0
comparison year,5.0,5.0,1.0
alpha receptor,3.0,5.0,1.666666667
tumor day,5.0,5.0,1.0
advanced multiple,4.0,5.0,1.25
loss significant,4.0,5.0,1.25
tube lymph,5.0,5.0,1.0
leukemia model,5.0,5.0,1.0
nhl advance,5.0,5.0,1.0
cog high,5.0,5.0,1.0
stage time,4.0,5.0,1.25
fever low,5.0,5.0,1.0
aged ≥18,3.0,5.0,1.666666667
therapy cytokine,5.0,5.0,1.0
immunotherapy heart,5.0,5.0,1.0
interval week,3.0,5.0,1.666666667
cancer 1990,5.0,5.0,1.0
region world,5.0,5.0,1.0
onset disease,5.0,5.0,1.0
lymph colorless,5.0,5.0,1.0
lymph immune,5.0,5.0,1.0
abdoman stomach,5.0,5.0,1.0
spleen abdoman,5.0,5.0,1.0
organ red,5.0,5.0,1.0
generation cell,4.0,5.0,1.25
age poor,5.0,5.0,1.0
thought leader,4.0,5.0,1.25
weakened immune,4.0,5.0,1.25
body return,5.0,5.0,1.0
gene germline,4.0,5.0,1.25
immune defect,3.0,5.0,1.666666667
child multiple,5.0,5.0,1.0
allergic reaction,5.0,5.0,1.0
young stage,4.0,5.0,1.25
cancer chan,4.0,5.0,1.25
therapy increase,4.0,5.0,1.25
double mastectomy,4.0,5.0,1.25
cancer marina,3.0,5.0,1.666666667
bloodstream lymph,5.0,5.0,1.0
return bloodstream,5.0,5.0,1.0
bone white,5.0,5.0,1.0
bone hip,5.0,5.0,1.0
spongy tissue,5.0,5.0,1.0
soft spongy,5.0,5.0,1.0
marrow soft,5.0,5.0,1.0
immune immunotherapy,4.0,5.0,1.25
cancer emergency,4.0,5.0,1.25
surgery week,5.0,5.0,1.0
high adenoma,3.0,5.0,1.666666667
rare complication,5.0,5.0,1.0
definitive surgery,4.0,5.0,1.25
braf mek,3.0,5.0,1.666666667
problem focus,3.0,5.0,1.666666667
prognosis estimate,4.0,5.0,1.25
metastasis melanoma,5.0,5.0,1.0
subtype low,5.0,5.0,1.0
body digestive,4.0,5.0,1.25
intestine lymph,5.0,5.0,1.0
pelvis groin,5.0,5.0,1.0
design test,5.0,5.0,1.0
m.p.h chief,4.0,5.0,1.25
small bean,5.0,5.0,1.0
shrink brain,4.0,5.0,1.25
cancer rev,5.0,5.0,1.0
overdiagnosis thyroid,3.0,5.0,1.666666667
cobimetinib cotellic,5.0,5.0,1.0
combustible tobacco,3.0,5.0,1.666666667
subtype small,3.0,5.0,1.666666667
colorless travel,5.0,5.0,1.0
growth activity,3.0,5.0,1.666666667
analysis cell,5.0,5.0,1.0
biopsy tissue,4.0,5.0,1.25
cancer delirium,3.0,5.0,1.666666667
decade worth,5.0,5.0,1.0
tumor chance,5.0,5.0,1.0
additional biological,3.0,5.0,1.666666667
moonshot project,5.0,5.0,1.0
guide goal,5.0,5.0,1.0
chest breastbone,5.0,5.0,1.0
skin lymphoma,4.0,5.0,1.25
dose small,3.0,5.0,1.666666667
subtype child,5.0,5.0,1.0
high melanoma,3.0,5.0,1.666666667
few child,5.0,5.0,1.0
broad guide,5.0,5.0,1.0
worth progress,5.0,5.0,1.0
unintended consequence,4.0,5.0,1.25
difference small,5.0,5.0,1.0
concern overdiagnosis,5.0,5.0,1.0
accomplishment cancer,5.0,5.0,1.0
facilitate efficient,5.0,5.0,1.0
data facilitate,5.0,5.0,1.0
adenoid spleen,5.0,5.0,1.0
initial cancer,5.0,5.0,1.0
belief attitude,3.0,5.0,1.666666667
negative high,5.0,5.0,1.0
lymph throat,5.0,5.0,1.0
tonsil small,5.0,5.0,1.0
mechanism lead,5.0,5.0,1.0
analysis multicentre,3.0,5.0,1.666666667
immunotherapy discovery,5.0,5.0,1.0
inhibitor age,3.0,5.0,1.666666667
major driver,5.0,5.0,1.0
syndrome predisposition,3.0,5.0,1.666666667
analysis journal,5.0,5.0,1.0
therapy practice,5.0,5.0,1.0
lesion advanced,5.0,5.0,1.0
tumor precancerous,5.0,5.0,1.0
resistant parp,3.0,5.0,1.666666667
nicotine exposure,5.0,5.0,1.0
similar cell,5.0,5.0,1.0
outcome human,5.0,5.0,1.0
future outcome,5.0,5.0,1.0
detection strategy,5.0,5.0,1.0
therapy mutation,4.0,5.0,1.25
malignant tissue,4.0,5.0,1.25
cancer outweigh,5.0,5.0,1.0
benefit mcd,5.0,5.0,1.0
detection mcd,5.0,5.0,1.0
feasibility multi,5.0,5.0,1.0
braf drug,4.0,5.0,1.25
tumor criterion,5.0,5.0,1.0
lymph spleen,4.0,5.0,1.25
investigator contribution,3.0,5.0,1.666666667
syndrome aml,3.0,5.0,1.666666667
cytidine deaminase,3.0,5.0,1.666666667
sample additional,5.0,5.0,1.0
strong cancer,5.0,5.0,1.0
fatigue fever,3.0,5.0,1.666666667
trastuzumab advanced,3.0,5.0,1.666666667
testing dna,5.0,5.0,1.0
analysis old,5.0,5.0,1.0
lymphoma cutaneous,3.0,5.0,1.666666667
lymphoma marginal,3.0,5.0,1.666666667
inflammation body,4.0,5.0,1.25
space bone,3.0,5.0,1.666666667
principle cancer,5.0,5.0,1.0
future tumor,3.0,5.0,1.666666667
genomic molecular,5.0,5.0,1.0
tissue analysis,5.0,5.0,1.0
drug melanoma,5.0,5.0,1.0
age shift,3.0,5.0,1.666666667
additional analysis,5.0,5.0,1.0
difference sex,3.0,5.0,1.666666667
cancer equal,4.0,5.0,1.25
targetable kinase,3.0,5.0,1.666666667
student number,5.0,5.0,1.0
achievement cancer,5.0,5.0,1.0
department veteran,5.0,5.0,1.0
cancer autopsy,3.0,5.0,1.666666667
symptom support,5.0,5.0,1.0
vedotin rare,4.0,5.0,1.25
young drug,3.0,5.0,1.666666667
mutation dabrafenib,4.0,5.0,1.25
curable surgery,3.0,5.0,1.666666667
untreated advanced,3.0,5.0,1.666666667
able successful,5.0,5.0,1.0
tumor collaboration,5.0,5.0,1.0
gefitinib iressa,5.0,5.0,1.0
genetic neuroendocrine,3.0,5.0,1.666666667
lot potential,5.0,5.0,1.0
community blue,4.0,5.0,1.25
therapy dabrafenib,3.0,5.0,1.666666667
vaccine target,5.0,5.0,1.0
variant response,3.0,5.0,1.666666667
mutation burden,5.0,5.0,1.0
decade age,5.0,5.0,1.0
child tip,5.0,5.0,1.0
insight prognostic,3.0,5.0,1.666666667
spleen cancer,4.0,5.0,1.25
vessel tissue,4.0,5.0,1.25
mentor cancer,3.0,5.0,1.666666667
area nose,4.0,5.0,1.25
broad panel,5.0,5.0,1.0
alteration test,5.0,5.0,1.0
initial melanoma,3.0,5.0,1.666666667
starting point,5.0,5.0,1.0
child physical,4.0,5.0,1.25
gene melanoma,5.0,5.0,1.0
disease kidney,5.0,5.0,1.0
genomic signature,3.0,5.0,1.666666667
foundationone cdx,5.0,5.0,1.0
cancer mastectomy,3.0,5.0,1.666666667
addition investigator,5.0,5.0,1.0
advocacy advocate,4.0,5.0,1.25
endemic burkitt,3.0,5.0,1.666666667
low cell,5.0,5.0,1.0
learning cancer,5.0,5.0,1.0
systematic assessment,4.0,5.0,1.25
inhibitor recurrent,5.0,5.0,1.0
cancer cytotoxic,5.0,5.0,1.0
cessation counselor,3.0,5.0,1.666666667
lenvatinib radioactive,3.0,5.0,1.666666667
cell cytotoxic,5.0,5.0,1.0
survivor inoperable,4.0,5.0,1.25
gene carrier,4.0,5.0,1.25
present low,5.0,5.0,1.0
sample protein,3.0,5.0,1.666666667
inhibition blood,3.0,5.0,1.666666667
marrow brain,4.0,5.0,1.25
aged old,5.0,5.0,1.0
paediatric lymphoblastic,3.0,5.0,1.666666667
enthusiast cancer,3.0,5.0,1.666666667
activation cancer,5.0,5.0,1.0
disease aggressiveness,4.0,5.0,1.25
test disease,5.0,5.0,1.0
cohort low,5.0,5.0,1.0
expertise pineal,3.0,5.0,1.666666667
response overall,4.0,5.0,1.25
thyroidectomy ret,3.0,5.0,1.666666667
week median,4.0,5.0,1.25
community similar,5.0,5.0,1.0
aml poor,3.0,5.0,1.666666667
hereditary multiple,5.0,5.0,1.0
carcinoma multiple,4.0,5.0,1.25
aggressive surgical,5.0,5.0,1.0
differentiation syndrome,3.0,5.0,1.666666667
person hiv,4.0,5.0,1.25
therapy little,5.0,5.0,1.0
aml high,3.0,5.0,1.666666667
transplant similar,4.0,5.0,1.25
iii year,5.0,5.0,1.0
plan fiscal,5.0,5.0,1.0
nih.gov branch,5.0,5.0,1.0
datum trend,5.0,5.0,1.0
trend datum,5.0,5.0,1.0
hematopoietic progenitor,5.0,5.0,1.0
cell dose,5.0,5.0,1.0
disease adjuvant,3.0,5.0,1.666666667
candidate development,5.0,5.0,1.0
cbc procedure,5.0,5.0,1.0
underarm groin,4.0,5.0,1.25
infection helicobacter,3.0,5.0,1.666666667
relapse therapy,3.0,5.0,1.666666667
young boy,4.0,5.0,1.25
high aml,3.0,5.0,1.666666667
great drug,5.0,5.0,1.0
placebo hormone,3.0,5.0,1.666666667
multiple subsequent,4.0,5.0,1.25
positive braf,3.0,5.0,1.666666667
remote monitoring,3.0,5.0,1.666666667
old target,5.0,5.0,1.0
pathway tumor,5.0,5.0,1.0
tendon ligament,5.0,5.0,1.0
leukemia initial,3.0,5.0,1.666666667
rash itchy,5.0,5.0,1.0
project award,5.0,5.0,1.0
stage project,5.0,5.0,1.0
pain short,5.0,5.0,1.0
pathologic molecular,3.0,5.0,1.666666667
indolent disease,3.0,5.0,1.666666667
irrespective age,3.0,5.0,1.666666667
mri pet,5.0,5.0,1.0
aged adult,4.0,5.0,1.25
chief ccr,5.0,5.0,1.0
rapid cell,5.0,5.0,1.0
opportunistic infection,4.0,5.0,1.25
number test,4.0,5.0,1.25
big tumor,5.0,5.0,1.0
energy metabolism,4.0,5.0,1.25
scan ovarian,3.0,5.0,1.666666667
ca-125 testing,3.0,5.0,1.666666667
mutation immunotherapy,3.0,5.0,1.666666667
leukemia van,3.0,5.0,1.666666667
progress hiv,3.0,5.0,1.666666667
lung stomach,5.0,5.0,1.0
uterine cervix,5.0,5.0,1.0
cancer underwent,5.0,5.0,1.0
cell act,5.0,5.0,1.0
establishment cancer,5.0,5.0,1.0
cell migrate,5.0,5.0,1.0
regiman child,3.0,5.0,1.666666667
osimertinib tagrisso,5.0,5.0,1.0
paucity datum,5.0,5.0,1.0
quality palliative,4.0,5.0,1.25
depth interview,5.0,5.0,1.0
cell rely,5.0,5.0,1.0
structural protein,5.0,5.0,1.0
great prevalence,4.0,5.0,1.25
supplemental form,5.0,5.0,1.0
ldh blood,4.0,5.0,1.25
bronchus cancer,3.0,5.0,1.666666667
rate sex,5.0,5.0,1.0
infection hepatitis,5.0,5.0,1.0
impact therapy,4.0,5.0,1.25
substantial promise,3.0,5.0,1.666666667
mutation kit,4.0,5.0,1.25
initiative large,5.0,5.0,1.0
diffuse child,3.0,5.0,1.666666667
presence drug,4.0,5.0,1.25
overall drug,5.0,5.0,1.0
shakun malik,5.0,5.0,1.0
potential human,5.0,5.0,1.0
drug black,5.0,5.0,1.0
antibody chemotherapy,3.0,5.0,1.666666667
infection prior,5.0,5.0,1.0
final progress,5.0,5.0,1.0
initiative vice,4.0,5.0,1.25
body hiv,5.0,5.0,1.0
force uspstf,5.0,5.0,1.0
cell suppress,5.0,5.0,1.0
screen tumor,5.0,5.0,1.0
department energy,3.0,5.0,1.666666667
cancer computer,4.0,5.0,1.25
proportion tumor,5.0,5.0,1.0
cancer concept,5.0,5.0,1.0
arm participant,4.0,5.0,1.25
drug refractory,3.0,5.0,1.666666667
scan lung,3.0,5.0,1.666666667
device cancer,5.0,5.0,1.0
critical step,5.0,5.0,1.0
year normal,5.0,5.0,1.0
her2 cell,3.0,5.0,1.666666667
strategy drug,5.0,5.0,1.0
testing small,3.0,5.0,1.666666667
strategy target,5.0,5.0,1.0
dose opioid,4.0,5.0,1.25
cell difference,5.0,5.0,1.0
cell toxin,5.0,5.0,1.0
great mentorship,3.0,5.0,1.666666667
high precursor,3.0,5.0,1.666666667
late annual,5.0,5.0,1.0
toxin leukemia,3.0,5.0,1.666666667
sample melanoma,3.0,5.0,1.666666667
biological cancer,5.0,5.0,1.0
datum previous,5.0,5.0,1.0
fatigue anorexia,3.0,5.0,1.666666667
transition k00,3.0,5.0,1.666666667
sugar normal,5.0,5.0,1.0
drug autoimmune,3.0,5.0,1.666666667
cancer agenda,5.0,5.0,1.0
relapse long,5.0,5.0,1.0
correlation tumor,4.0,5.0,1.25
financial aspect,3.0,5.0,1.666666667
dna fluorescent,5.0,5.0,1.0
count gene,5.0,5.0,1.0
test count,5.0,5.0,1.0
node pathologist,5.0,5.0,1.0
time institution,5.0,5.0,1.0
helminth capstone,3.0,5.0,1.666666667
syndrome frequency,3.0,5.0,1.666666667
oncology nursing,4.0,5.0,1.25
disease frequent,5.0,5.0,1.0
microscope fish,5.0,5.0,1.0
fluorescent microscope,5.0,5.0,1.0
world challenge,5.0,5.0,1.0
analysis recurrent,3.0,5.0,1.666666667
sample light,5.0,5.0,1.0
chromosome sample,5.0,5.0,1.0
area chromosome,5.0,5.0,1.0
gene area,5.0,5.0,1.0
pediatric osteosarcoma,3.0,5.0,1.666666667
p53 gene,3.0,5.0,1.666666667
median number,4.0,5.0,1.25
staging mri,5.0,5.0,1.0
light fluorescent,5.0,5.0,1.0
skin inflammation,5.0,5.0,1.0
brand drug,5.0,5.0,1.0
fish fluorescence,5.0,5.0,1.0
test lymphoma,5.0,5.0,1.0
cancer precancer,3.0,5.0,1.666666667
consumer dtc,3.0,5.0,1.666666667
pdx model,4.0,5.0,1.25
participant history,3.0,5.0,1.666666667
adult old,5.0,5.0,1.0
radiation proctitis,3.0,5.0,1.666666667
time genomic,5.0,5.0,1.0
practice community,3.0,5.0,1.666666667
resection disease,5.0,5.0,1.0
addition breast,4.0,5.0,1.25
gadolinium procedure,5.0,5.0,1.0
imaging gadolinium,5.0,5.0,1.0
cancer track,4.0,5.0,1.25
intractable cancer,5.0,5.0,1.0
thymus spleen,5.0,5.0,1.0
ring thymus,5.0,5.0,1.0
characterization outcome,3.0,5.0,1.666666667
heavy chain,3.0,5.0,1.666666667
power mentorship,3.0,5.0,1.666666667
clinic power,3.0,5.0,1.666666667
screening high,5.0,5.0,1.0
appropriate screening,4.0,5.0,1.25
impact community,4.0,5.0,1.25
screening community,5.0,5.0,1.0
period week,4.0,5.0,1.25
activity country,5.0,5.0,1.0
stage bulky,4.0,5.0,1.25
low anxiety,4.0,5.0,1.25
oncology gene,3.0,5.0,1.666666667
progenitor lymphoblastic,3.0,5.0,1.666666667
few gene,5.0,5.0,1.0
knowledge breast,3.0,5.0,1.666666667
participant hpv,4.0,5.0,1.25
year dicer1,3.0,5.0,1.666666667
colored eye,5.0,5.0,1.0
phase salary,4.0,5.0,1.25
drug trametinib,3.0,5.0,1.666666667
prediction prognosis,3.0,5.0,1.666666667
method woman,4.0,5.0,1.25
bilateral salpingo,3.0,5.0,1.666666667
therapy beneficial,5.0,5.0,1.0
analysis surgery,4.0,5.0,1.25
cycle cancer,5.0,5.0,1.0
powered microscope,5.0,5.0,1.0
high powered,5.0,5.0,1.0
microscopy cancer,3.0,5.0,1.666666667
presence tp53,3.0,5.0,1.666666667
sensitivity high,4.0,5.0,1.25
particular gene,4.0,5.0,1.25
support good,5.0,5.0,1.0
therapy particle,3.0,5.0,1.666666667
rearrangement crlf2,3.0,5.0,1.666666667
blood van,3.0,5.0,1.666666667
liver kidney,4.0,5.0,1.25
vivo imaging,4.0,5.0,1.25
pattern consistent,5.0,5.0,1.0
cell discovery,5.0,5.0,1.0
location protein,3.0,5.0,1.666666667
molecular biochemistry,5.0,5.0,1.0
gene alk,4.0,5.0,1.25
stipend salary,4.0,5.0,1.25
delay ovarian,3.0,5.0,1.666666667
initial delay,3.0,5.0,1.666666667
lymph rare,5.0,5.0,1.0
year dedicated,5.0,5.0,1.0
recurrence bladder,3.0,5.0,1.666666667
disease surgical,4.0,5.0,1.25
increase old,5.0,5.0,1.0
resection segmental,3.0,5.0,1.666666667
half tumor,5.0,5.0,1.0
reduction recurrence,3.0,5.0,1.666666667
participant surgery,5.0,5.0,1.0
provider experience,5.0,5.0,1.0
therapy stream,5.0,5.0,1.0
transfusion blood,4.0,5.0,1.25
multimodal therapy,4.0,5.0,1.25
participant grade,3.0,5.0,1.666666667
cancer cisplatin,4.0,5.0,1.25
disease series,5.0,5.0,1.0
cancer figure,5.0,5.0,1.0
young parent,5.0,5.0,1.0
disease week,5.0,5.0,1.0
enzyme inhibitor,5.0,5.0,1.0
tiny particle,5.0,5.0,1.0
stream proton,5.0,5.0,1.0
metastasis disease,5.0,5.0,1.0
testing company,4.0,5.0,1.25
prior chemotherapy,4.0,5.0,1.25
disease advance,5.0,5.0,1.0
table frequency,3.0,5.0,1.666666667
adjuvant stage,4.0,5.0,1.25
cancer generation,5.0,5.0,1.0
oncology advance,4.0,5.0,1.25
pax3 fusion,3.0,5.0,1.666666667
valid visa,3.0,5.0,1.666666667
strategy woman,5.0,5.0,1.0
histopathological grade,3.0,5.0,1.666666667
disease pulmonary,3.0,5.0,1.666666667
cancer damage,5.0,5.0,1.0
aim racial,3.0,5.0,1.666666667
therapy university,5.0,5.0,1.0
advanced bladder,5.0,5.0,1.0
heterozygosity 11p15,3.0,5.0,1.666666667
factor ovarian,3.0,5.0,1.666666667
trimble cancer,4.0,5.0,1.25
blue cell,3.0,5.0,1.666666667
bulk tumor,4.0,5.0,1.25
cancer voice,3.0,5.0,1.666666667
award conduct,5.0,5.0,1.0
cell special,5.0,5.0,1.0
survivor time,4.0,5.0,1.25
child present,5.0,5.0,1.0
chemotherapy organ,5.0,5.0,1.0
fluid intrathecal,5.0,5.0,1.0
benefit low,5.0,5.0,1.0
cancer fold,5.0,5.0,1.0
feeling anger,5.0,5.0,1.0
sarcoma cohort,3.0,5.0,1.666666667
cancer okay,4.0,5.0,1.25
expression function,5.0,5.0,1.0
clue breast,3.0,5.0,1.666666667
disease intensive,4.0,5.0,1.25
predoc postdoc,3.0,5.0,1.666666667
behalf u.s,5.0,5.0,1.0
series pediatric,3.0,5.0,1.666666667
time pandemic,3.0,5.0,1.666666667
segment dna,5.0,5.0,1.0
present analysis,5.0,5.0,1.0
lack cancer,3.0,5.0,1.666666667
active normal,5.0,5.0,1.0
dose frequency,5.0,5.0,1.0
survivor join,4.0,5.0,1.25
plan brain,5.0,5.0,1.0
pleomorphic sarcoma,3.0,5.0,1.666666667
undifferentiated pleomorphic,3.0,5.0,1.666666667
method small,5.0,5.0,1.0
few half,3.0,5.0,1.666666667
united permanent,5.0,5.0,1.0
small mole,4.0,5.0,1.25
slide webinar,5.0,5.0,1.0
substance tumor,5.0,5.0,1.0
exposure history,4.0,5.0,1.25
history smoking,5.0,5.0,1.0
carcinoma european,3.0,5.0,1.666666667
total cancer,5.0,5.0,1.0
parent prepared,4.0,5.0,1.25
limitation lack,4.0,5.0,1.25
variant frequency,3.0,5.0,1.666666667
skin advanced,4.0,5.0,1.25
comparative effectiveness,5.0,5.0,1.0
cancer morbidity,5.0,5.0,1.0
protein cd30,4.0,5.0,1.25
likely white,3.0,5.0,1.666666667
panel power,3.0,5.0,1.666666667
high depression,4.0,5.0,1.25
participant man,5.0,5.0,1.0
carcinoma factor,5.0,5.0,1.0
biopsy man,4.0,5.0,1.25
arm breast,3.0,5.0,1.666666667
palm hand,5.0,5.0,1.0
osteosarcoma tumor,3.0,5.0,1.666666667
critical tumor,5.0,5.0,1.0
therapy act,5.0,5.0,1.0
evolution resistance,3.0,5.0,1.666666667
black brown,4.0,5.0,1.25
pain cough,5.0,5.0,1.0
feature disease,5.0,5.0,1.0
cancer abdominal,4.0,5.0,1.25
odom editor,3.0,5.0,1.666666667
liquid day,4.0,5.0,1.25
repair protein,3.0,5.0,1.666666667
telomerase reverse,3.0,5.0,1.666666667
metabolic crosstalk,3.0,5.0,1.666666667
analysis surgical,4.0,5.0,1.25
person child,5.0,5.0,1.0
prediction outcome,4.0,5.0,1.25
neoplasm tumor,4.0,5.0,1.25
model future,4.0,5.0,1.25
day great,5.0,5.0,1.0
cloud cancer,5.0,5.0,1.0
metabolism mitochondrion,3.0,5.0,1.666666667
metastasis diagnosis,5.0,5.0,1.0
cancer spiritual,3.0,5.0,1.666666667
belief religious,5.0,5.0,1.0
able person,3.0,5.0,1.666666667
parenteral nutrition,4.0,5.0,1.25
person tumor,5.0,5.0,1.0
tumor good,5.0,5.0,1.0
substance immune,5.0,5.0,1.0
future centric,3.0,5.0,1.666666667
problem right,3.0,5.0,1.666666667
subset gene,3.0,5.0,1.666666667
prune juice,3.0,5.0,1.666666667
plastic surgeon,5.0,5.0,1.0
surgery pain,3.0,5.0,1.666666667
future therapy,4.0,5.0,1.25
investigator molecular,5.0,5.0,1.0
significant mutation,3.0,5.0,1.666666667
lymphoma antibiotic,3.0,5.0,1.666666667
prospect progress,3.0,5.0,1.666666667
drug lymphoma,5.0,5.0,1.0
large radiation,4.0,5.0,1.25
status white,3.0,5.0,1.666666667
low probability,4.0,5.0,1.25
year underwent,4.0,5.0,1.25
cell shrank,4.0,5.0,1.25
distress great,4.0,5.0,1.25
opportunity learn,5.0,5.0,1.0
behavioral outcome,3.0,5.0,1.666666667
united incidence,5.0,5.0,1.0
strong expression,3.0,5.0,1.666666667
mother father,5.0,5.0,1.0
great extent,5.0,5.0,1.0
prognosis elevated,3.0,5.0,1.666666667
sample testing,4.0,5.0,1.25
new single,5.0,5.0,1.0
intelligence tool,5.0,5.0,1.0
value low,4.0,5.0,1.25
therapy lenalidomide,5.0,5.0,1.0
fatigue quality,3.0,5.0,1.666666667
therapy number,5.0,5.0,1.0
loss maternal,3.0,5.0,1.666666667
high penetrance,4.0,5.0,1.25
branch natural,4.0,5.0,1.25
ph.d deputy,5.0,5.0,1.0
armstrong ph.d,5.0,5.0,1.0
cancer bttc,3.0,5.0,1.666666667
sense burden,3.0,5.0,1.666666667
year bone,4.0,5.0,1.25
examination test,5.0,5.0,1.0
agent cyclophosphamide,3.0,5.0,1.666666667
immune disorder,5.0,5.0,1.0
reason parent,3.0,5.0,1.666666667
middle east,5.0,5.0,1.0
child significant,3.0,5.0,1.666666667
outcome factor,4.0,5.0,1.25
plan datum,4.0,5.0,1.25
initiative rare,5.0,5.0,1.0
protocol pediatr,3.0,5.0,1.666666667
dm1 median,3.0,5.0,1.666666667
subgroup breast,3.0,5.0,1.666666667
relative importance,5.0,5.0,1.0
hepatoblastoma hepatocellular,3.0,5.0,1.666666667
disturbance depression,3.0,5.0,1.666666667
advance rare,4.0,5.0,1.25
oncology hematology,5.0,5.0,1.0
preventive behavior,5.0,5.0,1.0
smoker nicotine,3.0,5.0,1.666666667
development multiple,5.0,5.0,1.0
specificity positive,4.0,5.0,1.25
cell neoplasm,5.0,5.0,1.0
imatinib therapy,3.0,5.0,1.666666667
adult lineage,3.0,5.0,1.666666667
provider survivor,4.0,5.0,1.25
cytoreductive surgery,4.0,5.0,1.25
high metastasis,5.0,5.0,1.0
example participant,5.0,5.0,1.0
dicer1 mutation,3.0,5.0,1.666666667
fit cancer,5.0,5.0,1.0
factor feature,5.0,5.0,1.0
inhibitor old,5.0,5.0,1.0
analysis biopsy,5.0,5.0,1.0
drug trastuzumab,4.0,5.0,1.25
trastuzumab her2,3.0,5.0,1.666666667
benefit chemo,3.0,5.0,1.666666667
score benefit,3.0,5.0,1.666666667
influence disease,4.0,5.0,1.25
prognostic importance,3.0,5.0,1.666666667
multiple large,5.0,5.0,1.0
blood small,4.0,5.0,1.25
portion blood,5.0,5.0,1.0
cancer hand,5.0,5.0,1.0
variant breast,5.0,5.0,1.0
retinoblastoma pediatr,3.0,5.0,1.666666667
influence behavior,5.0,5.0,1.0
symptom profile,3.0,5.0,1.666666667
old gene,5.0,5.0,1.0
occult nasopharyngeal,5.0,5.0,1.0
cavity metastatic,5.0,5.0,1.0
nerve problem,3.0,5.0,1.666666667
screening drug,5.0,5.0,1.0
radiotherapy clin,3.0,5.0,1.666666667
formation metastatic,3.0,5.0,1.666666667
incidence lung,4.0,5.0,1.25
protein fragment,4.0,5.0,1.25
team focus,5.0,5.0,1.0
example protein,5.0,5.0,1.0
hot tumor,5.0,5.0,1.0
age dependent,4.0,5.0,1.25
clin fisher,3.0,5.0,1.666666667
application initial,5.0,5.0,1.0
support idea,5.0,5.0,1.0
disturbance sleep,4.0,5.0,1.25
adolescent brain,4.0,5.0,1.25
response community,5.0,5.0,1.0
direct comparison,5.0,5.0,1.0
substance abuse,3.0,5.0,1.666666667
community bacteria,3.0,5.0,1.666666667
environment working,5.0,5.0,1.0
computer scan,3.0,5.0,1.666666667
support immune,3.0,5.0,1.666666667
deep breath,3.0,5.0,1.666666667
year reduction,5.0,5.0,1.0
priority tobacco,3.0,5.0,1.666666667
pipeline opportunity,3.0,5.0,1.666666667
microbe cancer,4.0,5.0,1.25
market lung,3.0,5.0,1.666666667
gefitinib market,3.0,5.0,1.666666667
smoke law,5.0,5.0,1.0
harmful person,5.0,5.0,1.0
cell distant,5.0,5.0,1.0
elad m.p.h,5.0,5.0,1.0
leukemia prognostic,3.0,5.0,1.666666667
female adolescent,3.0,5.0,1.666666667
drug fatigue,4.0,5.0,1.25
dexamethasone long,3.0,5.0,1.666666667
active licensure,3.0,5.0,1.666666667
scientist active,3.0,5.0,1.666666667
place thing,5.0,5.0,1.0
dexamethasone multiple,4.0,5.0,1.25
long prospective,4.0,5.0,1.25
pelvic tumor,3.0,5.0,1.666666667
reflection year,3.0,5.0,1.666666667
working progress,3.0,5.0,1.666666667
drug lenalidomide,3.0,5.0,1.666666667
indication carfilzomib,3.0,5.0,1.666666667
bone turnover,3.0,5.0,1.666666667
region gene,5.0,5.0,1.0
tumor method,5.0,5.0,1.0
harbor mutation,5.0,5.0,1.0
tumor harbor,5.0,5.0,1.0
prospective multicentre,5.0,5.0,1.0
stop cancer,5.0,5.0,1.0
symptom traumatic,4.0,5.0,1.25
technique minimize,4.0,5.0,1.25
hospital investigator,3.0,5.0,1.666666667
glioma dipg,5.0,5.0,1.0
return cancer,5.0,5.0,1.0
year mri,3.0,5.0,1.666666667
tumor liquid,3.0,5.0,1.666666667
classification outcome,3.0,5.0,1.666666667
presentation aacr,4.0,5.0,1.25
crohn disease,4.0,5.0,1.25
discussion disease,5.0,5.0,1.0
brunilde gril,3.0,5.0,1.666666667
anxiety person,4.0,5.0,1.25
outcome brain,3.0,5.0,1.666666667
promise brain,3.0,5.0,1.666666667
symptom bad,4.0,5.0,1.25
inhibitor option,5.0,5.0,1.0
hope immunotherapy,5.0,5.0,1.0
brain eye,5.0,5.0,1.0
test promise,3.0,5.0,1.666666667
metastasis development,5.0,5.0,1.0
tumor idea,5.0,5.0,1.0
cancer overexpress,5.0,5.0,1.0
metastasis finding,5.0,5.0,1.0
radiation normal,3.0,5.0,1.666666667
drug normal,5.0,5.0,1.0
tumor prostate,5.0,5.0,1.0
cancer devesa,3.0,5.0,1.666666667
favorable cancer,4.0,5.0,1.25
proportion woman,5.0,5.0,1.0
similar proportion,5.0,5.0,1.0
stigma low,5.0,5.0,1.0
support practitioner,5.0,5.0,1.0
psychosocial distress,5.0,5.0,1.0
incidence oropharyngeal,3.0,5.0,1.666666667
factor head,4.0,5.0,1.25
north carolina,5.0,5.0,1.0
statistic death,5.0,5.0,1.0
diagnosis death,5.0,5.0,1.0
r00 pathway,4.0,5.0,1.25
range issue,5.0,5.0,1.0
ph.d chief,5.0,5.0,1.0
hpv screening,5.0,5.0,1.0
simple genome,3.0,5.0,1.666666667
therapy therapeutic,5.0,5.0,1.0
alpha beta,3.0,5.0,1.666666667
mutation inactivation,3.0,5.0,1.666666667
arm adverse,3.0,5.0,1.666666667
award complete,5.0,5.0,1.0
activity high,5.0,5.0,1.0
useful marker,5.0,5.0,1.0
joint cancer,3.0,5.0,1.666666667
molecular driver,5.0,5.0,1.0
cell clonal,4.0,5.0,1.25
low pain,5.0,5.0,1.0
mutation pik3ca,5.0,5.0,1.0
disease sinusoidal,3.0,5.0,1.666666667
adult bone,4.0,5.0,1.25
sarcoma ewing,4.0,5.0,1.25
significance blood,3.0,5.0,1.666666667
freeze abnormal,4.0,5.0,1.25
mutation pediatr,3.0,5.0,1.666666667
concern cell,4.0,5.0,1.25
disease fatal,5.0,5.0,1.0
tumor excision,5.0,5.0,1.0
low young,5.0,5.0,1.0
decade progress,4.0,5.0,1.25
white stage,3.0,5.0,1.666666667
young white,3.0,5.0,1.666666667
bad rate,5.0,5.0,1.0
obstruction cancer,3.0,5.0,1.666666667
disease short,5.0,5.0,1.0
examination survey,3.0,5.0,1.666666667
nutrition examination,3.0,5.0,1.666666667
note award,5.0,5.0,1.0
significance gene,3.0,5.0,1.666666667
burden bad,3.0,5.0,1.666666667
plan tumor,5.0,5.0,1.0
cancer pathology,4.0,5.0,1.25
procedure cell,4.0,5.0,1.25
embryonal carcinoma,3.0,5.0,1.666666667
tumor retrospective,5.0,5.0,1.0
atrx alteration,3.0,5.0,1.666666667
tissue benign,5.0,5.0,1.0
cell sentinel,5.0,5.0,1.0
point disease,5.0,5.0,1.0
tauziède espariat,3.0,5.0,1.666666667
cancer daily,3.0,5.0,1.666666667
tissue form,5.0,5.0,1.0
body soft,4.0,5.0,1.25
skin mucous,3.0,5.0,1.666666667
adult sarcoma,4.0,5.0,1.25
age annual,4.0,5.0,1.25
measure impact,4.0,5.0,1.25
factor responsible,5.0,5.0,1.0
stage colorectal,5.0,5.0,1.0
datum hope,5.0,5.0,1.0
speciman cancer,4.0,5.0,1.25
sequence dna,5.0,5.0,1.0
disease objective,3.0,5.0,1.666666667
distinct genomic,3.0,5.0,1.666666667
immunotherapy benefit,5.0,5.0,1.0
cancer healthcare,4.0,5.0,1.25
problem lymph,4.0,5.0,1.25
period man,5.0,5.0,1.0
old cell,5.0,5.0,1.0
quality limited,3.0,5.0,1.666666667
rate relative,4.0,5.0,1.25
rate nivolumab,3.0,5.0,1.666666667
pathologist sample,5.0,5.0,1.0
muscle bone,5.0,5.0,1.0
personality trait,5.0,5.0,1.0
connection referral,5.0,5.0,1.0
cell anemia,5.0,5.0,1.0
underscore importance,5.0,5.0,1.0
referral time,5.0,5.0,1.0
self referral,5.0,5.0,1.0
option self,5.0,5.0,1.0
minimum calendar,5.0,5.0,1.0
ethnic high,4.0,5.0,1.25
charge bill,5.0,5.0,1.0
protocol charge,5.0,5.0,1.0
consent protocol,5.0,5.0,1.0
time little,5.0,5.0,1.0
woman analysis,5.0,5.0,1.0
d.v.m ph.d,5.0,5.0,1.0
transplantation recipient,3.0,5.0,1.666666667
nob consent,5.0,5.0,1.0
cancer undergo,5.0,5.0,1.0
model age,5.0,5.0,1.0
candidate plan,5.0,5.0,1.0
rest detail,5.0,5.0,1.0
topic rest,5.0,5.0,1.0
summarize topic,5.0,5.0,1.0
counseling support,4.0,5.0,1.25
cancer malignancy,4.0,5.0,1.25
human time,4.0,5.0,1.25
elusive target,5.0,5.0,1.0
present diagnosis,3.0,5.0,1.666666667
form child,5.0,5.0,1.0
organ failure,5.0,5.0,1.0
experience long,5.0,5.0,1.0
human stem,3.0,5.0,1.666666667
overview summarize,5.0,5.0,1.0
note overview,5.0,5.0,1.0
overview incidence,5.0,5.0,1.0
30k year,5.0,5.0,1.0
award budget,5.0,5.0,1.0
adverse pembrolizumab,3.0,5.0,1.666666667
lesion multiple,3.0,5.0,1.666666667
drug abiraterone,4.0,5.0,1.25
cancer investigate,5.0,5.0,1.0
test value,5.0,5.0,1.0
distinct adult,3.0,5.0,1.666666667
presence gene,3.0,5.0,1.666666667
detection prevention,5.0,5.0,1.0
grade histology,3.0,5.0,1.666666667
year transition,5.0,5.0,1.0
minute walk,3.0,5.0,1.666666667
cardiac tumor,3.0,5.0,1.666666667
subtype myeloid,5.0,5.0,1.0
area concern,5.0,5.0,1.0
focus goal,4.0,5.0,1.25
factor pathway,5.0,5.0,1.0
pediatric pulmonary,4.0,5.0,1.25
ejection fraction,3.0,5.0,1.666666667
kaiser permanente,4.0,5.0,1.25
tumor metab,3.0,5.0,1.666666667
inhibitor imatinib,3.0,5.0,1.666666667
recurrent ependymoma,3.0,5.0,1.666666667
university abramson,5.0,5.0,1.0
year university,3.0,5.0,1.666666667
single large,5.0,5.0,1.0
death oncologist,3.0,5.0,1.666666667
surgery large,5.0,5.0,1.0
therapy targeted,4.0,5.0,1.25
subtype presence,3.0,5.0,1.666666667
cancer improvement,5.0,5.0,1.0
hospital colleague,5.0,5.0,1.0
problem chronic,5.0,5.0,1.0
cord nerve,4.0,5.0,1.25
well long,5.0,5.0,1.0
tumor hereditary,5.0,5.0,1.0
stage old,5.0,5.0,1.0
therapy figure,5.0,5.0,1.0
history habit,5.0,5.0,1.0
cancer expression,5.0,5.0,1.0
institution budget,5.0,5.0,1.0
distinct biological,5.0,5.0,1.0
organ liver,5.0,5.0,1.0
goal surgery,5.0,5.0,1.0
sweat symptom,4.0,5.0,1.25
nodule imaging,3.0,5.0,1.666666667
medicine support,5.0,5.0,1.0
multiple lesion,3.0,5.0,1.666666667
net benefit,5.0,5.0,1.0
university hospital,5.0,5.0,1.0
lesion large,3.0,5.0,1.666666667
heterozygous germline,3.0,5.0,1.666666667
neurosurgeon ask,5.0,5.0,1.0
manifestation syndrome,4.0,5.0,1.25
embryonic development,3.0,5.0,1.666666667
grade age,3.0,5.0,1.666666667
biallelic pathogenic,3.0,5.0,1.666666667
gene myeloid,3.0,5.0,1.666666667
negative pembrolizumab,4.0,5.0,1.25
cohort chemotherapy,5.0,5.0,1.0
benefit option,4.0,5.0,1.25
regiman single,4.0,5.0,1.25
variant abnormal,5.0,5.0,1.0
leukemia old,5.0,5.0,1.0
therapy tisagenlecleucel,4.0,5.0,1.25
overweight obese,4.0,5.0,1.25
child appointment,5.0,5.0,1.0
pathologist microscope,5.0,5.0,1.0
initial adult,5.0,5.0,1.0
stage grade,4.0,5.0,1.25
agent low,4.0,5.0,1.25
plan factor,5.0,5.0,1.0
variant lack,3.0,5.0,1.666666667
gastrointestinal polyp,3.0,5.0,1.666666667
infusion day,5.0,5.0,1.0
continuous infusion,5.0,5.0,1.0
pain discomfort,5.0,5.0,1.0
professor pediatric,4.0,5.0,1.25
unique molecular,5.0,5.0,1.0
discomfort pain,5.0,5.0,1.0
tumor mean,5.0,5.0,1.0
gemtuzumab myeloid,4.0,5.0,1.25
addition surgery,4.0,5.0,1.25
systematic preventive,3.0,5.0,1.666666667
therapy curative,5.0,5.0,1.0
outpatient chemotherapy,3.0,5.0,1.666666667
test low,5.0,5.0,1.0
disappearance tumor,5.0,5.0,1.0
phase pembrolizumab,5.0,5.0,1.0
stratification pediatric,3.0,5.0,1.666666667
investigator m.p.h,5.0,5.0,1.0
tip managing,4.0,5.0,1.25
attitude practice,5.0,5.0,1.0
sex birth,4.0,5.0,1.25
phd hospital,5.0,5.0,1.0
diagnosis colorectal,3.0,5.0,1.666666667
dicer1 gene,3.0,5.0,1.666666667
nonmetastatic breast,3.0,5.0,1.666666667
anxiety time,4.0,5.0,1.25
substantial portion,5.0,5.0,1.0
pathway growth,3.0,5.0,1.666666667
genomic method,5.0,5.0,1.0
screening participant,5.0,5.0,1.0
planning advance,3.0,5.0,1.666666667
cancer mutant,3.0,5.0,1.666666667
female young,4.0,5.0,1.25
remission high,5.0,5.0,1.0
fecal occult,4.0,5.0,1.25
stool sample,4.0,5.0,1.25
pipeline ccg,5.0,5.0,1.0
gastric stomach,5.0,5.0,1.0
genomic computational,5.0,5.0,1.0
overview genome,5.0,5.0,1.0
genomics genomic,5.0,5.0,1.0
ranking assess,5.0,5.0,1.0
cancer ranking,5.0,5.0,1.0
ian fingerman,3.0,5.0,1.666666667
person testing,4.0,5.0,1.25
drug tyrosine,5.0,5.0,1.0
improvement disease,5.0,5.0,1.0
mass high,3.0,5.0,1.666666667
initiative unique,3.0,5.0,1.666666667
alteration drug,5.0,5.0,1.0
unique position,3.0,5.0,1.666666667
lead branch,5.0,5.0,1.0
disease loss,3.0,5.0,1.666666667
cancer sept,3.0,5.0,1.666666667
oncogenic pathway,4.0,5.0,1.25
palliative radiation,4.0,5.0,1.25
facet cancer,4.0,5.0,1.25
node nearby,3.0,5.0,1.666666667
cell dividing,5.0,5.0,1.0
mutant lung,5.0,5.0,1.0
factor presence,5.0,5.0,1.0
screen lesion,5.0,5.0,1.0
metabolic cancer,5.0,5.0,1.0
grain cereal,4.0,5.0,1.25
elderly cancer,3.0,5.0,1.666666667
chronic bronchitis,4.0,5.0,1.25
disease copd,4.0,5.0,1.25
therapy btk,3.0,5.0,1.666666667
bladder urinary,4.0,5.0,1.25
drug methotrexate,3.0,5.0,1.666666667
disease refractory,5.0,5.0,1.0
day chemotherapy,4.0,5.0,1.25
disease pain,4.0,5.0,1.25
target multiple,5.0,5.0,1.0
identification molecular,5.0,5.0,1.0
gender difference,5.0,5.0,1.0
surgical cancer,4.0,5.0,1.25
old problem,5.0,5.0,1.0
tumor inhibition,5.0,5.0,1.0
composition gut,3.0,5.0,1.666666667
inhibitor human,5.0,5.0,1.0
immunotherapy gut,3.0,5.0,1.666666667
cancer rehabilitation,4.0,5.0,1.25
immune inhibition,5.0,5.0,1.0
datum processing,4.0,5.0,1.25
cancer useful,5.0,5.0,1.0
mutation deletion,3.0,5.0,1.666666667
datum benefit,4.0,5.0,1.25
concern breast,4.0,5.0,1.25
unrecognized chemotherapy,5.0,5.0,1.0
tendon fat,4.0,5.0,1.25
shift tobacco,3.0,5.0,1.666666667
agent dna,5.0,5.0,1.0
prostate pancreatic,5.0,5.0,1.0
classify lung,3.0,5.0,1.666666667
intelligence classify,3.0,5.0,1.666666667
severe depression,4.0,5.0,1.25
capacity generation,3.0,5.0,1.666666667
damage parp,5.0,5.0,1.0
testing lab,3.0,5.0,1.666666667
positive person,4.0,5.0,1.25
cancer parp,5.0,5.0,1.0
adult new,5.0,5.0,1.0
form soft,4.0,5.0,1.25
therapy soft,3.0,5.0,1.666666667
cancer cover,5.0,5.0,1.0
strong predictor,4.0,5.0,1.25
mutation driver,3.0,5.0,1.666666667
old potential,5.0,5.0,1.0
radiation disease,5.0,5.0,1.0
diagnosis gastrointestinal,3.0,5.0,1.666666667
tumor major,5.0,5.0,1.0
cancerous tissue,5.0,5.0,1.0
adjacent area,5.0,5.0,1.0
demographic characteristic,3.0,5.0,1.666666667
spread tissue,4.0,5.0,1.25
prevalence oral,3.0,5.0,1.666666667
pediatric dipg,3.0,5.0,1.666666667
activation oncogene,3.0,5.0,1.666666667
woman deleterious,3.0,5.0,1.666666667
addition variant,3.0,5.0,1.666666667
cancer carboplatin,5.0,5.0,1.0
sample genome,4.0,5.0,1.25
datum thing,5.0,5.0,1.0
feature molecular,3.0,5.0,1.666666667
genomic gene,3.0,5.0,1.666666667
oncology capacity,3.0,5.0,1.666666667
tobacco impact,5.0,5.0,1.0
decade old,5.0,5.0,1.0
dna segment,4.0,5.0,1.25
heterozygosity loh,3.0,5.0,1.666666667
trend age,5.0,5.0,1.0
syndrome apc,4.0,5.0,1.25
winslow cancer,3.0,5.0,1.666666667
oncology breast,4.0,5.0,1.25
analysis method,5.0,5.0,1.0
genomic ocg,5.0,5.0,1.0
practice low-,4.0,5.0,1.25
long need,5.0,5.0,1.0
prospective retrospective,3.0,5.0,1.666666667
major subtype,3.0,5.0,1.666666667
pathway medulloblastoma,3.0,5.0,1.666666667
medicine progress,3.0,5.0,1.666666667
rate female,5.0,5.0,1.0
cancer atezolizumab,5.0,5.0,1.0
management chronic,3.0,5.0,1.666666667
speed attention,3.0,5.0,1.666666667
cancer spot,5.0,5.0,1.0
cell green,4.0,5.0,1.25
gastrointestinal nausea,4.0,5.0,1.25
integration cancer,4.0,5.0,1.25
tumor pathological,4.0,5.0,1.25
fungal infection,4.0,5.0,1.25
react child,5.0,5.0,1.0
body react,5.0,5.0,1.0
pain breast,5.0,5.0,1.0
nicotine delivery,5.0,5.0,1.0
cancer secondary,5.0,5.0,1.0
time finding,5.0,5.0,1.0
chance course,5.0,5.0,1.0
diagnose disease,5.0,5.0,1.0
modeling datum,5.0,5.0,1.0
appendix surgery,4.0,5.0,1.25
committee management,3.0,5.0,1.666666667
lifetime breast,5.0,5.0,1.0
surgeon pathologist,5.0,5.0,1.0
drug olaparib,5.0,5.0,1.0
rearrangement method,3.0,5.0,1.666666667
implication mutation,3.0,5.0,1.666666667
french association,3.0,5.0,1.666666667
normal activity,3.0,5.0,1.666666667
therapy successful,5.0,5.0,1.0
addition significant,4.0,5.0,1.25
negative woman,3.0,5.0,1.666666667
woman community,5.0,5.0,1.0
presence harmful,4.0,5.0,1.25
chemical menopause,3.0,5.0,1.666666667
cell biomarker,5.0,5.0,1.0
molecule growth,5.0,5.0,1.0
girl age,5.0,5.0,1.0
substance block,5.0,5.0,1.0
step booklet,5.0,5.0,1.0
team step,5.0,5.0,1.0
cigarettes tobacco,3.0,5.0,1.666666667
form nicotine,3.0,5.0,1.666666667
loss growth,4.0,5.0,1.25
med assoc,4.0,5.0,1.25
empiric therapy,3.0,5.0,1.666666667
slide scan,5.0,5.0,1.0
cell regular,4.0,5.0,1.25
enzyme cancer,5.0,5.0,1.0
tumor anatomy,5.0,5.0,1.0
registry series,3.0,5.0,1.666666667
mri magnet,5.0,5.0,1.0
medulloblastoma meningioma,5.0,5.0,1.0
cerebri gliosarcoma,5.0,5.0,1.0
ependymoma gliomatosis,5.0,5.0,1.0
glioma ependymoma,5.0,5.0,1.0
plexus tumor,5.0,5.0,1.0
achievable goal,5.0,5.0,1.0
liquid nicotine,5.0,5.0,1.0
pandemic impact,5.0,5.0,1.0
progress community,5.0,5.0,1.0
commissioner drug,5.0,5.0,1.0
datum advance,5.0,5.0,1.0
epigenetic analysis,3.0,5.0,1.666666667
drug acalabrutinib,3.0,5.0,1.666666667
collaboration key,5.0,5.0,1.0
welch thyroid,3.0,5.0,1.666666667
pituitary adrenal,3.0,5.0,1.666666667
damage lung,4.0,5.0,1.25
molecular subset,3.0,5.0,1.666666667
cancer subject,5.0,5.0,1.0
challenge progress,5.0,5.0,1.0
cancer successful,4.0,5.0,1.25
program—21 year,3.0,5.0,1.666666667
cure program—21,3.0,5.0,1.666666667
progress exceptional,3.0,5.0,1.666666667
small pouch,3.0,5.0,1.666666667
cancer rathmell,4.0,5.0,1.25
anticancer therapy,5.0,5.0,1.0
progress field,5.0,5.0,1.0
symptom median,5.0,5.0,1.0
harold varmus,5.0,5.0,1.0
wide spectrum,4.0,5.0,1.25
cancer position,5.0,5.0,1.0
position cancer,5.0,5.0,1.0
cancer uicc,4.0,5.0,1.25
tumor digestive,3.0,5.0,1.666666667
pipe tobacco,3.0,5.0,1.666666667
screening good,5.0,5.0,1.0
tumor prognostic,4.0,5.0,1.25
cog cohort,3.0,5.0,1.666666667
quality anxiety,3.0,5.0,1.666666667
activity year,5.0,5.0,1.0
overall man,3.0,5.0,1.666666667
stage chemotherapy,3.0,5.0,1.666666667
disorder severe,5.0,5.0,1.0
upper low,4.0,5.0,1.25
awareness progress,4.0,5.0,1.25
mutation severe,3.0,5.0,1.666666667
early generation,3.0,5.0,1.666666667
cohort colorectal,4.0,5.0,1.25
break heart,3.0,5.0,1.666666667
tobacco break,3.0,5.0,1.666666667
genomic medicine,3.0,5.0,1.666666667
spiritual advanced,3.0,5.0,1.666666667
day united,3.0,5.0,1.666666667
day world,5.0,5.0,1.0
nationwide cohort,4.0,5.0,1.25
moonshot opportunity,5.0,5.0,1.0
good immunotherapy,4.0,5.0,1.25
time half,5.0,5.0,1.0
dramatic increase,4.0,5.0,1.25
temporal lobe,3.0,5.0,1.666666667
friend neighbor,5.0,5.0,1.0
disease phase,5.0,5.0,1.0
distinct phenotype,3.0,5.0,1.666666667
cancer pod,3.0,5.0,1.666666667
improvement symptom,5.0,5.0,1.0
drug additional,5.0,5.0,1.0
tnf receptor,4.0,5.0,1.25
environmental tobacco,3.0,5.0,1.666666667
lack time,4.0,5.0,1.25
present year,4.0,5.0,1.25
cell express,5.0,5.0,1.0
adult factor,5.0,5.0,1.0
cell dendritic,4.0,5.0,1.25
sample healthy,5.0,5.0,1.0
surgical oncologist,5.0,5.0,1.0
disease neoadjuvant,4.0,5.0,1.25
participant woman,5.0,5.0,1.0
cancer pace,3.0,5.0,1.666666667
activation receptor,5.0,5.0,1.0
longitudinal assessment,3.0,5.0,1.666666667
cancer commentary,5.0,5.0,1.0
survivor observation,3.0,5.0,1.666666667
kra protein,5.0,5.0,1.0
multicenter prospective,5.0,5.0,1.0
mouth tongue,3.0,5.0,1.666666667
tobacco snuff,4.0,5.0,1.25
criterion requirement,3.0,5.0,1.666666667
hookah waterpipe,4.0,5.0,1.25
pain week,4.0,5.0,1.25
cancer responsible,3.0,5.0,1.666666667
academic hospital,3.0,5.0,1.666666667
problem tumor,5.0,5.0,1.0
discussion oncologist,3.0,5.0,1.666666667
destruction immune,4.0,5.0,1.25
nonmalignant tumor,3.0,5.0,1.666666667
wide variation,3.0,5.0,1.666666667
generic drug,5.0,5.0,1.0
interview survey,4.0,5.0,1.25
word cancer,5.0,5.0,1.0
low complication,3.0,5.0,1.666666667
response diagnosis,3.0,5.0,1.666666667
highlight immunotherapy,3.0,5.0,1.666666667
heart pericardial,3.0,5.0,1.666666667
malignancy blood,4.0,5.0,1.25
suspicious nodule,4.0,5.0,1.25
field example,5.0,5.0,1.0
hematopoietic sct,3.0,5.0,1.666666667
drug woman,5.0,5.0,1.0
cancer develop,5.0,5.0,1.0
criterion advanced,3.0,5.0,1.666666667
therapy support,4.0,5.0,1.25
cancer select,5.0,5.0,1.0
investigator stage,4.0,5.0,1.25
cancer pdmc,3.0,5.0,1.666666667
diagnostic sensitivity,3.0,5.0,1.666666667
transfer act,5.0,5.0,1.0
cancer presentation,5.0,5.0,1.0
tumor reactive,3.0,5.0,1.666666667
dexamethasone bortezomib,4.0,5.0,1.25
tobacco exposure,5.0,5.0,1.0
enhancement step,3.0,5.0,1.666666667
multiple drug,5.0,5.0,1.0
upper limit,3.0,5.0,1.666666667
ultrasound imaging,4.0,5.0,1.25
cancer enroll,5.0,5.0,1.0
good course,5.0,5.0,1.0
validation cohort,3.0,5.0,1.666666667
deletion cdkn2a,3.0,5.0,1.666666667
glioma median,3.0,5.0,1.666666667
exercise usual,3.0,5.0,1.666666667
acid sample,3.0,5.0,1.666666667
cancer unprecedented,5.0,5.0,1.0
age pediatric,4.0,5.0,1.25
percentage high,5.0,5.0,1.0
presurgical chemotherapy,5.0,5.0,1.0
benefit phase,3.0,5.0,1.666666667
status predictor,5.0,5.0,1.0
safe therapy,5.0,5.0,1.0
high participant,5.0,5.0,1.0
phenotype cimp,3.0,5.0,1.666666667
therapy regiman,4.0,5.0,1.25
age previous,3.0,5.0,1.666666667
model target,5.0,5.0,1.0
background target,5.0,5.0,1.0
target background,5.0,5.0,1.0
obliterans pneumonia,3.0,5.0,1.666666667
total woman,3.0,5.0,1.666666667
syndrome distinct,4.0,5.0,1.25
refractory chronic,3.0,5.0,1.666666667
survivor diagnosis,4.0,5.0,1.25
spirituality time,3.0,5.0,1.666666667
community spirituality,3.0,5.0,1.666666667
week activity,3.0,5.0,1.666666667
small minority,5.0,5.0,1.0
woman diagnosis,3.0,5.0,1.666666667
mutation hum,4.0,5.0,1.25
analysis diagnosis,3.0,5.0,1.666666667
old message,5.0,5.0,1.0
facilitate discussion,3.0,5.0,1.666666667
heavy smoking,4.0,5.0,1.25
pediatric malignant,4.0,5.0,1.25
difficult task,3.0,5.0,1.666666667
hospital stay,5.0,5.0,1.0
exam increase,3.0,5.0,1.666666667
analysis radiation,3.0,5.0,1.666666667
chemotherapy refractory,4.0,5.0,1.25
importance collaboration,5.0,5.0,1.0
harm tobacco,3.0,5.0,1.666666667
bind cell,5.0,5.0,1.0
radioactive tracer,3.0,5.0,1.666666667
gathering datum,5.0,5.0,1.0
dry skin,5.0,5.0,1.0
tip problem,5.0,5.0,1.0
clin north,4.0,5.0,1.25
drink easy,5.0,5.0,1.0
single entity,3.0,5.0,1.666666667
fiber low,5.0,5.0,1.0
cell alive,4.0,5.0,1.25
factor chronic,3.0,5.0,1.666666667
option young,5.0,5.0,1.0
statistic trend,5.0,5.0,1.0
consideration pediatric,4.0,5.0,1.25
syndrome genet,3.0,5.0,1.666666667
time future,5.0,5.0,1.0
glioma distinct,3.0,5.0,1.666666667
crchd intramural,5.0,5.0,1.0
factor obesity,4.0,5.0,1.25
erythropoietin receptor,3.0,5.0,1.666666667
outcome old,5.0,5.0,1.0
pain advanced,5.0,5.0,1.0
anxiety fear,5.0,5.0,1.0
music therapy,5.0,5.0,1.0
target pediatric,5.0,5.0,1.0
myb gene,3.0,5.0,1.666666667
excellent long,5.0,5.0,1.0
internal external,5.0,5.0,1.0
gastric lymphoma,3.0,5.0,1.666666667
sarcoma foundation,5.0,5.0,1.0
carcinoma clinic,4.0,5.0,1.25
year decline,3.0,5.0,1.666666667
sarcoma gastrointestinal,4.0,5.0,1.25
cohort scholar,4.0,5.0,1.25
placebo addition,5.0,5.0,1.0
cancer pan,4.0,5.0,1.25
frequency braf,3.0,5.0,1.666666667
dental carie,3.0,5.0,1.666666667
belief spiritual,3.0,5.0,1.666666667
conduct colleague,5.0,5.0,1.0
deep breathing,5.0,5.0,1.0
strategy death,5.0,5.0,1.0
phenotype low,5.0,5.0,1.0
efficacy pediatric,3.0,5.0,1.666666667
throat esophagus,4.0,5.0,1.25
tumor wide,4.0,5.0,1.25
cell compound,4.0,5.0,1.25
compound cell,4.0,5.0,1.25
stage stomach,4.0,5.0,1.25
rate new,5.0,5.0,1.0
cemiplimab advanced,3.0,5.0,1.666666667
positive woman,5.0,5.0,1.0
chest heart,4.0,5.0,1.25
analysis world,5.0,5.0,1.0
practice support,5.0,5.0,1.0
rare blood,3.0,5.0,1.666666667
focus quality,3.0,5.0,1.666666667
nutrient cell,4.0,5.0,1.25
hospital nursing,3.0,5.0,1.666666667
old accelerate,5.0,5.0,1.0
glioma neurofibromatosis,3.0,5.0,1.666666667
share idea,4.0,5.0,1.25
pain functional,3.0,5.0,1.666666667
tobacco country,4.0,5.0,1.25
pulmonary fibrosis,3.0,5.0,1.666666667
melanoma team,4.0,5.0,1.25
management chemotherapy,5.0,5.0,1.0
brain imaging,5.0,5.0,1.0
regular skin,4.0,5.0,1.25
area old,5.0,5.0,1.0
medulloblastoma embryonal,3.0,5.0,1.666666667
ependymomas molecular,3.0,5.0,1.666666667
unique subset,3.0,5.0,1.666666667
wide analysis,3.0,5.0,1.666666667
dctd cancer,5.0,5.0,1.0
drug addition,5.0,5.0,1.0
dceg linkage,4.0,5.0,1.25
parp enzyme,3.0,5.0,1.666666667
clear picture,5.0,5.0,1.0
breast skin,4.0,5.0,1.25
cancer anticancer,5.0,5.0,1.0
area bone,5.0,5.0,1.0
present surface,5.0,5.0,1.0
cancer real,5.0,5.0,1.0
conference participant,4.0,5.0,1.25
symptom head,4.0,5.0,1.25
pattern metastasis,3.0,5.0,1.666666667
protein normal,5.0,5.0,1.0
inhibitor olaparib,3.0,5.0,1.666666667
serine threonine,3.0,5.0,1.666666667
therapy parp,4.0,5.0,1.25
attention cancer,4.0,5.0,1.25
widespread skin,3.0,5.0,1.666666667
symptom widespread,3.0,5.0,1.666666667
old genomic,5.0,5.0,1.0
predictive outcome,5.0,5.0,1.0
form hard,5.0,5.0,1.0
locus large,4.0,5.0,1.25
ceritinib zykadia,5.0,5.0,1.0
duke cancer,4.0,5.0,1.25
protein breast,4.0,5.0,1.25
illuminate breast,3.0,5.0,1.666666667
web cancer,4.0,5.0,1.25
good outcome,5.0,5.0,1.0
datum advanced,5.0,5.0,1.0
medicine lead,5.0,5.0,1.0
similarity difference,5.0,5.0,1.0
dual biomarker,3.0,5.0,1.666666667
expression biomarker,3.0,5.0,1.666666667
intensive lung,3.0,5.0,1.666666667
low similar,5.0,5.0,1.0
disease incidence,5.0,5.0,1.0
female ratio,3.0,5.0,1.666666667
great incidence,5.0,5.0,1.0
rate stable,5.0,5.0,1.0
man incidence,4.0,5.0,1.25
female child,4.0,5.0,1.25
adult disease,5.0,5.0,1.0
decline overall,5.0,5.0,1.0
quality questionnaire,5.0,5.0,1.0
dna domain,3.0,5.0,1.666666667
great chance,5.0,5.0,1.0
census bureau,5.0,5.0,1.0
confirmatory benefit,5.0,5.0,1.0
lymphoma difficult,3.0,5.0,1.666666667
multi omics,4.0,5.0,1.25
difference cell,3.0,5.0,1.666666667
engineering immune,5.0,5.0,1.0
factor growth,4.0,5.0,1.25
candidate postdoctoral,3.0,5.0,1.666666667
application response,5.0,5.0,1.0
eligible candidate,5.0,5.0,1.0
prevention application,3.0,5.0,1.666666667
surgery kill,5.0,5.0,1.0
oncology project,3.0,5.0,1.666666667
cell outcome,4.0,5.0,1.25
branch eligible,5.0,5.0,1.0
statistical analysis,5.0,5.0,1.0
expression loss,3.0,5.0,1.666666667
sensory neuropathy,4.0,5.0,1.25
traditional chemotherapy,5.0,5.0,1.0
additional feature,5.0,5.0,1.0
animal cell,5.0,5.0,1.0
support application,3.0,5.0,1.666666667
clue head,3.0,5.0,1.666666667
genome yield,3.0,5.0,1.666666667
tool ccdi,4.0,5.0,1.25
series conversation,5.0,5.0,1.0
time number,5.0,5.0,1.0
translational investigator,5.0,5.0,1.0
woman able,5.0,5.0,1.0
datum breast,4.0,5.0,1.25
rate datum,5.0,5.0,1.0
age race,5.0,5.0,1.0
major molecular,5.0,5.0,1.0
cancer rhabdomyosarcoma,5.0,5.0,1.0
line small,3.0,5.0,1.666666667
adult genomic,3.0,5.0,1.666666667
incidence morbidity,4.0,5.0,1.25
biomedical cancer,4.0,5.0,1.25
year incredible,3.0,5.0,1.666666667
small imaging,4.0,5.0,1.25
association mutation,3.0,5.0,1.666666667
protein array,4.0,5.0,1.25
genomic tool,5.0,5.0,1.0
woman tumor,3.0,5.0,1.666666667
location cell,3.0,5.0,1.666666667
damage repair,5.0,5.0,1.0
characterization pediatric,3.0,5.0,1.666666667
lymphoma pathology,3.0,5.0,1.666666667
annual budget,5.0,5.0,1.0
personal growth,5.0,5.0,1.0
disease model,5.0,5.0,1.0
homozygous deletion,3.0,5.0,1.666666667
painless lump,5.0,5.0,1.0
child right,5.0,5.0,1.0
immune gene,3.0,5.0,1.666666667
lymphoma line,3.0,5.0,1.666666667
lymphoma adolescence,3.0,5.0,1.666666667
cancer signal,4.0,5.0,1.25
carcinoma therapy,5.0,5.0,1.0
visualization exploration,4.0,5.0,1.25
expression mhc,3.0,5.0,1.666666667
love cancer,3.0,5.0,1.666666667
feature outcome,5.0,5.0,1.0
guiding symptom,5.0,5.0,1.0
specificity sensitivity,5.0,5.0,1.0
tumor sex,3.0,5.0,1.666666667
gene somatic,4.0,5.0,1.25
time procedure,5.0,5.0,1.0
cancer applicant,3.0,5.0,1.666666667
scope cancer,3.0,5.0,1.666666667
value preference,4.0,5.0,1.25
easy cancer,4.0,5.0,1.25
functional impact,4.0,5.0,1.25
disease great,5.0,5.0,1.0
driver disease,5.0,5.0,1.0
normal function,5.0,5.0,1.0
cell neutrophil,3.0,5.0,1.666666667
tumor advocacy,4.0,5.0,1.25
surgery increase,3.0,5.0,1.666666667
recurrence support,5.0,5.0,1.0
mechanism outcome,3.0,5.0,1.666666667
physician scientist,5.0,5.0,1.0
death resident,3.0,5.0,1.666666667
dna exome,5.0,5.0,1.0
affordable high,4.0,5.0,1.25
example small,5.0,5.0,1.0
stage gastrointestinal,3.0,5.0,1.666666667
digestive cancer,4.0,5.0,1.25
bioengineering nibib,5.0,5.0,1.0
endocrine gene,3.0,5.0,1.666666667
growth mutation,5.0,5.0,1.0
sarcoma malignant,5.0,5.0,1.0
lung abdomen,5.0,5.0,1.0
year pilot,5.0,5.0,1.0
leg foot,5.0,5.0,1.0
academic investigator,5.0,5.0,1.0
factor public,4.0,5.0,1.25
box cancer,4.0,5.0,1.25
promise total,3.0,5.0,1.666666667
potential promise,3.0,5.0,1.666666667
story datum,5.0,5.0,1.0
community story,5.0,5.0,1.0
imt leiomyosarcoma,5.0,5.0,1.0
tumor imt,5.0,5.0,1.0
factor associated,4.0,5.0,1.25
poverty cancer,5.0,5.0,1.0
smoking obesity,4.0,5.0,1.25
cervical cell,5.0,5.0,1.0
investigator breast,5.0,5.0,1.0
development testing,5.0,5.0,1.0
endoscopic ultrasound,4.0,5.0,1.25
short dna,5.0,5.0,1.0
hpv16 infection,3.0,5.0,1.666666667
goal progress,5.0,5.0,1.0
therapy gastrointestinal,5.0,5.0,1.0
similar test,5.0,5.0,1.0
pathway able,3.0,5.0,1.666666667
tumor mixed,3.0,5.0,1.666666667
previous lab,4.0,5.0,1.25
provider breast,3.0,5.0,1.666666667
prognostic influence,4.0,5.0,1.25
partnership pharmaceutical,5.0,5.0,1.0
few mutation,3.0,5.0,1.666666667
well option,5.0,5.0,1.0
healthy goal,5.0,5.0,1.0
external internal,5.0,5.0,1.0
transplant surgery,5.0,5.0,1.0
collect bone,5.0,5.0,1.0
small normal,5.0,5.0,1.0
large fraction,5.0,5.0,1.0
dsrct extra,5.0,5.0,1.0
tumor dsrct,5.0,5.0,1.0
asp clear,5.0,5.0,1.0
estimate time,3.0,5.0,1.666666667
frontier precision,3.0,5.0,1.666666667
potential mechanism,5.0,5.0,1.0
united annual,4.0,5.0,1.25
trend rate,5.0,5.0,1.0
tumor deep,5.0,5.0,1.0
resection small,3.0,5.0,1.666666667
viral oncogene,3.0,5.0,1.666666667
breast axilla,4.0,5.0,1.25
adult alk,3.0,5.0,1.666666667
rearrangement alk,4.0,5.0,1.25
antigen expression,3.0,5.0,1.666666667
resection appendix,3.0,5.0,1.666666667
abdominal wall,3.0,5.0,1.666666667
branch bartosch,5.0,5.0,1.0
issue branch,5.0,5.0,1.0
supplementation additional,5.0,5.0,1.0
methylation histone,5.0,5.0,1.0
testing stage,5.0,5.0,1.0
milk nipple,4.0,5.0,1.25
chest breast,4.0,5.0,1.25
midostaurin myeloid,3.0,5.0,1.666666667
therapy radiopharmaceutical,3.0,5.0,1.666666667
cell epigenetic,3.0,5.0,1.666666667
woman single,3.0,5.0,1.666666667
resection lymph,3.0,5.0,1.666666667
abdominal surgery,3.0,5.0,1.666666667
small significant,4.0,5.0,1.25
quality surgery,5.0,5.0,1.0
screening key,4.0,5.0,1.25
aggressive systemic,5.0,5.0,1.0
number adverse,5.0,5.0,1.0
cancer twitter,5.0,5.0,1.0
vaccination oral,5.0,5.0,1.0
symptom nausea,5.0,5.0,1.0
nanotechnology cancer,4.0,5.0,1.25
aml collaborative,4.0,5.0,1.25
low platelet,5.0,5.0,1.0
prevention plan,5.0,5.0,1.0
sensitive resistant,3.0,5.0,1.666666667
development experience,5.0,5.0,1.0
intensive development,5.0,5.0,1.0
match pediatric,5.0,5.0,1.0
dasatinib sprycel,5.0,5.0,1.0
test week,3.0,5.0,1.666666667
disease spectrum,3.0,5.0,1.666666667
malignancy pediatric,5.0,5.0,1.0
fee supply,5.0,5.0,1.0
notice clarification,5.0,5.0,1.0
dna histone,4.0,5.0,1.25
syndrome particular,4.0,5.0,1.25
physician pediatric,5.0,5.0,1.0
medication adherence,5.0,5.0,1.0
conversation new,5.0,5.0,1.0
mutation poor,5.0,5.0,1.0
transition independence,4.0,5.0,1.25
abnormal breast,3.0,5.0,1.666666667
diagnostic biopsy,5.0,5.0,1.0
procedure year,3.0,5.0,1.666666667
therapy progress,5.0,5.0,1.0
trio colorectal,3.0,5.0,1.666666667
future support,5.0,5.0,1.0
thank music,5.0,5.0,1.0
administer drug,5.0,5.0,1.0
support uninterrupted,5.0,5.0,1.0
duration support,5.0,5.0,1.0
mammogram low,3.0,5.0,1.666666667
aggressive sarcoma,3.0,5.0,1.666666667
particular mutation,3.0,5.0,1.666666667
space big,5.0,5.0,1.0
oncology field,3.0,5.0,1.666666667
skin layer,3.0,5.0,1.666666667
design endpoint,4.0,5.0,1.25
analysis drug,5.0,5.0,1.0
outcome test,5.0,5.0,1.0
wave internal,5.0,5.0,1.0
medicine nejm,5.0,5.0,1.0
medicine advance,5.0,5.0,1.0
community provider,5.0,5.0,1.0
radiation ray,5.0,5.0,1.0
breast low,4.0,5.0,1.25
time fantastic,3.0,5.0,1.666666667
test false,4.0,5.0,1.25
mammography false,3.0,5.0,1.666666667
drug triplet,4.0,5.0,1.25
screening example,5.0,5.0,1.0
mentorship thing,3.0,5.0,1.666666667
right tumor,5.0,5.0,1.0
sure thing,3.0,5.0,1.666666667
path music,5.0,5.0,1.0
tumor solid,5.0,5.0,1.0
year college,3.0,5.0,1.666666667
chemotherapy old,4.0,5.0,1.25
breast self,4.0,5.0,1.25
decrease chance,4.0,5.0,1.25
activation braf,3.0,5.0,1.666666667
thing place,5.0,5.0,1.0
oncologist death,3.0,5.0,1.666666667
oncology lot,5.0,5.0,1.0
interest experience,5.0,5.0,1.0
factor pattern,3.0,5.0,1.666666667
development metastasis,5.0,5.0,1.0
sarcoma lymphoma,5.0,5.0,1.0
turn pleasure,5.0,5.0,1.0
similar low,4.0,5.0,1.25
cancer nih,4.0,4.0,1.0
deadly cancer,4.0,4.0,1.0
polymorphism gene,3.0,4.0,1.333333333
annual day,4.0,4.0,1.0
comparison datum,4.0,4.0,1.0
treatable curable,4.0,4.0,1.0
undifferentiated tumor,4.0,4.0,1.0
nice thing,4.0,4.0,1.0
school university,4.0,4.0,1.0
experience kind,4.0,4.0,1.0
experience sort,4.0,4.0,1.0
observation time,4.0,4.0,1.0
physician right,4.0,4.0,1.0
direction fortunate,4.0,4.0,1.0
surgery curative,4.0,4.0,1.0
nursing assistant,4.0,4.0,1.0
year chief,4.0,4.0,1.0
option addition,4.0,4.0,1.0
therapy symptomatic,4.0,4.0,1.0
breast arm,4.0,4.0,1.0
exam breast,3.0,4.0,1.333333333
percentage woman,4.0,4.0,1.0
thing speed,4.0,4.0,1.0
college path,4.0,4.0,1.0
week high,4.0,4.0,1.0
need area,4.0,4.0,1.0
friend experience,4.0,4.0,1.0
impact able,4.0,4.0,1.0
routine breast,4.0,4.0,1.0
chemotherapy irinotecan,4.0,4.0,1.0
regiman therapy,4.0,4.0,1.0
iiib tumor,4.0,4.0,1.0
single year,4.0,4.0,1.0
sort cancer,4.0,4.0,1.0
regular blood,4.0,4.0,1.0
step outcome,3.0,4.0,1.333333333
radiation chest,3.0,4.0,1.333333333
time metastatic,3.0,4.0,1.333333333
protein active,4.0,4.0,1.0
disease consistent,4.0,4.0,1.0
application drug,4.0,4.0,1.0
vomiting constipation,4.0,4.0,1.0
candidate united,4.0,4.0,1.0
year applicant,4.0,4.0,1.0
regiman drug,4.0,4.0,1.0
lot podcast,4.0,4.0,1.0
onc206 rare,4.0,4.0,1.0
department pediatric,4.0,4.0,1.0
postdoctoral tenured,3.0,4.0,1.333333333
anxiety false,3.0,4.0,1.333333333
applicant plan,4.0,4.0,1.0
institution applicant,4.0,4.0,1.0
prevention video,4.0,4.0,1.0
community video,4.0,4.0,1.0
targeted drug,4.0,4.0,1.0
epigenetic gist,4.0,4.0,1.0
lot hard,4.0,4.0,1.0
well sense,4.0,4.0,1.0
mri procedure,4.0,4.0,1.0
oncologist practice,4.0,4.0,1.0
mortality data,4.0,4.0,1.0
experience development,4.0,4.0,1.0
long psychological,3.0,4.0,1.333333333
pxa braf,4.0,4.0,1.0
oligodendroglioma idh,4.0,4.0,1.0
choroid plexus,4.0,4.0,1.0
application cycle,4.0,4.0,1.0
idea method,4.0,4.0,1.0
present false,3.0,4.0,1.333333333
discus test,3.0,4.0,1.333333333
key right,4.0,4.0,1.0
measure tumor,4.0,4.0,1.0
mixed method,4.0,4.0,1.0
disease reason,4.0,4.0,1.0
spread disease,4.0,4.0,1.0
point wonderful,4.0,4.0,1.0
cancer associate,4.0,4.0,1.0
active additional,4.0,4.0,1.0
pre med,4.0,4.0,1.0
overall cost,4.0,4.0,1.0
development difficult,4.0,4.0,1.0
little difference,4.0,4.0,1.0
right balance,3.0,4.0,1.333333333
share perspective,4.0,4.0,1.0
harm test,3.0,4.0,1.333333333
project determined,4.0,4.0,1.0
early project,4.0,4.0,1.0
resistance toxicity,4.0,4.0,1.0
cell likelihood,4.0,4.0,1.0
methyl dna,4.0,4.0,1.0
tag methyl,4.0,4.0,1.0
balance efficacy,4.0,4.0,1.0
remission therapy,4.0,4.0,1.0
cluster high,3.0,4.0,1.333333333
advanced myelodysplastic,4.0,4.0,1.0
benefit overall,4.0,4.0,1.0
future molecular,4.0,4.0,1.0
panel president,3.0,4.0,1.333333333
high specificity,3.0,4.0,1.333333333
count nausea,4.0,4.0,1.0
mortality magnitude,4.0,4.0,1.0
test monitor,4.0,4.0,1.0
year remission,4.0,4.0,1.0
similar high,4.0,4.0,1.0
percent response,4.0,4.0,1.0
nilotinib cancer,3.0,4.0,1.333333333
resistance year,4.0,4.0,1.0
multidrug resistance,4.0,4.0,1.0
week man,3.0,4.0,1.333333333
transporter protein,3.0,4.0,1.333333333
drug dna,4.0,4.0,1.0
dacogen drug,4.0,4.0,1.0
dose regimen,3.0,4.0,1.333333333
immediate surgery,4.0,4.0,1.0
complete resolution,4.0,4.0,1.0
transplant median,4.0,4.0,1.0
coll cardiol,3.0,4.0,1.333333333
hormone production,4.0,4.0,1.0
prognosis therapy,4.0,4.0,1.0
cell rare,4.0,4.0,1.0
systemic mastocytosis,3.0,4.0,1.333333333
leukemia enlarge,4.0,4.0,1.0
lymphoma great,3.0,4.0,1.333333333
cervical anal,4.0,4.0,1.0
adverse nausea,4.0,4.0,1.0
single experience,3.0,4.0,1.333333333
test factor,3.0,4.0,1.333333333
screen woman,3.0,4.0,1.333333333
ultrasound probe,3.0,4.0,1.333333333
subsequent large,4.0,4.0,1.0
colon surgery,3.0,4.0,1.333333333
oncology novartis,4.0,4.0,1.0
mutation phase,4.0,4.0,1.0
normal breast,4.0,4.0,1.0
test likely,4.0,4.0,1.0
cell dish,4.0,4.0,1.0
tumor removal,4.0,4.0,1.0
extent surgical,4.0,4.0,1.0
cell abundant,4.0,4.0,1.0
symptom improvement,4.0,4.0,1.0
breast implant,3.0,4.0,1.333333333
rate bad,4.0,4.0,1.0
lobe lobule,4.0,4.0,1.0
arm collarbone,4.0,4.0,1.0
cancer sequence,4.0,4.0,1.0
prevention investigator,4.0,4.0,1.0
cell infectious,4.0,4.0,1.0
new gene,4.0,4.0,1.0
idea proposal,3.0,4.0,1.333333333
oxygen nutrient,4.0,4.0,1.0
muscle chest,4.0,4.0,1.0
seed idea,3.0,4.0,1.333333333
team country,4.0,4.0,1.0
cd30 positive,4.0,4.0,1.0
endocrine surg,3.0,4.0,1.333333333
spread staging,4.0,4.0,1.0
tumor ability,4.0,4.0,1.0
tumor cisplatin,3.0,4.0,1.333333333
rate terminal,4.0,4.0,1.0
surgery little,3.0,4.0,1.333333333
application datum,4.0,4.0,1.0
point breast,4.0,4.0,1.0
melanoma old,4.0,4.0,1.0
challenge aim,3.0,4.0,1.333333333
woman country,4.0,4.0,1.0
infection woman,4.0,4.0,1.0
person lifetime,4.0,4.0,1.0
tumor express,4.0,4.0,1.0
factor lack,4.0,4.0,1.0
chemotherapy oncologist,3.0,4.0,1.333333333
responsible cancer,4.0,4.0,1.0
pharmacology biomedical,3.0,4.0,1.333333333
development pharmacology,3.0,4.0,1.333333333
diagnostic vaccine,3.0,4.0,1.333333333
progress healthy,4.0,4.0,1.0
implication future,4.0,4.0,1.0
tremendous benefit,4.0,4.0,1.0
viral dna,3.0,4.0,1.333333333
dceg cell,3.0,4.0,1.333333333
mibg scan,3.0,4.0,1.333333333
progress story,4.0,4.0,1.0
high dimensional,3.0,4.0,1.333333333
ecosystem ccdi,4.0,4.0,1.0
high long,3.0,4.0,1.333333333
cancer nervous,3.0,4.0,1.333333333
poor overall,3.0,4.0,1.333333333
contribution factor,4.0,4.0,1.0
score point,3.0,4.0,1.333333333
cancer interactive,4.0,4.0,1.0
agent small,4.0,4.0,1.0
interception agent,4.0,4.0,1.0
management gastrointestinal,3.0,4.0,1.333333333
chemotherapy little,4.0,4.0,1.0
investigator test,4.0,4.0,1.0
number critical,4.0,4.0,1.0
management high,3.0,4.0,1.333333333
detection management,4.0,4.0,1.0
cancer baylor,4.0,4.0,1.0
skin lymph,3.0,4.0,1.333333333
trend data,4.0,4.0,1.0
method screening,3.0,4.0,1.333333333
urinary excretion,3.0,4.0,1.333333333
launch precision,3.0,4.0,1.333333333
structural functional,4.0,4.0,1.0
pernicious anemia,3.0,4.0,1.333333333
phase area,4.0,4.0,1.0
interactive tool,4.0,4.0,1.0
mutation target,4.0,4.0,1.0
wall blood,4.0,4.0,1.0
stress management,3.0,4.0,1.333333333
good strategy,4.0,4.0,1.0
weight exercise,3.0,4.0,1.333333333
visualization tool,4.0,4.0,1.0
advanced model,4.0,4.0,1.0
time need,4.0,4.0,1.0
clinicopathologic analysis,4.0,4.0,1.0
metastasis short,4.0,4.0,1.0
neutropenia infection,4.0,4.0,1.0
large improvement,4.0,4.0,1.0
able support,3.0,4.0,1.333333333
stage able,4.0,4.0,1.0
psychological spiritual,4.0,4.0,1.0
quality long,3.0,4.0,1.333333333
disorder history,4.0,4.0,1.0
cross cutting,4.0,4.0,1.0
venture capital,4.0,4.0,1.0
presence metastasis,3.0,4.0,1.333333333
complex disease,3.0,4.0,1.333333333
depth analysis,4.0,4.0,1.0
measure progress,4.0,4.0,1.0
potential driver,4.0,4.0,1.0
mechanism unknown,4.0,4.0,1.0
sensitivity cancer,4.0,4.0,1.0
sensitivity low,3.0,4.0,1.333333333
target potential,4.0,4.0,1.0
measurement plasma,3.0,4.0,1.333333333
hour urinary,3.0,4.0,1.333333333
imaging analysis,4.0,4.0,1.0
alteration datum,4.0,4.0,1.0
rate quality,3.0,4.0,1.333333333
conventional imaging,3.0,4.0,1.333333333
facilitate metastasis,4.0,4.0,1.0
metastasis tissue,3.0,4.0,1.333333333
future additional,4.0,4.0,1.0
toxicity year,4.0,4.0,1.0
phase sunitinib,3.0,4.0,1.333333333
progress project,4.0,4.0,1.0
award investigator,4.0,4.0,1.0
sustainable transformation,4.0,4.0,1.0
cure icure,4.0,4.0,1.0
immunotherapy biomarker,4.0,4.0,1.0
step additional,4.0,4.0,1.0
year data,4.0,4.0,1.0
exposure tumor,4.0,4.0,1.0
oncology physician,3.0,4.0,1.333333333
prognostic relevance,3.0,4.0,1.333333333
dinutuximab drug,3.0,4.0,1.333333333
tool developer,4.0,4.0,1.0
audience cancer,4.0,4.0,1.0
potential exposure,4.0,4.0,1.0
adolescence blood,3.0,4.0,1.333333333
phenotype genotype,4.0,4.0,1.0
collaborator datum,4.0,4.0,1.0
abdominal distention,3.0,4.0,1.333333333
scan radiation,4.0,4.0,1.0
tumor manifestation,3.0,4.0,1.333333333
datum team,4.0,4.0,1.0
tumor local,3.0,4.0,1.333333333
feature alk,3.0,4.0,1.333333333
man aggressive,3.0,4.0,1.333333333
cancer anemia,4.0,4.0,1.0
strategy advance,4.0,4.0,1.0
mass finding,4.0,4.0,1.0
impact prognosis,4.0,4.0,1.0
epithelial ovarian,4.0,4.0,1.0
tool molecular,4.0,4.0,1.0
carcinoma acc,4.0,4.0,1.0
carcinoma new,4.0,4.0,1.0
survivor area,4.0,4.0,1.0
regard age,3.0,4.0,1.333333333
oncologist difficult,3.0,4.0,1.333333333
nerve palsy,4.0,4.0,1.0
enhance biomedical,3.0,4.0,1.333333333
behavioral enhance,3.0,4.0,1.333333333
datum public,4.0,4.0,1.0
advanced genomic,4.0,4.0,1.0
phase protein,4.0,4.0,1.0
scan ultrasound,4.0,4.0,1.0
placebo clin,3.0,4.0,1.333333333
incidence major,3.0,4.0,1.333333333
death goal,4.0,4.0,1.0
cell heterogeneity,3.0,4.0,1.333333333
tumor diverse,4.0,4.0,1.0
prevention dcp,4.0,4.0,1.0
benefit quality,4.0,4.0,1.0
investigator similar,4.0,4.0,1.0
response benefit,3.0,4.0,1.333333333
carboplatin chemotherapy,3.0,4.0,1.333333333
rico cancer,4.0,4.0,1.0
student investigator,4.0,4.0,1.0
cancer hematopoietic,3.0,4.0,1.333333333
picture tumor,4.0,4.0,1.0
ultrasound scan,4.0,4.0,1.0
scan ray,4.0,4.0,1.0
sih mab,4.0,4.0,1.0
diverse workforce,4.0,4.0,1.0
woman double,4.0,4.0,1.0
antigen immunotherapy,4.0,4.0,1.0
datum increase,4.0,4.0,1.0
modification dna,4.0,4.0,1.0
intramural investigator,4.0,4.0,1.0
translational therapeutic,4.0,4.0,1.0
solid foundation,4.0,4.0,1.0
genomic high,3.0,4.0,1.333333333
integration tumor,4.0,4.0,1.0
oncology metastatic,3.0,4.0,1.333333333
karnofsky performance,3.0,4.0,1.333333333
spotlight crchd,4.0,4.0,1.0
late spotlight,4.0,4.0,1.0
cohort datum,3.0,4.0,1.333333333
profound impact,4.0,4.0,1.0
pathway immune,4.0,4.0,1.0
white asian,3.0,4.0,1.333333333
application associate,4.0,4.0,1.0
choice match,4.0,4.0,1.0
death incidence,4.0,4.0,1.0
priority challenge,4.0,4.0,1.0
harmful pathogenic,3.0,4.0,1.333333333
financial difficulty,4.0,4.0,1.0
poverty racial,4.0,4.0,1.0
rare melanoma,3.0,4.0,1.333333333
pancreatic cyst,3.0,4.0,1.333333333
man stable,4.0,4.0,1.0
atypical feature,4.0,4.0,1.0
development datum,4.0,4.0,1.0
similar large,4.0,4.0,1.0
previous finding,4.0,4.0,1.0
development therapeutic,4.0,4.0,1.0
tumor neurooncol,4.0,4.0,1.0
rate aggressive,4.0,4.0,1.0
likely smoke,4.0,4.0,1.0
low percentage,4.0,4.0,1.0
method reliable,4.0,4.0,1.0
vomiting fatigue,4.0,4.0,1.0
return year,4.0,4.0,1.0
average percent,3.0,4.0,1.333333333
decrease smoking,4.0,4.0,1.0
preventable cancer,4.0,4.0,1.0
colon breast,4.0,4.0,1.0
time provider,4.0,4.0,1.0
score cancer,3.0,4.0,1.333333333
goal cure,3.0,4.0,1.333333333
phy rehabil,3.0,4.0,1.333333333
arch phy,3.0,4.0,1.333333333
inhibitor additional,4.0,4.0,1.0
black islander,4.0,4.0,1.0
grant guide,3.0,4.0,1.333333333
spot body,4.0,4.0,1.0
frequent somatic,4.0,4.0,1.0
alcohol abuse,3.0,4.0,1.333333333
factor alcohol,4.0,4.0,1.0
cognitive psychosocial,3.0,4.0,1.333333333
prospective meta,4.0,4.0,1.0
measure world,3.0,4.0,1.333333333
world measure,3.0,4.0,1.333333333
new world,4.0,4.0,1.0
cancer superior,3.0,4.0,1.333333333
fusion translocation,4.0,4.0,1.0
like award,3.0,4.0,1.333333333
speciman cell,4.0,4.0,1.0
sarcoma gene,4.0,4.0,1.0
chromosome structure,4.0,4.0,1.0
community discovery,4.0,4.0,1.0
datum protein,4.0,4.0,1.0
tumor block,4.0,4.0,1.0
air hunger,3.0,4.0,1.333333333
drug crizotinib,3.0,4.0,1.333333333
bridge gap,4.0,4.0,1.0
leverage expertise,4.0,4.0,1.0
problem breast,4.0,4.0,1.0
olaparib lynparza,4.0,4.0,1.0
threonine kinase,3.0,4.0,1.333333333
rash painful,4.0,4.0,1.0
factor predictive,4.0,4.0,1.0
share story,3.0,4.0,1.333333333
wall cancer,3.0,4.0,1.333333333
block receptor,4.0,4.0,1.0
resistance breast,4.0,4.0,1.0
tumor hijack,4.0,4.0,1.0
inhibitor brigatinib,3.0,4.0,1.333333333
continuous variable,4.0,4.0,1.0
day conference,4.0,4.0,1.0
body mouth,4.0,4.0,1.0
light dark,4.0,4.0,1.0
skin light,4.0,4.0,1.0
inhibitor parp,4.0,4.0,1.0
tobacco new,4.0,4.0,1.0
attack healthy,4.0,4.0,1.0
investigation year,4.0,4.0,1.0
example skin,4.0,4.0,1.0
bed skin,4.0,4.0,1.0
finger toe,4.0,4.0,1.0
disease skin,4.0,4.0,1.0
medicine small,4.0,4.0,1.0
ibrutinib therapy,3.0,4.0,1.333333333
form blood,3.0,4.0,1.333333333
year alive,4.0,4.0,1.0
country united,4.0,4.0,1.0
goal healthy,4.0,4.0,1.0
somatic hypermutation,3.0,4.0,1.333333333
paper cancer,4.0,4.0,1.0
presentation analysis,4.0,4.0,1.0
anniversary cancer,4.0,4.0,1.0
northwestern medicine,3.0,4.0,1.333333333
opportunity annual,4.0,4.0,1.0
pattern protein,3.0,4.0,1.333333333
receptor antigen,4.0,4.0,1.0
directive legal,4.0,4.0,1.0
disease diabetes,4.0,4.0,1.0
lung inflammation,3.0,4.0,1.333333333
old skin,4.0,4.0,1.0
skin ulcer,4.0,4.0,1.0
immune hiv,4.0,4.0,1.0
immune organ,4.0,4.0,1.0
pink red,4.0,4.0,1.0
melanoma squamous,4.0,4.0,1.0
tablet computer,4.0,4.0,1.0
rate world,3.0,4.0,1.333333333
late datum,4.0,4.0,1.0
oncologist response,3.0,4.0,1.333333333
diverse range,4.0,4.0,1.0
mitochondrion energy,3.0,4.0,1.333333333
cancer prevalent,4.0,4.0,1.0
cultured cell,4.0,4.0,1.0
vaccine vaccination,4.0,4.0,1.0
well cognitive,4.0,4.0,1.0
college park,3.0,4.0,1.333333333
intramural environment,4.0,4.0,1.0
translational intramural,4.0,4.0,1.0
therapy ph.d,4.0,4.0,1.0
therapy criterion,3.0,4.0,1.333333333
finding additional,4.0,4.0,1.0
melanoma response,4.0,4.0,1.0
datum man,4.0,4.0,1.0
human world,4.0,4.0,1.0
innovative human,4.0,4.0,1.0
environment innovative,4.0,4.0,1.0
convention tobacco,3.0,4.0,1.333333333
framework convention,3.0,4.0,1.333333333
diagnosis chance,4.0,4.0,1.0
conference tobacco,3.0,4.0,1.333333333
fluid build,4.0,4.0,1.0
notable finding,4.0,4.0,1.0
negative ebv,3.0,4.0,1.333333333
technological advancement,3.0,4.0,1.333333333
medicine chemotherapy,4.0,4.0,1.0
oncologist good,4.0,4.0,1.0
resection recurrence,4.0,4.0,1.0
travel body,4.0,4.0,1.0
limited efficacy,4.0,4.0,1.0
tumor conventional,4.0,4.0,1.0
cancer briefing,4.0,4.0,1.0
stomach esophagus,4.0,4.0,1.0
cardia cancer,3.0,4.0,1.333333333
community tumor,4.0,4.0,1.0
nodule surgery,4.0,4.0,1.0
biden lady,4.0,4.0,1.0
transplant conditioning,3.0,4.0,1.333333333
kazakhstan woman,3.0,4.0,1.333333333
alliance kazakhstan,3.0,4.0,1.333333333
hospital philadelphia,4.0,4.0,1.0
cell similar,4.0,4.0,1.0
example few,4.0,4.0,1.0
cell toxic,4.0,4.0,1.0
cell prior,4.0,4.0,1.0
accomplishment year,4.0,4.0,1.0
ethical issue,4.0,4.0,1.0
collaboration sarcoma,4.0,4.0,1.0
president progress,4.0,4.0,1.0
moonshot vice,4.0,4.0,1.0
decade decline,3.0,4.0,1.333333333
book young,4.0,4.0,1.0
week placebo,3.0,4.0,1.333333333
large multisite,3.0,4.0,1.333333333
infant year,4.0,4.0,1.0
high medulloblastoma,4.0,4.0,1.0
immunotherapy high,4.0,4.0,1.0
year ros1,3.0,4.0,1.333333333
grade favorable,3.0,4.0,1.333333333
receptor brain,4.0,4.0,1.0
spread place,4.0,4.0,1.0
cell detection,3.0,4.0,1.333333333
project mechanism,4.0,4.0,1.0
great sense,4.0,4.0,1.0
rate prognosis,4.0,4.0,1.0
screening stomach,4.0,4.0,1.0
similar benefit,4.0,4.0,1.0
experience old,4.0,4.0,1.0
melanoma form,4.0,4.0,1.0
confidence thing,4.0,4.0,1.0
committee internal,3.0,4.0,1.333333333
great need,3.0,4.0,1.333333333
art therapy,3.0,4.0,1.333333333
divide cancer,3.0,4.0,1.333333333
example tissue,4.0,4.0,1.0
opioid dose,3.0,4.0,1.333333333
translational ncat,4.0,4.0,1.0
goal example,3.0,4.0,1.333333333
agent potential,4.0,4.0,1.0
mouth sore,3.0,4.0,1.333333333
criterion screening,4.0,4.0,1.0
calorie protein,4.0,4.0,1.0
fiber calorie,4.0,4.0,1.0
problem clear,4.0,4.0,1.0
strong religious,4.0,4.0,1.0
gene cellular,4.0,4.0,1.0
characteristic response,4.0,4.0,1.0
incidence cardiovascular,3.0,4.0,1.333333333
peanut butter,4.0,4.0,1.0
high smoker,3.0,4.0,1.333333333
elevation liver,3.0,4.0,1.333333333
native heritage,3.0,4.0,1.333333333
hospital large,4.0,4.0,1.0
variant young,4.0,4.0,1.0
interested oncology,3.0,4.0,1.333333333
gene egfr,4.0,4.0,1.0
finding low,4.0,4.0,1.0
year favorable,3.0,4.0,1.333333333
pathology tumor,4.0,4.0,1.0
message interim,3.0,4.0,1.333333333
collaboration area,4.0,4.0,1.0
numerous factor,4.0,4.0,1.0
variant frequent,3.0,4.0,1.333333333
year recurrent,4.0,4.0,1.0
screening reduction,4.0,4.0,1.0
placebo cancer,4.0,4.0,1.0
sample clinic,4.0,4.0,1.0
infection hiv,4.0,4.0,1.0
message brain,3.0,4.0,1.333333333
new high,4.0,4.0,1.0
uspstf high,4.0,4.0,1.0
datum screening,4.0,4.0,1.0
new test,4.0,4.0,1.0
diagnosis new,4.0,4.0,1.0
anxiety high,3.0,4.0,1.333333333
cancer smokeless,3.0,4.0,1.333333333
sarcoma pediatric,4.0,4.0,1.0
pregnancy high,3.0,4.0,1.333333333
goal drug,4.0,4.0,1.0
raf protein,3.0,4.0,1.333333333
wisconsin madison,3.0,4.0,1.333333333
disease university,4.0,4.0,1.0
adolescent blood,4.0,4.0,1.0
gene altered,4.0,4.0,1.0
cancer minute,4.0,4.0,1.0
rate rare,4.0,4.0,1.0
regiman disease,4.0,4.0,1.0
trend great,4.0,4.0,1.0
glioma adult,4.0,4.0,1.0
opportunity highlight,4.0,4.0,1.0
series opportunity,4.0,4.0,1.0
goal asia,3.0,4.0,1.333333333
datum diagnosis,4.0,4.0,1.0
therapy series,3.0,4.0,1.333333333
estimate outcome,3.0,4.0,1.333333333
abnormality chronic,4.0,4.0,1.0
initial analysis,4.0,4.0,1.0
analytic tool,4.0,4.0,1.0
week moderate,3.0,4.0,1.333333333
hand tobacco,4.0,4.0,1.0
useful knowledge,4.0,4.0,1.0
activity additional,4.0,4.0,1.0
cancer emory,4.0,4.0,1.0
framework datum,4.0,4.0,1.0
tissue testing,4.0,4.0,1.0
tumor ultrasound,3.0,4.0,1.333333333
secondary mutation,3.0,4.0,1.333333333
discussion potential,4.0,4.0,1.0
impact example,4.0,4.0,1.0
strong emotion,4.0,4.0,1.0
testing participant,3.0,4.0,1.333333333
university cugh,3.0,4.0,1.333333333
challenging cancer,4.0,4.0,1.0
factor account,4.0,4.0,1.0
dose factor,3.0,4.0,1.333333333
novel tool,3.0,4.0,1.333333333
old dna,4.0,4.0,1.0
variant datum,4.0,4.0,1.0
retrospective european,3.0,4.0,1.333333333
remove thyroid,3.0,4.0,1.333333333
death pediatric,4.0,4.0,1.0
special human,4.0,4.0,1.0
gland hypofunction,3.0,4.0,1.333333333
child person,4.0,4.0,1.0
symptom weight,4.0,4.0,1.0
rate blood,4.0,4.0,1.0
video child,3.0,4.0,1.333333333
benefit great,4.0,4.0,1.0
progress surgeon,4.0,4.0,1.0
varying degree,4.0,4.0,1.0
factor japanese,4.0,4.0,1.0
phase investigator,4.0,4.0,1.0
efficacy cognitive,3.0,4.0,1.333333333
beta ligand,4.0,4.0,1.0
ability therapy,4.0,4.0,1.0
definitive diagnosis,3.0,4.0,1.333333333
disbelief denial,4.0,4.0,1.0
multicenter retrospective,4.0,4.0,1.0
consortium pcdc,3.0,4.0,1.333333333
detection consortium,3.0,4.0,1.333333333
cancer diabete,4.0,4.0,1.0
age chance,3.0,4.0,1.333333333
smoking illness,4.0,4.0,1.0
high old,4.0,4.0,1.0
midline location,3.0,4.0,1.333333333
resection high,4.0,4.0,1.0
area country,4.0,4.0,1.0
rate surgical,4.0,4.0,1.0
esophageal pancreatic,4.0,4.0,1.0
cheek gum,3.0,4.0,1.333333333
audio recording,3.0,4.0,1.333333333
short example,4.0,4.0,1.0
safe smoking,4.0,4.0,1.0
plan eligibility,4.0,4.0,1.0
major concern,4.0,4.0,1.0
leukemia long,4.0,4.0,1.0
lymphoma lung,4.0,4.0,1.0
inhibitor number,3.0,4.0,1.333333333
block mutant,4.0,4.0,1.0
possibility therapy,4.0,4.0,1.0
example plan,4.0,4.0,1.0
good example,4.0,4.0,1.0
test good,4.0,4.0,1.0
subgroup tumor,4.0,4.0,1.0
lung squamous,4.0,4.0,1.0
duclos disease,3.0,4.0,1.333333333
institution pharmaceutical,4.0,4.0,1.0
requirement person,4.0,4.0,1.0
lhermitte duclos,3.0,4.0,1.333333333
smoke smoking,3.0,4.0,1.333333333
smoke high,3.0,4.0,1.333333333
funder cancer,4.0,4.0,1.0
tobacco cigar,3.0,4.0,1.333333333
nicotine bloodstream,3.0,4.0,1.333333333
ccr molecular,4.0,4.0,1.0
form act,4.0,4.0,1.0
example colleague,4.0,4.0,1.0
exciting therapy,4.0,4.0,1.0
interested learning,4.0,4.0,1.0
smoke surgeon,3.0,4.0,1.333333333
cough wheeze,3.0,4.0,1.333333333
positive triple,3.0,4.0,1.333333333
hypothyroidism hyperthyroidism,3.0,4.0,1.333333333
impact age,3.0,4.0,1.333333333
child exposure,4.0,4.0,1.0
radiation surgical,4.0,4.0,1.0
practice oncologist,3.0,4.0,1.333333333
nodule large,4.0,4.0,1.0
cell fluid,3.0,4.0,1.333333333
cancer davy,3.0,4.0,1.333333333
tumor vaccine,4.0,4.0,1.0
antibody toxin,3.0,4.0,1.333333333
cerebrovascular accident,3.0,4.0,1.333333333
radiation hodgkin,3.0,4.0,1.333333333
target human,4.0,4.0,1.0
partnership icrp,3.0,4.0,1.333333333
datum drive,4.0,4.0,1.0
environmental behavioral,3.0,4.0,1.333333333
epidemiologic cohort,4.0,4.0,1.0
year retrospective,4.0,4.0,1.0
morehouse school,4.0,4.0,1.0
cbt improvement,3.0,4.0,1.333333333
head prostate,4.0,4.0,1.0
balance benefit,4.0,4.0,1.0
fracture cancer,3.0,4.0,1.333333333
background skill,4.0,4.0,1.0
factor drive,4.0,4.0,1.0
cancer determinant,4.0,4.0,1.0
inequity cancer,4.0,4.0,1.0
passive smoking,3.0,4.0,1.333333333
prevalence year,3.0,4.0,1.333333333
toxic metal,3.0,4.0,1.333333333
exposure tobacco,3.0,4.0,1.333333333
smoking exposure,4.0,4.0,1.0
difference chemotherapy,3.0,4.0,1.333333333
gopal m.p.h,3.0,4.0,1.333333333
disease pancreatic,3.0,4.0,1.333333333
achievement year,4.0,4.0,1.0
experience loss,3.0,4.0,1.333333333
symptom present,3.0,4.0,1.333333333
chemotherapy difference,4.0,4.0,1.0
depression mood,3.0,4.0,1.333333333
neurotransmitter gene,3.0,4.0,1.333333333
notable development,4.0,4.0,1.0
innovative notable,4.0,4.0,1.0
showcase innovative,4.0,4.0,1.0
androgen prostate,3.0,4.0,1.333333333
smoking low,3.0,4.0,1.333333333
pathway pi3k,4.0,4.0,1.0
drug reach,4.0,4.0,1.0
lack interest,4.0,4.0,1.0
similar response,3.0,4.0,1.333333333
death anxiety,3.0,4.0,1.333333333
innovative method,4.0,4.0,1.0
heart world,3.0,4.0,1.333333333
disease detectable,4.0,4.0,1.0
symptom headache,4.0,4.0,1.0
histological appearance,4.0,4.0,1.0
screening cost,3.0,4.0,1.333333333
survivor new,4.0,4.0,1.0
regional cancer,3.0,4.0,1.333333333
spotlight showcase,4.0,4.0,1.0
subscribe spotlight,4.0,4.0,1.0
spotlight subscribe,4.0,4.0,1.0
transition period,4.0,4.0,1.0
tumor upper,4.0,4.0,1.0
tumor depth,3.0,4.0,1.333333333
surgical margin,3.0,4.0,1.333333333
acting cancer,4.0,4.0,1.0
initiative union,4.0,4.0,1.0
adult chronic,4.0,4.0,1.0
day small,4.0,4.0,1.0
cell feature,4.0,4.0,1.0
ted trimble,3.0,4.0,1.333333333
therapy baseline,4.0,4.0,1.0
hospital admission,4.0,4.0,1.0
cancer entire,3.0,4.0,1.333333333
biological environmental,4.0,4.0,1.0
prognosis chemotherapy,4.0,4.0,1.0
screening model,3.0,4.0,1.333333333
cancer chemoradiotherapy,3.0,4.0,1.333333333
age appropriate,4.0,4.0,1.0
cancer engagement,4.0,4.0,1.0
outreach collaboration,3.0,4.0,1.333333333
successful outreach,3.0,4.0,1.333333333
option testing,4.0,4.0,1.0
progress time,4.0,4.0,1.0
history option,4.0,4.0,1.0
factor diagnosis,4.0,4.0,1.0
exact unknown,4.0,4.0,1.0
cell exact,4.0,4.0,1.0
lymphocytic small,4.0,4.0,1.0
symptom neuroendocrine,4.0,4.0,1.0
testing discus,4.0,4.0,1.0
time investigator,3.0,4.0,1.333333333
dysfunction child,3.0,4.0,1.333333333
dedicated tobacco,4.0,4.0,1.0
day dedicated,4.0,4.0,1.0
perception cancer,3.0,4.0,1.333333333
loss pain,4.0,4.0,1.0
chemical cigarette,4.0,4.0,1.0
cancer diversity,4.0,4.0,1.0
bright future,4.0,4.0,1.0
tough problem,4.0,4.0,1.0
addition genomic,4.0,4.0,1.0
commercial cloud,3.0,4.0,1.333333333
marker disease,3.0,4.0,1.333333333
active sugar,4.0,4.0,1.0
sugar body,4.0,4.0,1.0
glucose vein,4.0,4.0,1.0
sugar radioactive,4.0,4.0,1.0
radioactive sugar,4.0,4.0,1.0
response platinum,4.0,4.0,1.0
block parp,4.0,4.0,1.0
tumor pxa,4.0,4.0,1.0
significant correlation,4.0,4.0,1.0
rate improvement,4.0,4.0,1.0
skin abdomen,4.0,4.0,1.0
scan plan,4.0,4.0,1.0
procedure scan,4.0,4.0,1.0
gdc data,4.0,4.0,1.0
moonshot planning,3.0,4.0,1.333333333
development critical,4.0,4.0,1.0
computer skin,4.0,4.0,1.0
transducer computer,4.0,4.0,1.0
ultrasound transducer,4.0,4.0,1.0
testing old,4.0,4.0,1.0
low- penetrance,4.0,4.0,1.0
failure long,3.0,4.0,1.333333333
urine hour,4.0,4.0,1.0
vaccination cancer,3.0,4.0,1.333333333
transducer bounce,4.0,4.0,1.0
thyroid goiter,4.0,4.0,1.0
cohort meta,4.0,4.0,1.0
underlying disease,3.0,4.0,1.333333333
size radiation,4.0,4.0,1.0
daily dose,4.0,4.0,1.0
number single,4.0,4.0,1.0
abdomen transducer,4.0,4.0,1.0
public awareness,4.0,4.0,1.0
brca test,4.0,4.0,1.0
testing presence,4.0,4.0,1.0
oncology trend,4.0,4.0,1.0
sc.d cancer,4.0,4.0,1.0
palliative unit,3.0,4.0,1.333333333
old radiation,4.0,4.0,1.0
community setting,4.0,4.0,1.0
estrogen production,3.0,4.0,1.333333333
response radiation,3.0,4.0,1.333333333
woman underwent,4.0,4.0,1.0
drug gastrointestinal,3.0,4.0,1.333333333
princess cancer,3.0,4.0,1.333333333
extensive experience,4.0,4.0,1.0
income setting,4.0,4.0,1.0
radiotherapy imrt,4.0,4.0,1.0
arch otolaryngol,3.0,4.0,1.333333333
sample biomarker,4.0,4.0,1.0
new cell,4.0,4.0,1.0
response vaccine,4.0,4.0,1.0
cancer drive,4.0,4.0,1.0
underwent testing,3.0,4.0,1.333333333
tumor indolent,3.0,4.0,1.333333333
therapy neuroendocrine,4.0,4.0,1.0
poor rate,4.0,4.0,1.0
therapy normal,3.0,4.0,1.333333333
trachea bronchus,3.0,4.0,1.333333333
surgery management,4.0,4.0,1.0
mrna gene,3.0,4.0,1.333333333
anxiety stress,3.0,4.0,1.333333333
comparative analysis,4.0,4.0,1.0
analysis university,3.0,4.0,1.333333333
diagnosis strategy,3.0,4.0,1.333333333
theme cancer,3.0,4.0,1.333333333
actionable therapeutic,4.0,4.0,1.0
blood dna,4.0,4.0,1.0
sequence analysis,4.0,4.0,1.0
cavity lip,3.0,4.0,1.333333333
relation cellular,4.0,4.0,1.0
position talk,4.0,4.0,1.0
oncology datum,4.0,4.0,1.0
stomach age,3.0,4.0,1.333333333
cns central,4.0,4.0,1.0
sarcoma recurrent,3.0,4.0,1.333333333
working area,3.0,4.0,1.333333333
pain problem,3.0,4.0,1.333333333
cancer specialized,3.0,4.0,1.333333333
negative status,3.0,4.0,1.333333333
number long,4.0,4.0,1.0
adult male,4.0,4.0,1.0
hpv gardasil,3.0,4.0,1.333333333
cervical hpv,3.0,4.0,1.333333333
disease secondary,4.0,4.0,1.0
finding surgery,4.0,4.0,1.0
synbio reporting,4.0,4.0,1.0
step synbio,4.0,4.0,1.0
idea tumor,4.0,4.0,1.0
observational cohort,4.0,4.0,1.0
single vaccine,3.0,4.0,1.333333333
echo community,3.0,4.0,1.333333333
cancer length,4.0,4.0,1.0
evolution tumor,3.0,4.0,1.333333333
tumor carcinoma,4.0,4.0,1.0
doug perin,4.0,4.0,1.0
correlation mutation,4.0,4.0,1.0
dna cfdna,4.0,4.0,1.0
surgery overall,4.0,4.0,1.0
bacillus calmette,4.0,4.0,1.0
cell targeted,3.0,4.0,1.333333333
omic datum,3.0,4.0,1.333333333
efficacy vaccine,4.0,4.0,1.0
sample year,4.0,4.0,1.0
spatial genomics,3.0,4.0,1.333333333
financial legal,4.0,4.0,1.0
emotional behavioral,3.0,4.0,1.333333333
like tissue,3.0,4.0,1.333333333
chemotherapy external,4.0,4.0,1.0
osteoporosis bone,4.0,4.0,1.0
extreme pain,3.0,4.0,1.333333333
radiation immunotherapy,4.0,4.0,1.0
cancer eligibility,4.0,4.0,1.0
criterion inclusion,3.0,4.0,1.333333333
quality key,4.0,4.0,1.0
tongue floor,3.0,4.0,1.333333333
cancer notable,4.0,4.0,1.0
inhibitor dna,4.0,4.0,1.0
benefit parp,4.0,4.0,1.0
chemotherapy systemic,4.0,4.0,1.0
growth bone,3.0,4.0,1.333333333
passenger mutation,3.0,4.0,1.333333333
medicine university,4.0,4.0,1.0
major goal,4.0,4.0,1.0
woman placebo,4.0,4.0,1.0
gastrointestinal genitourinary,4.0,4.0,1.0
lab team,4.0,4.0,1.0
understanding tumor,4.0,4.0,1.0
party european,3.0,4.0,1.333333333
distress cognitive,4.0,4.0,1.0
year awardee,4.0,4.0,1.0
receptor molecule,4.0,4.0,1.0
platinum sensitive,4.0,4.0,1.0
woman platinum,4.0,4.0,1.0
enrollment participant,4.0,4.0,1.0
randomized high,4.0,4.0,1.0
mechanism pathway,4.0,4.0,1.0
gene regulation,4.0,4.0,1.0
analysis dna,3.0,4.0,1.333333333
relevant datum,4.0,4.0,1.0
tamoxifen low,4.0,4.0,1.0
example great,4.0,4.0,1.0
old human,4.0,4.0,1.0
testing sample,4.0,4.0,1.0
deacetylase hdac,4.0,4.0,1.0
inhibitor ability,4.0,4.0,1.0
olaratumab advanced,3.0,4.0,1.333333333
histone deacetylase,4.0,4.0,1.0
limitation test,3.0,4.0,1.333333333
measure incidence,4.0,4.0,1.0
animal drug,3.0,4.0,1.333333333
genome mutation,4.0,4.0,1.0
driver passenger,3.0,4.0,1.333333333
adult impact,4.0,4.0,1.0
experience severe,4.0,4.0,1.0
difficulty speech,4.0,4.0,1.0
causative factor,3.0,4.0,1.333333333
gene overall,4.0,4.0,1.0
great interest,4.0,4.0,1.0
response addition,4.0,4.0,1.0
cancer campus,4.0,4.0,1.0
efficacy immune,4.0,4.0,1.0
therapy local,4.0,4.0,1.0
institutional cohort,3.0,4.0,1.333333333
therapy generation,3.0,4.0,1.333333333
overall goal,4.0,4.0,1.0
broad array,4.0,4.0,1.0
disease urinary,3.0,4.0,1.333333333
microbiome tumor,3.0,4.0,1.333333333
shrink response,4.0,4.0,1.0
biological underpinning,4.0,4.0,1.0
goal biological,4.0,4.0,1.0
sample advanced,4.0,4.0,1.0
practice medicine,4.0,4.0,1.0
inhibitor expression,4.0,4.0,1.0
nutritional status,3.0,4.0,1.333333333
datum facilitate,4.0,4.0,1.0
cancer examine,4.0,4.0,1.0
analysis prostate,4.0,4.0,1.0
novel method,4.0,4.0,1.0
bereavement adjustment,3.0,4.0,1.333333333
mental death,3.0,4.0,1.333333333
discussion mental,3.0,4.0,1.333333333
mechanism chemotherapy,4.0,4.0,1.0
development long,3.0,4.0,1.333333333
time onset,4.0,4.0,1.0
outcome significant,4.0,4.0,1.0
mutant cancer,4.0,4.0,1.0
long advanced,4.0,4.0,1.0
management skill,3.0,4.0,1.333333333
concerted initiative,4.0,4.0,1.0
vomiting pain,3.0,4.0,1.333333333
tool community,4.0,4.0,1.0
standardized datum,4.0,4.0,1.0
cancer announce,4.0,4.0,1.0
resistance pediatric,4.0,4.0,1.0
small diameter,3.0,4.0,1.333333333
association discussion,3.0,4.0,1.333333333
ray association,3.0,4.0,1.333333333
uterus ovary,4.0,4.0,1.0
organ prostate,3.0,4.0,1.333333333
survivor exercise,4.0,4.0,1.0
brain child,4.0,4.0,1.0
disease head,4.0,4.0,1.0
drug advisory,4.0,4.0,1.0
factor lymphoma,4.0,4.0,1.0
protective mechanism,4.0,4.0,1.0
ccg datum,4.0,4.0,1.0
muscle layer,4.0,4.0,1.0
gist rare,3.0,4.0,1.333333333
initiative collaborative,4.0,4.0,1.0
generation model,4.0,4.0,1.0
cancer mskcc,3.0,4.0,1.333333333
positive chromosome,4.0,4.0,1.0
test complete,4.0,4.0,1.0
middle ground,4.0,4.0,1.0
mutation epigenetic,4.0,4.0,1.0
year histology,4.0,4.0,1.0
improvement chemotherapy,4.0,4.0,1.0
drug anticancer,4.0,4.0,1.0
significant portion,4.0,4.0,1.0
blood testing,3.0,4.0,1.333333333
blood stool,3.0,4.0,1.333333333
surgeon skin,3.0,4.0,1.333333333
genome functional,4.0,4.0,1.0
chromosome status,4.0,4.0,1.0
screening addition,4.0,4.0,1.0
rate obesity,3.0,4.0,1.333333333
manufacturer chemotherapy,4.0,4.0,1.0
old rate,4.0,4.0,1.0
negative rate,4.0,4.0,1.0
problem head,4.0,4.0,1.0
dicer1 germline,3.0,4.0,1.333333333
female predominance,4.0,4.0,1.0
sarcoma cns,3.0,4.0,1.333333333
classification scheme,4.0,4.0,1.0
survivor impact,3.0,4.0,1.333333333
sarcoma virus,3.0,4.0,1.333333333
therapy secondary,4.0,4.0,1.0
measure expression,4.0,4.0,1.0
assay measure,4.0,4.0,1.0
ihc pharmdx,4.0,4.0,1.0
stomach drug,3.0,4.0,1.333333333
nausea headache,3.0,4.0,1.333333333
protein therapy,4.0,4.0,1.0
overall reduction,4.0,4.0,1.0
reduction disease,4.0,4.0,1.0
prevalence disease,4.0,4.0,1.0
strategy year,3.0,4.0,1.333333333
clinic year,4.0,4.0,1.0
low muscle,3.0,4.0,1.333333333
example ovarian,4.0,4.0,1.0
esmo annual,4.0,4.0,1.0
test colonoscopy,3.0,4.0,1.333333333
equitable high,4.0,4.0,1.0
novel genomic,4.0,4.0,1.0
variety technique,3.0,4.0,1.333333333
attempt tumor,4.0,4.0,1.0
able undergo,4.0,4.0,1.0
cancer outreach,4.0,4.0,1.0
good test,4.0,4.0,1.0
lung oxygen,3.0,4.0,1.333333333
screening time,3.0,4.0,1.333333333
infection anemia,4.0,4.0,1.0
retrospective meta,4.0,4.0,1.0
future woman,4.0,4.0,1.0
bfm blood,4.0,4.0,1.0
radical resection,3.0,4.0,1.333333333
response robust,4.0,4.0,1.0
adenoma history,3.0,4.0,1.333333333
early cell,4.0,4.0,1.0
problem factor,4.0,4.0,1.0
option length,4.0,4.0,1.0
preference plan,4.0,4.0,1.0
overall preference,4.0,4.0,1.0
morbidity rate,3.0,4.0,1.333333333
drug particular,4.0,4.0,1.0
long efficacy,3.0,4.0,1.333333333
variant nonsense,4.0,4.0,1.0
heterozygous variant,4.0,4.0,1.0
epithelioid sarcoma,3.0,4.0,1.333333333
drug tobacco,3.0,4.0,1.333333333
activity smoking,3.0,4.0,1.333333333
biopsy diagnose,3.0,4.0,1.333333333
myxopapillary ependymoma,4.0,4.0,1.0
mutation predisposition,4.0,4.0,1.0
representation key,4.0,4.0,1.0
cancer durable,4.0,4.0,1.0
presentation diagnosis,3.0,4.0,1.333333333
mortality example,4.0,4.0,1.0
disease investigator,4.0,4.0,1.0
appropriate option,4.0,4.0,1.0
therapy surgical,3.0,4.0,1.333333333
concomitant chemotherapy,3.0,4.0,1.333333333
example benefit,4.0,4.0,1.0
skin tissue,4.0,4.0,1.0
volume high,3.0,4.0,1.333333333
cancer qualitative,3.0,4.0,1.333333333
datum limited,4.0,4.0,1.0
survivor journey,4.0,4.0,1.0
syndrome manifestation,3.0,4.0,1.333333333
deadly form,4.0,4.0,1.0
target advanced,4.0,4.0,1.0
invasive lesion,3.0,4.0,1.333333333
resectable disease,3.0,4.0,1.333333333
drug feature,4.0,4.0,1.0
intravenous chemotherapy,3.0,4.0,1.333333333
standardized assessment,3.0,4.0,1.333333333
fecal incontinence,3.0,4.0,1.333333333
cancer cryosurgery,4.0,4.0,1.0
biopsy surgical,4.0,4.0,1.0
double vision,4.0,4.0,1.0
prospective multi,3.0,4.0,1.333333333
headache seizure,4.0,4.0,1.0
factor ependymoma,3.0,4.0,1.333333333
frequent nausea,4.0,4.0,1.0
story rare,4.0,4.0,1.0
radiation lung,3.0,4.0,1.333333333
opportunity test,4.0,4.0,1.0
daily year,3.0,4.0,1.333333333
dark area,3.0,4.0,1.333333333
colleague model,4.0,4.0,1.0
calcium vitamin,4.0,4.0,1.0
time trouble,4.0,4.0,1.0
year round,4.0,4.0,1.0
chemotherapy cure,4.0,4.0,1.0
cancer uveal,4.0,4.0,1.0
loss body,3.0,4.0,1.333333333
therapy node,3.0,4.0,1.333333333
placebo randomized,3.0,4.0,1.333333333
likely pembrolizumab,4.0,4.0,1.0
challenge immunotherapy,4.0,4.0,1.0
tumor cardiac,3.0,4.0,1.333333333
line drug,4.0,4.0,1.0
sport drink,4.0,4.0,1.0
direct indirect,4.0,4.0,1.0
period direct,4.0,4.0,1.0
r00 project,4.0,4.0,1.0
abl tyrosine,4.0,4.0,1.0
chromosome like,4.0,4.0,1.0
tumor congenital,4.0,4.0,1.0
long adverse,3.0,4.0,1.333333333
large diverse,4.0,4.0,1.0
tumor nut,3.0,4.0,1.333333333
sarcoma head,3.0,4.0,1.333333333
ability thing,4.0,4.0,1.0
carcinoma gastric,3.0,4.0,1.333333333
pulmonary tumor,4.0,4.0,1.0
exposure child,4.0,4.0,1.0
large volume,4.0,4.0,1.0
total budget,4.0,4.0,1.0
molecular insight,4.0,4.0,1.0
affordable portable,4.0,4.0,1.0
regimen adult,4.0,4.0,1.0
black racial,4.0,4.0,1.0
factor benefit,4.0,4.0,1.0
blood protein,4.0,4.0,1.0
liver blood,4.0,4.0,1.0
need pediatric,4.0,4.0,1.0
diagnosis mri,4.0,4.0,1.0
benign mole,3.0,4.0,1.333333333
liver symptom,4.0,4.0,1.0
inclusion enrollment,4.0,4.0,1.0
plan development,4.0,4.0,1.0
institution time,4.0,4.0,1.0
birth pill,3.0,4.0,1.333333333
thing normal,4.0,4.0,1.0
surface area,4.0,4.0,1.0
intermediate low,4.0,4.0,1.0
adenocarcinoma lung,4.0,4.0,1.0
undergraduate student,4.0,4.0,1.0
likely outcome,3.0,4.0,1.333333333
tissue male,4.0,4.0,1.0
doctorate time,4.0,4.0,1.0
temporary visa,3.0,4.0,1.333333333
citizen temporary,3.0,4.0,1.333333333
curriculum cancer,3.0,4.0,1.333333333
notable difference,4.0,4.0,1.0
vaccine cervarix,4.0,4.0,1.0
data statistic,4.0,4.0,1.0
clinic adult,4.0,4.0,1.0
referral clinic,3.0,4.0,1.333333333
ethnic woman,4.0,4.0,1.0
difficulty time,4.0,4.0,1.0
rate benefit,4.0,4.0,1.0
symptom body,3.0,4.0,1.333333333
observation tumor,3.0,4.0,1.333333333
powerful tool,4.0,4.0,1.0
chemotherapy curative,4.0,4.0,1.0
test outcome,3.0,4.0,1.333333333
physician experience,4.0,4.0,1.0
death major,4.0,4.0,1.0
therapy percent,3.0,4.0,1.333333333
child male,4.0,4.0,1.0
project number,4.0,4.0,1.0
tool development,4.0,4.0,1.0
suggestion helpful,3.0,4.0,1.333333333
slow processing,3.0,4.0,1.333333333
area additional,3.0,4.0,1.333333333
applicant cancer,3.0,4.0,1.333333333
neck shoulder,4.0,4.0,1.0
yamazaki suzuki,3.0,4.0,1.333333333
salvage regimen,3.0,4.0,1.333333333
endpoint measure,3.0,4.0,1.333333333
test biomarker,4.0,4.0,1.0
year exception,4.0,4.0,1.0
body multiple,4.0,4.0,1.0
rare skin,3.0,4.0,1.333333333
immune factor,4.0,4.0,1.0
lymph fluid,3.0,4.0,1.333333333
bone problem,3.0,4.0,1.333333333
branch public,4.0,4.0,1.0
muha branch,4.0,4.0,1.0
addition low,4.0,4.0,1.0
mutation outcome,4.0,4.0,1.0
distinguished professor,4.0,4.0,1.0
vaccination vaccine,3.0,4.0,1.333333333
perspective oncology,3.0,4.0,1.333333333
cancer definitive,4.0,4.0,1.0
number cycle,4.0,4.0,1.0
easy digest,4.0,4.0,1.0
genomic translational,4.0,4.0,1.0
nose throat,4.0,4.0,1.0
tumor total,3.0,4.0,1.333333333
nita seibel,4.0,4.0,1.0
particular young,4.0,4.0,1.0
diagnose rare,4.0,4.0,1.0
hematologist oncologist,4.0,4.0,1.0
age routine,4.0,4.0,1.0
bad white,4.0,4.0,1.0
resistance long,3.0,4.0,1.333333333
pdgfra gene,4.0,4.0,1.0
stool rectum,3.0,4.0,1.333333333
daily cancer,4.0,4.0,1.0
tissue pattern,3.0,4.0,1.333333333
team difficult,4.0,4.0,1.0
mortality screening,4.0,4.0,1.0
therapy future,4.0,4.0,1.0
tissue thin,4.0,4.0,1.0
paraffin tissue,4.0,4.0,1.0
phase advanced,4.0,4.0,1.0
incision skin,4.0,4.0,1.0
surface skin,4.0,4.0,1.0
quality behavioral,3.0,4.0,1.333333333
native man,3.0,4.0,1.333333333
alaskan native,3.0,4.0,1.333333333
indian alaskan,3.0,4.0,1.333333333
man hispanic,3.0,4.0,1.333333333
incidence man,4.0,4.0,1.0
genomic precision,3.0,4.0,1.333333333
disease evolution,4.0,4.0,1.0
nature disease,3.0,4.0,1.333333333
support postdoctoral,4.0,4.0,1.0
radiation bone,3.0,4.0,1.333333333
moment cancer,4.0,4.0,1.0
therapy cervical,3.0,4.0,1.333333333
lesion tumor,4.0,4.0,1.0
african racial,4.0,4.0,1.0
negative stage,3.0,4.0,1.333333333
transplant healthy,3.0,4.0,1.333333333
skin small,4.0,4.0,1.0
chemotherapy assessment,4.0,4.0,1.0
activity united,4.0,4.0,1.0
imaging diagnosis,4.0,4.0,1.0
course preliminary,4.0,4.0,1.0
old african,4.0,4.0,1.0
rapid disease,4.0,4.0,1.0
quality quantity,3.0,4.0,1.333333333
mutation large,4.0,4.0,1.0
tissue abnormal,4.0,4.0,1.0
sensitivity drug,4.0,4.0,1.0
bloodstream tumor,4.0,4.0,1.0
survivor physician,4.0,4.0,1.0
year physical,3.0,4.0,1.333333333
drug decrease,4.0,4.0,1.0
cell person,4.0,4.0,1.0
introduction legal,4.0,4.0,1.0
aim cell,4.0,4.0,1.0
tumor immunity,4.0,4.0,1.0
lung toxicity,3.0,4.0,1.333333333
association gene,4.0,4.0,1.0
bone cartilage,4.0,4.0,1.0
r00 k99,3.0,4.0,1.333333333
extended period,4.0,4.0,1.0
likelihood tumor,3.0,4.0,1.333333333
response therapeutic,4.0,4.0,1.0
haemopoietic stem,3.0,4.0,1.333333333
large dose,4.0,4.0,1.0
chemotherapy toxicity,4.0,4.0,1.0
tumor targeted,4.0,4.0,1.0
liver brain,3.0,4.0,1.333333333
multidisciplinary clinic,3.0,4.0,1.333333333
challenge collaboration,4.0,4.0,1.0
marrow liver,4.0,4.0,1.0
intermediate cell,4.0,4.0,1.0
qualitative interview,4.0,4.0,1.0
ocg issue,3.0,4.0,1.333333333
investigator issue,4.0,4.0,1.0
activity support,4.0,4.0,1.0
development hereditary,4.0,4.0,1.0
shape breast,4.0,4.0,1.0
metastasis preclinical,3.0,4.0,1.333333333
substantial cancer,4.0,4.0,1.0
tumour vol,4.0,4.0,1.0
gene resistance,4.0,4.0,1.0
resistance hormone,4.0,4.0,1.0
oropharyngeal tumor,4.0,4.0,1.0
positive oropharyngeal,4.0,4.0,1.0
finding feature,4.0,4.0,1.0
reasonable option,4.0,4.0,1.0
theory cancer,3.0,4.0,1.333333333
world urol,3.0,4.0,1.333333333
placebo breast,3.0,4.0,1.333333333
iii double,3.0,4.0,1.333333333
act reuse,4.0,4.0,1.0
carolina school,4.0,4.0,1.0
surgeon tumor,4.0,4.0,1.0
refractory multiple,4.0,4.0,1.0
cell participant,4.0,4.0,1.0
cancer aacr,3.0,4.0,1.333333333
infection oral,3.0,4.0,1.333333333
infection oropharyngeal,3.0,4.0,1.333333333
resistance variant,4.0,4.0,1.0
inhibitor prostate,4.0,4.0,1.0
protein abundant,4.0,4.0,1.0
clinicopathological analysis,3.0,4.0,1.333333333
history alcohol,4.0,4.0,1.0
reuse paperwork,4.0,4.0,1.0
leg chest,4.0,4.0,1.0
landscape disease,4.0,4.0,1.0
ph.d head,4.0,4.0,1.0
apparent lack,4.0,4.0,1.0
child recurrent,4.0,4.0,1.0
genomic diagnostic,4.0,4.0,1.0
initial testing,4.0,4.0,1.0
inhibitor refractory,4.0,4.0,1.0
time average,4.0,4.0,1.0
tissue cancerous,4.0,4.0,1.0
recurrent structural,4.0,4.0,1.0
short video,3.0,4.0,1.333333333
multicenter cohort,4.0,4.0,1.0
gene histone,4.0,4.0,1.0
team person,3.0,4.0,1.333333333
loss anxiety,4.0,4.0,1.0
session opportunity,4.0,4.0,1.0
therapy testicular,3.0,4.0,1.333333333
radiotherapy high,4.0,4.0,1.0
reconstructive surgery,3.0,4.0,1.333333333
cancer surgeon,4.0,4.0,1.0
surgeon oncologist,3.0,4.0,1.333333333
neurological problem,3.0,4.0,1.333333333
procedure child,4.0,4.0,1.0
year new,4.0,4.0,1.0
burden old,4.0,4.0,1.0
density cancer,3.0,4.0,1.333333333
abnormal plasma,4.0,4.0,1.0
chemotherapy average,4.0,4.0,1.0
accuracy test,4.0,4.0,1.0
outcome young,4.0,4.0,1.0
advanced pancreatic,4.0,4.0,1.0
new advance,4.0,4.0,1.0
year protocol,4.0,4.0,1.0
modality radiation,4.0,4.0,1.0
year immunotherapy,4.0,4.0,1.0
man history,4.0,4.0,1.0
tumor journal,4.0,4.0,1.0
drug fluorouracil,4.0,4.0,1.0
sample analysis,4.0,4.0,1.0
tumor sensitivity,3.0,4.0,1.333333333
problem advanced,3.0,4.0,1.333333333
emotional problem,4.0,4.0,1.0
dceg cancer,3.0,4.0,1.333333333
extensive involvement,3.0,4.0,1.333333333
rural resident,4.0,4.0,1.0
minority rural,4.0,4.0,1.0
team age,4.0,4.0,1.0
worry fear,4.0,4.0,1.0
disease insight,3.0,4.0,1.333333333
cancer interval,3.0,4.0,1.333333333
count low,3.0,4.0,1.333333333
fatigue low,3.0,4.0,1.333333333
carfilzomib lenalidomide,3.0,4.0,1.333333333
nrsa institutional,3.0,4.0,1.333333333
ncorp minority,4.0,4.0,1.0
stage opportunity,4.0,4.0,1.0
perspective mentor,4.0,4.0,1.0
finding physician,4.0,4.0,1.0
inner lining,4.0,4.0,1.0
body healthy,3.0,4.0,1.333333333
hellman cancer,3.0,4.0,1.333333333
submission applicant,4.0,4.0,1.0
low concentration,3.0,4.0,1.333333333
officer cancer,4.0,4.0,1.0
lot impact,4.0,4.0,1.0
growth potential,4.0,4.0,1.0
body addition,4.0,4.0,1.0
informed consent,4.0,4.0,1.0
new brentuximab,4.0,4.0,1.0
inhibitor new,4.0,4.0,1.0
surgery limited,4.0,4.0,1.0
biopsy suspicious,4.0,4.0,1.0
drug sequence,4.0,4.0,1.0
bacteria body,4.0,4.0,1.0
cancer fatal,3.0,4.0,1.333333333
working advisor,4.0,4.0,1.0
epidemic disease,4.0,4.0,1.0
low toxicity,4.0,4.0,1.0
therapeutic potential,4.0,4.0,1.0
drug ability,4.0,4.0,1.0
nature relationship,4.0,4.0,1.0
future tobacco,4.0,4.0,1.0
tobacco middle,4.0,4.0,1.0
addition cost,4.0,4.0,1.0
frozen tissue,4.0,4.0,1.0
oral squamous,4.0,4.0,1.0
cell flexible,4.0,4.0,1.0
tissue stem,3.0,4.0,1.333333333
therapeutic regiman,4.0,4.0,1.0
disease safe,4.0,4.0,1.0
immunotherapy safe,3.0,4.0,1.333333333
number advanced,4.0,4.0,1.0
toxicity lymphoblastic,4.0,4.0,1.0
old nivolumab,4.0,4.0,1.0
drug gene,4.0,4.0,1.0
machine scan,3.0,4.0,1.333333333
example time,4.0,4.0,1.0
well single,4.0,4.0,1.0
protein atr,4.0,4.0,1.0
dna metastatic,4.0,4.0,1.0
cell rise,4.0,4.0,1.0
tobacco initiative,4.0,4.0,1.0
breast year,4.0,4.0,1.0
chemotherapy resistant,3.0,4.0,1.333333333
development tissue,4.0,4.0,1.0
adult hypopharyngeal,4.0,4.0,1.0
cell environment,4.0,4.0,1.0
rochester cancer,3.0,4.0,1.333333333
harm thyroid,3.0,4.0,1.333333333
sertoli cell,4.0,4.0,1.0
childbirth adoption,4.0,4.0,1.0
minority tumor,4.0,4.0,1.0
injection tumor,3.0,4.0,1.333333333
support student,3.0,4.0,1.333333333
growth dna,4.0,4.0,1.0
antoni ribas,4.0,4.0,1.0
melanoma advanced,4.0,4.0,1.0
chemotherapy point,3.0,4.0,1.333333333
mutation unique,4.0,4.0,1.0
rare instance,4.0,4.0,1.0
glioblastoma tumor,4.0,4.0,1.0
cell pediatric,3.0,4.0,1.333333333
method time,4.0,4.0,1.0
resubmission application,4.0,4.0,1.0
statistical support,4.0,4.0,1.0
oxygen saturation,3.0,4.0,1.333333333
virus bacteria,4.0,4.0,1.0
mobile device,3.0,4.0,1.333333333
therapy exciting,4.0,4.0,1.0
mortality anatomy,4.0,4.0,1.0
cancer symptomatic,3.0,4.0,1.333333333
incidence outcome,4.0,4.0,1.0
head pediatric,4.0,4.0,1.0
problem number,4.0,4.0,1.0
melanoma breast,3.0,4.0,1.333333333
support old,4.0,4.0,1.0
inhibit growth,4.0,4.0,1.0
day breast,4.0,4.0,1.0
number datum,4.0,4.0,1.0
liu apy,3.0,4.0,1.333333333
potential implication,3.0,4.0,1.333333333
nearby cell,3.0,4.0,1.333333333
computer screen,4.0,4.0,1.0
disease regimen,3.0,4.0,1.333333333
infection new,4.0,4.0,1.0
idea large,4.0,4.0,1.0
alpha tocopherol,3.0,4.0,1.333333333
method sample,4.0,4.0,1.0
example advanced,4.0,4.0,1.0
area chemotherapy,4.0,4.0,1.0
morphologic molecular,4.0,4.0,1.0
conclusion cancer,4.0,4.0,1.0
potential high,4.0,4.0,1.0
clin merchant,3.0,4.0,1.333333333
model mutation,3.0,4.0,1.333333333
detection breast,4.0,4.0,1.0
year cigarette,3.0,4.0,1.333333333
anatomy factor,4.0,4.0,1.0
biopsy mutation,3.0,4.0,1.333333333
terminal diagnosis,3.0,4.0,1.333333333
diagnosis hereditary,4.0,4.0,1.0
antioxidant supplement,3.0,4.0,1.333333333
variation cell,4.0,4.0,1.0
response imatinib,3.0,4.0,1.333333333
diagnosis brain,3.0,4.0,1.333333333
familial breast,3.0,4.0,1.333333333
psychosocial adjustment,4.0,4.0,1.0
surgery irradiation,3.0,4.0,1.333333333
therapy medicine,4.0,4.0,1.0
behavior year,3.0,4.0,1.333333333
practice woman,4.0,4.0,1.0
future brain,4.0,4.0,1.0
environment future,4.0,4.0,1.0
cimp positive,3.0,4.0,1.333333333
option potential,4.0,4.0,1.0
metastasis team,3.0,4.0,1.333333333
quit rate,3.0,4.0,1.333333333
carcinoma world,3.0,4.0,1.333333333
focus rare,4.0,4.0,1.0
sarcoma high,3.0,4.0,1.333333333
hospice day,3.0,4.0,1.333333333
man chemotherapy,4.0,4.0,1.0
overall similar,4.0,4.0,1.0
team colleague,4.0,4.0,1.0
exposure sunlight,3.0,4.0,1.333333333
disorder immune,4.0,4.0,1.0
predisposing factor,4.0,4.0,1.0
familial adenomatosis,3.0,4.0,1.333333333
characterization molecular,3.0,4.0,1.333333333
anxiety low,3.0,4.0,1.333333333
additional surgery,4.0,4.0,1.0
time interval,4.0,4.0,1.0
transcriptomic tumor,3.0,4.0,1.333333333
enrollment child,4.0,4.0,1.0
area focus,4.0,4.0,1.0
syndrome long,3.0,4.0,1.333333333
screening asymptomatic,4.0,4.0,1.0
leukemia chromosome,4.0,4.0,1.0
baseline week,3.0,4.0,1.333333333
team advanced,3.0,4.0,1.333333333
additional radiation,3.0,4.0,1.333333333
overview lymphoblastic,4.0,4.0,1.0
finding possibility,4.0,4.0,1.0
datum guide,4.0,4.0,1.0
impact breast,3.0,4.0,1.333333333
mri year,4.0,4.0,1.0
palliative metastatic,3.0,4.0,1.333333333
prevention measure,4.0,4.0,1.0
prevention overall,4.0,4.0,1.0
allelic imbalance,3.0,4.0,1.333333333
underwent annual,3.0,4.0,1.333333333
prednisone doxorubicin,3.0,4.0,1.333333333
sibling child,4.0,4.0,1.0
underwent procedure,4.0,4.0,1.0
tumor hepatoblastoma,3.0,4.0,1.333333333
carcinoma subtype,3.0,4.0,1.333333333
pattern high,4.0,4.0,1.0
screening behavior,3.0,4.0,1.333333333
melanoma rare,4.0,4.0,1.0
relative mother,4.0,4.0,1.0
woman undergone,3.0,4.0,1.333333333
president chief,3.0,4.0,1.333333333
agent phase,4.0,4.0,1.0
long quality,4.0,4.0,1.0
prior history,3.0,4.0,1.333333333
undergo testing,4.0,4.0,1.0
person live,4.0,4.0,1.0
shrank metastatic,4.0,4.0,1.0
great distress,3.0,4.0,1.333333333
pain sleep,3.0,4.0,1.333333333
resistant radiation,4.0,4.0,1.0
molecular biomarker,4.0,4.0,1.0
drug monoclonal,3.0,4.0,1.333333333
high feature,4.0,4.0,1.0
node high,4.0,4.0,1.0
oxygen lung,4.0,4.0,1.0
cord compression,4.0,4.0,1.0
metastasis visceral,3.0,4.0,1.333333333
management stage,3.0,4.0,1.333333333
disease few,4.0,4.0,1.0
phase rare,4.0,4.0,1.0
tumor stem,3.0,4.0,1.333333333
domain protein,4.0,4.0,1.0
antibiotic infection,4.0,4.0,1.0
dietary fiber,3.0,4.0,1.333333333
pale skin,3.0,4.0,1.333333333
variant unknown,4.0,4.0,1.0
ethical legal,4.0,4.0,1.0
quantity quality,3.0,4.0,1.333333333
tumor pleomorphic,4.0,4.0,1.0
drug suppress,4.0,4.0,1.0
week long,4.0,4.0,1.0
prognosis outcome,3.0,4.0,1.333333333
neuropathy reversible,3.0,4.0,1.333333333
complication pain,3.0,4.0,1.333333333
cancer facility,4.0,4.0,1.0
robust cancer,4.0,4.0,1.0
test anxiety,4.0,4.0,1.0
white african,4.0,4.0,1.0
high stress,3.0,4.0,1.333333333
multicentre cohort,4.0,4.0,1.0
practice parameter,3.0,4.0,1.333333333
survivor comparison,3.0,4.0,1.333333333
child detection,3.0,4.0,1.333333333
testing practice,3.0,4.0,1.333333333
atlas molecular,4.0,4.0,1.0
aggressive surgery,4.0,4.0,1.0
child day,4.0,4.0,1.0
cancer cloud,4.0,4.0,1.0
culture cancer,4.0,4.0,1.0
substance gland,4.0,4.0,1.0
quality relationship,3.0,4.0,1.333333333
block dna,4.0,4.0,1.0
function mutation,4.0,4.0,1.0
druggable target,4.0,4.0,1.0
red bump,3.0,4.0,1.333333333
test idea,4.0,4.0,1.0
distinct characteristic,4.0,4.0,1.0
vessel supply,4.0,4.0,1.0
place hormone,4.0,4.0,1.0
bloodstream hormone,4.0,4.0,1.0
efficacy adjuvant,3.0,4.0,1.333333333
white house,4.0,4.0,1.0
adverse chemotherapy,4.0,4.0,1.0
randomized meta,4.0,4.0,1.0
black bump,3.0,4.0,1.333333333
behavioral strategy,3.0,4.0,1.333333333
female fertility,3.0,4.0,1.333333333
like phenotype,4.0,4.0,1.0
cancer trouble,4.0,4.0,1.0
single modality,4.0,4.0,1.0
positive mutation,4.0,4.0,1.0
tumor quality,4.0,4.0,1.0
sequencing cancer,4.0,4.0,1.0
melanoma photo,4.0,4.0,1.0
abcde feature,4.0,4.0,1.0
discovery progress,3.0,4.0,1.333333333
variant advanced,3.0,4.0,1.333333333
repair mutation,4.0,4.0,1.0
cancer gynecologic,4.0,4.0,1.0
well placebo,3.0,4.0,1.333333333
candidate drug,4.0,4.0,1.0
pnet cns,4.0,4.0,1.0
mutation megabase,4.0,4.0,1.0
burden tmb,4.0,4.0,1.0
similar model,4.0,4.0,1.0
testing panel,3.0,4.0,1.333333333
mouth pain,3.0,4.0,1.333333333
connections connection,4.0,4.0,1.0
ph.d doctoral,4.0,4.0,1.0
support outstanding,4.0,4.0,1.0
mortality statistic,4.0,4.0,1.0
bruton tyrosine,3.0,4.0,1.333333333
share rare,4.0,4.0,1.0
relevant cell,4.0,4.0,1.0
lethal tumor,4.0,4.0,1.0
gene susceptibility,3.0,4.0,1.333333333
nerve muscle,4.0,4.0,1.0
tumor brca,3.0,4.0,1.333333333
gene cohort,3.0,4.0,1.333333333
advance therapy,4.0,4.0,1.0
loss muscle,3.0,4.0,1.333333333
sol foot,4.0,4.0,1.0
survivor fertility,3.0,4.0,1.333333333
normal skin,3.0,4.0,1.333333333
preterm delivery,3.0,4.0,1.333333333
comparison model,4.0,4.0,1.0
phenotype tumor,4.0,4.0,1.0
tired symptom,3.0,4.0,1.333333333
drug symptom,4.0,4.0,1.0
majority tumor,4.0,4.0,1.0
limited success,4.0,4.0,1.0
spiritual leader,3.0,4.0,1.333333333
disease suppl,4.0,4.0,1.0
year f99,3.0,4.0,1.333333333
postdoctoral development,4.0,4.0,1.0
old surgery,4.0,4.0,1.0
growth low,4.0,4.0,1.0
molecular signal,4.0,4.0,1.0
project plan,4.0,4.0,1.0
manner cancer,4.0,4.0,1.0
person day,4.0,4.0,1.0
person body,4.0,4.0,1.0
drug therapeutic,4.0,4.0,1.0
antidepressant mirtazapine,3.0,4.0,1.333333333
year melanoma,3.0,4.0,1.333333333
child osteosarcoma,4.0,4.0,1.0
cbt significant,3.0,4.0,1.333333333
complication long,3.0,4.0,1.333333333
tired weak,3.0,4.0,1.333333333
body death,4.0,4.0,1.0
improvement time,3.0,4.0,1.333333333
practice suppl,4.0,4.0,1.0
person great,4.0,4.0,1.0
rare dis,3.0,4.0,1.333333333
orphanet rare,3.0,4.0,1.333333333
ursodeoxycholic acid,3.0,4.0,1.333333333
phase german,4.0,4.0,1.0
parent pediatric,3.0,4.0,1.333333333
atypical mole,3.0,4.0,1.333333333
shape texture,3.0,4.0,1.333333333
history gastric,3.0,4.0,1.333333333
low adjuvant,3.0,4.0,1.333333333
asian race,4.0,4.0,1.0
oncology huntingt,3.0,4.0,1.333333333
participant major,4.0,4.0,1.0
mutation factor,4.0,4.0,1.0
mutation region,3.0,4.0,1.333333333
therapy axicabtagene,3.0,4.0,1.333333333
cell isolation,3.0,4.0,1.333333333
pediatric median,4.0,4.0,1.0
provider team,4.0,4.0,1.0
year share,4.0,4.0,1.0
low stress,3.0,4.0,1.333333333
damage response,4.0,4.0,1.0
major limitation,3.0,4.0,1.333333333
outcome therapy,4.0,4.0,1.0
unique discovery,4.0,4.0,1.0
laryngeal tumor,4.0,4.0,1.0
residence valid,4.0,4.0,1.0
variant great,3.0,4.0,1.333333333
large single,4.0,4.0,1.0
plan collaboration,4.0,4.0,1.0
eligibility citizen,4.0,4.0,1.0
applicant opportunity,4.0,4.0,1.0
support fellowship,4.0,4.0,1.0
nurse plan,4.0,4.0,1.0
mental support,3.0,4.0,1.333333333
woman additional,4.0,4.0,1.0
mole growth,3.0,4.0,1.333333333
aspect diagnosis,4.0,4.0,1.0
retinoblastoma malignant,4.0,4.0,1.0
active support,4.0,4.0,1.0
sponsor active,3.0,4.0,1.333333333
form legal,4.0,4.0,1.0
uscis form,4.0,4.0,1.0
card uscis,4.0,4.0,1.0
resident card,4.0,4.0,1.0
valid permanent,4.0,4.0,1.0
holder citizenship,4.0,4.0,1.0
institution responsible,4.0,4.0,1.0
medication opioid,3.0,4.0,1.333333333
positive response,4.0,4.0,1.0
apec hpv,3.0,4.0,1.333333333
cancer quarter,4.0,4.0,1.0
size presence,4.0,4.0,1.0
syndrome frequent,3.0,4.0,1.333333333
cell goal,4.0,4.0,1.0
intensity grief,4.0,4.0,1.0
development cervical,4.0,4.0,1.0
conduct applicant,4.0,4.0,1.0
phase f99,3.0,4.0,1.333333333
diagnosis meningioma,3.0,4.0,1.333333333
presentation child,3.0,4.0,1.333333333
diagnosis adult,4.0,4.0,1.0
number company,4.0,4.0,1.0
example african,4.0,4.0,1.0
gene addition,4.0,4.0,1.0
test old,4.0,4.0,1.0
cell responsive,4.0,4.0,1.0
growth ovarian,3.0,4.0,1.333333333
body long,4.0,4.0,1.0
hpv workshop,3.0,4.0,1.333333333
total lung,3.0,4.0,1.333333333
cancer immediate,4.0,4.0,1.0
cell produce,4.0,4.0,1.0
head bladder,3.0,4.0,1.333333333
lung carbon,3.0,4.0,1.333333333
capacity lung,3.0,4.0,1.333333333
protein growth,4.0,4.0,1.0
procedure diagnosis,3.0,4.0,1.333333333
nerve function,4.0,4.0,1.0
status citizen,4.0,4.0,1.0
complete f99,3.0,4.0,1.333333333
positive self,4.0,4.0,1.0
symptom malignant,3.0,4.0,1.333333333
factor multiple,4.0,4.0,1.0
disease strategy,4.0,4.0,1.0
application candidate,4.0,4.0,1.0
aml rare,3.0,4.0,1.333333333
improved cancer,4.0,4.0,1.0
child partial,4.0,4.0,1.0
vaccine prevention,4.0,4.0,1.0
parent sibling,4.0,4.0,1.0
charge tumor,4.0,4.0,1.0
positive charge,4.0,4.0,1.0
particle positive,4.0,4.0,1.0
proton tiny,4.0,4.0,1.0
stage rate,3.0,4.0,1.333333333
cancer meningioma,4.0,4.0,1.0
live rare,3.0,4.0,1.333333333
survivor live,4.0,4.0,1.0
support f99,3.0,4.0,1.333333333
pembrolizumab metastatic,3.0,4.0,1.333333333
surgery rate,4.0,4.0,1.0
total support,4.0,4.0,1.0
time duration,4.0,4.0,1.0
time k00,3.0,4.0,1.333333333
discussion preference,3.0,4.0,1.333333333
hispanic cancer,3.0,4.0,1.333333333
cancer bevacizumab,4.0,4.0,1.0
therapy chance,4.0,4.0,1.0
cancer threefold,3.0,4.0,1.333333333
damaging agent,4.0,4.0,1.0
significant additional,3.0,4.0,1.333333333
sample adult,3.0,4.0,1.333333333
damage immune,3.0,4.0,1.333333333
dna sample,4.0,4.0,1.0
therapy myelodysplastic,3.0,4.0,1.333333333
tumor elevated,4.0,4.0,1.0
high single,4.0,4.0,1.0
retrospective cancer,4.0,4.0,1.0
cancer chemotherapeutic,4.0,4.0,1.0
fertility problem,3.0,4.0,1.333333333
rectum rectal,4.0,4.0,1.0
disease present,4.0,4.0,1.0
gene half,4.0,4.0,1.0
gene small,4.0,4.0,1.0
specialist fertility,4.0,4.0,1.0
metastasis present,3.0,4.0,1.333333333
doxorubicin vincristine,3.0,4.0,1.333333333
vincristine dactinomycin,3.0,4.0,1.333333333
collaboration innovation,4.0,4.0,1.0
break barrier,4.0,4.0,1.0
#NAME?,4.0,4.0,1.0
difference adverse,3.0,4.0,1.333333333
cancer aspirin,4.0,4.0,1.0
year benefit,3.0,4.0,1.333333333
discovery novel,4.0,4.0,1.0
postdoctoral university,4.0,4.0,1.0
prior selection,3.0,4.0,1.333333333
cell phenomenon,4.0,4.0,1.0
chromosome mechanism,4.0,4.0,1.0
fluorescent probe,3.0,4.0,1.333333333
vaccine melanoma,4.0,4.0,1.0
cancer commitment,3.0,4.0,1.333333333
relationship oncologist,4.0,4.0,1.0
analysis relationship,3.0,4.0,1.333333333
chemotherapy controversial,3.0,4.0,1.333333333
cancer round,3.0,4.0,1.333333333
factor secondary,4.0,4.0,1.0
multicentre retrospective,3.0,4.0,1.333333333
exocrine pancreatic,3.0,4.0,1.333333333
cancer medication,4.0,4.0,1.0
serf cancer,4.0,4.0,1.0
chromatin structure,4.0,4.0,1.0
hallmark cancer,4.0,4.0,1.0
investigator additional,4.0,4.0,1.0
carrier cohort,4.0,4.0,1.0
cell renal,4.0,4.0,1.0
disrupt activity,4.0,4.0,1.0
exciting advance,4.0,4.0,1.0
working cell,3.0,4.0,1.333333333
surgery age,4.0,4.0,1.0
syndrome small,3.0,4.0,1.333333333
development contract,4.0,4.0,1.0
mechanism development,4.0,4.0,1.0
overview intraocular,3.0,4.0,1.333333333
pancreatic lesion,3.0,4.0,1.333333333
cancer microscope,4.0,4.0,1.0
receptor high,3.0,4.0,1.333333333
support country,3.0,4.0,1.333333333
healthy old,4.0,4.0,1.0
datum implementation,4.0,4.0,1.0
contrast woman,3.0,4.0,1.333333333
participant positive,3.0,4.0,1.333333333
iie stage,4.0,4.0,1.0
cancer waldeyer,4.0,4.0,1.0
year couple,4.0,4.0,1.0
screening implementation,3.0,4.0,1.333333333
plan implementation,3.0,4.0,1.333333333
oncology perspective,3.0,4.0,1.333333333
plan analysis,4.0,4.0,1.0
initiative collaboration,4.0,4.0,1.0
development chronic,3.0,4.0,1.333333333
mass bulky,4.0,4.0,1.0
iie cancer,4.0,4.0,1.0
ring spleen,4.0,4.0,1.0
president initiative,4.0,4.0,1.0
lymph ring,4.0,4.0,1.0
place lymph,4.0,4.0,1.0
year line,4.0,4.0,1.0
challenge drug,4.0,4.0,1.0
spleen stage,4.0,4.0,1.0
fellowship applicant,3.0,4.0,1.333333333
institutional nomination,4.0,4.0,1.0
cord substance,4.0,4.0,1.0
overview impact,4.0,4.0,1.0
practice opportunity,3.0,4.0,1.333333333
reverse transcription,4.0,4.0,1.0
chemotherapy preference,3.0,4.0,1.333333333
status prognosis,3.0,4.0,1.333333333
bortezomib therapy,4.0,4.0,1.0
award noa,4.0,4.0,1.0
submission renewal,4.0,4.0,1.0
glucose cancer,4.0,4.0,1.0
psychological behavioral,3.0,4.0,1.333333333
web application,4.0,4.0,1.0
biospeciman molecular,4.0,4.0,1.0
pattern time,3.0,4.0,1.333333333
premalignant lesion,4.0,4.0,1.0
present gene,4.0,4.0,1.0
community healthcare,4.0,4.0,1.0
diagnosis range,3.0,4.0,1.333333333
letrozole advanced,4.0,4.0,1.0
complex genomic,4.0,4.0,1.0
craniofacial bone,3.0,4.0,1.333333333
long incidence,3.0,4.0,1.333333333
serous carcinoma,4.0,4.0,1.0
syndrome male,3.0,4.0,1.333333333
tumor amplification,4.0,4.0,1.0
brca2 cancer,4.0,4.0,1.0
prevalence variant,3.0,4.0,1.333333333
therapeutic window,4.0,4.0,1.0
unit cancer,4.0,4.0,1.0
outcome cost,4.0,4.0,1.0
hybridization test,4.0,4.0,1.0
possibility cancer,4.0,4.0,1.0
virus hpv,3.0,4.0,1.333333333
adult progeria,4.0,4.0,1.0
frequency pathogenic,4.0,4.0,1.0
cellular transformation,4.0,4.0,1.0
activity time,4.0,4.0,1.0
air sac,3.0,4.0,1.333333333
letrozole breast,3.0,4.0,1.333333333
locoregional disease,3.0,4.0,1.333333333
body factor,3.0,4.0,1.333333333
therapy advantage,4.0,4.0,1.0
cancer wong,4.0,4.0,1.0
experience able,4.0,4.0,1.0
infection cervical,3.0,4.0,1.333333333
retinoblastoma radiation,3.0,4.0,1.333333333
strategy potential,4.0,4.0,1.0
potential problem,4.0,4.0,1.0
commitment applicant,4.0,4.0,1.0
project outcome,3.0,4.0,1.333333333
application fiscal,4.0,4.0,1.0
initial dose,4.0,4.0,1.0
behalf candidate,4.0,4.0,1.0
cancer express,4.0,4.0,1.0
number sample,4.0,4.0,1.0
tiny air,3.0,4.0,1.333333333
personal income,3.0,4.0,1.333333333
efficacy cancer,4.0,4.0,1.0
cancer aspiration,4.0,4.0,1.0
pasudotox moxe,3.0,4.0,1.333333333
factor quality,4.0,4.0,1.0
country average,4.0,4.0,1.0
application transition,3.0,4.0,1.333333333
adequate time,4.0,4.0,1.0
immunotherapy university,4.0,4.0,1.0
tumor nature,4.0,4.0,1.0
cell chance,4.0,4.0,1.0
cohesive cancer,4.0,4.0,1.0
support cooperative,4.0,4.0,1.0
vesicle cancer,3.0,4.0,1.333333333
typical cell,4.0,4.0,1.0
cell initial,3.0,4.0,1.333333333
concern brain,3.0,4.0,1.333333333
small lung,4.0,4.0,1.0
k00 transition,3.0,4.0,1.333333333
blood antibody,4.0,4.0,1.0
antibody sample,4.0,4.0,1.0
measure hiv,4.0,4.0,1.0
hiv test,4.0,4.0,1.0
man percent,4.0,4.0,1.0
promise child,4.0,4.0,1.0
challenge lung,3.0,4.0,1.333333333
pain old,4.0,4.0,1.0
genetic clinic,3.0,4.0,1.333333333
dimensional radiation,4.0,4.0,1.0
compliance requirement,3.0,4.0,1.333333333
datum step,4.0,4.0,1.0
radiation intensity,4.0,4.0,1.0
entire thyroid,4.0,4.0,1.0
likely therapy,4.0,4.0,1.0
therapy glioblastoma,4.0,4.0,1.0
unlikely single,4.0,4.0,1.0
cancerous lesion,4.0,4.0,1.0
support diagnosis,4.0,4.0,1.0
year major,4.0,4.0,1.0
diagnosis finding,4.0,4.0,1.0
biomedical development,4.0,4.0,1.0
deficiency dmmr,4.0,4.0,1.0
sensitive cancer,4.0,4.0,1.0
m.p.h head,4.0,4.0,1.0
lesion well,3.0,4.0,1.333333333
precancerous stage,3.0,4.0,1.333333333
lung lesion,4.0,4.0,1.0
key protein,4.0,4.0,1.0
mutation pattern,4.0,4.0,1.0
antibody response,3.0,4.0,1.333333333
tumor laser,3.0,4.0,1.333333333
marrow chemotherapy,3.0,4.0,1.333333333
incidence stage,3.0,4.0,1.333333333
challenge committee,3.0,4.0,1.333333333
bold idea,3.0,4.0,1.333333333
distant disease,3.0,4.0,1.333333333
testing potential,3.0,4.0,1.333333333
test mammogram,4.0,4.0,1.0
tumor share,4.0,4.0,1.0
inoperable metastatic,3.0,4.0,1.333333333
cell strategy,4.0,4.0,1.0
rate testing,3.0,4.0,1.333333333
quality improvement,3.0,4.0,1.333333333
low her2,3.0,4.0,1.333333333
diagnostic strategy,4.0,4.0,1.0
variant counseling,3.0,4.0,1.333333333
node wide,4.0,4.0,1.0
node core,4.0,4.0,1.0
node incisional,4.0,4.0,1.0
entire lymph,4.0,4.0,1.0
progress phase,4.0,4.0,1.0
k00 application,3.0,4.0,1.333333333
antibody marker,4.0,4.0,1.0
skin year,4.0,4.0,1.0
able low,4.0,4.0,1.0
finding jama,4.0,4.0,1.0
support initiative,4.0,4.0,1.0
eligible lung,3.0,4.0,1.333333333
malik cancer,4.0,4.0,1.0
early analysis,4.0,4.0,1.0
model number,4.0,4.0,1.0
response factor,4.0,4.0,1.0
vast datum,4.0,4.0,1.0
advanced gastrointestinal,4.0,4.0,1.0
cell self,4.0,4.0,1.0
skin nail,4.0,4.0,1.0
rate strategy,4.0,4.0,1.0
evaluate impact,4.0,4.0,1.0
analysis rhabdomyosarcoma,3.0,4.0,1.333333333
practice prevention,3.0,4.0,1.333333333
high hiv,4.0,4.0,1.0
substance high,4.0,4.0,1.0
body foreign,4.0,4.0,1.0
analysis diagnostic,4.0,4.0,1.0
definitive cancer,4.0,4.0,1.0
biographical sketch,4.0,4.0,1.0
indicator progress,4.0,4.0,1.0
therapy era,4.0,4.0,1.0
arm advanced,4.0,4.0,1.0
phase institutional,4.0,4.0,1.0
aim plan,4.0,4.0,1.0
plan aim,4.0,4.0,1.0
cancer arch,4.0,4.0,1.0
experiment team,4.0,4.0,1.0
participant response,4.0,4.0,1.0
long imatinib,3.0,4.0,1.333333333
labor intensive,4.0,4.0,1.0
molecular pathology,4.0,4.0,1.0
advanced computing,4.0,4.0,1.0
schultz kap,3.0,4.0,1.333333333
cell cover,4.0,4.0,1.0
sample brain,3.0,4.0,1.333333333
selective cancer,4.0,4.0,1.0
prevention old,4.0,4.0,1.0
limitation model,4.0,4.0,1.0
susceptible infection,4.0,4.0,1.0
infection vaccination,4.0,4.0,1.0
institutional representative,4.0,4.0,1.0
infection antibiotic,4.0,4.0,1.0
cell untreated,4.0,4.0,1.0
deletion analysis,3.0,4.0,1.333333333
team thing,4.0,4.0,1.0
age skin,4.0,4.0,1.0
old few,4.0,4.0,1.0
academic community,4.0,4.0,1.0
cancer operation,4.0,4.0,1.0
large symptom,4.0,4.0,1.0
support body,4.0,4.0,1.0
annual conference,4.0,4.0,1.0
target antibody,4.0,4.0,1.0
tumor word,4.0,4.0,1.0
response prediction,4.0,4.0,1.0
skin pain,3.0,4.0,1.333333333
budget modular,4.0,4.0,1.0
period mentor,4.0,4.0,1.0
cell colleague,4.0,4.0,1.0
cell presence,3.0,4.0,1.333333333
brain breast,3.0,4.0,1.333333333
inflammation heart,4.0,4.0,1.0
tumor distant,4.0,4.0,1.0
activation tumor,4.0,4.0,1.0
cell extracellular,4.0,4.0,1.0
attack stroke,3.0,4.0,1.333333333
colleague phase,4.0,4.0,1.0
technique cell,3.0,4.0,1.333333333
immune well,4.0,4.0,1.0
surgical instrument,3.0,4.0,1.333333333
conversation child,4.0,4.0,1.0
antibody anti,4.0,4.0,1.0
sample exome,4.0,4.0,1.0
modular budget,4.0,4.0,1.0
portion sample,4.0,4.0,1.0
favorable factor,4.0,4.0,1.0
procedure biopsy,4.0,4.0,1.0
screening hpv,4.0,4.0,1.0
white immune,4.0,4.0,1.0
cancer true,4.0,4.0,1.0
long consequence,4.0,4.0,1.0
stage person,3.0,4.0,1.333333333
postdoc transition,4.0,4.0,1.0
assurance candidate,3.0,4.0,1.333333333
investigator step,4.0,4.0,1.0
benefit rate,3.0,4.0,1.333333333
rate objective,3.0,4.0,1.333333333
pathway percent,4.0,4.0,1.0
period percent,4.0,4.0,1.0
old total,4.0,4.0,1.0
refractory aml,3.0,4.0,1.333333333
step test,4.0,4.0,1.0
incidence stable,4.0,4.0,1.0
subject inclusion,4.0,4.0,1.0
visa sufficient,3.0,4.0,1.333333333
appropriate opportunity,4.0,4.0,1.0
child appropriate,4.0,4.0,1.0
therapy special,4.0,4.0,1.0
leukemia analysis,4.0,4.0,1.0
cisplatin high,3.0,4.0,1.333333333
cell regulatory,4.0,4.0,1.0
cancer undergone,3.0,4.0,1.333333333
tumor appropriate,4.0,4.0,1.0
therapeutic ras,4.0,4.0,1.0
respiratory distress,4.0,4.0,1.0
experience world,4.0,4.0,1.0
incidence secondary,4.0,4.0,1.0
measure small,4.0,4.0,1.0
proteomic analysis,3.0,4.0,1.333333333
chemotherapy final,3.0,4.0,1.333333333
tumor unclear,4.0,4.0,1.0
new datum,4.0,4.0,1.0
tool support,4.0,4.0,1.0
gene molecular,4.0,4.0,1.0
similar experience,4.0,4.0,1.0
carcinoma systematic,4.0,4.0,1.0
nutrition dietary,4.0,4.0,1.0
old advanced,4.0,4.0,1.0
therapy fraction,3.0,4.0,1.333333333
tobacco quitline,3.0,4.0,1.333333333
grade malignancy,4.0,4.0,1.0
time cessation,3.0,4.0,1.333333333
testing direct,3.0,4.0,1.333333333
disease failure,4.0,4.0,1.0
disorder dsm-5,3.0,4.0,1.333333333
association diagnostic,4.0,4.0,1.0
test physician,4.0,4.0,1.0
datum test,4.0,4.0,1.0
test single,4.0,4.0,1.0
dimensional structure,4.0,4.0,1.0
drug hydrochloride,3.0,4.0,1.333333333
tobacco smoker,4.0,4.0,1.0
support thing,4.0,4.0,1.0
progressive metastatic,3.0,4.0,1.333333333
analysis association,4.0,4.0,1.0
growth old,4.0,4.0,1.0
complete removal,4.0,4.0,1.0
close project,4.0,4.0,1.0
download cancer,4.0,4.0,1.0
initiative testing,4.0,4.0,1.0
similar old,3.0,4.0,1.333333333
node bone,4.0,4.0,1.0
loss night,3.0,4.0,1.333333333
talk thing,3.0,4.0,1.333333333
usual cancer,4.0,4.0,1.0
mutant allele,4.0,4.0,1.0
sidney kimmel,4.0,4.0,1.0
chordoma bone,4.0,4.0,1.0
response additional,4.0,4.0,1.0
response child,4.0,4.0,1.0
burden number,4.0,4.0,1.0
tumor survive,4.0,4.0,1.0
woman thyroid,3.0,4.0,1.333333333
testing cervical,3.0,4.0,1.333333333
option man,3.0,4.0,1.333333333
syndrome therapy,4.0,4.0,1.0
alectinib ceritinib,4.0,4.0,1.0
alk crizotinib,3.0,4.0,1.333333333
test ability,4.0,4.0,1.0
initiative launch,4.0,4.0,1.0
cancer impressive,4.0,4.0,1.0
validate finding,4.0,4.0,1.0
testing age,3.0,4.0,1.333333333
drive cell,4.0,4.0,1.0
somatic braf,4.0,4.0,1.0
cancer kra,4.0,4.0,1.0
diagnosis distant,3.0,4.0,1.333333333
country year,4.0,4.0,1.0
therapy need,4.0,4.0,1.0
tumor frequent,4.0,4.0,1.0
man decade,4.0,4.0,1.0
thyroid problem,4.0,4.0,1.0
team well,4.0,4.0,1.0
therapy malignant,4.0,4.0,1.0
cancer brca2,4.0,4.0,1.0
therapy interesting,4.0,4.0,1.0
benefit young,3.0,4.0,1.333333333
strong immune,4.0,4.0,1.0
lung involvement,4.0,4.0,1.0
substantial progress,4.0,4.0,1.0
shrinkage response,4.0,4.0,1.0
woman small,3.0,4.0,1.333333333
activity opportunity,4.0,4.0,1.0
mutation lead,3.0,4.0,1.333333333
activity molecular,4.0,4.0,1.0
follicular large,3.0,4.0,1.333333333
behavior smoking,3.0,4.0,1.333333333
lymphoma area,3.0,4.0,1.333333333
rate comparable,3.0,4.0,1.333333333
gene presence,3.0,4.0,1.333333333
tissue colon,3.0,4.0,1.333333333
damage tissue,3.0,4.0,1.333333333
organ symptom,3.0,4.0,1.333333333
sufficient number,4.0,4.0,1.0
exception rare,3.0,4.0,1.333333333
brain high,4.0,4.0,1.0
addition cell,4.0,4.0,1.0
prognosis example,4.0,4.0,1.0
woman potential,4.0,4.0,1.0
cancer absence,4.0,4.0,1.0
response physician,3.0,4.0,1.333333333
method strategy,4.0,4.0,1.0
detection hereditary,4.0,4.0,1.0
symptom prevention,4.0,4.0,1.0
discovery collaboration,4.0,4.0,1.0
phase single,4.0,4.0,1.0
routine management,4.0,4.0,1.0
mosby year,3.0,4.0,1.333333333
death telehealth,4.0,4.0,1.0
vanguard feasibility,4.0,4.0,1.0
biopsy large,3.0,4.0,1.333333333
response time,3.0,4.0,1.333333333
criterion solid,3.0,4.0,1.333333333
sample molecular,4.0,4.0,1.0
lesion cellular,4.0,4.0,1.0
atlas lesion,4.0,4.0,1.0
therapy characteristic,4.0,4.0,1.0
body gastrointestinal,4.0,4.0,1.0
lymphoma nodal,3.0,4.0,1.333333333
concern tobacco,4.0,4.0,1.0
spouse cancer,3.0,4.0,1.333333333
factor likely,4.0,4.0,1.0
development challenge,4.0,4.0,1.0
immune prevention,4.0,4.0,1.0
translational immune,4.0,4.0,1.0
datum knowledge,4.0,4.0,1.0
development routine,4.0,4.0,1.0
model inhibitor,4.0,4.0,1.0
driver pediatric,4.0,4.0,1.0
squibb manufacturer,4.0,4.0,1.0
fusion major,4.0,4.0,1.0
cancer gap,4.0,4.0,1.0
previous diagnosis,3.0,4.0,1.333333333
analysis leading,4.0,4.0,1.0
screening vanguard,4.0,4.0,1.0
efficient datum,4.0,4.0,1.0
contribute data,4.0,4.0,1.0
enable contribute,4.0,4.0,1.0
datum enable,4.0,4.0,1.0
test reason,4.0,4.0,1.0
blood plasma,4.0,4.0,1.0
average high,4.0,4.0,1.0
total diet,4.0,4.0,1.0
vaccine lynch,4.0,4.0,1.0
rate negative,4.0,4.0,1.0
similar percentage,4.0,4.0,1.0
brain small,3.0,4.0,1.333333333
radiation safe,4.0,4.0,1.0
quantitative analysis,4.0,4.0,1.0
trametinib cancer,3.0,4.0,1.333333333
dedicated academia,4.0,4.0,1.0
advocate dedicated,4.0,4.0,1.0
moonshot advocate,4.0,4.0,1.0
cancer pap,3.0,4.0,1.333333333
profile datum,4.0,4.0,1.0
direct engagement,4.0,4.0,1.0
moonshot direct,4.0,4.0,1.0
therapy alive,3.0,4.0,1.333333333
reason time,4.0,4.0,1.0
therapy letrozole,3.0,4.0,1.333333333
symptom man,3.0,4.0,1.333333333
accomplish accomplishment,4.0,4.0,1.0
consortium goal,4.0,4.0,1.0
project consortium,4.0,4.0,1.0
medicine symptom,4.0,4.0,1.0
goal accelerate,4.0,4.0,1.0
year well,4.0,4.0,1.0
analysis potential,4.0,4.0,1.0
testing similar,4.0,4.0,1.0
kid young,4.0,4.0,1.0
manufacture cell,4.0,4.0,1.0
year few,3.0,4.0,1.333333333
cancer bay,4.0,4.0,1.0
panel broad,4.0,4.0,1.0
know panel,4.0,4.0,1.0
useful cancer,4.0,4.0,1.0
goal decade,4.0,4.0,1.0
factor molecular,4.0,4.0,1.0
cancer urgent,4.0,4.0,1.0
asymptomatic thyroid,4.0,4.0,1.0
cancer rest,4.0,4.0,1.0
immunotherapy old,4.0,4.0,1.0
medulloblastoma old,4.0,4.0,1.0
concern young,4.0,4.0,1.0
variation factor,4.0,4.0,1.0
example low,4.0,4.0,1.0
syndrome normal,4.0,4.0,1.0
potential explanation,3.0,4.0,1.333333333
black race,3.0,4.0,1.333333333
child wnt,4.0,4.0,1.0
medulloblastoma dose,4.0,4.0,1.0
provider woman,3.0,4.0,1.333333333
underarm mediastinum,4.0,4.0,1.0
rev clin,4.0,4.0,1.0
antigen present,3.0,4.0,1.333333333
careful consideration,3.0,4.0,1.333333333
attache protein,4.0,4.0,1.0
awareness potential,4.0,4.0,1.0
complete cure,3.0,4.0,1.333333333
guide woman,3.0,4.0,1.333333333
breast guide,3.0,4.0,1.333333333
inhibitor cell,4.0,4.0,1.0
ncctg clin,3.0,4.0,1.333333333
north cohort,3.0,4.0,1.333333333
time big,4.0,4.0,1.0
therapy protein,4.0,4.0,1.0
vessel lymphocyte,4.0,4.0,1.0
new nanoparticle,4.0,4.0,1.0
cancer idh,4.0,4.0,1.0
significant long,4.0,4.0,1.0
cancer upcoming,4.0,4.0,1.0
immunotherapy able,4.0,4.0,1.0
mortality long,4.0,4.0,1.0
behavior example,3.0,4.0,1.333333333
observational woman,3.0,4.0,1.333333333
year finding,4.0,4.0,1.0
factor relapse,4.0,4.0,1.0
world cervical,3.0,4.0,1.333333333
woman world,4.0,4.0,1.0
woman percent,4.0,4.0,1.0
endemic area,3.0,4.0,1.333333333
diagnosis percent,4.0,4.0,1.0
kra percent,4.0,4.0,1.0
germline deletion,3.0,4.0,1.333333333
loss amplification,4.0,4.0,1.0
syndrome fever,4.0,4.0,1.0
adult breast,3.0,4.0,1.333333333
substantial variation,3.0,4.0,1.333333333
heart cell,3.0,4.0,1.333333333
dexamethasone cancer,3.0,4.0,1.333333333
size breast,4.0,4.0,1.0
vaccine gardasil,4.0,4.0,1.0
physician characteristic,3.0,4.0,1.333333333
opportunity community,4.0,4.0,1.0
drug course,4.0,4.0,1.0
white cancer,3.0,4.0,1.333333333
chairman department,4.0,4.0,1.0
advance human,3.0,4.0,1.333333333
cancer infectious,4.0,4.0,1.0
rev endocrinol,3.0,4.0,1.333333333
endocrine thyroid,3.0,4.0,1.333333333
supplement low,4.0,4.0,1.0
therapy diagnosis,4.0,4.0,1.0
child presence,4.0,4.0,1.0
tumor field,4.0,4.0,1.0
idecabtagene vicleucel,3.0,4.0,1.333333333
adjuvant woman,4.0,4.0,1.0
participant remission,4.0,4.0,1.0
drug limited,4.0,4.0,1.0
adult multiple,3.0,4.0,1.333333333
prevention management,4.0,4.0,1.0
median participant,4.0,4.0,1.0
feature age,4.0,4.0,1.0
hospital addition,4.0,4.0,1.0
presence cell,4.0,4.0,1.0
opportunity tool,4.0,4.0,1.0
rate spontaneous,4.0,4.0,1.0
immunotherapy model,4.0,4.0,1.0
quality goal,4.0,4.0,1.0
low significant,3.0,4.0,1.333333333
addition biomarker,4.0,4.0,1.0
old cohort,4.0,4.0,1.0
nonsteroidal anti,3.0,4.0,1.333333333
activity drug,4.0,4.0,1.0
cohort finding,4.0,4.0,1.0
toxicity profile,3.0,4.0,1.333333333
stage future,4.0,4.0,1.0
diarrhea severe,3.0,4.0,1.333333333
field immunotherapy,3.0,4.0,1.333333333
day workshop,4.0,4.0,1.0
vomiting hour,3.0,4.0,1.333333333
body substance,4.0,4.0,1.0
remission leukemia,4.0,4.0,1.0
strong partnership,4.0,4.0,1.0
surgery colon,3.0,4.0,1.333333333
award additional,4.0,4.0,1.0
team specialist,4.0,4.0,1.0
disease talk,4.0,4.0,1.0
nerve blood,4.0,4.0,1.0
durvalumab drug,3.0,4.0,1.333333333
emd serono,4.0,4.0,1.0
unleash immune,4.0,4.0,1.0
gene year,4.0,4.0,1.0
relaxation imagery,4.0,4.0,1.0
negative thought,4.0,4.0,1.0
relaxation therapy,3.0,4.0,1.333333333
development application,3.0,4.0,1.333333333
lot conversation,4.0,4.0,1.0
cancer vha,3.0,4.0,1.333333333
region united,4.0,4.0,1.0
outcome initial,4.0,4.0,1.0
biomedical datum,4.0,4.0,1.0
body year,4.0,4.0,1.0
function loss,3.0,4.0,1.333333333
validation biospeciman,4.0,4.0,1.0
innovative biospecimen,4.0,4.0,1.0
trouble bladder,4.0,4.0,1.0
bachelor degree,4.0,4.0,1.0
leukaemia child,4.0,4.0,1.0
carcinoma bladder,4.0,4.0,1.0
leukemia chronic,4.0,4.0,1.0
pediatrician radiation,4.0,4.0,1.0
male adult,3.0,4.0,1.333333333
calendar year,3.0,4.0,1.333333333
number immunotherapy,4.0,4.0,1.0
validation molecular,4.0,4.0,1.0
p50 revision,4.0,4.0,1.0
p50 optional,4.0,4.0,1.0
cancer p50,4.0,4.0,1.0
cancer u01,4.0,4.0,1.0
drug developer,4.0,4.0,1.0
rate relapse,4.0,4.0,1.0
thymoma option,3.0,4.0,1.333333333
syndrome analysis,4.0,4.0,1.0
code dna,4.0,4.0,1.0
head immunotherapy,4.0,4.0,1.0
presence feature,4.0,4.0,1.0
regimen stage,3.0,4.0,1.333333333
prior option,3.0,4.0,1.333333333
carcinoma present,3.0,4.0,1.333333333
management analysis,4.0,4.0,1.0
carcinoma management,4.0,4.0,1.0
increase activity,3.0,4.0,1.333333333
pediatric neuroblastoma,4.0,4.0,1.0
cell chimeric,4.0,4.0,1.0
male high,4.0,4.0,1.0
severe anxiety,3.0,4.0,1.333333333
cell lack,4.0,4.0,1.0
adrenal lesion,3.0,4.0,1.333333333
tumor medullary,3.0,4.0,1.333333333
produce protein,4.0,4.0,1.0
carcinoma aggressive,3.0,4.0,1.333333333
pembrolizumab investigator,3.0,4.0,1.333333333
sporadic form,3.0,4.0,1.333333333
feature characteristic,4.0,4.0,1.0
cancer hepatitis,3.0,4.0,1.333333333
fibroblast growth,3.0,4.0,1.333333333
therapy thymoma,3.0,4.0,1.333333333
adolescent conventional,4.0,4.0,1.0
smoking prevalence,3.0,4.0,1.333333333
child vein,4.0,4.0,1.0
sugar child,4.0,4.0,1.0
cell strong,4.0,4.0,1.0
geographic region,3.0,4.0,1.333333333
expression germline,3.0,4.0,1.333333333
mutation rate,4.0,4.0,1.0
team deep,4.0,4.0,1.0
mypart advocacy,4.0,4.0,1.0
parathyroid adenoma,3.0,4.0,1.333333333
new genomic,4.0,4.0,1.0
variant cohort,4.0,4.0,1.0
clear understanding,4.0,4.0,1.0
surgery clear,4.0,4.0,1.0
cohort significant,3.0,4.0,1.333333333
neutrophil count,3.0,4.0,1.333333333
pre infusion,3.0,4.0,1.333333333
uterus liver,4.0,4.0,1.0
pharynx soft,4.0,4.0,1.0
registry mortality,4.0,4.0,1.0
infection incidence,4.0,4.0,1.0
p.m. cancer,3.0,4.0,1.333333333
instant messaging,4.0,4.0,1.0
woman companion,3.0,4.0,1.333333333
team symptom,4.0,4.0,1.0
woman clear,4.0,4.0,1.0
serum calcium,4.0,4.0,1.0
screening protocol,4.0,4.0,1.0
recurrent single,3.0,4.0,1.333333333
variant diagnostic,4.0,4.0,1.0
new child,4.0,4.0,1.0
variant consistent,4.0,4.0,1.0
experience drug,4.0,4.0,1.0
fortunate cancer,4.0,4.0,1.0
pharynx cancer,4.0,4.0,1.0
lymphoma incidence,3.0,4.0,1.333333333
hope time,4.0,4.0,1.0
ionizing radiation,3.0,4.0,1.333333333
osteosarcoma rare,3.0,4.0,1.333333333
time rate,4.0,4.0,1.0
high chronic,4.0,4.0,1.0
protein additional,4.0,4.0,1.0
example chemotherapy,4.0,4.0,1.0
aggressive fibromatosis,3.0,4.0,1.333333333
identification cancer,3.0,4.0,1.333333333
factor assessment,4.0,4.0,1.0
strap child,4.0,4.0,1.0
initial presentation,4.0,4.0,1.0
woman rural,4.0,4.0,1.0
realm pediatric,4.0,4.0,1.0
future child,4.0,4.0,1.0
therapy hsct,3.0,4.0,1.333333333
unusual cancer,4.0,4.0,1.0
malignant fibrous,4.0,4.0,1.0
insight year,4.0,4.0,1.0
reliable datum,3.0,4.0,1.333333333
barrier drug,4.0,4.0,1.0
team pediatric,4.0,4.0,1.0
diverse perspective,4.0,4.0,1.0
drug novel,4.0,4.0,1.0
powerful activist,4.0,4.0,1.0
comfort pain,4.0,4.0,1.0
tumor man,3.0,4.0,1.333333333
ride powerful,4.0,4.0,1.0
helpline ride,4.0,4.0,1.0
live helpline,4.0,4.0,1.0
breakthrough live,4.0,4.0,1.0
increase percent,4.0,4.0,1.0
medicine adult,4.0,4.0,1.0
imrt dimensional,4.0,4.0,1.0
scanner head,4.0,4.0,1.0
challenge community,4.0,4.0,1.0
submit application,3.0,4.0,1.333333333
step pathway,4.0,4.0,1.0
veteran vha,3.0,4.0,1.333333333
death quality,3.0,4.0,1.333333333
air pollution,4.0,4.0,1.0
similar observed,4.0,4.0,1.0
day cell,3.0,4.0,1.333333333
cancer angle,4.0,4.0,1.0
awareness impact,4.0,4.0,1.0
activist awareness,4.0,4.0,1.0
sipple syndrome,4.0,4.0,1.0
field difficult,4.0,4.0,1.0
renal cancer,4.0,4.0,1.0
team conduct,4.0,4.0,1.0
year reason,4.0,4.0,1.0
line high,4.0,4.0,1.0
week tumor,4.0,4.0,1.0
company test,4.0,4.0,1.0
cell autophagy,4.0,4.0,1.0
idea table,4.0,4.0,1.0
cancer executive,4.0,4.0,1.0
webinar cancer,3.0,4.0,1.333333333
remission year,4.0,4.0,1.0
support broad,4.0,4.0,1.0
feature alteration,3.0,4.0,1.333333333
palliative assessment,4.0,4.0,1.0
support join,4.0,4.0,1.0
endoplasmic reticulum,4.0,4.0,1.0
activity model,4.0,4.0,1.0
agent efficacy,4.0,4.0,1.0
hope desmoid,4.0,4.0,1.0
day palliative,4.0,4.0,1.0
transition day,4.0,4.0,1.0
cell flow,4.0,4.0,1.0
nausea nutrition,4.0,4.0,1.0
diet protective,4.0,4.0,1.0
smoking regular,4.0,4.0,1.0
starting factor,4.0,4.0,1.0
cancer starting,4.0,4.0,1.0
placebo time,3.0,4.0,1.333333333
unfavorable histology,3.0,4.0,1.333333333
energy production,4.0,4.0,1.0
mitochondrion red,4.0,4.0,1.0
participant long,4.0,4.0,1.0
cancer connectstudy,4.0,4.0,1.0
transcriptomic epigenomic,4.0,4.0,1.0
cancer affected,4.0,4.0,1.0
thymoma cancer,3.0,4.0,1.333333333
isocitrate dehydrogenase,4.0,4.0,1.0
student high,4.0,4.0,1.0
time bad,4.0,4.0,1.0
implication prevention,4.0,4.0,1.0
association age,3.0,4.0,1.333333333
participant lot,4.0,4.0,1.0
tissue microenvironment,4.0,4.0,1.0
presentation molecular,3.0,4.0,1.333333333
discus good,4.0,4.0,1.0
project pediatr,4.0,4.0,1.0
carcinoma symptom,3.0,4.0,1.333333333
meditation relaxation,3.0,4.0,1.333333333
prevention ctnet,3.0,4.0,1.333333333
step goal,4.0,4.0,1.0
exercise protective,4.0,4.0,1.0
overweight exercise,4.0,4.0,1.0
smoking overweight,4.0,4.0,1.0
high hereditary,4.0,4.0,1.0
factor little,3.0,4.0,1.333333333
clear breast,3.0,4.0,1.333333333
positive brain,3.0,4.0,1.333333333
prevention high,4.0,4.0,1.0
appropriate strategy,3.0,4.0,1.333333333
therapy estrogen,3.0,4.0,1.333333333
ethnic racial,4.0,4.0,1.0
young middle,3.0,4.0,1.333333333
number equal,3.0,4.0,1.333333333
cigarette year,3.0,4.0,1.333333333
transfer immunotherapy,4.0,4.0,1.0
prevention clinic,3.0,4.0,1.333333333
development phase,4.0,4.0,1.0
radiation age,4.0,4.0,1.0
cerebral edema,3.0,4.0,1.333333333
alk therapy,4.0,4.0,1.0
late age,4.0,4.0,1.0
age increase,4.0,4.0,1.0
menstrual period,3.0,4.0,1.333333333
bivalent hpv,4.0,4.0,1.0
tissue woman,3.0,4.0,1.333333333
gene metastatic,4.0,4.0,1.0
gene prostate,3.0,4.0,1.333333333
experience knowledge,4.0,4.0,1.0
cessation initiative,3.0,4.0,1.333333333
cancer cessation,3.0,4.0,1.333333333
menopause breast,4.0,4.0,1.0
menopause hormone,3.0,4.0,1.333333333
challenge new,4.0,4.0,1.0
effectiveness breast,3.0,4.0,1.333333333
medicine molecular,4.0,4.0,1.0
time community,4.0,4.0,1.0
obesity increase,3.0,4.0,1.333333333
disease penetrance,3.0,4.0,1.333333333
coordinating u24,3.0,4.0,1.333333333
disease unilateral,4.0,4.0,1.0
child bilateral,4.0,4.0,1.0
fat molecule,4.0,4.0,1.0
precancer atlas,3.0,4.0,1.333333333
twice day,3.0,4.0,1.333333333
placebo pill,4.0,4.0,1.0
reproductive factor,4.0,4.0,1.0
exposure breast,4.0,4.0,1.0
score child,3.0,4.0,1.333333333
estrogen woman,3.0,4.0,1.333333333
tumor dependent,4.0,4.0,1.0
counseling cancer,4.0,4.0,1.0
disease additional,4.0,4.0,1.0
death addition,4.0,4.0,1.0
high ratio,4.0,4.0,1.0
year surgical,3.0,4.0,1.333333333
investigator campus,4.0,4.0,1.0
enzyme aromatase,3.0,4.0,1.333333333
aggressive metastatic,3.0,4.0,1.333333333
outcome model,4.0,4.0,1.0
age testing,3.0,4.0,1.333333333
cancer vanderbilt,4.0,4.0,1.0
vegetable rich,3.0,4.0,1.333333333
presence positive,3.0,4.0,1.333333333
cell severe,3.0,4.0,1.333333333
potential complication,4.0,4.0,1.0
woman cost,3.0,4.0,1.333333333
trend time,3.0,4.0,1.333333333
quarter participant,4.0,4.0,1.0
year variant,4.0,4.0,1.0
mastectomy cancer,3.0,4.0,1.333333333
breast time,4.0,4.0,1.0
malignancy pathological,3.0,4.0,1.333333333
support significant,4.0,4.0,1.0
difficult conduct,4.0,4.0,1.0
htan investigator,3.0,4.0,1.333333333
oophorectomy removal,3.0,4.0,1.333333333
ovary surgery,3.0,4.0,1.333333333
disease oncology,4.0,4.0,1.0
large chemotherapy,4.0,4.0,1.0
base cancer,4.0,4.0,1.0
malignancy year,3.0,4.0,1.333333333
woman median,3.0,4.0,1.333333333
workplace exposure,4.0,4.0,1.0
allele variant,4.0,4.0,1.0
tobacco cigarettes,4.0,4.0,1.0
embassy fellowship,3.0,4.0,1.333333333
datum presence,4.0,4.0,1.0
altered protein,4.0,4.0,1.0
force vice,4.0,4.0,1.0
disease tamoxifen,3.0,4.0,1.333333333
interested drug,4.0,4.0,1.0
datum young,4.0,4.0,1.0
little datum,4.0,4.0,1.0
production androgen,3.0,4.0,1.333333333
receptor inhibitor,3.0,4.0,1.333333333
request additional,4.0,4.0,1.0
public impact,4.0,4.0,1.0
mineral supplement,4.0,4.0,1.0
medicine vitamin,4.0,4.0,1.0
smoking medicine,4.0,4.0,1.0
vegetable smoking,4.0,4.0,1.0
cancer fruit,4.0,4.0,1.0
decade advance,4.0,4.0,1.0
advisory cancer,4.0,4.0,1.0
protein modification,4.0,4.0,1.0
posttranslational modification,3.0,4.0,1.333333333
thing perspective,4.0,4.0,1.0
industry thing,4.0,4.0,1.0
great normal,3.0,4.0,1.333333333
die cancer,4.0,4.0,1.0
transplantation high,4.0,4.0,1.0
substance environment,4.0,4.0,1.0
new colorectal,4.0,4.0,1.0
analysis medicine,3.0,4.0,1.333333333
body hair,3.0,4.0,1.333333333
body therapy,4.0,4.0,1.0
gene inactivation,3.0,4.0,1.333333333
duration chemotherapy,3.0,4.0,1.333333333
kidney clear,3.0,4.0,1.333333333
covid pandemic,4.0,4.0,1.0
idea immune,4.0,4.0,1.0
gene linkage,3.0,4.0,1.333333333
disease major,3.0,4.0,1.333333333
cancer intersection,3.0,4.0,1.333333333
year medulloblastoma,3.0,4.0,1.333333333
future precision,4.0,4.0,1.0
disease assessment,4.0,4.0,1.0
pharmacological agent,3.0,4.0,1.333333333
symptom high,4.0,4.0,1.0
drug her2,3.0,4.0,1.333333333
development lot,4.0,4.0,1.0
tremendous potential,4.0,4.0,1.0
professor department,4.0,4.0,1.0
application final,3.0,4.0,1.333333333
genitourinary abnormality,3.0,4.0,1.333333333
association colorectal,3.0,4.0,1.333333333
public practice,4.0,4.0,1.0
aniridia genitourinary,3.0,4.0,1.333333333
wagr wilm,3.0,4.0,1.333333333
woman initial,4.0,4.0,1.0
abnormality developmental,3.0,4.0,1.333333333
cancer careful,3.0,4.0,1.333333333
inhibitor enzyme,4.0,4.0,1.0
bispecific cell,4.0,4.0,1.0
mentor mentee,4.0,4.0,1.0
experience industry,4.0,4.0,1.0
factor beta,3.0,4.0,1.333333333
tnm ajcc,4.0,4.0,1.0
resistant hormone,3.0,4.0,1.333333333
impact physical,3.0,4.0,1.333333333
robust datum,4.0,4.0,1.0
occupational therapy,3.0,4.0,1.333333333
physical occupational,3.0,4.0,1.333333333
path interested,3.0,4.0,1.333333333
potential chemotherapy,4.0,4.0,1.0
booklet cover,4.0,4.0,1.0
read booklet,4.0,4.0,1.0
tumor behavior,3.0,4.0,1.333333333
gene loss,4.0,4.0,1.0
significant problem,4.0,4.0,1.0
significant overall,4.0,4.0,1.0
buchanan counselor,3.0,4.0,1.333333333
hampel buchanan,4.0,4.0,1.0
syndrome genitourinary,3.0,4.0,1.333333333
intensity therapy,3.0,4.0,1.333333333
immunotherapeutic agent,4.0,4.0,1.0
chair immunology,3.0,4.0,1.333333333
brain skull,4.0,4.0,1.0
protein act,4.0,4.0,1.0
optimal cancer,4.0,4.0,1.0
adolescent hodgkin,4.0,4.0,1.0
cell testing,4.0,4.0,1.0
medicine mount,4.0,4.0,1.0
symptom hot,3.0,4.0,1.333333333
pre existing,4.0,4.0,1.0
outcome overall,4.0,4.0,1.0
gap opportunity,4.0,4.0,1.0
area support,3.0,4.0,1.333333333
disorder sex,4.0,4.0,1.0
chemotherapy venetoclax,3.0,4.0,1.333333333
moderator panelist,4.0,4.0,1.0
discovery therapeutic,3.0,4.0,1.333333333
well support,4.0,4.0,1.0
child familial,3.0,4.0,1.333333333
associate physician,4.0,4.0,1.0
regimen surgery,3.0,4.0,1.333333333
mental issue,3.0,4.0,1.333333333
hypermethylation gene,3.0,4.0,1.333333333
cancer england,4.0,4.0,1.0
drug tool,4.0,4.0,1.0
committee working,4.0,4.0,1.0
involvement regional,4.0,4.0,1.0
problem pain,4.0,4.0,1.0
score chemotherapy,3.0,4.0,1.333333333
drug cll,3.0,4.0,1.333333333
disease participant,4.0,4.0,1.0
healthy tumor,3.0,4.0,1.333333333
substantial benefit,4.0,4.0,1.0
piece metal,4.0,4.0,1.0
large field,4.0,4.0,1.0
regular imaging,4.0,4.0,1.0
glioma old,3.0,4.0,1.333333333
hedgehog pathway,3.0,4.0,1.333333333
apc protein,3.0,4.0,1.333333333
protein degradation,4.0,4.0,1.0
issue team,4.0,4.0,1.0
drug depression,4.0,4.0,1.0
outcome rare,4.0,4.0,1.0
immunotherapy ph.d,3.0,4.0,1.333333333
consequence mutation,4.0,4.0,1.0
palliative quality,4.0,4.0,1.0
agent cell,4.0,4.0,1.0
cell proliferate,4.0,4.0,1.0
good chance,4.0,4.0,1.0
hearing testimony,3.0,4.0,1.333333333
cancer dabrafenib,3.0,4.0,1.333333333
fluorodeoxyglucose positron,3.0,4.0,1.333333333
therapy kind,4.0,4.0,1.0
hard breathe,3.0,4.0,1.333333333
drug diarrhea,3.0,4.0,1.333333333
remove brain,4.0,4.0,1.0
tip dunamis,4.0,4.0,1.0
direct damage,4.0,4.0,1.0
unable tolerate,4.0,4.0,1.0
example able,4.0,4.0,1.0
institution large,4.0,4.0,1.0
istock large,4.0,4.0,1.0
feinberg school,4.0,4.0,1.0
cancer northwestern,4.0,4.0,1.0
nucleotide excision,3.0,4.0,1.333333333
good kind,4.0,4.0,1.0
malignancy rate,3.0,4.0,1.333333333
park cancer,4.0,4.0,1.0
mortality meta,3.0,4.0,1.333333333
cancer widespread,4.0,4.0,1.0
professor molecular,4.0,4.0,1.0
gene account,3.0,4.0,1.333333333
diagnosis ask,4.0,4.0,1.0
guiding neurosurgeon,4.0,4.0,1.0
relevant issue,4.0,4.0,1.0
couch team,3.0,4.0,1.333333333
drug improved,4.0,4.0,1.0
chemotherapy hospital,4.0,4.0,1.0
paternal allele,4.0,4.0,1.0
community great,4.0,4.0,1.0
testing model,3.0,4.0,1.333333333
barrier participation,3.0,4.0,1.333333333
submission application,3.0,4.0,1.333333333
time loss,3.0,4.0,1.333333333
complex tumor,4.0,4.0,1.0
old intensive,3.0,4.0,1.333333333
department medicine,3.0,4.0,1.333333333
molecular underpinning,4.0,4.0,1.0
therapy physical,4.0,4.0,1.0
adult prognostic,3.0,4.0,1.333333333
figure cancer,3.0,4.0,1.333333333
quality high,4.0,4.0,1.0
brigham woman,3.0,4.0,1.333333333
job time,4.0,4.0,1.0
toxicity immune,3.0,4.0,1.333333333
pleasure time,4.0,4.0,1.0
vaccine development,4.0,4.0,1.0
regenerative medicine,3.0,4.0,1.333333333
exciting drug,4.0,4.0,1.0
right cell,4.0,4.0,1.0
year milestone,4.0,4.0,1.0
job cancer,4.0,4.0,1.0
agent advanced,3.0,4.0,1.333333333
medicine chief,4.0,4.0,1.0
phone fiscal,4.0,4.0,1.0
child allogeneic,3.0,4.0,1.333333333
datum discovery,4.0,4.0,1.0
cd34 positive,3.0,4.0,1.333333333
plan excited,4.0,4.0,1.0
team project,4.0,4.0,1.0
priority field,4.0,4.0,1.0
great tool,4.0,4.0,1.0
therapy clear,3.0,4.0,1.333333333
community person,4.0,4.0,1.0
provider community,4.0,4.0,1.0
huge difference,4.0,4.0,1.0
build finding,4.0,4.0,1.0
investment opportunity,4.0,4.0,1.0
world oyster,4.0,4.0,1.0
cell transcriptional,3.0,4.0,1.333333333
strategic priority,3.0,4.0,1.333333333
lab core,3.0,4.0,1.333333333
participant criterion,4.0,4.0,1.0
disease able,4.0,4.0,1.0
lung removal,4.0,4.0,1.0
space lining,4.0,4.0,1.0
thoracentesis removal,4.0,4.0,1.0
challenge investigator,4.0,4.0,1.0
problem long,4.0,4.0,1.0
big dataset,3.0,4.0,1.333333333
essential cancer,4.0,4.0,1.0
travel fund,4.0,4.0,1.0
fluorouracil gene,3.0,4.0,1.333333333
similar chemotherapy,4.0,4.0,1.0
factor datum,4.0,4.0,1.0
age sporadic,3.0,4.0,1.333333333
fluoropyrimidine severe,3.0,4.0,1.333333333
variant fluoropyrimidine,3.0,4.0,1.333333333
award aim,4.0,4.0,1.0
finding age,3.0,4.0,1.333333333
example datum,4.0,4.0,1.0
addition rare,4.0,4.0,1.0
variant dpyd,3.0,4.0,1.333333333
fluorouracil pathogenic,3.0,4.0,1.333333333
fluoropyrimidine capecitabine,3.0,4.0,1.333333333
enzyme pyrimidine,3.0,4.0,1.333333333
strategic plan,3.0,4.0,1.333333333
able challenging,4.0,4.0,1.0
range fluoropyrimidine,3.0,4.0,1.333333333
fatal dpyd,3.0,4.0,1.333333333
toxicity fatal,3.0,4.0,1.333333333
letrozole femara,4.0,4.0,1.0
initial year,4.0,4.0,1.0
disease alteration,4.0,4.0,1.0
equipment supply,4.0,4.0,1.0
ide brief,4.0,4.0,1.0
cancer disparity,4.0,4.0,1.0
throughput assay,4.0,4.0,1.0
body dpyd,3.0,4.0,1.333333333
fluoropyrimidine body,3.0,4.0,1.333333333
accumulation pyrimidine,3.0,4.0,1.333333333
function accumulation,3.0,4.0,1.333333333
dpd protein,3.0,4.0,1.333333333
dpyd dpd,3.0,4.0,1.333333333
situation controversial,3.0,4.0,1.333333333
urgent situation,3.0,4.0,1.333333333
week urgent,3.0,4.0,1.333333333
boven pharmacogenetic,3.0,4.0,1.333333333
lam boven,3.0,4.0,1.333333333
oncologist lam,3.0,4.0,1.333333333
analysis oncologist,3.0,4.0,1.333333333
mortality fluoropyrimidine,3.0,4.0,1.333333333
controversial issue,3.0,4.0,1.333333333
breast procedure,3.0,4.0,1.333333333
allele testing,3.0,4.0,1.333333333
dpyd allele,3.0,4.0,1.333333333
number dpyd,3.0,4.0,1.333333333
genotype number,3.0,4.0,1.333333333
reduction dpyd,3.0,4.0,1.333333333
avoidance dose,3.0,4.0,1.333333333
fluoropyrimidine avoidance,3.0,4.0,1.333333333
blunt pathogenic,3.0,4.0,1.333333333
sharma blunt,3.0,4.0,1.333333333
dehydrogenase genotype,3.0,4.0,1.333333333
dihydropyrimidine dehydrogenase,3.0,4.0,1.333333333
cpic dihydropyrimidine,3.0,4.0,1.333333333
consortium cpic,3.0,4.0,1.333333333
implementation consortium,3.0,4.0,1.333333333
area idea,3.0,4.0,1.333333333
clear therapy,4.0,4.0,1.0
cancer shakeel,3.0,4.0,1.333333333
capecitabine efficacy,3.0,4.0,1.333333333
pharmacogenetic capecitabine,3.0,4.0,1.333333333
talented able,4.0,4.0,1.0
overall endpoint,4.0,4.0,1.0
cost equipment,4.0,4.0,1.0
consultant cost,4.0,4.0,1.0
similar gene,4.0,4.0,1.0
severe headache,3.0,4.0,1.333333333
tissue nanoparticle,4.0,4.0,1.0
antibody small,4.0,4.0,1.0
application budget,4.0,4.0,1.0
example model,4.0,4.0,1.0
thing excited,4.0,4.0,1.0
industry job,4.0,4.0,1.0
implant tissue,3.0,4.0,1.333333333
pharmacogenetic implementation,3.0,4.0,1.333333333
henrick pharmacogenetic,3.0,4.0,1.333333333
amstutz henrick,3.0,4.0,1.333333333
pharmacogenomic amstutz,3.0,4.0,1.333333333
chemotherapy pharmacogenomic,3.0,4.0,1.333333333
modification fluoropyrimidine,3.0,4.0,1.333333333
toxicity modification,3.0,4.0,1.333333333
allele severe,3.0,4.0,1.333333333
conversation topic,3.0,4.0,1.333333333
lot opportunity,4.0,4.0,1.0
criterion citizen,3.0,4.0,1.333333333
student phd,4.0,4.0,1.0
exposure normal,3.0,4.0,1.333333333
thing hand,4.0,4.0,1.0
interested future,4.0,4.0,1.0
tablet form,4.0,4.0,1.0
able multiple,4.0,4.0,1.0
pivotal moment,4.0,4.0,1.0
imperfect datum,3.0,4.0,1.333333333
experience medicine,4.0,4.0,1.0
able talk,4.0,4.0,1.0
period good,3.0,4.0,1.333333333
large size,4.0,4.0,1.0
potential transform,4.0,4.0,1.0
myeloma disease,4.0,4.0,1.0
metastasis surgery,4.0,4.0,1.0
detectable bone,3.0,4.0,1.333333333
complete therapy,4.0,4.0,1.0
emotional cancer,4.0,4.0,1.0
participant regular,4.0,4.0,1.0
new chemotherapy,4.0,4.0,1.0
high classification,3.0,4.0,1.333333333
cytometry test,3.0,4.0,1.333333333
ctiu nctn,3.0,4.0,1.333333333
perspective experience,4.0,4.0,1.0
small town,4.0,4.0,1.0
topic time,4.0,4.0,1.0
rna gene,3.0,4.0,1.333333333
ibrutinib chronic,4.0,4.0,1.0
good therapy,4.0,4.0,1.0
loss cell,3.0,4.0,1.333333333
cell insight,4.0,4.0,1.0
time potential,4.0,4.0,1.0
investigator provider,4.0,4.0,1.0
median therapy,4.0,4.0,1.0
period median,4.0,4.0,1.0
opportunity rare,4.0,4.0,1.0
fulfill mission,4.0,4.0,1.0
experience opportunity,4.0,4.0,1.0
thank pleasure,4.0,4.0,1.0
hereditary kidney,4.0,4.0,1.0
fang variant,3.0,4.0,1.333333333
shakeel fang,3.0,4.0,1.333333333
analysis lau,3.0,4.0,1.333333333
prospective safety,3.0,4.0,1.333333333
big initiative,4.0,4.0,1.0
support kind,4.0,4.0,1.0
dose adjustment,4.0,4.0,1.0
henrick lunenburg,3.0,4.0,1.333333333
ther henrick,3.0,4.0,1.333333333
pathogenic dpyd,3.0,4.0,1.333333333
right background,4.0,4.0,1.0
support increase,4.0,4.0,1.0
complex cancer,3.0,4.0,1.333333333
grand round,4.0,4.0,1.0
remarkable long,4.0,4.0,1.0
overall advanced,4.0,4.0,1.0
journal investigation,4.0,4.0,1.0
old test,4.0,4.0,1.0
fluoropyrimidine therapy,3.0,4.0,1.333333333
individualisation fluoropyrimidine,3.0,4.0,1.333333333
dose individualisation,3.0,4.0,1.333333333
variety tumor,4.0,4.0,1.0
datum efficacy,4.0,4.0,1.0
breakthrough therapy,4.0,4.0,1.0
genotype dose,3.0,4.0,1.333333333
man dpyd,3.0,4.0,1.333333333
catc man,3.0,4.0,1.333333333
lunenburg catc,3.0,4.0,1.333333333
world conference,4.0,4.0,1.0
presentation pediatric,4.0,4.0,1.0
symptom therapy,4.0,4.0,1.0
eligible phase,4.0,4.0,1.0
immunotherapy disease,4.0,4.0,1.0
fluoropyrimidine dosing,3.0,4.0,1.333333333
genotype fluoropyrimidine,3.0,4.0,1.333333333
disease new,4.0,4.0,1.0
drug reduction,3.0,4.0,1.333333333
sclc cancer,4.0,4.0,1.0
chemotherapy untreated,3.0,4.0,1.333333333
opdivo yervoy,4.0,4.0,1.0
reason concern,4.0,4.0,1.0
rash nausea,4.0,4.0,1.0
adverse immune,4.0,4.0,1.0
support tumor,4.0,4.0,1.0
organ structure,3.0,4.0,1.333333333
pancreatic head,4.0,4.0,1.0
steroid dose,3.0,4.0,1.333333333
regimen gvhd,3.0,4.0,1.333333333
brook tapp,3.0,4.0,1.333333333
cancer brook,3.0,4.0,1.333333333
implementation bmc,3.0,4.0,1.333333333
barrier implementation,3.0,4.0,1.333333333
stage human,4.0,4.0,1.0
analysis bmc,4.0,4.0,1.0
bladder urothelial,4.0,4.0,1.0
initial ovarian,4.0,4.0,1.0
malignancy qualitative,3.0,4.0,1.333333333
benefit patient,4.0,4.0,1.0
winslow drug,4.0,4.0,1.0
time burden,4.0,4.0,1.0
person blood,3.0,4.0,1.333333333
chemotherapy gastrointestinal,3.0,4.0,1.333333333
guide chemotherapy,3.0,4.0,1.333333333
pharmacogenetic testing,3.0,4.0,1.333333333
preemptive pharmacogenetic,3.0,4.0,1.333333333
student undergraduate,3.0,4.0,1.333333333
dpyd testing,3.0,4.0,1.333333333
bate dpyd,3.0,4.0,1.333333333
tumor multinodular,3.0,4.0,1.333333333
gvhd significant,4.0,4.0,1.0
addition symptom,4.0,4.0,1.0
pain addition,4.0,4.0,1.0
tissue cellular,4.0,4.0,1.0
area unmet,4.0,4.0,1.0
teenage year,4.0,4.0,1.0
influence immune,3.0,4.0,1.333333333
weekly cancer,4.0,4.0,1.0
datum right,4.0,4.0,1.0
min varughese,3.0,4.0,1.333333333
lau min,3.0,4.0,1.333333333
quality therapy,4.0,4.0,1.0
large dataset,3.0,4.0,1.333333333
investigator brain,4.0,4.0,1.0
interesting nih.gov,4.0,4.0,1.0
variant impact,3.0,4.0,1.333333333
target tissue,3.0,4.0,1.333333333
picture positron,3.0,4.0,1.333333333
rate measure,4.0,4.0,1.0
painless swollen,4.0,4.0,1.0
parent brother,4.0,4.0,1.0
cancer download,3.0,4.0,1.333333333
baker bate,3.0,4.0,1.333333333
e195 baker,3.0,4.0,1.333333333
e189 e195,3.0,4.0,1.333333333
cancer e189,3.0,4.0,1.333333333
fluoropyrimidine adjuvant,3.0,4.0,1.333333333
prior fluoropyrimidine,3.0,4.0,1.333333333
dpyd prior,3.0,4.0,1.333333333
effectiveness dpyd,3.0,4.0,1.333333333
dosing ther,3.0,4.0,1.333333333
target her2,4.0,4.0,1.0
positive therapy,4.0,4.0,1.0
tumor her2,4.0,4.0,1.0
emotional need,4.0,4.0,1.0
time machine,3.0,4.0,1.333333333
tapp daly,3.0,4.0,1.333333333
varughese preemptive,3.0,4.0,1.333333333
break music,4.0,4.0,1.0
year nivolumab,4.0,4.0,1.0
esmo virtual,4.0,4.0,1.0
benefit collaboration,4.0,4.0,1.0
feature nanci,3.0,4.0,1.333333333
nanci paper,3.0,4.0,1.333333333
ray crystallography,4.0,4.0,1.0
infection virus,4.0,4.0,1.0
ca-15 rfa,3.0,4.0,1.333333333
time thought,4.0,4.0,1.0
diagnostic algorithm,4.0,4.0,1.0
detail book,4.0,4.0,1.0
drug heart,3.0,4.0,1.333333333
step potential,4.0,4.0,1.0
annual income,4.0,4.0,1.0
daly cost,3.0,4.0,1.333333333
blood arm,4.0,4.0,1.0
kill blood,4.0,4.0,1.0
hawaiian pacific,4.0,4.0,1.0
native hawaiian,4.0,4.0,1.0
able antigen,4.0,4.0,1.0
gene special,4.0,4.0,1.0
machine white,4.0,4.0,1.0
agreement company,4.0,4.0,1.0
wild tp53,3.0,4.0,1.333333333
needle area,4.0,4.0,1.0
day donor,4.0,4.0,1.0
subscription jan,4.0,4.0,1.0
inc subscription,4.0,4.0,1.0
step infusion,4.0,4.0,1.0
body donor,4.0,4.0,1.0
step chemotherapy,4.0,4.0,1.0
arm step,4.0,4.0,1.0
donor vein,4.0,4.0,1.0
age african,4.0,4.0,1.0
radiation lymphoma,4.0,4.0,1.0
tube apheresis,4.0,4.0,1.0
arm flow,4.0,4.0,1.0
body microbiome,4.0,4.0,1.0
safety clin,3.0,4.0,1.333333333
time safety,3.0,4.0,1.333333333
markey cancer,3.0,4.0,1.333333333
future perspective,3.0,4.0,1.333333333
model organoid,3.0,4.0,1.333333333
advocate community,3.0,4.0,1.333333333
infection chronic,3.0,4.0,1.333333333
machine stem,4.0,4.0,1.0
flow apheresis,4.0,4.0,1.0
donor large,4.0,4.0,1.0
medicine increase,4.0,4.0,1.0
donor medicine,4.0,4.0,1.0
genome single,4.0,4.0,1.0
node tumor,4.0,4.0,1.0
low invasive,3.0,4.0,1.333333333
transplant step,4.0,4.0,1.0
clin stage,3.0,4.0,1.333333333
school graduate,4.0,4.0,1.0
stigma robin,4.0,4.0,1.0
instrument shortage,4.0,4.0,1.0
measurement instrument,4.0,4.0,1.0
insufficient measurement,4.0,4.0,1.0
topic insufficient,4.0,4.0,1.0
comp inc,4.0,4.0,1.0
physic mathematic,4.0,4.0,1.0
mitigation response,4.0,4.0,1.0
shortage mitigation,4.0,4.0,1.0
lexi comp,4.0,4.0,1.0
step day,4.0,4.0,1.0
award step,3.0,4.0,1.333333333
broad goal,4.0,4.0,1.0
lot helpful,4.0,4.0,1.0
lot room,4.0,4.0,1.0
panel drug,4.0,4.0,1.0
nivolumab inhibitor,4.0,4.0,1.0
tumor immunohistochemistry,3.0,4.0,1.333333333
biophysical computational,4.0,4.0,1.0
application biophysical,4.0,4.0,1.0
area eye,3.0,4.0,1.333333333
cost single,4.0,4.0,1.0
auditing transfer,4.0,4.0,1.0
pathogenic duplication,3.0,4.0,1.333333333
prospective validation,3.0,4.0,1.333333333
sbir advisory,4.0,4.0,1.0
launch public,4.0,4.0,1.0
regular physical,3.0,4.0,1.333333333
prophylaxis intrathecal,3.0,4.0,1.333333333
opportunity fantastic,4.0,4.0,1.0
myeloma phase,3.0,4.0,1.333333333
contemporary cancer,4.0,4.0,1.0
opportunity interested,3.0,4.0,1.333333333
symptom inventory,3.0,4.0,1.333333333
#NAME?,4.0,4.0,1.0
similar thing,4.0,4.0,1.0
lymphoma good,4.0,4.0,1.0
chemotherapy well,4.0,4.0,1.0
adenocarcinoma squamous,3.0,4.0,1.333333333
able cell,4.0,4.0,1.0
provider factor,4.0,4.0,1.0
self cancer,4.0,4.0,1.0
company phase,4.0,4.0,1.0
therapy lymphoma,4.0,4.0,1.0
alive tumor,4.0,4.0,1.0
participant dinutuximab,3.0,4.0,1.333333333
revlimid dexamethasone,4.0,4.0,1.0
lab opportunity,4.0,4.0,1.0
exciting thing,4.0,4.0,1.0
history ovarian,4.0,4.0,1.0
test example,4.0,4.0,1.0
disease positive,3.0,4.0,1.333333333
option previous,4.0,4.0,1.0
project leader,4.0,4.0,1.0
cancer demonstration,4.0,4.0,1.0
chairs cancer,4.0,4.0,1.0
cost screening,3.0,4.0,1.333333333
today leader,4.0,4.0,1.0
jennifer couch,3.0,4.0,1.333333333
biomedical innovation,4.0,4.0,1.0
exam pupil,3.0,4.0,1.333333333
spatial temporal,4.0,4.0,1.0
metastasis therapy,4.0,4.0,1.0
tumor period,4.0,4.0,1.0
investigator leader,4.0,4.0,1.0
therapy hot,3.0,4.0,1.333333333
high benefit,4.0,4.0,1.0
cancer untreated,3.0,4.0,1.333333333
point staging,4.0,4.0,1.0
cell copy,4.0,4.0,1.0
diagnosis phase,3.0,4.0,1.333333333
protein multiple,4.0,4.0,1.0
turn cancer,3.0,4.0,1.333333333
avelumab drug,3.0,4.0,1.333333333
cancer avelumab,3.0,4.0,1.333333333
genome amplification,3.0,4.0,1.333333333
cell phase,4.0,4.0,1.0
immune compound,3.0,4.0,1.333333333
requirement regulation,3.0,4.0,1.333333333
estimate number,4.0,4.0,1.0
metastasis high,4.0,4.0,1.0
description project,4.0,4.0,1.0
initiative advance,4.0,4.0,1.0
slit lamp,3.0,4.0,1.333333333
surgery factor,4.0,4.0,1.0
tissue missing,4.0,4.0,1.0
human nature,4.0,4.0,1.0
great disease,4.0,4.0,1.0
tumor uncommon,4.0,4.0,1.0
cord procedure,4.0,4.0,1.0
special cancer,4.0,4.0,1.0
year special,4.0,4.0,1.0
relation healthy,4.0,4.0,1.0
registry annual,4.0,4.0,1.0
mutation interest,4.0,4.0,1.0
immune normal,4.0,4.0,1.0
cell genome,3.0,4.0,1.333333333
excellence spore,4.0,4.0,1.0
support excellence,3.0,4.0,1.333333333
cancer oga,3.0,4.0,1.333333333
underpinning cancer,4.0,4.0,1.0
field old,4.0,4.0,1.0
lot project,4.0,4.0,1.0
ccr multidisciplinary,4.0,4.0,1.0
advance genomic,4.0,4.0,1.0
iib iia,4.0,4.0,1.0
right course,4.0,4.0,1.0
workforce development,4.0,4.0,1.0
investigator large,4.0,4.0,1.0
tap lumbar,4.0,4.0,1.0
procedure spinal,4.0,4.0,1.0
high mutation,4.0,4.0,1.0
door time,4.0,4.0,1.0
radiation nearby,4.0,4.0,1.0
path future,4.0,4.0,1.0
additional validation,4.0,4.0,1.0
resistance kind,3.0,4.0,1.333333333
cancer initiate,4.0,4.0,1.0
paper day,4.0,4.0,1.0
pubmed cancer,4.0,4.0,1.0
high tobacco,4.0,4.0,1.0
factor prevention,4.0,4.0,1.0
rate endocrine,3.0,4.0,1.333333333
decrease year,4.0,4.0,1.0
problem thing,4.0,4.0,1.0
registry vital,4.0,4.0,1.0
routine testing,4.0,4.0,1.0
screening factor,4.0,4.0,1.0
trajectory cancer,4.0,4.0,1.0
jayesh kamath,4.0,4.0,1.0
multiple therapy,4.0,4.0,1.0
person test,3.0,4.0,1.333333333
chromosome piece,3.0,4.0,1.333333333
philadelphia chromosome,4.0,4.0,1.0
mdiv palliative,4.0,4.0,1.0
phd mdiv,4.0,4.0,1.0
wachholtz phd,4.0,4.0,1.0
brca2 variant,3.0,4.0,1.333333333
drug match,4.0,4.0,1.0
error cell,3.0,4.0,1.333333333
trade place,4.0,4.0,1.0
oncology skill,4.0,4.0,1.0
bogler pubmed,4.0,4.0,1.0
diverse team,4.0,4.0,1.0
eligible investigator,4.0,4.0,1.0
overview history,4.0,4.0,1.0
lot attention,4.0,4.0,1.0
laser cancer,4.0,4.0,1.0
institution travel,4.0,4.0,1.0
lab able,4.0,4.0,1.0
api cancer,4.0,4.0,1.0
feed widget,4.0,4.0,1.0
rss feed,4.0,4.0,1.0
ability piece,4.0,4.0,1.0
know ability,4.0,4.0,1.0
amy wachholtz,4.0,4.0,1.0
kamath phd,4.0,4.0,1.0
couple thing,3.0,4.0,1.333333333
favorite book,4.0,4.0,1.0
photon proton,3.0,4.0,1.333333333
analysis chromosome,4.0,4.0,1.0
thin piece,3.0,4.0,1.333333333
melanoma metastatic,3.0,4.0,1.333333333
cell clone,4.0,4.0,1.0
time adjuvant,3.0,4.0,1.333333333
disease comparison,3.0,4.0,1.333333333
exam person,3.0,4.0,1.333333333
tumor epithelial,4.0,4.0,1.0
distinct form,4.0,4.0,1.0
recommend book,3.0,4.0,1.333333333
cell adult,4.0,4.0,1.0
team interdisciplinary,4.0,4.0,1.0
r37 award,3.0,4.0,1.333333333
investigator r01,4.0,4.0,1.0
rate drug,3.0,4.0,1.333333333
personal share,4.0,4.0,1.0
team nanci,4.0,4.0,1.0
discus nanci,4.0,4.0,1.0
nanci discus,4.0,4.0,1.0
building nanci,4.0,4.0,1.0
read building,4.0,4.0,1.0
critical challenge,4.0,4.0,1.0
pub critical,4.0,4.0,1.0
field pub,4.0,4.0,1.0
failure low,4.0,4.0,1.0
nanci cool,4.0,4.0,1.0
line animal,4.0,4.0,1.0
pathway disease,3.0,4.0,1.333333333
regiman target,3.0,4.0,1.333333333
cell imaging,4.0,4.0,1.0
randomization cancer,3.0,4.0,1.333333333
kind white,4.0,4.0,1.0
number kind,4.0,4.0,1.0
tissue target,4.0,4.0,1.0
chemotherapy factor,4.0,4.0,1.0
positive surgery,4.0,4.0,1.0
sort concern,4.0,4.0,1.0
sequencing outcome,3.0,4.0,1.333333333
utility sequencing,3.0,4.0,1.333333333
launch utility,3.0,4.0,1.333333333
intact tumor,3.0,4.0,1.333333333
jacobowski nationwide,4.0,4.0,1.0
natalie jacobowski,4.0,4.0,1.0
advanced refractory,4.0,4.0,1.0
disease european,3.0,4.0,1.333333333
foot syndrome,3.0,4.0,1.333333333
imaging method,3.0,4.0,1.333333333
rate duration,3.0,4.0,1.333333333
melanoma oral,4.0,4.0,1.0
likely influence,4.0,4.0,1.0
guide notice,4.0,4.0,1.0
conversation paper,4.0,4.0,1.0
piece conversation,4.0,4.0,1.0
multi scale,4.0,4.0,1.0
paper read,4.0,4.0,1.0
attention paper,4.0,4.0,1.0
wuarin idea,4.0,4.0,1.0
concern wuarin,4.0,4.0,1.0
drop blood,4.0,4.0,1.0
gdc hcmi,3.0,4.0,1.333333333
datum genome,4.0,4.0,1.0
cancer investigation,4.0,4.0,1.0
year advantage,4.0,4.0,1.0
data model,4.0,4.0,1.0
confidence assessment,4.0,4.0,1.0
environmental lifestyle,4.0,4.0,1.0
susceptibility variant,3.0,4.0,1.333333333
tonsing carter,4.0,4.0,1.0
eva tonsing,4.0,4.0,1.0
blood red,4.0,4.0,1.0
strategy time,4.0,4.0,1.0
mechanism mutation,4.0,4.0,1.0
tissue neck,3.0,4.0,1.333333333
random sort,4.0,4.0,1.0
example random,4.0,4.0,1.0
datum paper,4.0,4.0,1.0
easy interact,4.0,4.0,1.0
nanci easy,4.0,4.0,1.0
intelligence nanci,4.0,4.0,1.0
paper artificial,4.0,4.0,1.0
figure paper,4.0,4.0,1.0
goal able,4.0,4.0,1.0
nanci field,4.0,4.0,1.0
participation cancer,4.0,4.0,1.0
cancer psychol,3.0,4.0,1.333333333
problem therapy,4.0,4.0,1.0
dose aspirin,4.0,4.0,1.0
thing genetic,4.0,4.0,1.0
factor thing,4.0,4.0,1.0
bleeding cancer,3.0,4.0,1.333333333
atezolizumab initial,4.0,4.0,1.0
disease challenge,4.0,4.0,1.0
number leukemia,4.0,4.0,1.0
cell step,4.0,4.0,1.0
architecture cancer,4.0,4.0,1.0
test genomic,4.0,4.0,1.0
lot idea,4.0,4.0,1.0
daunting lot,4.0,4.0,1.0
bit daunting,4.0,4.0,1.0
experience bit,4.0,4.0,1.0
interesting field,4.0,4.0,1.0
pocket able,4.0,4.0,1.0
straight pocket,4.0,4.0,1.0
institution music,4.0,4.0,1.0
iphone restriction,4.0,4.0,1.0
store iphone,4.0,4.0,1.0
cancer apple,4.0,4.0,1.0
year pulmonary,3.0,4.0,1.333333333
lymphocyte antibody,3.0,4.0,1.333333333
benefit detection,3.0,4.0,1.333333333
year ovarian,3.0,4.0,1.333333333
cost test,4.0,4.0,1.0
playlist video,4.0,4.0,1.0
factor weight,4.0,4.0,1.0
aggressive measure,3.0,4.0,1.333333333
score breast,4.0,4.0,1.0
score small,4.0,4.0,1.0
medicine great,4.0,4.0,1.0
stage addition,4.0,4.0,1.0
growth rate,4.0,4.0,1.0
predisposition development,3.0,4.0,1.333333333
symptom physical,3.0,4.0,1.333333333
body opinion,4.0,4.0,1.0
prevention course,3.0,4.0,1.333333333
field today,4.0,4.0,1.0
space head,4.0,4.0,1.0
paper space,4.0,4.0,1.0
feature figure,4.0,4.0,1.0
cool feature,4.0,4.0,1.0
present key,4.0,4.0,1.0
nanci present,4.0,4.0,1.0
inclusion cancer,4.0,4.0,1.0
cancer inclusion,4.0,4.0,1.0
influential paper,4.0,4.0,1.0
key influential,4.0,4.0,1.0
nanci straight,4.0,4.0,1.0
bogler interested,4.0,4.0,1.0
oral chemotherapy,4.0,4.0,1.0
idea kind,4.0,4.0,1.0
genomics genome,4.0,4.0,1.0
status age,3.0,4.0,1.333333333
classification extracranial,3.0,4.0,1.333333333
outcome metastatic,4.0,4.0,1.0
multiscale modeling,4.0,4.0,1.0
old ibrutinib,4.0,4.0,1.0
model outcome,4.0,4.0,1.0
light electron,4.0,4.0,1.0
leukemia istock,4.0,4.0,1.0
direction future,4.0,4.0,1.0
subtype future,4.0,4.0,1.0
model rare,3.0,4.0,1.333333333
variant inactivation,3.0,4.0,1.333333333
multiple affected,4.0,4.0,1.0
catalog guide,3.0,4.0,1.333333333
sporadic cancer,4.0,4.0,1.0
option ovarian,4.0,4.0,1.0
microenvironment rich,4.0,4.0,1.0
fluid drain,3.0,4.0,1.333333333
mathematical computational,4.0,4.0,1.0
gene distinct,4.0,4.0,1.0
path drug,3.0,4.0,1.333333333
mutation pathway,4.0,4.0,1.0
appropriate therapy,4.0,4.0,1.0
today world,4.0,4.0,1.0
man stage,4.0,4.0,1.0
relapse advanced,3.0,4.0,1.333333333
routine imaging,4.0,4.0,1.0
cancer demographic,3.0,4.0,1.333333333
tax price,3.0,4.0,1.333333333
translation implementation,3.0,4.0,1.333333333
modal datum,3.0,4.0,1.333333333
time lung,4.0,4.0,1.0
slot toh,4.0,4.0,1.0
screen positive,3.0,4.0,1.333333333
screening long,3.0,4.0,1.333333333
recognition cancer,4.0,4.0,1.0
psychosocial impact,3.0,4.0,1.333333333
correlation coefficient,4.0,4.0,1.0
thing human,4.0,4.0,1.0
cancer latin,4.0,4.0,1.0
cancer sensitivity,3.0,4.0,1.333333333
distress man,4.0,4.0,1.0
scan low,4.0,4.0,1.0
year scan,4.0,4.0,1.0
young disease,4.0,4.0,1.0
field medicine,4.0,4.0,1.0
difference therapy,3.0,4.0,1.333333333
marrow child,4.0,4.0,1.0
takeaway annual,3.0,4.0,1.333333333
provider potential,4.0,4.0,1.0
colonoscopy colorectal,4.0,4.0,1.0
potential difference,4.0,4.0,1.0
genereview university,3.0,4.0,1.333333333
screening potential,3.0,4.0,1.333333333
hpv testing,3.0,4.0,1.333333333
blood team,4.0,4.0,1.0
screening statistic,4.0,4.0,1.0
equity takeaway,3.0,4.0,1.333333333
participant prior,4.0,4.0,1.0
large lobe,3.0,4.0,1.333333333
cancer sex,3.0,4.0,1.333333333
woman great,4.0,4.0,1.0
mirzaa genereview,3.0,4.0,1.333333333
partnership equity,3.0,4.0,1.333333333
potential cost,4.0,4.0,1.0
animal fat,3.0,4.0,1.333333333
country death,4.0,4.0,1.0
heterozygous mutation,3.0,4.0,1.333333333
clin little,4.0,4.0,1.0
young well,4.0,4.0,1.0
africa latin,3.0,4.0,1.333333333
undergrad degree,4.0,4.0,1.0
cohort administrative,4.0,4.0,1.0
value experience,4.0,4.0,1.0
uncertainty good,4.0,4.0,1.0
psychologic distress,3.0,4.0,1.333333333
drug vaccine,3.0,4.0,1.333333333
attempt cancer,3.0,4.0,1.333333333
syndrome major,3.0,4.0,1.333333333
series experiment,4.0,4.0,1.0
brain skin,4.0,4.0,1.0
body stomach,4.0,4.0,1.0
infection hodgkin,4.0,4.0,1.0
lung nearby,4.0,4.0,1.0
marrow area,3.0,4.0,1.333333333
management child,4.0,4.0,1.0
hughes cancer,4.0,4.0,1.0
experience tumor,4.0,4.0,1.0
high dna,4.0,4.0,1.0
recurrence mortality,3.0,4.0,1.333333333
factor contribute,4.0,4.0,1.0
support critical,4.0,4.0,1.0
thank perspective,4.0,4.0,1.0
peak incidence,4.0,4.0,1.0
elevated plasma,3.0,4.0,1.333333333
lung small,3.0,4.0,1.333333333
opportunity old,4.0,4.0,1.0
protein myeloma,4.0,4.0,1.0
sequela cancer,3.0,4.0,1.333333333
cell bad,4.0,4.0,1.0
child anaplastic,4.0,4.0,1.0
hard child,4.0,4.0,1.0
inhibitor bortezomib,4.0,4.0,1.0
daratumumab darzalex,4.0,4.0,1.0
well diagnose,4.0,4.0,1.0
thing confidence,4.0,4.0,1.0
gene tool,4.0,4.0,1.0
read time,4.0,4.0,1.0
time tool,4.0,4.0,1.0
disease hiv,4.0,4.0,1.0
participant white,4.0,4.0,1.0
biopsy fine,4.0,4.0,1.0
participant survey,4.0,4.0,1.0
rate induction,4.0,4.0,1.0
year skin,4.0,4.0,1.0
phase disease,4.0,4.0,1.0
prior radiation,4.0,4.0,1.0
syndrome cell,4.0,4.0,1.0
colleague chemotherapy,4.0,4.0,1.0
oncology jco,4.0,4.0,1.0
multiple round,4.0,4.0,1.0
therapy oncologist,4.0,4.0,1.0
cost quality,3.0,4.0,1.333333333
inhibitor palbociclib,3.0,4.0,1.333333333
bone sample,4.0,4.0,1.0
medicine high,3.0,4.0,1.333333333
plan fish,4.0,4.0,1.0
methylation testing,4.0,4.0,1.0
kite pharma,3.0,4.0,1.333333333
phase cell,4.0,4.0,1.0
manufacturer merck,4.0,4.0,1.0
biopsy core,3.0,4.0,1.333333333
removal sample,4.0,4.0,1.0
tool tissue,3.0,4.0,1.333333333
therapy slow,4.0,4.0,1.0
high toxicity,3.0,4.0,1.333333333
symptom year,4.0,4.0,1.0
cyclin dependent,3.0,4.0,1.333333333
carcinoma characteristic,3.0,4.0,1.333333333
doxorubicin etoposide,4.0,4.0,1.0
association pediatric,4.0,4.0,1.0
italian association,4.0,4.0,1.0
analysis head,3.0,4.0,1.333333333
analysis med,4.0,4.0,1.0
testing consortium,4.0,4.0,1.0
respiratory failure,4.0,4.0,1.0
spread know,4.0,4.0,1.0
discovery story,3.0,4.0,1.333333333
response low,4.0,4.0,1.0
toxicity therapy,4.0,4.0,1.0
table addition,4.0,4.0,1.0
surgery procedure,4.0,4.0,1.0
medicine human,4.0,4.0,1.0
#NAME?,4.0,4.0,1.0
blood -forming,4.0,4.0,1.0
cancer terese,4.0,4.0,1.0
active kill,4.0,4.0,1.0
skin drug,3.0,4.0,1.333333333
drug collect,4.0,4.0,1.0
light vein,4.0,4.0,1.0
active light,4.0,4.0,1.0
hpv negative,3.0,4.0,1.333333333
tumor susceptibility,3.0,4.0,1.333333333
age large,4.0,4.0,1.0
fludeoxyglucose pet,3.0,4.0,1.333333333
neck area,4.0,4.0,1.0
adult ayas,4.0,4.0,1.0
unconscious bias,3.0,4.0,1.333333333
field datum,4.0,4.0,1.0
prednisone therapy,4.0,4.0,1.0
immunotherapy development,4.0,4.0,1.0
disease classification,4.0,4.0,1.0
dose modification,4.0,4.0,1.0
benefit pembrolizumab,4.0,4.0,1.0
incidence presentation,3.0,4.0,1.333333333
iii benefit,3.0,4.0,1.333333333
long radiation,4.0,4.0,1.0
adult thyroid,3.0,4.0,1.333333333
chemotherapy improvement,4.0,4.0,1.0
africa aortic,3.0,4.0,1.333333333
midostaurin rydapt,4.0,4.0,1.0
function drug,4.0,4.0,1.0
therapy prospective,4.0,4.0,1.0
carcinogen iarc,4.0,4.0,1.0
indoor combustion,4.0,4.0,1.0
early line,4.0,4.0,1.0
long heart,4.0,4.0,1.0
disease lymphoblastic,4.0,4.0,1.0
tumor variety,4.0,4.0,1.0
extramural cancer,4.0,4.0,1.0
palliative pain,3.0,4.0,1.333333333
oncology setting,3.0,4.0,1.333333333
tumor vasculature,3.0,4.0,1.333333333
team clinic,4.0,4.0,1.0
response large,4.0,4.0,1.0
father cancer,3.0,4.0,1.333333333
lymphoma long,3.0,4.0,1.333333333
test chemotherapy,3.0,4.0,1.333333333
large percentage,4.0,4.0,1.0
year country,4.0,4.0,1.0
investigator long,3.0,4.0,1.333333333
biomarker candidate,4.0,4.0,1.0
involvement poor,4.0,4.0,1.0
local lymph,4.0,4.0,1.0
rate cisplatin,3.0,4.0,1.333333333
comparison adult,4.0,4.0,1.0
cog large,3.0,4.0,1.333333333
habit indoor,4.0,4.0,1.0
personal habit,4.0,4.0,1.0
ultraviolet radiation,3.0,4.0,1.333333333
symptom lump,4.0,4.0,1.0
doxorubicin active,4.0,4.0,1.0
tumor systemic,3.0,4.0,1.333333333
drug dabrafenib,4.0,4.0,1.0
provocative initiative,3.0,4.0,1.333333333
pfs overall,4.0,4.0,1.0
cancer school,4.0,4.0,1.0
addition long,4.0,4.0,1.0
age significant,3.0,4.0,1.333333333
status old,4.0,4.0,1.0
finding outcome,4.0,4.0,1.0
facilitate identification,4.0,4.0,1.0
critical area,4.0,4.0,1.0
age surgery,3.0,4.0,1.333333333
therapy lot,4.0,4.0,1.0
year soft,3.0,4.0,1.333333333
similar number,4.0,4.0,1.0
cellular senescence,3.0,4.0,1.333333333
kidney chemotherapy,4.0,4.0,1.0
senior leader,4.0,4.0,1.0
activity child,3.0,4.0,1.333333333
advance plan,4.0,4.0,1.0
therapy allogeneic,4.0,4.0,1.0
carcinoma clinicopathologic,4.0,4.0,1.0
carcinoma prognosis,4.0,4.0,1.0
therapy midostaurin,4.0,4.0,1.0
syndrome human,3.0,4.0,1.333333333
carcinoma copy,3.0,4.0,1.333333333
inch item,3.0,4.0,1.333333333
size inch,3.0,4.0,1.333333333
cancer structure,4.0,4.0,1.0
carcinoma malignant,4.0,4.0,1.0
resection chemotherapy,3.0,4.0,1.333333333
appointment team,3.0,4.0,1.333333333
istock child,4.0,4.0,1.0
rapid tumor,4.0,4.0,1.0
cancer mouth,3.0,4.0,1.333333333
old datum,4.0,4.0,1.0
metastasis chemotherapy,4.0,4.0,1.0
long participant,4.0,4.0,1.0
improvement long,4.0,4.0,1.0
walnut lime,3.0,4.0,1.333333333
cancer absolute,4.0,4.0,1.0
sufficient cancer,4.0,4.0,1.0
protein central,4.0,4.0,1.0
difference pattern,3.0,4.0,1.333333333
size pea,3.0,4.0,1.333333333
item tumor,3.0,4.0,1.333333333
support activity,4.0,4.0,1.0
utility cancer,3.0,4.0,1.333333333
development colon,4.0,4.0,1.0
investigator high,4.0,4.0,1.0
paediatric cancer,3.0,4.0,1.333333333
inhibitor atezolizumab,3.0,4.0,1.333333333
progressive medullary,3.0,4.0,1.333333333
robinson vandetanib,4.0,4.0,1.0
lime inch,3.0,4.0,1.333333333
inch egg,3.0,4.0,1.333333333
grape walnut,3.0,4.0,1.333333333
peanut grape,3.0,4.0,1.333333333
pea peanut,3.0,4.0,1.333333333
alcohol drink,3.0,4.0,1.333333333
gene variety,4.0,4.0,1.0
day high,4.0,4.0,1.0
cancer speciman,4.0,4.0,1.0
activity poor,4.0,4.0,1.0
diagnosis vital,4.0,4.0,1.0
uterine sarcoma,3.0,4.0,1.333333333
cancer uterine,4.0,4.0,1.0
small stage,4.0,4.0,1.0
thyroid malignancy,3.0,4.0,1.333333333
grapefruit inch,3.0,4.0,1.333333333
peach grapefruit,3.0,4.0,1.333333333
egg peach,3.0,4.0,1.333333333
climb episode,4.0,4.0,1.0
facial expression,3.0,4.0,1.333333333
renal sarcoma,3.0,4.0,1.333333333
severe form,4.0,4.0,1.0
percent brain,3.0,4.0,1.333333333
developmental issue,4.0,4.0,1.0
point potential,4.0,4.0,1.0
cancer mutational,4.0,4.0,1.0
normal hormone,4.0,4.0,1.0
cancer epithelial,4.0,4.0,1.0
endocrine engl,3.0,4.0,1.333333333
speech therapist,4.0,4.0,1.0
support financial,4.0,4.0,1.0
coordination collaboration,4.0,4.0,1.0
response metastatic,4.0,4.0,1.0
deep tumor,4.0,4.0,1.0
model prediction,3.0,4.0,1.333333333
breakthrough cancer,4.0,4.0,1.0
cancer fast,4.0,4.0,1.0
high confidence,3.0,4.0,1.333333333
iva stage,3.0,4.0,1.333333333
chemotherapy local,3.0,4.0,1.333333333
zenklusen ph.d,4.0,4.0,1.0
claude zenklusen,4.0,4.0,1.0
jean claude,4.0,4.0,1.0
leukemia mll,4.0,4.0,1.0
protein critical,4.0,4.0,1.0
placebo difference,4.0,4.0,1.0
property biological,4.0,4.0,1.0
positive overall,3.0,4.0,1.333333333
gene leukemia,4.0,4.0,1.0
region distinct,4.0,4.0,1.0
mentor episode,4.0,4.0,1.0
rathmell episode,4.0,4.0,1.0
additional eligibility,4.0,4.0,1.0
investigator significant,3.0,4.0,1.333333333
altered gene,4.0,4.0,1.0
challenge number,4.0,4.0,1.0
cell challenge,4.0,4.0,1.0
well prediction,4.0,4.0,1.0
cell fusion,4.0,4.0,1.0
team hope,4.0,4.0,1.0
lupus erythematosus,4.0,4.0,1.0
systemic lupus,4.0,4.0,1.0
tobacco world,3.0,4.0,1.333333333
oncology ecog,4.0,4.0,1.0
potential increase,4.0,4.0,1.0
adenocarcinoma esophageal,3.0,4.0,1.333333333
cell influence,4.0,4.0,1.0
metastasis model,4.0,4.0,1.0
community experience,4.0,4.0,1.0
tumor advantage,4.0,4.0,1.0
practice steering,4.0,4.0,1.0
emtansine dm1,3.0,4.0,1.333333333
fusion mll,4.0,4.0,1.0
mimic cancer,4.0,4.0,1.0
mutation regardless,4.0,4.0,1.0
interest future,3.0,4.0,1.333333333
catalog genomic,4.0,4.0,1.0
time dna,4.0,4.0,1.0
engagement community,4.0,4.0,1.0
conclusion high,4.0,4.0,1.0
conduct project,4.0,4.0,1.0
cardiovascular death,4.0,4.0,1.0
point therapy,4.0,4.0,1.0
genomic similarity,4.0,4.0,1.0
response normal,4.0,4.0,1.0
vigorous intensity,4.0,4.0,1.0
sure able,4.0,4.0,1.0
organ disease,4.0,4.0,1.0
genome consortium,3.0,4.0,1.333333333
age questionnaire,3.0,4.0,1.333333333
yansong.bian nih.gov,4.0,4.0,1.0
mutation profile,4.0,4.0,1.0
particular importance,4.0,4.0,1.0
parent teacher,3.0,4.0,1.333333333
decline time,4.0,4.0,1.0
disease presentation,4.0,4.0,1.0
factor extent,4.0,4.0,1.0
contribution development,4.0,4.0,1.0
identification characterization,3.0,4.0,1.333333333
potential cell,3.0,4.0,1.333333333
metastatic potential,4.0,4.0,1.0
cancer segmental,3.0,4.0,1.333333333
assessment outcome,4.0,4.0,1.0
nih.gov phone,4.0,4.0,1.0
challenge m.p.h,4.0,4.0,1.0
nationwide series,4.0,4.0,1.0
saadipour nih.gov,4.0,4.0,1.0
specialist saadipour,4.0,4.0,1.0
saadipour specialist,4.0,4.0,1.0
data table,4.0,4.0,1.0
small white,3.0,4.0,1.333333333
participant daily,4.0,4.0,1.0
tool assessment,4.0,4.0,1.0
prevention opportunity,4.0,4.0,1.0
experience investigator,4.0,4.0,1.0
medicine palliative,4.0,4.0,1.0
issue palliative,3.0,4.0,1.333333333
account thyroid,4.0,4.0,1.0
opportunity instruction,3.0,4.0,1.333333333
quinone saadipour,4.0,4.0,1.0
teresa quinone,4.0,4.0,1.0
xtrain teresa,4.0,4.0,1.0
good idea,3.0,4.0,1.333333333
chemo brain,3.0,4.0,1.333333333
institutional development,4.0,4.0,1.0
discretion institution,4.0,4.0,1.0
tumor precision,3.0,4.0,1.333333333
noncitizen permanent,4.0,4.0,1.0
active applicant,4.0,4.0,1.0
thyroidectomy age,3.0,4.0,1.333333333
lymph lung,3.0,4.0,1.333333333
child potential,4.0,4.0,1.0
therapy crizotinib,4.0,4.0,1.0
award mechanism,4.0,4.0,1.0
annual drug,4.0,4.0,1.0
difficult conversation,4.0,4.0,1.0
cell circulation,4.0,4.0,1.0
stage large,4.0,4.0,1.0
significant breakthrough,4.0,4.0,1.0
music time,4.0,4.0,1.0
pheochromocytoma adrenal,3.0,4.0,1.333333333
tumor endocrine,3.0,4.0,1.333333333
tumor bilateral,4.0,4.0,1.0
datum immunotherapy,4.0,4.0,1.0
western blot,4.0,4.0,1.0
hereditary sporadic,3.0,4.0,1.333333333
substance disorder,3.0,4.0,1.333333333
test hereditary,4.0,4.0,1.0
race year,3.0,4.0,1.333333333
cancer describe,4.0,4.0,1.0
layer cell,4.0,4.0,1.0
inner layer,4.0,4.0,1.0
overall disease,4.0,4.0,1.0
age presence,3.0,4.0,1.333333333
melanoma high,3.0,4.0,1.333333333
skin natural,3.0,4.0,1.333333333
mentor year,4.0,4.0,1.0
scholar mentor,4.0,4.0,1.0
oncology old,3.0,4.0,1.333333333
comparative datum,4.0,4.0,1.0
benefit cost,4.0,4.0,1.0
initiation tumor,4.0,4.0,1.0
lab project,3.0,4.0,1.333333333
robinson efficacy,3.0,4.0,1.333333333
sherman robinson,3.0,4.0,1.333333333
wirth sherman,3.0,4.0,1.333333333
cell melanin,4.0,4.0,1.0
person total,4.0,4.0,1.0
function memory,3.0,4.0,1.333333333
cancer allele,3.0,4.0,1.333333333
adhesion molecule,4.0,4.0,1.0
survivor need,4.0,4.0,1.0
development growth,4.0,4.0,1.0
age symptom,3.0,4.0,1.333333333
lot tumor,4.0,4.0,1.0
functional assay,4.0,4.0,1.0
increase knowledge,3.0,4.0,1.333333333
outcome large,4.0,4.0,1.0
immunotherapy test,4.0,4.0,1.0
classification joint,4.0,4.0,1.0
pivotal phase,3.0,4.0,1.333333333
cancer zhang,4.0,4.0,1.0
team old,4.0,4.0,1.0
drug indication,4.0,4.0,1.0
pediatric advanced,4.0,4.0,1.0
new lung,4.0,4.0,1.0
application direct,4.0,4.0,1.0
cost limit,4.0,4.0,1.0
cost direct,4.0,4.0,1.0
appointment time,4.0,4.0,1.0
contribute cancer,3.0,4.0,1.333333333
disorder hpv,3.0,4.0,1.333333333
benefit disorder,3.0,4.0,1.333333333
analysis predictor,4.0,4.0,1.0
key goal,4.0,4.0,1.0
chemotherapy size,4.0,4.0,1.0
additional challenge,4.0,4.0,1.0
randomised double,4.0,4.0,1.0
ph.d equivalent,3.0,4.0,1.333333333
blind prospective,4.0,4.0,1.0
lab thing,4.0,4.0,1.0
chemotherapy response,4.0,4.0,1.0
nature cell,4.0,4.0,1.0
oct dec,4.0,4.0,1.0
midgut tumor,3.0,4.0,1.333333333
lar tumor,3.0,4.0,1.333333333
symptom syndrome,3.0,4.0,1.333333333
ability focus,4.0,4.0,1.0
survivor normal,3.0,4.0,1.333333333
requirement applicant,4.0,4.0,1.0
experience university,4.0,4.0,1.0
surgical low,4.0,4.0,1.0
analysis able,4.0,4.0,1.0
community investigator,4.0,4.0,1.0
investigator associate,4.0,4.0,1.0
cancer extra,4.0,4.0,1.0
mentor criterion,4.0,4.0,1.0
know lot,4.0,4.0,1.0
positive outlook,3.0,4.0,1.333333333
daratumumab bortezomib,3.0,4.0,1.333333333
complete opportunity,4.0,4.0,1.0
addition team,4.0,4.0,1.0
award citizen,4.0,4.0,1.0
brain lung,4.0,4.0,1.0
choice child,4.0,4.0,1.0
italian trep,4.0,4.0,1.0
tumour italian,4.0,4.0,1.0
google hangout,4.0,4.0,1.0
dexamethasone daratumumab,4.0,4.0,1.0
high diagnosis,4.0,4.0,1.0
hard thing,4.0,4.0,1.0
outcome minority,4.0,4.0,1.0
liver immune,3.0,4.0,1.333333333
issue woman,4.0,4.0,1.0
doxorubicin breast,3.0,4.0,1.333333333
rppr era,3.0,4.0,1.333333333
subtype old,4.0,4.0,1.0
year neuroendocrine,3.0,4.0,1.333333333
resection margin,4.0,4.0,1.0
procedure initial,4.0,4.0,1.0
k12 award,3.0,4.0,1.333333333
metastatic advanced,3.0,4.0,1.333333333
cancer adverse,4.0,4.0,1.0
overall participant,4.0,4.0,1.0
additional material,3.0,4.0,1.333333333
thing lab,3.0,4.0,1.333333333
subset cancer,4.0,4.0,1.0
cancer adrenal,4.0,4.0,1.0
team able,4.0,4.0,1.0
likely mutation,4.0,4.0,1.0
week annual,4.0,4.0,1.0
extension tumor,4.0,4.0,1.0
advanced illness,3.0,4.0,1.333333333
potential novel,4.0,4.0,1.0
adenocarcinoma cell,4.0,4.0,1.0
resistance agent,4.0,4.0,1.0
sensitive drug,4.0,4.0,1.0
italian tumori,4.0,4.0,1.0
critical juncture,4.0,4.0,1.0
drop cancer,4.0,4.0,1.0
large neuroendocrine,3.0,4.0,1.333333333
colon large,4.0,4.0,1.0
sample man,3.0,4.0,1.333333333
president community,4.0,4.0,1.0
cell invasion,3.0,4.0,1.333333333
delivery high,4.0,4.0,1.0
number high,4.0,4.0,1.0
practice datum,4.0,4.0,1.0
stereotactic body,3.0,4.0,1.333333333
borderline resectable,3.0,4.0,1.333333333
coordination cancer,4.0,4.0,1.0
therapy abiraterone,3.0,4.0,1.333333333
feature diagnosis,4.0,4.0,1.0
multi drug,3.0,4.0,1.333333333
problem brain,3.0,4.0,1.333333333
testing chemotherapy,4.0,4.0,1.0
day clinic,4.0,4.0,1.0
disease day,4.0,4.0,1.0
target mechanism,4.0,4.0,1.0
mean year,4.0,4.0,1.0
interference pain,4.0,4.0,1.0
postoperative hypoparathyroidism,3.0,4.0,1.333333333
metastatic ret,3.0,4.0,1.333333333
cancer til,4.0,4.0,1.0
breast cell,3.0,4.0,1.333333333
cell variety,4.0,4.0,1.0
diagnosis similar,4.0,4.0,1.0
person college,4.0,4.0,1.0
therapy reproductive,3.0,4.0,1.333333333
small hospital,4.0,4.0,1.0
reduction adverse,3.0,4.0,1.333333333
nausea constipation,3.0,4.0,1.333333333
aminotransferase ast,3.0,4.0,1.333333333
cell signature,3.0,4.0,1.333333333
team time,4.0,4.0,1.0
opportunity unique,4.0,4.0,1.0
analysis man,3.0,4.0,1.333333333
quality addition,4.0,4.0,1.0
selumetinib shrank,3.0,4.0,1.333333333
therapy investigator,4.0,4.0,1.0
menthol tobacco,4.0,4.0,1.0
think lot,4.0,4.0,1.0
today year,3.0,4.0,1.333333333
barrier progress,4.0,4.0,1.0
close friend,4.0,4.0,1.0
recurrent lesion,4.0,4.0,1.0
toxic drug,4.0,4.0,1.0
dose external,4.0,4.0,1.0
application rfas,4.0,4.0,1.0
cellular feature,4.0,4.0,1.0
year random,3.0,4.0,1.333333333
cancer anti,3.0,4.0,1.333333333
finding nature,4.0,4.0,1.0
segment chance,4.0,4.0,1.0
opioids pain,3.0,4.0,1.333333333
cell infiltration,3.0,4.0,1.333333333
belief cancer,4.0,4.0,1.0
death investigator,4.0,4.0,1.0
fast cancer,4.0,4.0,1.0
drive innovation,4.0,4.0,1.0
team great,4.0,4.0,1.0
cancer son,3.0,4.0,1.333333333
death drug,4.0,4.0,1.0
diarrhea adverse,4.0,4.0,1.0
rate point,3.0,4.0,1.333333333
hospitalization intensive,3.0,4.0,1.333333333
development advance,4.0,4.0,1.0
opportunity great,4.0,4.0,1.0
example lot,4.0,4.0,1.0
tool easy,4.0,4.0,1.0
depression normal,3.0,4.0,1.333333333
time advanced,4.0,4.0,1.0
computational tumor,4.0,4.0,1.0
complete project,4.0,4.0,1.0
test mri,4.0,4.0,1.0
aim project,4.0,4.0,1.0
metastasis sentinel,3.0,4.0,1.333333333
cancer chemo,3.0,4.0,1.333333333
participant addition,4.0,4.0,1.0
safe long,4.0,4.0,1.0
rapid growth,4.0,4.0,1.0
activity old,4.0,4.0,1.0
year strategy,3.0,4.0,1.333333333
test lead,4.0,4.0,1.0
death overall,3.0,4.0,1.333333333
chemotherapy maintenance,4.0,4.0,1.0
company year,4.0,4.0,1.0
industry year,4.0,4.0,1.0
therapy resistant,4.0,4.0,1.0
choice little,4.0,4.0,1.0
cycle doxorubicin,3.0,4.0,1.333333333
factor large,4.0,4.0,1.0
survivor fear,3.0,4.0,1.333333333
year hispanic,4.0,4.0,1.0
recurrence factor,4.0,4.0,1.0
epidemiological cohort,4.0,4.0,1.0
advance challenge,4.0,4.0,1.0
shape tumor,4.0,4.0,1.0
formation blood,4.0,4.0,1.0
cancer unresponsive,4.0,4.0,1.0
boy cancer,3.0,4.0,1.333333333
chemotherapy doxorubicin,3.0,4.0,1.333333333
cancer receive,3.0,4.0,1.333333333
example kind,4.0,4.0,1.0
fever fatigue,4.0,4.0,1.0
cancer toxicity,4.0,4.0,1.0
inhibitor ipilimumab,4.0,4.0,1.0
ctla-4 inhibitor,4.0,4.0,1.0
year degree,4.0,4.0,1.0
income year,4.0,4.0,1.0
recurrence initial,4.0,4.0,1.0
target test,4.0,4.0,1.0
transplant immunotherapy,4.0,4.0,1.0
range tumor,4.0,4.0,1.0
pembrolizumab nivolumab,4.0,4.0,1.0
response durable,4.0,4.0,1.0
winslow long,4.0,4.0,1.0
metastasis recurrence,4.0,4.0,1.0
nutrition epic,3.0,4.0,1.333333333
potential bias,4.0,4.0,1.0
molecular diagnosis,4.0,4.0,1.0
tissue molecular,3.0,4.0,1.333333333
blood man,3.0,4.0,1.333333333
cell week,4.0,4.0,1.0
cell chemical,3.0,4.0,1.333333333
fatigue appetite,3.0,4.0,1.333333333
lot weight,3.0,4.0,1.333333333
breast milk,4.0,4.0,1.0
hyperparathyroidism parathyroid,3.0,4.0,1.333333333
tumor pituitary,3.0,4.0,1.333333333
reaction diarrhea,3.0,4.0,1.333333333
tumor select,4.0,4.0,1.0
similar pediatric,4.0,4.0,1.0
woman experience,4.0,4.0,1.0
similar breast,4.0,4.0,1.0
difference death,3.0,4.0,1.333333333
histological thyroid,3.0,4.0,1.333333333
fuel growth,4.0,4.0,1.0
sample low,4.0,4.0,1.0
share detail,4.0,4.0,1.0
irregular heartbeat,4.0,4.0,1.0
stable time,4.0,4.0,1.0
high estimate,3.0,4.0,1.333333333
scan thyroid,4.0,4.0,1.0
united old,4.0,4.0,1.0
analysis jama,4.0,4.0,1.0
datum lung,4.0,4.0,1.0
cancer correlation,4.0,4.0,1.0
investigator great,4.0,4.0,1.0
high ovarian,3.0,4.0,1.333333333
immune adverse,4.0,4.0,1.0
ovarian carcinoma,3.0,4.0,1.333333333
additional woman,4.0,4.0,1.0
rate untreated,3.0,4.0,1.333333333
outcome lung,4.0,4.0,1.0
tube cancer,4.0,4.0,1.0
issue journal,4.0,4.0,1.0
early diagnosis,3.0,4.0,1.333333333
model new,4.0,4.0,1.0
community data,4.0,4.0,1.0
proteomic data,4.0,4.0,1.0
history lung,4.0,4.0,1.0
account factor,4.0,4.0,1.0
volumetric mri,3.0,4.0,1.333333333
track size,3.0,4.0,1.333333333
woman hiv,4.0,4.0,1.0
increase test,3.0,4.0,1.333333333
biopsy year,4.0,4.0,1.0
point prostate,3.0,4.0,1.333333333
cancer rise,4.0,4.0,1.0
test hpv,4.0,4.0,1.0
time hard,4.0,4.0,1.0
infection lead,4.0,4.0,1.0
chemotherapy thyroid,3.0,4.0,1.333333333
teen cancer,3.0,4.0,1.333333333
drug chemo,4.0,4.0,1.0
apparent association,3.0,4.0,1.333333333
cell heart,3.0,4.0,1.333333333
doxorubicin anthracycline,4.0,4.0,1.0
incidence area,4.0,4.0,1.0
cancer henderson,3.0,4.0,1.333333333
hormone prostate,4.0,4.0,1.0
therapy undergone,4.0,4.0,1.0
placebo hazard,4.0,4.0,1.0
anthracycline cancer,3.0,4.0,1.333333333
datum progress,4.0,4.0,1.0
child neurofibromatosis,4.0,4.0,1.0
gene disease,3.0,4.0,1.333333333
balanced translocation,3.0,4.0,1.333333333
urol discussion,3.0,4.0,1.333333333
high cns,3.0,4.0,1.333333333
metastatic ovarian,3.0,4.0,1.333333333
physician testing,4.0,4.0,1.0
grief advanced,3.0,4.0,1.333333333
interval overall,3.0,4.0,1.333333333
seizure headache,3.0,4.0,1.333333333
cancer thompson,3.0,4.0,1.333333333
death benefit,4.0,4.0,1.0
able time,4.0,4.0,1.0
range iqr,3.0,4.0,1.333333333
young male,3.0,4.0,1.333333333
grade rare,3.0,4.0,1.333333333
adverse death,4.0,4.0,1.0
death index,4.0,4.0,1.0
strategy well,4.0,4.0,1.0
gene team,4.0,4.0,1.0
team disease,4.0,4.0,1.0
tumor kid,4.0,4.0,1.0
selumetinib cancer,3.0,4.0,1.333333333
proteomic imaging,4.0,4.0,1.0
history low,4.0,4.0,1.0
factor death,4.0,4.0,1.0
grief issue,4.0,4.0,1.0
pain complication,4.0,4.0,1.0
grief distress,3.0,4.0,1.333333333
edition physical,4.0,4.0,1.0
opportunity time,4.0,4.0,1.0
option radiation,4.0,4.0,1.0
cytotoxic agent,3.0,4.0,1.333333333
cancer radical,4.0,4.0,1.0
cancer pandemic,3.0,4.0,1.333333333
placebo vitamin,3.0,4.0,1.333333333
enzyme protease,4.0,4.0,1.0
loss daily,4.0,4.0,1.0
age benefit,4.0,4.0,1.0
prepared child,3.0,4.0,1.333333333
cigarette participant,3.0,4.0,1.333333333
reaction emotional,3.0,4.0,1.333333333
community diagnosis,4.0,4.0,1.0
old ependymoma,4.0,4.0,1.0
significant pain,4.0,4.0,1.0
positive additional,4.0,4.0,1.0
decade lead,3.0,4.0,1.333333333
hospital sick,4.0,4.0,1.0
incidence number,4.0,4.0,1.0
infection addition,4.0,4.0,1.0
low child,4.0,4.0,1.0
increase death,3.0,4.0,1.333333333
extra copy,4.0,4.0,1.0
loss balance,4.0,4.0,1.0
time chance,4.0,4.0,1.0
girl hpv,3.0,4.0,1.333333333
socioecological tobacco,4.0,4.0,1.0
glioma cell,3.0,4.0,1.333333333
therapy postoperative,3.0,4.0,1.333333333
tumor radioactive,4.0,4.0,1.0
growth function,4.0,4.0,1.0
rate subsequent,4.0,4.0,1.0
sample large,4.0,4.0,1.0
chemical compound,3.0,4.0,1.333333333
pancreatic lung,4.0,4.0,1.0
lymph time,4.0,4.0,1.0
malignant behavior,4.0,4.0,1.0
area lot,4.0,4.0,1.0
team leader,4.0,4.0,1.0
genetic prostate,3.0,4.0,1.333333333
compound block,3.0,4.0,1.333333333
relationship deceased,3.0,4.0,1.333333333
lot little,4.0,4.0,1.0
k76 k99,4.0,4.0,1.0
k23 k25,4.0,4.0,1.0
k22 k23,4.0,4.0,1.0
k08 k22,4.0,4.0,1.0
k07 k08,4.0,4.0,1.0
k01 k07,4.0,4.0,1.0
medicine additional,4.0,4.0,1.0
example age,4.0,4.0,1.0
form gene,4.0,4.0,1.0
loss desire,3.0,4.0,1.333333333
anal oropharyngeal,4.0,4.0,1.0
year active,4.0,4.0,1.0
incidence onset,4.0,4.0,1.0
dying cole,3.0,4.0,1.333333333
death dying,3.0,4.0,1.333333333
thyroidectomy high,3.0,4.0,1.333333333
thyroidectomy total,3.0,4.0,1.333333333
challenge future,4.0,4.0,1.0
pathway pancreatic,4.0,4.0,1.0
anus mouth,3.0,4.0,1.333333333
year graduate,3.0,4.0,1.333333333
recurrent advanced,4.0,4.0,1.0
percent cervical,3.0,4.0,1.333333333
factor option,3.0,4.0,1.333333333
drug safety,3.0,4.0,1.333333333
leak syndrome,3.0,4.0,1.333333333
preventive cancer,4.0,4.0,1.0
year big,4.0,4.0,1.0
experience graduate,3.0,4.0,1.333333333
percent dose,3.0,4.0,1.333333333
belief death,3.0,4.0,1.333333333
biological activity,3.0,4.0,1.333333333
datum world,4.0,4.0,1.0
partnership investigator,4.0,4.0,1.0
prevalence low,4.0,4.0,1.0
reduction hpv,4.0,4.0,1.0
cole publishing,3.0,4.0,1.333333333
persistent disease,3.0,4.0,1.333333333
difference variant,3.0,4.0,1.333333333
esteem sense,3.0,4.0,1.333333333
presence alteration,4.0,4.0,1.0
subject investigator,3.0,4.0,1.333333333
smoking surgeon,4.0,4.0,1.0
statistic large,4.0,4.0,1.0
1–877–44u quit,4.0,4.0,1.0
quitline 1–877–44u,4.0,4.0,1.0
rutgers cancer,4.0,4.0,1.0
glioblastoma sample,4.0,4.0,1.0
tumorigenesis cell,4.0,4.0,1.0
asian pacific,3.0,4.0,1.333333333
counseling referral,4.0,4.0,1.0
pediatric aged,4.0,4.0,1.0
physical perspective,3.0,4.0,1.333333333
radiation increase,3.0,4.0,1.333333333
relative increase,3.0,4.0,1.333333333
progress precision,4.0,4.0,1.0
distress experience,4.0,4.0,1.0
high self,4.0,4.0,1.0
person high,4.0,4.0,1.0
cancer thin,4.0,4.0,1.0
high large,4.0,4.0,1.0
church attendance,3.0,4.0,1.333333333
regular church,3.0,4.0,1.333333333
positive benefit,3.0,4.0,1.333333333
well chemotherapy,4.0,4.0,1.0
melanoma blood,4.0,4.0,1.0
outcome covid-19,4.0,4.0,1.0
outcome series,4.0,4.0,1.0
disease genetic,4.0,4.0,1.0
tumor success,4.0,4.0,1.0
long maintenance,3.0,4.0,1.333333333
initial course,4.0,4.0,1.0
atrial fibrillation,3.0,4.0,1.333333333
modest reduction,4.0,4.0,1.0
death close,4.0,4.0,1.0
art college,4.0,4.0,1.0
time sort,4.0,4.0,1.0
supply tumor,4.0,4.0,1.0
challenge tumor,4.0,4.0,1.0
school high,4.0,4.0,1.0
entire gene,4.0,4.0,1.0
significance analysis,3.0,4.0,1.333333333
immunotherapy pediatric,4.0,4.0,1.0
junction gej,3.0,4.0,1.333333333
university teaching,4.0,4.0,1.0
vision problem,3.0,4.0,1.333333333
trouble hoarseness,3.0,4.0,1.333333333
illness desire,3.0,4.0,1.333333333
year postdoc,3.0,4.0,1.333333333
skin thin,4.0,4.0,1.0
child explanation,3.0,4.0,1.333333333
therapy bereavement,3.0,4.0,1.333333333
improvement high,3.0,4.0,1.333333333
addition radiation,4.0,4.0,1.0
drug temozolomide,4.0,4.0,1.0
opportunity future,4.0,4.0,1.0
rate completion,3.0,4.0,1.333333333
collaboration team,4.0,4.0,1.0
cancer description,3.0,4.0,1.333333333
drug interfere,3.0,4.0,1.333333333
adult myelodysplastic,4.0,4.0,1.0
intensive induction,4.0,4.0,1.0
insight disease,4.0,4.0,1.0
large powerful,4.0,4.0,1.0
smoker cigarette,3.0,4.0,1.333333333
disease smoking,4.0,4.0,1.0
death expression,4.0,4.0,1.0
launch year,4.0,4.0,1.0
cancer tell,4.0,4.0,1.0
lot human,4.0,4.0,1.0
abnormal egfr,3.0,4.0,1.333333333
testing novel,4.0,4.0,1.0
drug dacarbazine,4.0,4.0,1.0
sarcoma leiomyosarcoma,4.0,4.0,1.0
potential immunotherapy,4.0,4.0,1.0
prognosis response,4.0,4.0,1.0
pathologist lymph,4.0,4.0,1.0
tomography chest,4.0,4.0,1.0
surgery unresectable,3.0,4.0,1.333333333
relationship adult,4.0,4.0,1.0
gene hereditary,3.0,4.0,1.333333333
prevention reduction,4.0,4.0,1.0
distress age,4.0,4.0,1.0
initiative genomic,3.0,4.0,1.333333333
force blood,4.0,4.0,1.0
metabolism drug,4.0,4.0,1.0
child feeling,4.0,4.0,1.0
behavior child,3.0,4.0,1.333333333
adult addition,4.0,4.0,1.0
genomic child,4.0,4.0,1.0
model forum,4.0,4.0,1.0
antibody blood,3.0,4.0,1.333333333
fnlcr initiative,3.0,4.0,1.333333333
spirit skeleton,3.0,4.0,1.333333333
person spirit,3.0,4.0,1.333333333
child bad,4.0,4.0,1.0
history race,4.0,4.0,1.0
datum history,4.0,4.0,1.0
testing antibody,4.0,4.0,1.0
useful testing,4.0,4.0,1.0
protein antibody,4.0,4.0,1.0
pivotal discovery,4.0,4.0,1.0
discovery translational,4.0,4.0,1.0
hearing damage,3.0,4.0,1.333333333
pancreas stomach,4.0,4.0,1.0
high criterion,3.0,4.0,1.333333333
advance understanding,4.0,4.0,1.0
tumor step,4.0,4.0,1.0
marker time,4.0,4.0,1.0
beneficial woman,3.0,4.0,1.333333333
finding example,4.0,4.0,1.0
investigator major,4.0,4.0,1.0
drug datum,4.0,4.0,1.0
head drug,4.0,4.0,1.0
parafollicular cell,3.0,4.0,1.333333333
expression small,4.0,4.0,1.0
lymphoma prior,3.0,4.0,1.333333333
initiative ability,4.0,4.0,1.0
branch editor,4.0,4.0,1.0
cancer tnm,3.0,4.0,1.333333333
year invasive,3.0,4.0,1.333333333
therapy reduction,4.0,4.0,1.0
year key,4.0,4.0,1.0
year oncology,4.0,4.0,1.0
expression significant,4.0,4.0,1.0
inhibitor pi3k,4.0,4.0,1.0
pi3 kinase,4.0,4.0,1.0
recurrence high,3.0,4.0,1.333333333
option clinic,4.0,4.0,1.0
world class,4.0,4.0,1.0
great collaboration,3.0,4.0,1.333333333
addition inhibitor,4.0,4.0,1.0
drug few,4.0,4.0,1.0
high central,3.0,4.0,1.333333333
fatigue dyspnea,3.0,4.0,1.333333333
safe tobacco,3.0,4.0,1.333333333
expandable stent,3.0,4.0,1.333333333
variant region,4.0,4.0,1.0
sensitive screening,4.0,4.0,1.0
factor expression,4.0,4.0,1.0
prostate symptom,3.0,4.0,1.333333333
disease cigarette,3.0,4.0,1.333333333
right tool,4.0,4.0,1.0
parent adult,4.0,4.0,1.0
ready prime,4.0,4.0,1.0
few participant,4.0,4.0,1.0
response participant,4.0,4.0,1.0
anatomy male,4.0,4.0,1.0
cancer anatomy,4.0,4.0,1.0
size walnut,4.0,4.0,1.0
dna normal,3.0,4.0,1.333333333
child funeral,3.0,4.0,1.333333333
right example,3.0,4.0,1.333333333
prado neuro,3.0,4.0,1.333333333
option breast,4.0,4.0,1.0
frederick lab,4.0,4.0,1.0
number pediatric,4.0,4.0,1.0
melanoma spread,3.0,4.0,1.333333333
high psa,3.0,4.0,1.333333333
year youth,4.0,4.0,1.0
criterion late,4.0,4.0,1.0
delay radiation,3.0,4.0,1.333333333
sector company,3.0,4.0,1.333333333
exposure 131i,4.0,4.0,1.0
radioactive fallout,4.0,4.0,1.0
diagnosis papillary,4.0,4.0,1.0
rev hematol,4.0,4.0,1.0
history datum,3.0,4.0,1.333333333
protect cancer,4.0,4.0,1.0
knowledge sharing,3.0,4.0,1.333333333
highlight value,4.0,4.0,1.0
pain weak,3.0,4.0,1.333333333
toxic chemical,3.0,4.0,1.333333333
loss cisplatin,4.0,4.0,1.0
target similarity,3.0,4.0,1.333333333
track disease,3.0,4.0,1.333333333
year phd,3.0,4.0,1.333333333
big advantage,4.0,4.0,1.0
great stride,4.0,4.0,1.0
healthy preventive,4.0,4.0,1.0
rate cervical,4.0,4.0,1.0
example prostate,4.0,4.0,1.0
oncology head,3.0,4.0,1.333333333
prado team,3.0,4.0,1.333333333
method conduct,4.0,4.0,1.0
oncology investigator,3.0,4.0,1.333333333
rate local,3.0,4.0,1.333333333
cure equity,4.0,4.0,1.0
provider oncology,4.0,4.0,1.0
waiting watchful,3.0,4.0,1.333333333
placement surgery,3.0,4.0,1.333333333
molecular spatial,4.0,4.0,1.0
perspective progress,4.0,4.0,1.0
development pediatric,3.0,4.0,1.333333333
key step,4.0,4.0,1.0
well idea,4.0,4.0,1.0
tumor unique,4.0,4.0,1.0
psychological response,3.0,4.0,1.333333333
factor female,4.0,4.0,1.0
quality drug,4.0,4.0,1.0
equity race,4.0,4.0,1.0
world lot,4.0,4.0,1.0
variety area,4.0,4.0,1.0
school time,3.0,4.0,1.333333333
person kind,4.0,4.0,1.0
cancer communicate,4.0,4.0,1.0
fluid semen,3.0,4.0,1.333333333
iii ovarian,4.0,4.0,1.0
reaction cancer,4.0,4.0,1.0
cell absence,4.0,4.0,1.0
tumor deposit,3.0,4.0,1.333333333
oncology prospective,4.0,4.0,1.0
committee ctac,4.0,4.0,1.0
disease retrospective,3.0,4.0,1.333333333
surgery symptom,4.0,4.0,1.0
overall ovarian,4.0,4.0,1.0
bph normal,3.0,4.0,1.333333333
half woman,4.0,4.0,1.0
response pandemic,4.0,4.0,1.0
knowledge support,4.0,4.0,1.0
low region,4.0,4.0,1.0
f.r.c.o.g cancer,4.0,4.0,1.0
goal workshop,4.0,4.0,1.0
area time,4.0,4.0,1.0
flow blood,4.0,4.0,1.0
blood low,4.0,4.0,1.0
benign head,4.0,4.0,1.0
bias datum,4.0,4.0,1.0
etiology branch,4.0,4.0,1.0
lot excitement,4.0,4.0,1.0
tool breast,4.0,4.0,1.0
nctn community,4.0,4.0,1.0
tumor advance,4.0,4.0,1.0
african smoke,4.0,4.0,1.0
mechanism healthy,4.0,4.0,1.0
model likelihood,3.0,4.0,1.333333333
machine algorithm,3.0,4.0,1.333333333
finance cancer,3.0,4.0,1.333333333
thymus tonsil,4.0,4.0,1.0
psa testing,3.0,4.0,1.333333333
contrast dye,4.0,4.0,1.0
activity human,4.0,4.0,1.0
body heart,3.0,4.0,1.333333333
medullary anaplastic,4.0,4.0,1.0
point right,4.0,4.0,1.0
immune nivolumab,4.0,4.0,1.0
protein receptor,4.0,4.0,1.0
epigenetic modification,3.0,4.0,1.333333333
cancer thymic,4.0,4.0,1.0
significant loss,4.0,4.0,1.0
challenging time,4.0,4.0,1.0
attention symptom,4.0,4.0,1.0
phase safety,4.0,4.0,1.0
area large,4.0,4.0,1.0
diet lipid,4.0,4.0,1.0
discussion topic,4.0,4.0,1.0
gap field,4.0,4.0,1.0
pain surgery,3.0,4.0,1.333333333
cancer fight,4.0,4.0,1.0
history personal,4.0,4.0,1.0
etiology cancer,4.0,4.0,1.0
development number,4.0,4.0,1.0
tumor chest,3.0,4.0,1.333333333
disease palliative,3.0,3.0,1.0
test precision,3.0,3.0,1.0
west african,3.0,3.0,1.0
good person,3.0,3.0,1.0
status disease,3.0,3.0,1.0
emotional issue,3.0,3.0,1.0
aggressive option,3.0,3.0,1.0
disease mechanism,3.0,3.0,1.0
palliative nhpco,3.0,3.0,1.0
healthy adult,3.0,3.0,1.0
interest administrative,3.0,3.0,1.0
lymphoma table,3.0,3.0,1.0
application nosi,3.0,3.0,1.0
chest neck,3.0,3.0,1.0
interesting thing,3.0,3.0,1.0
cell mri,3.0,3.0,1.0
palpable thyroid,3.0,3.0,1.0
panel immunotherapy,3.0,3.0,1.0
cancer lifelong,3.0,3.0,1.0
sequencing exome,3.0,3.0,1.0
unique aspect,3.0,3.0,1.0
needle microscope,3.0,3.0,1.0
year tool,3.0,3.0,1.0
phd biomedical,3.0,3.0,1.0
area human,3.0,3.0,1.0
well artificial,3.0,3.0,1.0
duration median,3.0,3.0,1.0
datum ability,3.0,3.0,1.0
datum prediction,3.0,3.0,1.0
symptom regular,3.0,3.0,1.0
informative lot,3.0,3.0,1.0
great human,3.0,3.0,1.0
accuracy reliability,3.0,3.0,1.0
scholar award,3.0,3.0,1.0
recipient scholar,3.0,3.0,1.0
leukemia venetoclax,3.0,3.0,1.0
iii advanced,3.0,3.0,1.0
cell oliver,3.0,3.0,1.0
scan high,3.0,3.0,1.0
scan team,3.0,3.0,1.0
adenoid acne,3.0,3.0,1.0
number false,3.0,3.0,1.0
world addition,3.0,3.0,1.0
behavioral translational,3.0,3.0,1.0
workforce diversity,3.0,3.0,1.0
cancer referral,3.0,3.0,1.0
rituximab rituxan,3.0,3.0,1.0
kind mechanism,3.0,3.0,1.0
tumor connections,3.0,3.0,1.0
procedure related,3.0,3.0,1.0
neck thymus,3.0,3.0,1.0
infancy benign,3.0,3.0,1.0
therapy infancy,3.0,3.0,1.0
active surgery,3.0,3.0,1.0
screening man,3.0,3.0,1.0
uptake cancer,3.0,3.0,1.0
genomics drug,3.0,3.0,1.0
immunotherapy problem,3.0,3.0,1.0
death tumor,3.0,3.0,1.0
moonshot year,3.0,3.0,1.0
law fund,3.0,3.0,1.0
overcome resistance,3.0,3.0,1.0
recipient variety,3.0,3.0,1.0
screen prostate,3.0,3.0,1.0
high thyroid,3.0,3.0,1.0
fallout high,3.0,3.0,1.0
nuclear fallout,3.0,3.0,1.0
consequence nuclear,3.0,3.0,1.0
exposure consequence,3.0,3.0,1.0
blood hormone,3.0,3.0,1.0
sex asian,3.0,3.0,1.0
goiter female,3.0,3.0,1.0
high emotional,3.0,3.0,1.0
support therapy,3.0,3.0,1.0
tumor knowledge,3.0,3.0,1.0
return investment,3.0,3.0,1.0
hope brain,3.0,3.0,1.0
metastasis low,3.0,3.0,1.0
biopsy thyroid,3.0,3.0,1.0
symptom well,3.0,3.0,1.0
practice limited,3.0,3.0,1.0
surface peritoneum,3.0,3.0,1.0
proteomic protein,3.0,3.0,1.0
cell polyomavirus,3.0,3.0,1.0
ctac special,3.0,3.0,1.0
cavity ovarian,3.0,3.0,1.0
direct drug,3.0,3.0,1.0
chemotherapy half,3.0,3.0,1.0
option test,3.0,3.0,1.0
well talk,3.0,3.0,1.0
presentation course,3.0,3.0,1.0
spur development,3.0,3.0,1.0
match investigational,3.0,3.0,1.0
elise head,3.0,3.0,1.0
urine prostate,3.0,3.0,1.0
urethra block,3.0,3.0,1.0
drug schedule,3.0,3.0,1.0
aspirin ovarian,3.0,3.0,1.0
increase man,3.0,3.0,1.0
severe chemotherapy,3.0,3.0,1.0
prostate block,3.0,3.0,1.0
symptom bph,3.0,3.0,1.0
tumor week,3.0,3.0,1.0
support psychological,3.0,3.0,1.0
engineer biologist,3.0,3.0,1.0
complex design,3.0,3.0,1.0
anatomic location,3.0,3.0,1.0
cycle novel,3.0,3.0,1.0
tam adult,3.0,3.0,1.0
minh tam,3.0,3.0,1.0
bonetti minh,3.0,3.0,1.0
practice low,3.0,3.0,1.0
factor favorable,3.0,3.0,1.0
retrospective year,3.0,3.0,1.0
infection nausea,3.0,3.0,1.0
overall percent,3.0,3.0,1.0
decade experience,3.0,3.0,1.0
day oliver,3.0,3.0,1.0
prevention public,3.0,3.0,1.0
therapy lab,3.0,3.0,1.0
princeton computer,3.0,3.0,1.0
iii testing,3.0,3.0,1.0
conference opportunity,3.0,3.0,1.0
complex multiple,3.0,3.0,1.0
drug multi,3.0,3.0,1.0
partnership key,3.0,3.0,1.0
investment prevention,3.0,3.0,1.0
fever chill,3.0,3.0,1.0
adverse ctcae,3.0,3.0,1.0
share example,3.0,3.0,1.0
area innovation,3.0,3.0,1.0
drug aspirin,3.0,3.0,1.0
oliver thing,3.0,3.0,1.0
student lot,3.0,3.0,1.0
test lung,3.0,3.0,1.0
death example,3.0,3.0,1.0
person large,3.0,3.0,1.0
devoted cancer,3.0,3.0,1.0
community area,3.0,3.0,1.0
provider academic,3.0,3.0,1.0
kind young,3.0,3.0,1.0
cancer signature,3.0,3.0,1.0
serum thyroid,3.0,3.0,1.0
pain cognitive,3.0,3.0,1.0
outcome pain,3.0,3.0,1.0
scale testing,3.0,3.0,1.0
gene adverse,3.0,3.0,1.0
plan therapy,3.0,3.0,1.0
cancer threatening,3.0,3.0,1.0
clinic natural,3.0,3.0,1.0
real challenge,3.0,3.0,1.0
lead problem,3.0,3.0,1.0
prostate test,3.0,3.0,1.0
united decade,3.0,3.0,1.0
phase pediatric,3.0,3.0,1.0
potential molecular,3.0,3.0,1.0
number public,3.0,3.0,1.0
response finding,3.0,3.0,1.0
palliative grief,3.0,3.0,1.0
bereavement mourning,3.0,3.0,1.0
datum track,3.0,3.0,1.0
screening healthy,3.0,3.0,1.0
diverse innovative,3.0,3.0,1.0
testing procedure,3.0,3.0,1.0
disease chornobyl,3.0,3.0,1.0
bogdanova thyroid,3.0,3.0,1.0
howe bogdanova,3.0,3.0,1.0
tronko howe,3.0,3.0,1.0
cancer tronko,3.0,3.0,1.0
tobacco factor,3.0,3.0,1.0
belarus chernobyl,3.0,3.0,1.0
adolescent belarus,3.0,3.0,1.0
autoantibody child,3.0,3.0,1.0
thyroid autoantibody,3.0,3.0,1.0
molinaro prevalence,3.0,3.0,1.0
vorontsova molinaro,3.0,3.0,1.0
oncology vorontsova,3.0,3.0,1.0
country participant,3.0,3.0,1.0
neurosurgery radiation,3.0,3.0,1.0
tumor hope,3.0,3.0,1.0
practice culture,3.0,3.0,1.0
rare opportunity,3.0,3.0,1.0
public issue,3.0,3.0,1.0
cancer considerable,3.0,3.0,1.0
inst iribarren,3.0,3.0,1.0
ukraine screening,3.0,3.0,1.0
cancer ukraine,3.0,3.0,1.0
accident thyroid,3.0,3.0,1.0
chornobyl accident,3.0,3.0,1.0
bladder organ,3.0,3.0,1.0
reproductive urinary,3.0,3.0,1.0
131i cancer,3.0,3.0,1.0
cardis thyroid,3.0,3.0,1.0
chernobyl radioactive,3.0,3.0,1.0
fallout cardis,3.0,3.0,1.0
aspiration diagnosis,3.0,3.0,1.0
rearrangement fine,3.0,3.0,1.0
ptc rearrangement,3.0,3.0,1.0
braf point,3.0,3.0,1.0
giannini analysis,3.0,3.0,1.0
haselkorn thyroid,3.0,3.0,1.0
crit rev,3.0,3.0,1.0
grief parent,3.0,3.0,1.0
worden child,3.0,3.0,1.0
familiar adult,3.0,3.0,1.0
child mourning,3.0,3.0,1.0
limited transportation,3.0,3.0,1.0
iribarren haselkorn,3.0,3.0,1.0
target well,3.0,3.0,1.0
practice implementation,3.0,3.0,1.0
tube urine,3.0,3.0,1.0
urethra tube,3.0,3.0,1.0
surround urethra,3.0,3.0,1.0
confuse child,3.0,3.0,1.0
truth detail,3.0,3.0,1.0
power mother,3.0,3.0,1.0
time man,3.0,3.0,1.0
prostate male,3.0,3.0,1.0
magical power,3.0,3.0,1.0
transcriptomic molecular,3.0,3.0,1.0
grief response,3.0,3.0,1.0
cancer stop,3.0,3.0,1.0
development biomedical,3.0,3.0,1.0
prostate man,3.0,3.0,1.0
factor management,3.0,3.0,1.0
impulsive behavior,3.0,3.0,1.0
activity impulsive,3.0,3.0,1.0
regressive behavior,3.0,3.0,1.0
problem regressive,3.0,3.0,1.0
school death,3.0,3.0,1.0
child magical,3.0,3.0,1.0
story death,3.0,3.0,1.0
school faculty,3.0,3.0,1.0
child strange,3.0,3.0,1.0
related death,3.0,3.0,1.0
alive related,3.0,3.0,1.0
guilty alive,3.0,3.0,1.0
behavior guilty,3.0,3.0,1.0
clinic drug,3.0,3.0,1.0
community commitment,3.0,3.0,1.0
high small,3.0,3.0,1.0
carcinoma age,3.0,3.0,1.0
cell photodynamic,3.0,3.0,1.0
community model,3.0,3.0,1.0
aim model,3.0,3.0,1.0
index score,3.0,3.0,1.0
development metastatic,3.0,3.0,1.0
imaginary illness,3.0,3.0,1.0
behavior boy,3.0,3.0,1.0
live function,3.0,3.0,1.0
tantrum dead,3.0,3.0,1.0
problem bladder,3.0,3.0,1.0
habit problem,3.0,3.0,1.0
rejection habit,3.0,3.0,1.0
final rejection,3.0,3.0,1.0
mood death,3.0,3.0,1.0
death mood,3.0,3.0,1.0
shame anxiety,3.0,3.0,1.0
anger shame,3.0,3.0,1.0
guilt anger,3.0,3.0,1.0
emotion guilt,3.0,3.0,1.0
ghost bogeyman,3.0,3.0,1.0
final dead,3.0,3.0,1.0
hate death,3.0,3.0,1.0
death hate,3.0,3.0,1.0
example decade,3.0,3.0,1.0
thinking death,3.0,3.0,1.0
recurrence lymph,3.0,3.0,1.0
determinant prognosis,3.0,3.0,1.0
target enzyme,3.0,3.0,1.0
inhibitor growth,3.0,3.0,1.0
need drug,3.0,3.0,1.0
function magical,3.0,3.0,1.0
crankiness activity,3.0,3.0,1.0
quietness crankiness,3.0,3.0,1.0
death quietness,3.0,3.0,1.0
long project,3.0,3.0,1.0
long range,3.0,3.0,1.0
safety long,3.0,3.0,1.0
outcome medicine,3.0,3.0,1.0
able death,3.0,3.0,1.0
punishment time,3.0,3.0,1.0
bogeyman curious,3.0,3.0,1.0
high bar,3.0,3.0,1.0
old precision,3.0,3.0,1.0
chief woman,3.0,3.0,1.0
vitamin low,3.0,3.0,1.0
lymphoma sarcoma,3.0,3.0,1.0
knowledge well,3.0,3.0,1.0
bih sin,3.0,3.0,1.0
roo bih,3.0,3.0,1.0
death bathroom,3.0,3.0,1.0
mother death,3.0,3.0,1.0
separation mother,3.0,3.0,1.0
sleep weight,3.0,3.0,1.0
recruit young,3.0,3.0,1.0
aggressive destructive,3.0,3.0,1.0
boy aggressive,3.0,3.0,1.0
antisocial aggressive,3.0,3.0,1.0
problem antisocial,3.0,3.0,1.0
school problem,3.0,3.0,1.0
bathroom problem,3.0,3.0,1.0
valuable community,3.0,3.0,1.0
pathologist test,3.0,3.0,1.0
nut bolt,3.0,3.0,1.0
fresh frozen,3.0,3.0,1.0
separate person,3.0,3.0,1.0
bowel age,3.0,3.0,1.0
death magical,3.0,3.0,1.0
person deceased,3.0,3.0,1.0
disease hope,3.0,3.0,1.0
separate death,3.0,3.0,1.0
alive limited,3.0,3.0,1.0
death punishment,3.0,3.0,1.0
deceased parent,3.0,3.0,1.0
sadness parent,3.0,3.0,1.0
death kind,3.0,3.0,1.0
assess value,3.0,3.0,1.0
measure investigator,3.0,3.0,1.0
biomarker assay,3.0,3.0,1.0
initiative announcement,3.0,3.0,1.0
investigator measure,3.0,3.0,1.0
death sleep,3.0,3.0,1.0
mentor stadtman,3.0,3.0,1.0
awareness death,3.0,3.0,1.0
separation awareness,3.0,3.0,1.0
child safe,3.0,3.0,1.0
bogeyman death,3.0,3.0,1.0
ghost angel,3.0,3.0,1.0
child revisit,3.0,3.0,1.0
death game,3.0,3.0,1.0
death behavior,3.0,3.0,1.0
strong feeling,3.0,3.0,1.0
disease expression,3.0,3.0,1.0
human biospecimen,3.0,3.0,1.0
word strong,3.0,3.0,1.0
body human,3.0,3.0,1.0
child mind,3.0,3.0,1.0
test company,3.0,3.0,1.0
inhibitor monoclonal,3.0,3.0,1.0
time immune,3.0,3.0,1.0
chemotherapy therapeutic,3.0,3.0,1.0
anthracycline -based,3.0,3.0,1.0
mesylate liposarcoma,3.0,3.0,1.0
wikimedia drug,3.0,3.0,1.0
feeling memory,3.0,3.0,1.0
share feeling,3.0,3.0,1.0
camp school,3.0,3.0,1.0
revisit loss,3.0,3.0,1.0
time magnification,3.0,3.0,1.0
reduction depression,3.0,3.0,1.0
blood skin,3.0,3.0,1.0
tumor exhibit,3.0,3.0,1.0
dramatic cancer,3.0,3.0,1.0
model protein,3.0,3.0,1.0
stage infant,3.0,3.0,1.0
obama precision,3.0,3.0,1.0
old pancreatic,3.0,3.0,1.0
carcinoma liver,3.0,3.0,1.0
yoo mab,3.0,3.0,1.0
disease soft,3.0,3.0,1.0
exciting option,3.0,3.0,1.0
good agent,3.0,3.0,1.0
method disease,3.0,3.0,1.0
genomic multiple,3.0,3.0,1.0
practice precision,3.0,3.0,1.0
match genomic,3.0,3.0,1.0
workshop example,3.0,3.0,1.0
institution child,3.0,3.0,1.0
neuropathy high,3.0,3.0,1.0
neutropenia peripheral,3.0,3.0,1.0
future hope,3.0,3.0,1.0
outcome table,3.0,3.0,1.0
grief psychotherapy,3.0,3.0,1.0
microscope melanoma,3.0,3.0,1.0
relevant genomic,3.0,3.0,1.0
investigator genomic,3.0,3.0,1.0
pediatric genomic,3.0,3.0,1.0
neuroblastoma pediatric,3.0,3.0,1.0
thyroid lymph,3.0,3.0,1.0
decade outstanding,3.0,3.0,1.0
presentation day,3.0,3.0,1.0
major disease,3.0,3.0,1.0
genomic insight,3.0,3.0,1.0
opportunity genomic,3.0,3.0,1.0
number area,3.0,3.0,1.0
day number,3.0,3.0,1.0
child decade,3.0,3.0,1.0
story thank,3.0,3.0,1.0
behavior grief,3.0,3.0,1.0
development diagnostic,3.0,3.0,1.0
overall radiation,3.0,3.0,1.0
radiation old,3.0,3.0,1.0
infusion chemotherapy,3.0,3.0,1.0
apparent cell,3.0,3.0,1.0
new future,3.0,3.0,1.0
immunotherapy story,3.0,3.0,1.0
likelihood form,3.0,3.0,1.0
critical body,3.0,3.0,1.0
operating room,3.0,3.0,1.0
intensity light,3.0,3.0,1.0
symptom difficult,3.0,3.0,1.0
therapeutic modality,3.0,3.0,1.0
death hope,3.0,3.0,1.0
target genomic,3.0,3.0,1.0
infusion il-2,3.0,3.0,1.0
protein reactive,3.0,3.0,1.0
characteristic chemotherapy,3.0,3.0,1.0
brief time,3.0,3.0,1.0
spectrum prevention,3.0,3.0,1.0
blood supply,3.0,3.0,1.0
oncology support,3.0,3.0,1.0
lot subject,3.0,3.0,1.0
drug paclitaxel,3.0,3.0,1.0
factor difficult,3.0,3.0,1.0
course normal,3.0,3.0,1.0
time act,3.0,3.0,1.0
size short,3.0,3.0,1.0
experienced reduction,3.0,3.0,1.0
immunotherapy complete,3.0,3.0,1.0
income lifestyle,3.0,3.0,1.0
significant implication,3.0,3.0,1.0
loss income,3.0,3.0,1.0
outcome loss,3.0,3.0,1.0
support factor,3.0,3.0,1.0
team confidence,3.0,3.0,1.0
practice dccp,3.0,3.0,1.0
stakeholder interested,3.0,3.0,1.0
difference low,3.0,3.0,1.0
spouse death,3.0,3.0,1.0
body structure,3.0,3.0,1.0
confidence vaccination,3.0,3.0,1.0
depression poor,3.0,3.0,1.0
extreme distress,3.0,3.0,1.0
prevention endometrial,3.0,3.0,1.0
genomic old,3.0,3.0,1.0
importance variant,3.0,3.0,1.0
woman relative,3.0,3.0,1.0
line lung,3.0,3.0,1.0
outcome personal,3.0,3.0,1.0
positive grief,3.0,3.0,1.0
area difficult,3.0,3.0,1.0
engineering phd,3.0,3.0,1.0
scale development,3.0,3.0,1.0
sudden unexpected,3.0,3.0,1.0
vaccine old,3.0,3.0,1.0
phenomenon herd,3.0,3.0,1.0
protection few,3.0,3.0,1.0
phd path,3.0,3.0,1.0
prognosis well,3.0,3.0,1.0
annotation datum,3.0,3.0,1.0
downstream cellular,3.0,3.0,1.0
belief personal,3.0,3.0,1.0
cancer promote,3.0,3.0,1.0
female reduction,3.0,3.0,1.0
vaccine united,3.0,3.0,1.0
death bereaved,3.0,3.0,1.0
grade location,3.0,3.0,1.0
human glioblastoma,3.0,3.0,1.0
novel model,3.0,3.0,1.0
single point,3.0,3.0,1.0
alteration single,3.0,3.0,1.0
difficult grief,3.0,3.0,1.0
loss difficult,3.0,3.0,1.0
prevalence psychological,3.0,3.0,1.0
depression complicated,3.0,3.0,1.0
size nodule,3.0,3.0,1.0
discovery datum,3.0,3.0,1.0
door cancer,3.0,3.0,1.0
year quality,3.0,3.0,1.0
model difference,3.0,3.0,1.0
clear potential,3.0,3.0,1.0
distinguished investigator,3.0,3.0,1.0
variable high,3.0,3.0,1.0
thing academia,3.0,3.0,1.0
sort year,3.0,3.0,1.0
bearing tumor,3.0,3.0,1.0
prevention datum,3.0,3.0,1.0
radiotherapy recurrent,3.0,3.0,1.0
intraoperative radiotherapy,3.0,3.0,1.0
shah intraoperative,3.0,3.0,1.0
strong shah,3.0,3.0,1.0
vikram strong,3.0,3.0,1.0
phd undergraduate,3.0,3.0,1.0
robust support,3.0,3.0,1.0
session psychotherapy,3.0,3.0,1.0
factor lifestyle,3.0,3.0,1.0
gene proliferation,3.0,3.0,1.0
variant key,3.0,3.0,1.0
variant expression,3.0,3.0,1.0
toxic payload,3.0,3.0,1.0
skill big,3.0,3.0,1.0
united quadrivalent,3.0,3.0,1.0
era united,3.0,3.0,1.0
survey adult,3.0,3.0,1.0
institution thing,3.0,3.0,1.0
functional property,3.0,3.0,1.0
advanced liver,3.0,3.0,1.0
vulvar penile,3.0,3.0,1.0
oropharyngeal vaginal,3.0,3.0,1.0
bit phd,3.0,3.0,1.0
test thing,3.0,3.0,1.0
vaccine routine,3.0,3.0,1.0
high percent,3.0,3.0,1.0
sharing ability,3.0,3.0,1.0
fellowship oncology,3.0,3.0,1.0
kras cancer,3.0,3.0,1.0
surgery impact,3.0,3.0,1.0
thing college,3.0,3.0,1.0
number key,3.0,3.0,1.0
surgery similar,3.0,3.0,1.0
nivolumab overall,3.0,3.0,1.0
target driver,3.0,3.0,1.0
year self,3.0,3.0,1.0
vaccination male,3.0,3.0,1.0
age hpv,3.0,3.0,1.0
11- year,3.0,3.0,1.0
routine vaccination,3.0,3.0,1.0
thought person,3.0,3.0,1.0
variant critical,3.0,3.0,1.0
lobectomy total,3.0,3.0,1.0
gene nra,3.0,3.0,1.0
low dna,3.0,3.0,1.0
cancer practitioner,3.0,3.0,1.0
biomarker detection,3.0,3.0,1.0
structure cancer,3.0,3.0,1.0
feeling come,3.0,3.0,1.0
painful feeling,3.0,3.0,1.0
industry support,3.0,3.0,1.0
feature therapeutic,3.0,3.0,1.0
complex datum,3.0,3.0,1.0
datum dataset,3.0,3.0,1.0
oncology world,3.0,3.0,1.0
drug finasteride,3.0,3.0,1.0
interested area,3.0,3.0,1.0
join death,3.0,3.0,1.0
guilt loss,3.0,3.0,1.0
fatigue guilt,3.0,3.0,1.0
screening advance,3.0,3.0,1.0
woman new,3.0,3.0,1.0
kras protein,3.0,3.0,1.0
depression pharmacological,3.0,3.0,1.0
palliative medicine,3.0,3.0,1.0
number model,3.0,3.0,1.0
hack neuronal,3.0,3.0,1.0
tumor hack,3.0,3.0,1.0
bereaved symptom,3.0,3.0,1.0
death item,3.0,3.0,1.0
anniversary death,3.0,3.0,1.0
holiday anniversary,3.0,3.0,1.0
reminder deceased,3.0,3.0,1.0
grief burst,3.0,3.0,1.0
period minute,3.0,3.0,1.0
child practice,3.0,3.0,1.0
material tumor,3.0,3.0,1.0
body thyroid,3.0,3.0,1.0
significant high,3.0,3.0,1.0
cancer inadequate,3.0,3.0,1.0
crude rate,3.0,3.0,1.0
incidence confidence,3.0,3.0,1.0
hand smoke,3.0,3.0,1.0
illusion hallucination,3.0,3.0,1.0
dream illusion,3.0,3.0,1.0
cry dream,3.0,3.0,1.0
shock disbelief,3.0,3.0,1.0
rule possibility,3.0,3.0,1.0
association factor,3.0,3.0,1.0
datum association,3.0,3.0,1.0
benefit self,3.0,3.0,1.0
numbness shock,3.0,3.0,1.0
emotional numbness,3.0,3.0,1.0
person loss,3.0,3.0,1.0
empower brain,3.0,3.0,1.0
profit empower,3.0,3.0,1.0
mortality number,3.0,3.0,1.0
phd thing,3.0,3.0,1.0
rate secondary,3.0,3.0,1.0
week disease,3.0,3.0,1.0
experience right,3.0,3.0,1.0
sure listener,3.0,3.0,1.0
hallucination deceased,3.0,3.0,1.0
physical support,3.0,3.0,1.0
benefit surgery,3.0,3.0,1.0
overall benefit,3.0,3.0,1.0
weight low,3.0,3.0,1.0
death smoker,3.0,3.0,1.0
alcohol dietary,3.0,3.0,1.0
benefit lifestyle,3.0,3.0,1.0
low alcohol,3.0,3.0,1.0
child disorder,3.0,3.0,1.0
complication anticipatory,3.0,3.0,1.0
distress pain,3.0,3.0,1.0
time postdoc,3.0,3.0,1.0
cancer word,3.0,3.0,1.0
age 3–11,3.0,3.0,1.0
option therapy,3.0,3.0,1.0
substantial impact,3.0,3.0,1.0
reality situation,3.0,3.0,1.0
time thank,3.0,3.0,1.0
support grief,3.0,3.0,1.0
likelihood long,3.0,3.0,1.0
cancer bill,3.0,3.0,1.0
conservative management,3.0,3.0,1.0
entry year,3.0,3.0,1.0
age entry,3.0,3.0,1.0
participant average,3.0,3.0,1.0
dietary physical,3.0,3.0,1.0
sure opportunity,3.0,3.0,1.0
circumstance exception,3.0,3.0,1.0
darien pxa,3.0,3.0,1.0
immunoprevention cancer,3.0,3.0,1.0
development age,3.0,3.0,1.0
index participant,3.0,3.0,1.0
period participant,3.0,3.0,1.0
activity energy,3.0,3.0,1.0
hypothesis observation,3.0,3.0,1.0
keynote talk,3.0,3.0,1.0
death tobacco,3.0,3.0,1.0
man prior,3.0,3.0,1.0
glioma new,3.0,3.0,1.0
disease lifestyle,3.0,3.0,1.0
chest magnetic,3.0,3.0,1.0
body lethal,3.0,3.0,1.0
psychological problem,3.0,3.0,1.0
low healthy,3.0,3.0,1.0
lifestyle low,3.0,3.0,1.0
loss advanced,3.0,3.0,1.0
planning grief,3.0,3.0,1.0
metastasis old,3.0,3.0,1.0
announcement cancer,3.0,3.0,1.0
man datum,3.0,3.0,1.0
cisplatin median,3.0,3.0,1.0
carcinoma hospital,3.0,3.0,1.0
danish cancer,3.0,3.0,1.0
rural urban,3.0,3.0,1.0
income rural,3.0,3.0,1.0
finding participant,3.0,3.0,1.0
challenge brain,3.0,3.0,1.0
cancer traditional,3.0,3.0,1.0
death significant,3.0,3.0,1.0
mortality country,3.0,3.0,1.0
hormone globulin,3.0,3.0,1.0
school hospital,3.0,3.0,1.0
disease thyroidectomy,3.0,3.0,1.0
genetic paper,3.0,3.0,1.0
water bottle,3.0,3.0,1.0
confidence kind,3.0,3.0,1.0
child anthracycline,3.0,3.0,1.0
year hospital,3.0,3.0,1.0
hospital united,3.0,3.0,1.0
thinking time,3.0,3.0,1.0
balanced diet,3.0,3.0,1.0
complex challenge,3.0,3.0,1.0
pain stress,3.0,3.0,1.0
tumor holiday,3.0,3.0,1.0
pathway active,3.0,3.0,1.0
tissue determined,3.0,3.0,1.0
big success,3.0,3.0,1.0
daily placebo,3.0,3.0,1.0
actionable variant,3.0,3.0,1.0
finding implication,3.0,3.0,1.0
track position,3.0,3.0,1.0
sufficient disease,3.0,3.0,1.0
time teaching,3.0,3.0,1.0
smoking facility,3.0,3.0,1.0
mutation percent,3.0,3.0,1.0
diarrhea drug,3.0,3.0,1.0
meaningful datum,3.0,3.0,1.0
test datum,3.0,3.0,1.0
safety feasibility,3.0,3.0,1.0
hour thing,3.0,3.0,1.0
old brentuximab,3.0,3.0,1.0
physician investigator,3.0,3.0,1.0
lesion time,3.0,3.0,1.0
model thing,3.0,3.0,1.0
urine substance,3.0,3.0,1.0
chromosome person,3.0,3.0,1.0
hormone testing,3.0,3.0,1.0
symptom abnormal,3.0,3.0,1.0
wikimedia cc0,3.0,3.0,1.0
weakness aggressive,3.0,3.0,1.0
dietary modification,3.0,3.0,1.0
transfer invention,3.0,3.0,1.0
form thyroid,3.0,3.0,1.0
lot folk,3.0,3.0,1.0
syndrome pheochromocytoma,3.0,3.0,1.0
enroll phase,3.0,3.0,1.0
sample mean,3.0,3.0,1.0
adolescent pediatric,3.0,3.0,1.0
cancer bias,3.0,3.0,1.0
rare lung,3.0,3.0,1.0
participant lung,3.0,3.0,1.0
thing area,3.0,3.0,1.0
prognosis mutation,3.0,3.0,1.0
tumor inflammatory,3.0,3.0,1.0
disease syndrome,3.0,3.0,1.0
speed cancer,3.0,3.0,1.0
weakness loss,3.0,3.0,1.0
count anemia,3.0,3.0,1.0
similar incidence,3.0,3.0,1.0
lab deep,3.0,3.0,1.0
protein trametinib,3.0,3.0,1.0
sex racial,3.0,3.0,1.0
adult stage,3.0,3.0,1.0
gene lung,3.0,3.0,1.0
response inflammation,3.0,3.0,1.0
drug profile,3.0,3.0,1.0
activity colorectal,3.0,3.0,1.0
mutation sample,3.0,3.0,1.0
lead chronic,3.0,3.0,1.0
single series,3.0,3.0,1.0
participant meta,3.0,3.0,1.0
test presence,3.0,3.0,1.0
leiomyosarcoma cancer,3.0,3.0,1.0
new woman,3.0,3.0,1.0
therapy broad,3.0,3.0,1.0
sample old,3.0,3.0,1.0
agent response,3.0,3.0,1.0
person opportunity,3.0,3.0,1.0
chemotherapy major,3.0,3.0,1.0
choice addition,3.0,3.0,1.0
battery device,3.0,3.0,1.0
comfortable long,3.0,3.0,1.0
surgery meta,3.0,3.0,1.0
surgery potential,3.0,3.0,1.0
drug protect,3.0,3.0,1.0
doxorubicin heart,3.0,3.0,1.0
prognosis selection,3.0,3.0,1.0
poor cell,3.0,3.0,1.0
step thing,3.0,3.0,1.0
course lot,3.0,3.0,1.0
tumor damage,3.0,3.0,1.0
anti ctla-4,3.0,3.0,1.0
country support,3.0,3.0,1.0
unnecessary invasive,3.0,3.0,1.0
test psychological,3.0,3.0,1.0
cost thing,3.0,3.0,1.0
start year,3.0,3.0,1.0
cell temporary,3.0,3.0,1.0
block particular,3.0,3.0,1.0
tumor devastating,3.0,3.0,1.0
ability shrink,3.0,3.0,1.0
cell turn,3.0,3.0,1.0
drug inhibits,3.0,3.0,1.0
year little,3.0,3.0,1.0
scan blood,3.0,3.0,1.0
french sarcoma,3.0,3.0,1.0
systemic hormone,3.0,3.0,1.0
issue quality,3.0,3.0,1.0
therapy hard,3.0,3.0,1.0
doxorubicin drug,3.0,3.0,1.0
hospital additional,3.0,3.0,1.0
therapy enlarge,3.0,3.0,1.0
doxorubicin median,3.0,3.0,1.0
dissection positive,3.0,3.0,1.0
subhashini jagu,3.0,3.0,1.0
disease statistical,3.0,3.0,1.0
community concern,3.0,3.0,1.0
tool diverse,3.0,3.0,1.0
survivor depression,3.0,3.0,1.0
figure good,3.0,3.0,1.0
able figure,3.0,3.0,1.0
stereotactic radiation,3.0,3.0,1.0
diagnosis significant,3.0,3.0,1.0
regimen participant,3.0,3.0,1.0
mastectomy stage,3.0,3.0,1.0
radiation lot,3.0,3.0,1.0
intensive day,3.0,3.0,1.0
old crucial,3.0,3.0,1.0
throughput screen,3.0,3.0,1.0
right design,3.0,3.0,1.0
survey datum,3.0,3.0,1.0
limited survey,3.0,3.0,1.0
hospital hospice,3.0,3.0,1.0
validation tool,3.0,3.0,1.0
translation tool,3.0,3.0,1.0
innovation translation,3.0,3.0,1.0
molecule antibody,3.0,3.0,1.0
unique drug,3.0,3.0,1.0
cell reliant,3.0,3.0,1.0
cancer bold,3.0,3.0,1.0
cancer objective,3.0,3.0,1.0
challenge world,3.0,3.0,1.0
goal emotion,3.0,3.0,1.0
committed cancer,3.0,3.0,1.0
university faculty,3.0,3.0,1.0
student thing,3.0,3.0,1.0
person separate,3.0,3.0,1.0
criterion focus,3.0,3.0,1.0
development person,3.0,3.0,1.0
person development,3.0,3.0,1.0
r01 u01,3.0,3.0,1.0
project proof,3.0,3.0,1.0
relevant biospecimen,3.0,3.0,1.0
processing cancer,3.0,3.0,1.0
datum feasibility,3.0,3.0,1.0
future unlikely,3.0,3.0,1.0
discussion old,3.0,3.0,1.0
planning progress,3.0,3.0,1.0
complex mechanism,3.0,3.0,1.0
degree chemistry,3.0,3.0,1.0
initiative advisor,3.0,3.0,1.0
thing reality,3.0,3.0,1.0
friend thing,3.0,3.0,1.0
gastric carcinogenesis,3.0,3.0,1.0
thing phd,3.0,3.0,1.0
landscape year,3.0,3.0,1.0
surgery form,3.0,3.0,1.0
old rare,3.0,3.0,1.0
alumnus professor,3.0,3.0,1.0
sharing integration,3.0,3.0,1.0
helpful example,3.0,3.0,1.0
idea experience,3.0,3.0,1.0
initiative pediatric,3.0,3.0,1.0
tumor antibody,3.0,3.0,1.0
strategy cell,3.0,3.0,1.0
test team,3.0,3.0,1.0
variant point,3.0,3.0,1.0
identify cell,3.0,3.0,1.0
blood stage,3.0,3.0,1.0
year future,3.0,3.0,1.0
book expectation,3.0,3.0,1.0
able close,3.0,3.0,1.0
cancer compound,3.0,3.0,1.0
damage drug,3.0,3.0,1.0
time sure,3.0,3.0,1.0
time hope,3.0,3.0,1.0
old daughter,3.0,3.0,1.0
smoke heart,3.0,3.0,1.0
pd-1 surface,3.0,3.0,1.0
cell neoantigen,3.0,3.0,1.0
protein neoantigen,3.0,3.0,1.0
need invasive,3.0,3.0,1.0
langone perlmutter,3.0,3.0,1.0
til mutation,3.0,3.0,1.0
protein team,3.0,3.0,1.0
response target,3.0,3.0,1.0
drug damage,3.0,3.0,1.0
able match,3.0,3.0,1.0
goserelin zoladex,3.0,3.0,1.0
reproductive age,3.0,3.0,1.0
immunotherapy team,3.0,3.0,1.0
normal protein,3.0,3.0,1.0
macrophage tumor,3.0,3.0,1.0
colleague test,3.0,3.0,1.0
gene sample,3.0,3.0,1.0
formaldehyde factor,3.0,3.0,1.0
preserve fertility,3.0,3.0,1.0
half number,3.0,3.0,1.0
hormone amh,3.0,3.0,1.0
kidney breast,3.0,3.0,1.0
pancreatic kidney,3.0,3.0,1.0
old initial,3.0,3.0,1.0
application form,3.0,3.0,1.0
skill addition,3.0,3.0,1.0
experience invaluable,3.0,3.0,1.0
kind experience,3.0,3.0,1.0
subtype aggressive,3.0,3.0,1.0
investigator emory,3.0,3.0,1.0
complication datum,3.0,3.0,1.0
time word,3.0,3.0,1.0
syndrome infection,3.0,3.0,1.0
impact pandemic,3.0,3.0,1.0
cognitive assessment,3.0,3.0,1.0
lifecycle pdf,3.0,3.0,1.0
cancer theory,3.0,3.0,1.0
difficult thing,3.0,3.0,1.0
driver tumor,3.0,3.0,1.0
cigar tobacco,3.0,3.0,1.0
leukemia datum,3.0,3.0,1.0
significant delay,3.0,3.0,1.0
team gene,3.0,3.0,1.0
sure good,3.0,3.0,1.0
indoor air,3.0,3.0,1.0
project difficult,3.0,3.0,1.0
resectable pancreatic,3.0,3.0,1.0
agreement contract,3.0,3.0,1.0
scale cohort,3.0,3.0,1.0
cancer resection,3.0,3.0,1.0
public advisory,3.0,3.0,1.0
subtype disease,3.0,3.0,1.0
man drug,3.0,3.0,1.0
sure place,3.0,3.0,1.0
knowledge understanding,3.0,3.0,1.0
community critical,3.0,3.0,1.0
big idea,3.0,3.0,1.0
sep special,3.0,3.0,1.0
exposure public,3.0,3.0,1.0
late gastrointestinal,3.0,3.0,1.0
adult practice,3.0,3.0,1.0
progress application,3.0,3.0,1.0
datum helpful,3.0,3.0,1.0
period additional,3.0,3.0,1.0
subtype anatomical,3.0,3.0,1.0
activity progress,3.0,3.0,1.0
drug screen,3.0,3.0,1.0
bar restaurant,3.0,3.0,1.0
major exposure,3.0,3.0,1.0
imaging drug,3.0,3.0,1.0
time lapse,3.0,3.0,1.0
involvement right,3.0,3.0,1.0
node child,3.0,3.0,1.0
prospective registry,3.0,3.0,1.0
tumor traditional,3.0,3.0,1.0
gene subtype,3.0,3.0,1.0
president historic,3.0,3.0,1.0
transformation normal,3.0,3.0,1.0
macroscopic residual,3.0,3.0,1.0
large resection,3.0,3.0,1.0
lab gene,3.0,3.0,1.0
trainee lab,3.0,3.0,1.0
participant metastatic,3.0,3.0,1.0
potential biologic,3.0,3.0,1.0
carcinoma long,3.0,3.0,1.0
appendiceal wall,3.0,3.0,1.0
secondary right,3.0,3.0,1.0
old person,3.0,3.0,1.0
criterion secondary,3.0,3.0,1.0
kind transition,3.0,3.0,1.0
invasion mesoappendix,3.0,3.0,1.0
phase multicentre,3.0,3.0,1.0
carcinoma prevention,3.0,3.0,1.0
significant subset,3.0,3.0,1.0
adrenal cortex,3.0,3.0,1.0
cell transform,3.0,3.0,1.0
cell adenocarcinoma,3.0,3.0,1.0
facilitate datum,3.0,3.0,1.0
novel alteration,3.0,3.0,1.0
separate ancillary,3.0,3.0,1.0
community increase,3.0,3.0,1.0
appointment scholar,3.0,3.0,1.0
stage aggressive,3.0,3.0,1.0
therapy useful,3.0,3.0,1.0
branch appointment,3.0,3.0,1.0
edition cancer,3.0,3.0,1.0
development subtype,3.0,3.0,1.0
discovery drug,3.0,3.0,1.0
long phase,3.0,3.0,1.0
decade collaboration,3.0,3.0,1.0
institution year,3.0,3.0,1.0
immunotherapy advanced,3.0,3.0,1.0
disease oral,3.0,3.0,1.0
drug critical,3.0,3.0,1.0
recurrence chemotherapy,3.0,3.0,1.0
neck pancreas,3.0,3.0,1.0
boxberger redlich,3.0,3.0,1.0
tumor sporadic,3.0,3.0,1.0
minority underrepresented,3.0,3.0,1.0
renewable note,3.0,3.0,1.0
support renewable,3.0,3.0,1.0
task memory,3.0,3.0,1.0
range discipline,3.0,3.0,1.0
stage range,3.0,3.0,1.0
cancer- support,3.0,3.0,1.0
professor r01,3.0,3.0,1.0
equity lens,3.0,3.0,1.0
united surgery,3.0,3.0,1.0
cancer meaning,3.0,3.0,1.0
infection low,3.0,3.0,1.0
optional applicant,3.0,3.0,1.0
stage scholar,3.0,3.0,1.0
noncitizen possession,3.0,3.0,1.0
scholar citizen,3.0,3.0,1.0
scholar criterion,3.0,3.0,1.0
disease favorable,3.0,3.0,1.0
intermediate grade,3.0,3.0,1.0
age eligibility,3.0,3.0,1.0
octreotide median,3.0,3.0,1.0
cost scholar,3.0,3.0,1.0
equivalent cancer,3.0,3.0,1.0
mentor r01,3.0,3.0,1.0
discipline perspective,3.0,3.0,1.0
friend colleague,3.0,3.0,1.0
sequence tumor,3.0,3.0,1.0
hospital surgery,3.0,3.0,1.0
lutetium 177lu,3.0,3.0,1.0
challenge face,3.0,3.0,1.0
experiment protein,3.0,3.0,1.0
therapy mtor,3.0,3.0,1.0
foundation chair,3.0,3.0,1.0
residency eligible,3.0,3.0,1.0
scholar residency,3.0,3.0,1.0
degree scholar,3.0,3.0,1.0
equivalent degree,3.0,3.0,1.0
recipient nurse,3.0,3.0,1.0
citizen possession,3.0,3.0,1.0
competency scholar,3.0,3.0,1.0
award competency,3.0,3.0,1.0
time k12,3.0,3.0,1.0
criterion stage,3.0,3.0,1.0
cost mentor,3.0,3.0,1.0
scholar minimum,3.0,3.0,1.0
commitment scholar,3.0,3.0,1.0
postgrad med,3.0,3.0,1.0
acid postgrad,3.0,3.0,1.0
correlate urinary,3.0,3.0,1.0
number pathway,3.0,3.0,1.0
factor relevant,3.0,3.0,1.0
target fusion,3.0,3.0,1.0
tumor discussion,3.0,3.0,1.0
interventional radiology,3.0,3.0,1.0
cancer mit,3.0,3.0,1.0
tumour final,3.0,3.0,1.0
surg rinke,3.0,3.0,1.0
series cell,3.0,3.0,1.0
community thing,3.0,3.0,1.0
factor gene,3.0,3.0,1.0
tumor short,3.0,3.0,1.0
cancer oct,3.0,3.0,1.0
room thing,3.0,3.0,1.0
tumor promid,3.0,3.0,1.0
neuroendocrine midgut,3.0,3.0,1.0
randomized lar,3.0,3.0,1.0
scholar person,3.0,3.0,1.0
scholar physician,3.0,3.0,1.0
scholar justification,3.0,3.0,1.0
activity scholar,3.0,3.0,1.0
devoted development,3.0,3.0,1.0
time devoted,3.0,3.0,1.0
therapy minor,3.0,3.0,1.0
problem team,3.0,3.0,1.0
brittinger placebo,3.0,3.0,1.0
schade brittinger,3.0,3.0,1.0
mentorship support,3.0,3.0,1.0
refractory advanced,3.0,3.0,1.0
strong interest,3.0,3.0,1.0
limit application,3.0,3.0,1.0
k12 allowable,3.0,3.0,1.0
support scholar,3.0,3.0,1.0
time requirement,3.0,3.0,1.0
pharm.d recipient,3.0,3.0,1.0
grade neuroendocrine,3.0,3.0,1.0
japanese cancer,3.0,3.0,1.0
bowel pancreas,3.0,3.0,1.0
mean lot,3.0,3.0,1.0
surgery need,3.0,3.0,1.0
ligand receptor,3.0,3.0,1.0
degree pharm.d,3.0,3.0,1.0
d.o degree,3.0,3.0,1.0
physician d.o,3.0,3.0,1.0
related breast,3.0,3.0,1.0
identification mechanism,3.0,3.0,1.0
friend mutation,3.0,3.0,1.0
iii single,3.0,3.0,1.0
able focus,3.0,3.0,1.0
age single,3.0,3.0,1.0
cancer sociodemographic,3.0,3.0,1.0
diverse datum,3.0,3.0,1.0
m.p.h university,3.0,3.0,1.0
reason scholar,3.0,3.0,1.0
pis k12,3.0,3.0,1.0
annum pds,3.0,3.0,1.0
total annum,3.0,3.0,1.0
personnel person,3.0,3.0,1.0
curriculum personnel,3.0,3.0,1.0
scholar curriculum,3.0,3.0,1.0
additional large,3.0,3.0,1.0
cancer hematol,3.0,3.0,1.0
toxicity advanced,3.0,3.0,1.0
advance additional,3.0,3.0,1.0
initiative broad,3.0,3.0,1.0
request faculty,3.0,3.0,1.0
salary request,3.0,3.0,1.0
agreement salary,3.0,3.0,1.0
limitation cooperative,3.0,3.0,1.0
listener music,3.0,3.0,1.0
veteran appointment,3.0,3.0,1.0
upper outer,3.0,3.0,1.0
long management,3.0,3.0,1.0
feasible tumor,3.0,3.0,1.0
variant driver,3.0,3.0,1.0
vitamin skin,3.0,3.0,1.0
infection skin,3.0,3.0,1.0
cell round,3.0,3.0,1.0
scholar veteran,3.0,3.0,1.0
cell thin,3.0,3.0,1.0
groundwork cancer,3.0,3.0,1.0
tnm classification,3.0,3.0,1.0
industry working,3.0,3.0,1.0
idea conversation,3.0,3.0,1.0
cutaneous melanoma,3.0,3.0,1.0
natural color,3.0,3.0,1.0
melanin pigment,3.0,3.0,1.0
year advertising,3.0,3.0,1.0
assistant responsibility,3.0,3.0,1.0
administrator assistant,3.0,3.0,1.0
consultant administrator,3.0,3.0,1.0
cost consultant,3.0,3.0,1.0
defray cost,3.0,3.0,1.0
award applicable,3.0,3.0,1.0
scholar advisory,3.0,3.0,1.0
recruitment scholar,3.0,3.0,1.0
advertising recruitment,3.0,3.0,1.0
artificial sunlight,3.0,3.0,1.0
light eye,3.0,3.0,1.0
green light,3.0,3.0,1.0
freckle burn,3.0,3.0,1.0
skin freckle,3.0,3.0,1.0
complexion fair,3.0,3.0,1.0
border color,3.0,3.0,1.0
collaboration thing,3.0,3.0,1.0
mole lesion,3.0,3.0,1.0
paz are,3.0,3.0,1.0
person defray,3.0,3.0,1.0
fund rate,3.0,3.0,1.0
similar applicant,3.0,3.0,1.0
item similar,3.0,3.0,1.0
committee item,3.0,3.0,1.0
position key,3.0,3.0,1.0
advisory recruitment,3.0,3.0,1.0
immunotherapy immunoprevention,3.0,3.0,1.0
topic datum,3.0,3.0,1.0
scalpel entire,3.0,3.0,1.0
hereditary form,3.0,3.0,1.0
disease sporadic,3.0,3.0,1.0
development networking,3.0,3.0,1.0
mentor exchange,3.0,3.0,1.0
k12 scholar,3.0,3.0,1.0
salary limitation,3.0,3.0,1.0
od-24 salary,3.0,3.0,1.0
commitment od-24,3.0,3.0,1.0
cost commitment,3.0,3.0,1.0
k12 mechanism,3.0,3.0,1.0
criterion k12,3.0,3.0,1.0
start selection,3.0,3.0,1.0
institutional similar,3.0,3.0,1.0
salary institutional,3.0,3.0,1.0
development salary,3.0,3.0,1.0
responsibility institutional,3.0,3.0,1.0
development 30k,3.0,3.0,1.0
flow lymph,3.0,3.0,1.0
lymphatic drainage,3.0,3.0,1.0
rate range,3.0,3.0,1.0
time school,3.0,3.0,1.0
tract brain,3.0,3.0,1.0
working number,3.0,3.0,1.0
public submit,3.0,3.0,1.0
governing award,3.0,3.0,1.0
note opportunity,3.0,3.0,1.0
opportunity k12,3.0,3.0,1.0
application criterion,3.0,3.0,1.0
award jakowle,3.0,3.0,1.0
institutional human,3.0,3.0,1.0
special institutional,3.0,3.0,1.0
institutional application,3.0,3.0,1.0
award k12,3.0,3.0,1.0
organized award,3.0,3.0,1.0
conference organized,3.0,3.0,1.0
regular conference,3.0,3.0,1.0
conference regular,3.0,3.0,1.0
iiic stage,3.0,3.0,1.0
iia tumor,3.0,3.0,1.0
melanoma recurrent,3.0,3.0,1.0
diagnostic multiple,3.0,3.0,1.0
postdoctoral stage,3.0,3.0,1.0
sustain strong,3.0,3.0,1.0
panel deputy,3.0,3.0,1.0
deletion chromosomal,3.0,3.0,1.0
gene deregulated,3.0,3.0,1.0
overview etiology,3.0,3.0,1.0
introduction design,3.0,3.0,1.0
assessment palliative,3.0,3.0,1.0
node time,3.0,3.0,1.0
opportunity building,3.0,3.0,1.0
model organism,3.0,3.0,1.0
box irb,3.0,3.0,1.0
indefinite box,3.0,3.0,1.0
word indefinite,3.0,3.0,1.0
concern palliative,3.0,3.0,1.0
tumor hard,3.0,3.0,1.0
note determined,3.0,3.0,1.0
day note,3.0,3.0,1.0
applicant sf424,3.0,3.0,1.0
institution assignment,3.0,3.0,1.0
position discretion,3.0,3.0,1.0
pertaining human,3.0,3.0,1.0
k12 pertaining,3.0,3.0,1.0
table institutional,3.0,3.0,1.0
cohort series,3.0,3.0,1.0
cancer correlate,3.0,3.0,1.0
year lab,3.0,3.0,1.0
application data,3.0,3.0,1.0
table renewal,3.0,3.0,1.0
k12 overview,3.0,3.0,1.0
human overlap,3.0,3.0,1.0
face application,3.0,3.0,1.0
irb face,3.0,3.0,1.0
mtc year,3.0,3.0,1.0
analysis quality,3.0,3.0,1.0
sample measurement,3.0,3.0,1.0
relationship multiple,3.0,3.0,1.0
award uncertainty,3.0,3.0,1.0
assignment candidate,3.0,3.0,1.0
overarching goal,3.0,3.0,1.0
chart number,3.0,3.0,1.0
activity reduction,3.0,3.0,1.0
sequence molecular,3.0,3.0,1.0
datum sequence,3.0,3.0,1.0
consortium genome,3.0,3.0,1.0
feature melanoma,3.0,3.0,1.0
uncertainty word,3.0,3.0,1.0
datum speed,3.0,3.0,1.0
entire genome,3.0,3.0,1.0
mutation growth,3.0,3.0,1.0
prospective year,3.0,3.0,1.0
match large,3.0,3.0,1.0
reduction great,3.0,3.0,1.0
example sample,3.0,3.0,1.0
activity great,3.0,3.0,1.0
reduction activity,3.0,3.0,1.0
form lymphoblastic,3.0,3.0,1.0
book data,3.0,3.0,1.0
sensitive marker,3.0,3.0,1.0
retrospective nature,3.0,3.0,1.0
recall bias,3.0,3.0,1.0
match therapy,3.0,3.0,1.0
medicine exciting,3.0,3.0,1.0
sub study,3.0,3.0,1.0
clin zhang,3.0,3.0,1.0
regiman intensive,3.0,3.0,1.0
initiative moonshot,3.0,3.0,1.0
friend personal,3.0,3.0,1.0
dissection cancer,3.0,3.0,1.0
finding progress,3.0,3.0,1.0
growth colon,3.0,3.0,1.0
overall cure,3.0,3.0,1.0
challenge cell,3.0,3.0,1.0
model subtype,3.0,3.0,1.0
progress human,3.0,3.0,1.0
goal team,3.0,3.0,1.0
subtype human,3.0,3.0,1.0
separate gene,3.0,3.0,1.0
success child,3.0,3.0,1.0
pik3ca gene,3.0,3.0,1.0
match tumor,3.0,3.0,1.0
large definitive,3.0,3.0,1.0
tumor multidisciplinary,3.0,3.0,1.0
helpful thing,3.0,3.0,1.0
oncology swog,3.0,3.0,1.0
cancer nrg,3.0,3.0,1.0
infiltration cell,3.0,3.0,1.0
protein transcription,3.0,3.0,1.0
dysfunctional cell,3.0,3.0,1.0
prognosis model,3.0,3.0,1.0
genomic sequencing,3.0,3.0,1.0
project impact,3.0,3.0,1.0
major morbidity,3.0,3.0,1.0
placebo analysis,3.0,3.0,1.0
chemotherapy lab,3.0,3.0,1.0
new low,3.0,3.0,1.0
transplant human,3.0,3.0,1.0
week transplant,3.0,3.0,1.0
protein chromosome,3.0,3.0,1.0
cancer modern,3.0,3.0,1.0
cachexia cancer,3.0,3.0,1.0
receptor growth,3.0,3.0,1.0
response mechanism,3.0,3.0,1.0
genomics human,3.0,3.0,1.0
engineering student,3.0,3.0,1.0
colotech engineering,3.0,3.0,1.0
unique path,3.0,3.0,1.0
molecular aspect,3.0,3.0,1.0
sensitivity analysis,3.0,3.0,1.0
development knowledge,3.0,3.0,1.0
experiment model,3.0,3.0,1.0
randomized clin,3.0,3.0,1.0
therapy schedule,3.0,3.0,1.0
appetite nausea,3.0,3.0,1.0
tumor critical,3.0,3.0,1.0
high county,3.0,3.0,1.0
step old,3.0,3.0,1.0
infant cancer,3.0,3.0,1.0
model old,3.0,3.0,1.0
student colon,3.0,3.0,1.0
project city,3.0,3.0,1.0
machine position,3.0,3.0,1.0
time place,3.0,3.0,1.0
step datum,3.0,3.0,1.0
community engagement,3.0,3.0,1.0
collaborative nature,3.0,3.0,1.0
discover season,3.0,3.0,1.0
line radiation,3.0,3.0,1.0
mark line,3.0,3.0,1.0
mask ink,3.0,3.0,1.0
therapy design,3.0,3.0,1.0
mark mask,3.0,3.0,1.0
sorafenib nexavar,3.0,3.0,1.0
underserved underrepresented,3.0,3.0,1.0
small ink,3.0,3.0,1.0
mask head,3.0,3.0,1.0
mesh mask,3.0,3.0,1.0
radiation angle,3.0,3.0,1.0
machine radiation,3.0,3.0,1.0
machine high,3.0,3.0,1.0
screening multiple,3.0,3.0,1.0
conduct analysis,3.0,3.0,1.0
management capability,3.0,3.0,1.0
interval high,3.0,3.0,1.0
form chemotherapy,3.0,3.0,1.0
financial status,3.0,3.0,1.0
webinar monday,3.0,3.0,1.0
year broad,3.0,3.0,1.0
tool data,3.0,3.0,1.0
small sac,3.0,3.0,1.0
testing good,3.0,3.0,1.0
tumour small,3.0,3.0,1.0
exon internal,3.0,3.0,1.0
heterogeneity tumor,3.0,3.0,1.0
müller cabozantinib,3.0,3.0,1.0
schlumberger müller,3.0,3.0,1.0
elisei schlumberger,3.0,3.0,1.0
day woman,3.0,3.0,1.0
likely chemotherapy,3.0,3.0,1.0
cancer red,3.0,3.0,1.0
contrast cancer,3.0,3.0,1.0
child gene,3.0,3.0,1.0
damage peripheral,3.0,3.0,1.0
thyroid mass,3.0,3.0,1.0
transcript gene,3.0,3.0,1.0
therapy remission,3.0,3.0,1.0
therapy consolidation,3.0,3.0,1.0
stability cancer,3.0,3.0,1.0
chromosomal stability,3.0,3.0,1.0
chromatin remodeling,3.0,3.0,1.0
nib brief,3.0,3.0,1.0
initiative request,3.0,3.0,1.0
priority key,3.0,3.0,1.0
clinicopathologic immunohistochemical,3.0,3.0,1.0
mind cancer,3.0,3.0,1.0
metastatic xp11,3.0,3.0,1.0
agent metastatic,3.0,3.0,1.0
int surg,3.0,3.0,1.0
surgery neck,3.0,3.0,1.0
need example,3.0,3.0,1.0
similar presentation,3.0,3.0,1.0
hard diagnose,3.0,3.0,1.0
chemotherapy secondary,3.0,3.0,1.0
series senior,3.0,3.0,1.0
proposal cancer,3.0,3.0,1.0
fatigue loss,3.0,3.0,1.0
observational datum,3.0,3.0,1.0
diagnosis datum,3.0,3.0,1.0
development response,3.0,3.0,1.0
woman race,3.0,3.0,1.0
numbness weakness,3.0,3.0,1.0
little adult,3.0,3.0,1.0
big issue,3.0,3.0,1.0
remission partial,3.0,3.0,1.0
therapy anaplastic,3.0,3.0,1.0
evolution response,3.0,3.0,1.0
protein lipid,3.0,3.0,1.0
ballard translocation,3.0,3.0,1.0
laé ballard,3.0,3.0,1.0
impact flt3,3.0,3.0,1.0
overview priority,3.0,3.0,1.0
proposal overview,3.0,3.0,1.0
president proposal,3.0,3.0,1.0
leader annual,3.0,3.0,1.0
school cancer,3.0,3.0,1.0
trametinib anaplastic,3.0,3.0,1.0
inhibitor dabrafenib,3.0,3.0,1.0
tumor gland,3.0,3.0,1.0
day period,3.0,3.0,1.0
nutrient cancer,3.0,3.0,1.0
tobacco great,3.0,3.0,1.0
translocation renal,3.0,3.0,1.0
argani laé,3.0,3.0,1.0
status surg,3.0,3.0,1.0
toxicity kidney,3.0,3.0,1.0
double helix,3.0,3.0,1.0
request president,3.0,3.0,1.0
midostaurin chemotherapy,3.0,3.0,1.0
interact cancer,3.0,3.0,1.0
year comparison,3.0,3.0,1.0
variant molecular,3.0,3.0,1.0
imat reporting,3.0,3.0,1.0
cell int,3.0,3.0,1.0
novel biomarker,3.0,3.0,1.0
lesion analysis,3.0,3.0,1.0
phd dana,3.0,3.0,1.0
woman phd,3.0,3.0,1.0
physician practice,3.0,3.0,1.0
child medicine,3.0,3.0,1.0
benign lung,3.0,3.0,1.0
twitter old,3.0,3.0,1.0
addition difference,3.0,3.0,1.0
radiotherapy int,3.0,3.0,1.0
distress child,3.0,3.0,1.0
child reason,3.0,3.0,1.0
rate hodgkin,3.0,3.0,1.0
adult follicular,3.0,3.0,1.0
high alcohol,3.0,3.0,1.0
step lead,3.0,3.0,1.0
cup carcinoma,3.0,3.0,1.0
long journey,3.0,3.0,1.0
prospective chemotherapy,3.0,3.0,1.0
pattern breast,3.0,3.0,1.0
consumption cancer,3.0,3.0,1.0
old big,3.0,3.0,1.0
pet helpful,3.0,3.0,1.0
clinicaltrials.gov child,3.0,3.0,1.0
pazopanib votrient,3.0,3.0,1.0
relationship tumor,3.0,3.0,1.0
immune chemotherapy,3.0,3.0,1.0
cancer precise,3.0,3.0,1.0
present metastatic,3.0,3.0,1.0
high financial,3.0,3.0,1.0
direct benefit,3.0,3.0,1.0
long potential,3.0,3.0,1.0
classifier lung,3.0,3.0,1.0
bronchoscopy procedure,3.0,3.0,1.0
diagnostic rare,3.0,3.0,1.0
test flt3,3.0,3.0,1.0
cancer hint,3.0,3.0,1.0
finding med,3.0,3.0,1.0
characterization clin,3.0,3.0,1.0
intrahepatic cholangiocarcinoma,3.0,3.0,1.0
subset low,3.0,3.0,1.0
death attributable,3.0,3.0,1.0
regimen pediatric,3.0,3.0,1.0
quarter cancer,3.0,3.0,1.0
gene flt3,3.0,3.0,1.0
leukaemia cclg,3.0,3.0,1.0
methylation cancer,3.0,3.0,1.0
genet germline,3.0,3.0,1.0
identification mutation,3.0,3.0,1.0
landmark development,3.0,3.0,1.0
cancer lim,3.0,3.0,1.0
tumor paediatr,3.0,3.0,1.0
syndrome growth,3.0,3.0,1.0
prognostic biomarker,3.0,3.0,1.0
exposure oral,3.0,3.0,1.0
high female,3.0,3.0,1.0
importance discussion,3.0,3.0,1.0
recurrence diagnosis,3.0,3.0,1.0
cost limited,3.0,3.0,1.0
cancer attention,3.0,3.0,1.0
wide array,3.0,3.0,1.0
survivor well,3.0,3.0,1.0
point young,3.0,3.0,1.0
disease underwent,3.0,3.0,1.0
therapy round,3.0,3.0,1.0
large pembrolizumab,3.0,3.0,1.0
initial child,3.0,3.0,1.0
therapy course,3.0,3.0,1.0
cd19 antigen,3.0,3.0,1.0
ash annual,3.0,3.0,1.0
vaccine parent,3.0,3.0,1.0
year cervical,3.0,3.0,1.0
stomach appendix,3.0,3.0,1.0
diagnosis recurrent,3.0,3.0,1.0
transplantation additional,3.0,3.0,1.0
problem new,3.0,3.0,1.0
old overdiagnosis,3.0,3.0,1.0
tumorigenesis genet,3.0,3.0,1.0
skeletal dysplasia,3.0,3.0,1.0
remission time,3.0,3.0,1.0
chemotherapy eligible,3.0,3.0,1.0
membrane cell,3.0,3.0,1.0
lymphoma cytogenetic,3.0,3.0,1.0
support enrollment,3.0,3.0,1.0
concern human,3.0,3.0,1.0
heart abnormal,3.0,3.0,1.0
cancer anterior,3.0,3.0,1.0
relationship breast,3.0,3.0,1.0
therapy chemo,3.0,3.0,1.0
clin scott,3.0,3.0,1.0
heritable mutation,3.0,3.0,1.0
catenin protein,3.0,3.0,1.0
accumulation beta,3.0,3.0,1.0
oncogene development,3.0,3.0,1.0
lymph abnormal,3.0,3.0,1.0
tool public,3.0,3.0,1.0
melanoma abcde,3.0,3.0,1.0
tool melanoma,3.0,3.0,1.0
survivor limitation,3.0,3.0,1.0
child percent,3.0,3.0,1.0
molecule normal,3.0,3.0,1.0
short drug,3.0,3.0,1.0
therapy hazard,3.0,3.0,1.0
leg bowel,3.0,3.0,1.0
addition paclitaxel,3.0,3.0,1.0
chest high,3.0,3.0,1.0
investigator hospital,3.0,3.0,1.0
participant familial,3.0,3.0,1.0
analysis subsequent,3.0,3.0,1.0
design similar,3.0,3.0,1.0
target cd38,3.0,3.0,1.0
genet green,3.0,3.0,1.0
problem hodgkin,3.0,3.0,1.0
transplant disease,3.0,3.0,1.0
drug fat,3.0,3.0,1.0
community familiar,3.0,3.0,1.0
rule mole,3.0,3.0,1.0
mole time,3.0,3.0,1.0
series lesion,3.0,3.0,1.0
old ovarian,3.0,3.0,1.0
therapy gemcitabine,3.0,3.0,1.0
old participant,3.0,3.0,1.0
bortezomib carfilzomib,3.0,3.0,1.0
adult cutaneous,3.0,3.0,1.0
fun activity,3.0,3.0,1.0
talk feeling,3.0,3.0,1.0
right lung,3.0,3.0,1.0
lobe right,3.0,3.0,1.0
transplant eligible,3.0,3.0,1.0
cd38 protein,3.0,3.0,1.0
symposium additional,3.0,3.0,1.0
modest little,3.0,3.0,1.0
variable tumor,3.0,3.0,1.0
myc gene,3.0,3.0,1.0
abdominal organ,3.0,3.0,1.0
pain gastrointestinal,3.0,3.0,1.0
remission short,3.0,3.0,1.0
step able,3.0,3.0,1.0
tumor neoantigen,3.0,3.0,1.0
activity agent,3.0,3.0,1.0
myeloma previous,3.0,3.0,1.0
reduction interruption,3.0,3.0,1.0
small single,3.0,3.0,1.0
organ kidney,3.0,3.0,1.0
child mediastinal,3.0,3.0,1.0
treatment old,3.0,3.0,1.0
cell colon,3.0,3.0,1.0
colon ovarian,3.0,3.0,1.0
lymphoma white,3.0,3.0,1.0
infection epstein,3.0,3.0,1.0
lymphoma infection,3.0,3.0,1.0
cohort breast,3.0,3.0,1.0
clue dna,3.0,3.0,1.0
thin membrane,3.0,3.0,1.0
likely inhibitor,3.0,3.0,1.0
phenotype association,3.0,3.0,1.0
development outcome,3.0,3.0,1.0
decade datum,3.0,3.0,1.0
crizotinib ceritinib,3.0,3.0,1.0
cell connective,3.0,3.0,1.0
team series,3.0,3.0,1.0
cell impair,3.0,3.0,1.0
stomach thyroid,3.0,3.0,1.0
easy datum,3.0,3.0,1.0
medicine field,3.0,3.0,1.0
limitation participant,3.0,3.0,1.0
man difference,3.0,3.0,1.0
anemia neutropenia,3.0,3.0,1.0
number overall,3.0,3.0,1.0
factor demographic,3.0,3.0,1.0
cancer comorbiditie,3.0,3.0,1.0
fibroblast cell,3.0,3.0,1.0
well cell,3.0,3.0,1.0
future priority,3.0,3.0,1.0
challenge solution,3.0,3.0,1.0
response brain,3.0,3.0,1.0
analysis oncotarget,3.0,3.0,1.0
doxorubicin chemotherapy,3.0,3.0,1.0
preliminary fat,3.0,3.0,1.0
rate day,3.0,3.0,1.0
success strong,3.0,3.0,1.0
mechanism multiple,3.0,3.0,1.0
blood sputum,3.0,3.0,1.0
homeodomain mutation,3.0,3.0,1.0
old option,3.0,3.0,1.0
future well,3.0,3.0,1.0
cancer mother,3.0,3.0,1.0
daunorubicin doxorubicin,3.0,3.0,1.0
number man,3.0,3.0,1.0
conversation old,3.0,3.0,1.0
relapse stage,3.0,3.0,1.0
participant alive,3.0,3.0,1.0
test scan,3.0,3.0,1.0
datum foundation,3.0,3.0,1.0
price increase,3.0,3.0,1.0
datum collaboration,3.0,3.0,1.0
disease monitor,3.0,3.0,1.0
impact gene,3.0,3.0,1.0
tumor apparent,3.0,3.0,1.0
drosha homeodomain,3.0,3.0,1.0
dgcr8 drosha,3.0,3.0,1.0
difference ability,3.0,3.0,1.0
team number,3.0,3.0,1.0
previous difference,3.0,3.0,1.0
screening few,3.0,3.0,1.0
routine cervical,3.0,3.0,1.0
management woman,3.0,3.0,1.0
cancer folate,3.0,3.0,1.0
tuk sih,3.0,3.0,1.0
recurrent dgcr8,3.0,3.0,1.0
disease future,3.0,3.0,1.0
area tobacco,3.0,3.0,1.0
challenge public,3.0,3.0,1.0
tobacco challenge,3.0,3.0,1.0
method measure,3.0,3.0,1.0
support initial,3.0,3.0,1.0
surgery safe,3.0,3.0,1.0
landscape wilm,3.0,3.0,1.0
initiative landscape,3.0,3.0,1.0
cessation lung,3.0,3.0,1.0
series tobacco,3.0,3.0,1.0
monograph series,3.0,3.0,1.0
critical future,3.0,3.0,1.0
imts tracheobronchial,3.0,3.0,1.0
pulmonary imts,3.0,3.0,1.0
old initiative,3.0,3.0,1.0
diagnosis clear,3.0,3.0,1.0
analysis oncology,3.0,3.0,1.0
influence tumor,3.0,3.0,1.0
immunotherapy rare,3.0,3.0,1.0
concentration drug,3.0,3.0,1.0
drug unclear,3.0,3.0,1.0
strand dna,3.0,3.0,1.0
trachea large,3.0,3.0,1.0
procedure trachea,3.0,3.0,1.0
kidney small,3.0,3.0,1.0
area nasopharyngeal,3.0,3.0,1.0
anorexia weight,3.0,3.0,1.0
altered copy,3.0,3.0,1.0
frameshift variant,3.0,3.0,1.0
therapy meaningful,3.0,3.0,1.0
investigator professor,3.0,3.0,1.0
interest testing,3.0,3.0,1.0
future chemotherapy,3.0,3.0,1.0
leukemia option,3.0,3.0,1.0
area thin,3.0,3.0,1.0
bronchus lung,3.0,3.0,1.0
protein similar,3.0,3.0,1.0
model factor,3.0,3.0,1.0
woman european,3.0,3.0,1.0
tumorigenesis pathogenic,3.0,3.0,1.0
trouble eye,3.0,3.0,1.0
availability model,3.0,3.0,1.0
therapeutic regimen,3.0,3.0,1.0
clinicopathologic cancer,3.0,3.0,1.0
child sporadic,3.0,3.0,1.0
design target,3.0,3.0,1.0
large incision,3.0,3.0,1.0
collect area,3.0,3.0,1.0
birth age,3.0,3.0,1.0
female reproductive,3.0,3.0,1.0
pain abdominal,3.0,3.0,1.0
catalog model,3.0,3.0,1.0
disease imaging,3.0,3.0,1.0
regular high,3.0,3.0,1.0
tissue regular,3.0,3.0,1.0
microscopy test,3.0,3.0,1.0
model influence,3.0,3.0,1.0
gene decade,3.0,3.0,1.0
discovery region,3.0,3.0,1.0
complex nature,3.0,3.0,1.0
therapeutic biomarker,3.0,3.0,1.0
background model,3.0,3.0,1.0
red yellow,3.0,3.0,1.0
marrow red,3.0,3.0,1.0
vessel bone,3.0,3.0,1.0
chest age,3.0,3.0,1.0
immunotherapy atezolizumab,3.0,3.0,1.0
surgery chemoradiation,3.0,3.0,1.0
genomic variation,3.0,3.0,1.0
catalog datum,3.0,3.0,1.0
disease cost,3.0,3.0,1.0
person little,3.0,3.0,1.0
introduction overview,3.0,3.0,1.0
symposium recording,3.0,3.0,1.0
chemotherapy kind,3.0,3.0,1.0
high fruit,3.0,3.0,1.0
score example,3.0,3.0,1.0
challenge advance,3.0,3.0,1.0
sure participant,3.0,3.0,1.0
right rare,3.0,3.0,1.0
virus blood,3.0,3.0,1.0
lot right,3.0,3.0,1.0
pipeline cancer,3.0,3.0,1.0
colon body,3.0,3.0,1.0
large collaborative,3.0,3.0,1.0
scale datum,3.0,3.0,1.0
significant year,3.0,3.0,1.0
model setting,3.0,3.0,1.0
atlas initiative,3.0,3.0,1.0
epidemiologic factor,3.0,3.0,1.0
exome genome,3.0,3.0,1.0
male old,3.0,3.0,1.0
chance dna,3.0,3.0,1.0
radiation blood,3.0,3.0,1.0
testicle organ,3.0,3.0,1.0
spleen liver,3.0,3.0,1.0
cell age,3.0,3.0,1.0
efficacy effectiveness,3.0,3.0,1.0
weakness fatigue,3.0,3.0,1.0
community generation,3.0,3.0,1.0
registry diagnosis,3.0,3.0,1.0
tumour european,3.0,3.0,1.0
paediatric rare,3.0,3.0,1.0
project paediatric,3.0,3.0,1.0
goal hcmi,3.0,3.0,1.0
cancer thursday,3.0,3.0,1.0
year decrease,3.0,3.0,1.0
additional clue,3.0,3.0,1.0
variation dna,3.0,3.0,1.0
cancer layer,3.0,3.0,1.0
hubrecht organoid,3.0,3.0,1.0
neuroblastoma adrenal,3.0,3.0,1.0
pediatric sarcoma,3.0,3.0,1.0
welcome nciicc,3.0,3.0,1.0
regulation key,3.0,3.0,1.0
hcmi background,3.0,3.0,1.0
platelet number,3.0,3.0,1.0
cbc differential,3.0,3.0,1.0
lump neck,3.0,3.0,1.0
adolescent option,3.0,3.0,1.0
variation somatic,3.0,3.0,1.0
#NAME?,3.0,3.0,1.0
protocol tumor,3.0,3.0,1.0
characterization project,3.0,3.0,1.0
discovery validation,3.0,3.0,1.0
therapeutic pediatr,3.0,3.0,1.0
adolescent diagnostic,3.0,3.0,1.0
diagnosis bad,3.0,3.0,1.0
disease peripheral,3.0,3.0,1.0
characteristic single,3.0,3.0,1.0
tumor ph.d,3.0,3.0,1.0
multiple mutation,3.0,3.0,1.0
premature truncation,3.0,3.0,1.0
activation multiple,3.0,3.0,1.0
cell advanced,3.0,3.0,1.0
overall contrast,3.0,3.0,1.0
drug prior,3.0,3.0,1.0
tumor multi,3.0,3.0,1.0
prevention genetics,3.0,3.0,1.0
remarkable book,3.0,3.0,1.0
thing valuable,3.0,3.0,1.0
support translational,3.0,3.0,1.0
outcome cog,3.0,3.0,1.0
adult series,3.0,3.0,1.0
tumor correct,3.0,3.0,1.0
recurrence clinic,3.0,3.0,1.0
microscope abnormal,3.0,3.0,1.0
trachea windpipe,3.0,3.0,1.0
dna topoisomerase,3.0,3.0,1.0
//clinicaltrials.gov ct2,3.0,3.0,1.0
initial resection,3.0,3.0,1.0
advance world,3.0,3.0,1.0
tissue cytogenetic,3.0,3.0,1.0
pea sized,3.0,3.0,1.0
book sound,3.0,3.0,1.0
vision cancer,3.0,3.0,1.0
testing therapeutic,3.0,3.0,1.0
pilot feasibility,3.0,3.0,1.0
xenograft pdx,3.0,3.0,1.0
overexpression protein,3.0,3.0,1.0
opportunity year,3.0,3.0,1.0
absence datum,3.0,3.0,1.0
detection thyroid,3.0,3.0,1.0
test detection,3.0,3.0,1.0
abnormal chromosome,3.0,3.0,1.0
chromosome cytogenetic,3.0,3.0,1.0
encouragement support,3.0,3.0,1.0
cell sequencing,3.0,3.0,1.0
prevention north,3.0,3.0,1.0
tumor agnostic,3.0,3.0,1.0
prevention thyroid,3.0,3.0,1.0
decrease thyroid,3.0,3.0,1.0
lot false,3.0,3.0,1.0
bcr gene,3.0,3.0,1.0
abl1 gene,3.0,3.0,1.0
thing cell,3.0,3.0,1.0
year limited,3.0,3.0,1.0
rare incidence,3.0,3.0,1.0
yearly cancer,3.0,3.0,1.0
burden annual,3.0,3.0,1.0
oncology genome,3.0,3.0,1.0
multiple rare,3.0,3.0,1.0
match cancer,3.0,3.0,1.0
useful high,3.0,3.0,1.0
mutation detection,3.0,3.0,1.0
rare cell,3.0,3.0,1.0
age decrease,3.0,3.0,1.0
consistent association,3.0,3.0,1.0
speciman tumor,3.0,3.0,1.0
finding rare,3.0,3.0,1.0
analysis overall,3.0,3.0,1.0
kidney benign,3.0,3.0,1.0
difference melanoma,3.0,3.0,1.0
clinic old,3.0,3.0,1.0
today colleague,3.0,3.0,1.0
south asia,3.0,3.0,1.0
half high,3.0,3.0,1.0
academia lot,3.0,3.0,1.0
finding prevalence,3.0,3.0,1.0
wgs datum,3.0,3.0,1.0
harness immune,3.0,3.0,1.0
immature nerve,3.0,3.0,1.0
addition high,3.0,3.0,1.0
market drug,3.0,3.0,1.0
disease experience,3.0,3.0,1.0
developmental r21,3.0,3.0,1.0
r01 r21,3.0,3.0,1.0
lead additional,3.0,3.0,1.0
description cancer,3.0,3.0,1.0
imaging magnet,3.0,3.0,1.0
advance genetic,3.0,3.0,1.0
throughput method,3.0,3.0,1.0
future proof,3.0,3.0,1.0
lot skill,3.0,3.0,1.0
human year,3.0,3.0,1.0
set department,3.0,3.0,1.0
immunotherapy goal,3.0,3.0,1.0
satisfaction woman,3.0,3.0,1.0
probability cancer,3.0,3.0,1.0
listener interested,3.0,3.0,1.0
leukemia bone,3.0,3.0,1.0
few cell,3.0,3.0,1.0
disease true,3.0,3.0,1.0
age trend,3.0,3.0,1.0
competence critical,3.0,3.0,1.0
able challenge,3.0,3.0,1.0
field advance,3.0,3.0,1.0
myeloma bortezomib,3.0,3.0,1.0
suppressive microenvironment,3.0,3.0,1.0
tumor experienced,3.0,3.0,1.0
tumor figure,3.0,3.0,1.0
participant percent,3.0,3.0,1.0
helpful kind,3.0,3.0,1.0
team helpful,3.0,3.0,1.0
positive variant,3.0,3.0,1.0
day opportunity,3.0,3.0,1.0
environment little,3.0,3.0,1.0
lot investigator,3.0,3.0,1.0
bioinformatic analysis,3.0,3.0,1.0
cycle drug,3.0,3.0,1.0
cancer epidemiological,3.0,3.0,1.0
community aspect,3.0,3.0,1.0
thing junior,3.0,3.0,1.0
relative disease,3.0,3.0,1.0
day lab,3.0,3.0,1.0
wonder listener,3.0,3.0,1.0
interested opportunity,3.0,3.0,1.0
chance drug,3.0,3.0,1.0
drug mouth,3.0,3.0,1.0
cell central,3.0,3.0,1.0
active exam,3.0,3.0,1.0
bad active,3.0,3.0,1.0
steroid dexamethasone,3.0,3.0,1.0
gastrointestinal issue,3.0,3.0,1.0
test bad,3.0,3.0,1.0
active plan,3.0,3.0,1.0
addition initial,3.0,3.0,1.0
lab computer,3.0,3.0,1.0
era status,3.0,3.0,1.0
phone number,3.0,3.0,1.0
elevated breast,3.0,3.0,1.0
development addition,3.0,3.0,1.0
cell predominant,3.0,3.0,1.0
therapy spread,3.0,3.0,1.0
drug lymphoblastic,3.0,3.0,1.0
year insight,3.0,3.0,1.0
fellowship wonderful,3.0,3.0,1.0
place right,3.0,3.0,1.0
microbiome human,3.0,3.0,1.0
strategy outcome,3.0,3.0,1.0
cell unit,3.0,3.0,1.0
antibody monoclonal,3.0,3.0,1.0
old thing,3.0,3.0,1.0
little old,3.0,3.0,1.0
detail able,3.0,3.0,1.0
early genomic,3.0,3.0,1.0
able molecular,3.0,3.0,1.0
timing extent,3.0,3.0,1.0
severe infection,3.0,3.0,1.0
tissue human,3.0,3.0,1.0
cell spatial,3.0,3.0,1.0
imaging detection,3.0,3.0,1.0
gene entire,3.0,3.0,1.0
poor adherence,3.0,3.0,1.0
frameshift nonsense,3.0,3.0,1.0
recurrence metastatic,3.0,3.0,1.0
winslow advanced,3.0,3.0,1.0
chemotherapy terese,3.0,3.0,1.0
male aged,3.0,3.0,1.0
blood albumin,3.0,3.0,1.0
thyroid bone,3.0,3.0,1.0
agent management,3.0,3.0,1.0
tool colorectal,3.0,3.0,1.0
malignancy variant,3.0,3.0,1.0
visualize datum,3.0,3.0,1.0
divided stage,3.0,3.0,1.0
unfavorable prognostic,3.0,3.0,1.0
gene useful,3.0,3.0,1.0
bacteria colorectal,3.0,3.0,1.0
country colorectal,3.0,3.0,1.0
p53 pathway,3.0,3.0,1.0
expression p53,3.0,3.0,1.0
variant stage,3.0,3.0,1.0
blind efficacy,3.0,3.0,1.0
imatinib nilotinib,3.0,3.0,1.0
transplant low,3.0,3.0,1.0
interested adult,3.0,3.0,1.0
company interested,3.0,3.0,1.0
development agent,3.0,3.0,1.0
store future,3.0,3.0,1.0
protein histone,3.0,3.0,1.0
gene involved,3.0,3.0,1.0
datum survey,3.0,3.0,1.0
low annual,3.0,3.0,1.0
gene number,3.0,3.0,1.0
blue green,3.0,3.0,1.0
transcript variant,3.0,3.0,1.0
splicing variant,3.0,3.0,1.0
creative license,3.0,3.0,1.0
pet time,3.0,3.0,1.0
issue psychosocial,3.0,3.0,1.0
transplant symptom,3.0,3.0,1.0
disease med,3.0,3.0,1.0
rash symptom,3.0,3.0,1.0
folder nanci,3.0,3.0,1.0
adherence cancer,3.0,3.0,1.0
force year,3.0,3.0,1.0
chemotherapy naïve,3.0,3.0,1.0
datum percent,3.0,3.0,1.0
syndrome infant,3.0,3.0,1.0
modification enzyme,3.0,3.0,1.0
benefit agent,3.0,3.0,1.0
option chronic,3.0,3.0,1.0
scan tomography,3.0,3.0,1.0
hsct cellular,3.0,3.0,1.0
cancer nanci,3.0,3.0,1.0
strand mrna,3.0,3.0,1.0
modification ptms,3.0,3.0,1.0
protein synthesis,3.0,3.0,1.0
paper field,3.0,3.0,1.0
cptac cancer,3.0,3.0,1.0
low response,3.0,3.0,1.0
genome characteristic,3.0,3.0,1.0
rare autosomal,3.0,3.0,1.0
advantage cancer,3.0,3.0,1.0
syndrome poor,3.0,3.0,1.0
significant mortality,3.0,3.0,1.0
cancer allogeneic,3.0,3.0,1.0
year adulthood,3.0,3.0,1.0
mechanism disease,3.0,3.0,1.0
protein dynamic,3.0,3.0,1.0
music cancer,3.0,3.0,1.0
model conversation,3.0,3.0,1.0
old parp,3.0,3.0,1.0
issue high,3.0,3.0,1.0
mixed cellularity,3.0,3.0,1.0
cell ibrutinib,3.0,3.0,1.0
stop cell,3.0,3.0,1.0
cell stop,3.0,3.0,1.0
gvhd long,3.0,3.0,1.0
transplant gvhd,3.0,3.0,1.0
surface target,3.0,3.0,1.0
cell class,3.0,3.0,1.0
direct tumor,3.0,3.0,1.0
critical genomic,3.0,3.0,1.0
environment immune,3.0,3.0,1.0
learning datum,3.0,3.0,1.0
industry academia,3.0,3.0,1.0
improper activation,3.0,3.0,1.0
activity similar,3.0,3.0,1.0
screening esophageal,3.0,3.0,1.0
therapy reason,3.0,3.0,1.0
criterion select,3.0,3.0,1.0
great prognostic,3.0,3.0,1.0
gvhd stage,3.0,3.0,1.0
symptom model,3.0,3.0,1.0
challenge field,3.0,3.0,1.0
finding support,3.0,3.0,1.0
new heart,3.0,3.0,1.0
improvement sclc,3.0,3.0,1.0
lot industry,3.0,3.0,1.0
space year,3.0,3.0,1.0
response neoadjuvant,3.0,3.0,1.0
roswell park,3.0,3.0,1.0
carcinoma esophagus,3.0,3.0,1.0
numerous cancer,3.0,3.0,1.0
area collaboration,3.0,3.0,1.0
sclc long,3.0,3.0,1.0
assignment median,3.0,3.0,1.0
durvalumab addition,3.0,3.0,1.0
chemotherapy adverse,3.0,3.0,1.0
anemia infection,3.0,3.0,1.0
ulcer prior,3.0,3.0,1.0
etoposide carboplatin,3.0,3.0,1.0
durvalumab therapy,3.0,3.0,1.0
benefit brain,3.0,3.0,1.0
durvalumab alive,3.0,3.0,1.0
score great,3.0,3.0,1.0
physician chief,3.0,3.0,1.0
insight topic,3.0,3.0,1.0
cancer valuable,3.0,3.0,1.0
finding signal,3.0,3.0,1.0
gastric junction,3.0,3.0,1.0
durvalumab immune,3.0,3.0,1.0
manageable chronic,3.0,3.0,1.0
function metastasis,3.0,3.0,1.0
funded astrazeneca,3.0,3.0,1.0
inhibitor lung,3.0,3.0,1.0
large immunotherapy,3.0,3.0,1.0
radiation proton,3.0,3.0,1.0
concern number,3.0,3.0,1.0
datum location,3.0,3.0,1.0
institution datum,3.0,3.0,1.0
data multiple,3.0,3.0,1.0
early drug,3.0,3.0,1.0
long gvhd,3.0,3.0,1.0
regimen overall,3.0,3.0,1.0
initial extensive,3.0,3.0,1.0
long small,3.0,3.0,1.0
nature journal,3.0,3.0,1.0
driver kidney,3.0,3.0,1.0
aspect datum,3.0,3.0,1.0
datum pod,3.0,3.0,1.0
workshop team,3.0,3.0,1.0
plan episode,3.0,3.0,1.0
significant rate,3.0,3.0,1.0
investigator variety,3.0,3.0,1.0
need long,3.0,3.0,1.0
efficacy disease,3.0,3.0,1.0
drug marketing,3.0,3.0,1.0
hospital academic,3.0,3.0,1.0
diverse participant,3.0,3.0,1.0
datum reason,3.0,3.0,1.0
drug gvhd,3.0,3.0,1.0
screening imaging,3.0,3.0,1.0
ncorp community,3.0,3.0,1.0
ncorp frederick,3.0,3.0,1.0
cancer ctiu,3.0,3.0,1.0
lot field,3.0,3.0,1.0
making sure,3.0,3.0,1.0
presence malignancy,3.0,3.0,1.0
late stage,3.0,3.0,1.0
investigator multiple,3.0,3.0,1.0
file regulatory,3.0,3.0,1.0
launch phase,3.0,3.0,1.0
exciting old,3.0,3.0,1.0
insight multiple,3.0,3.0,1.0
feasibility analysis,3.0,3.0,1.0
marker multiple,3.0,3.0,1.0
mutation oncogene,3.0,3.0,1.0
unique diverse,3.0,3.0,1.0
year unique,3.0,3.0,1.0
year inhibitor,3.0,3.0,1.0
ono pharmaceutical,3.0,3.0,1.0
investigator country,3.0,3.0,1.0
vascular disease,3.0,3.0,1.0
nursing physician,3.0,3.0,1.0
cohort diverse,3.0,3.0,1.0
initiative spectrum,3.0,3.0,1.0
gammopathy undetermined,3.0,3.0,1.0
monoclonal gammopathy,3.0,3.0,1.0
precursor multiple,3.0,3.0,1.0
myeloma precursor,3.0,3.0,1.0
abnormality multiple,3.0,3.0,1.0
annual aacr,3.0,3.0,1.0
old positive,3.0,3.0,1.0
gvhd year,3.0,3.0,1.0
biopsy quality,3.0,3.0,1.0
privileged opportunity,3.0,3.0,1.0
opportunity thing,3.0,3.0,1.0
number unique,3.0,3.0,1.0
cancer attendee,3.0,3.0,1.0
sufficient dna,3.0,3.0,1.0
biopsy sufficient,3.0,3.0,1.0
crchd investigator,3.0,3.0,1.0
background experience,3.0,3.0,1.0
sample single,3.0,3.0,1.0
marker plasma,3.0,3.0,1.0
tool disease,3.0,3.0,1.0
painful bone,3.0,3.0,1.0
tumor story,3.0,3.0,1.0
interested team,3.0,3.0,1.0
lot happy,3.0,3.0,1.0
cancer grateful,3.0,3.0,1.0
sole focus,3.0,3.0,1.0
new accelerate,3.0,3.0,1.0
advancement eiap,3.0,3.0,1.0
invasive painful,3.0,3.0,1.0
broad tumor,3.0,3.0,1.0
thing well,3.0,3.0,1.0
presentation conversation,3.0,3.0,1.0
short presentation,3.0,3.0,1.0
biopsy analysis,3.0,3.0,1.0
topic interest,3.0,3.0,1.0
opportunity clear,3.0,3.0,1.0
melanoma liver,3.0,3.0,1.0
response challenge,3.0,3.0,1.0
staging procedure,3.0,3.0,1.0
hydrochloride multiple,3.0,3.0,1.0
investigator lab,3.0,3.0,1.0
opportunity investigator,3.0,3.0,1.0
line clear,3.0,3.0,1.0
point thing,3.0,3.0,1.0
biologist oncologist,3.0,3.0,1.0
cancer histologic,3.0,3.0,1.0
value importance,3.0,3.0,1.0
throughput single,3.0,3.0,1.0
fatal allergic,3.0,3.0,1.0
rare immunotherapy,3.0,3.0,1.0
team computer,3.0,3.0,1.0
oncology radiation,3.0,3.0,1.0
investigator data,3.0,3.0,1.0
plan good,3.0,3.0,1.0
drug inflammation,3.0,3.0,1.0
showing promise,3.0,3.0,1.0
feature hereditary,3.0,3.0,1.0
emotional challenge,3.0,3.0,1.0
opportunity university,3.0,3.0,1.0
relevant model,3.0,3.0,1.0
collaborative community,3.0,3.0,1.0
finding human,3.0,3.0,1.0
surgery relative,3.0,3.0,1.0
similar median,3.0,3.0,1.0
copy sickle,3.0,3.0,1.0
descent copy,3.0,3.0,1.0
adolescent african,3.0,3.0,1.0
thank addition,3.0,3.0,1.0
carcinoma young,3.0,3.0,1.0
time clinic,3.0,3.0,1.0
rathmell year,3.0,3.0,1.0
goal good,3.0,3.0,1.0
area pediatric,3.0,3.0,1.0
support space,3.0,3.0,1.0
nonprofit rmc,3.0,3.0,1.0
hemoglobin gene,3.0,3.0,1.0
diagnosis sure,3.0,3.0,1.0
paternal lineage,3.0,3.0,1.0
maternal paternal,3.0,3.0,1.0
syndrome gastrointestinal,3.0,3.0,1.0
able kind,3.0,3.0,1.0
fall crack,3.0,3.0,1.0
young cell,3.0,3.0,1.0
graduating college,3.0,3.0,1.0
little attention,3.0,3.0,1.0
organ toxicity,3.0,3.0,1.0
explore topic,3.0,3.0,1.0
computational data,3.0,3.0,1.0
fred hutchison,3.0,3.0,1.0
point brief,3.0,3.0,1.0
lot fantastic,3.0,3.0,1.0
kid dog,3.0,3.0,1.0
married kid,3.0,3.0,1.0
diagnosis right,3.0,3.0,1.0
generation physician,3.0,3.0,1.0
community healthy,3.0,3.0,1.0
person clear,3.0,3.0,1.0
journey person,3.0,3.0,1.0
glioblastoma brain,3.0,3.0,1.0
new small,3.0,3.0,1.0
applicable relevant,3.0,3.0,1.0
low potential,3.0,3.0,1.0
chemotherapy gastric,3.0,3.0,1.0
yervoy chemotherapy,3.0,3.0,1.0
sweet spot,3.0,3.0,1.0
encouraging cancer,3.0,3.0,1.0
r50 specialist,3.0,3.0,1.0
loss wilm,3.0,3.0,1.0
regiman year,3.0,3.0,1.0
bit deep,3.0,3.0,1.0
carcinoma few,3.0,3.0,1.0
challenge example,3.0,3.0,1.0
hepatoblastoma adrenal,3.0,3.0,1.0
bone disease,3.0,3.0,1.0
cell adhesion,3.0,3.0,1.0
mutation low,3.0,3.0,1.0
glioma year,3.0,3.0,1.0
potential model,3.0,3.0,1.0
nurse cancer,3.0,3.0,1.0
history practice,3.0,3.0,1.0
technique deep,3.0,3.0,1.0
gene candidate,3.0,3.0,1.0
region functional,3.0,3.0,1.0
disomy upd,3.0,3.0,1.0
personal factor,3.0,3.0,1.0
goal proportion,3.0,3.0,1.0
travel brain,3.0,3.0,1.0
fast track,3.0,3.0,1.0
cancer join,3.0,3.0,1.0
neuroblastoma hepatoblastoma,3.0,3.0,1.0
lung advanced,3.0,3.0,1.0
aml low,3.0,3.0,1.0
gene active,3.0,3.0,1.0
cancer facilitate,3.0,3.0,1.0
chemotherapy ability,3.0,3.0,1.0
chemotherapy period,3.0,3.0,1.0
bill interested,3.0,3.0,1.0
elijah cummings,3.0,3.0,1.0
datum death,3.0,3.0,1.0
cancer intact,3.0,3.0,1.0
choice old,3.0,3.0,1.0
regiman significant,3.0,3.0,1.0
majority aml,3.0,3.0,1.0
activity hearing,3.0,3.0,1.0
cancer legislative,3.0,3.0,1.0
surgery problem,3.0,3.0,1.0
thing tumor,3.0,3.0,1.0
scale analysis,3.0,3.0,1.0
metachronous bilateral,3.0,3.0,1.0
present bilateral,3.0,3.0,1.0
presentation prognosis,3.0,3.0,1.0
pain drug,3.0,3.0,1.0
legislative public,3.0,3.0,1.0
interest legislative,3.0,3.0,1.0
testimony interest,3.0,3.0,1.0
disability death,3.0,3.0,1.0
kind lot,3.0,3.0,1.0
decitabine dacogen,3.0,3.0,1.0
chromosome pathogenic,3.0,3.0,1.0
tumor locus,3.0,3.0,1.0
cluster region,3.0,3.0,1.0
child incidence,3.0,3.0,1.0
idh2 protein,3.0,3.0,1.0
environment cancer,3.0,3.0,1.0
infection bleeding,3.0,3.0,1.0
placebo drug,3.0,3.0,1.0
death measure,3.0,3.0,1.0
method year,3.0,3.0,1.0
number severity,3.0,3.0,1.0
secondary aml,3.0,3.0,1.0
gene old,3.0,3.0,1.0
cancer sure,3.0,3.0,1.0
glioma idh1,3.0,3.0,1.0
prognosis low,3.0,3.0,1.0
option example,3.0,3.0,1.0
area issue,3.0,3.0,1.0
oncology consortium,3.0,3.0,1.0
time trust,3.0,3.0,1.0
gene malignant,3.0,3.0,1.0
oncologist united,3.0,3.0,1.0
cancer familiar,3.0,3.0,1.0
journal immunotherapy,3.0,3.0,1.0
cancer huge,3.0,3.0,1.0
small benefit,3.0,3.0,1.0
previous estimate,3.0,3.0,1.0
involvement tumor,3.0,3.0,1.0
year docetaxel,3.0,3.0,1.0
characteristic medulloblastoma,3.0,3.0,1.0
syndrome excess,3.0,3.0,1.0
worker support,3.0,3.0,1.0
time feeling,3.0,3.0,1.0
support counseling,3.0,3.0,1.0
integration computational,3.0,3.0,1.0
year interest,3.0,3.0,1.0
score outcome,3.0,3.0,1.0
syndrome diffuse,3.0,3.0,1.0
participation safety,3.0,3.0,1.0
chemotherapy example,3.0,3.0,1.0
variant production,3.0,3.0,1.0
sex development,3.0,3.0,1.0
workshop discus,3.0,3.0,1.0
cancer flexible,3.0,3.0,1.0
advance goal,3.0,3.0,1.0
situ regional,3.0,3.0,1.0
springer carcinoma,3.0,3.0,1.0
course glad,3.0,3.0,1.0
turn course,3.0,3.0,1.0
imaging tumor,3.0,3.0,1.0
disease critical,3.0,3.0,1.0
status year,3.0,3.0,1.0
surgical world,3.0,3.0,1.0
activity management,3.0,3.0,1.0
profile characteristic,3.0,3.0,1.0
docetaxel metastatic,3.0,3.0,1.0
oncology genitourinary,3.0,3.0,1.0
tumor wagr,3.0,3.0,1.0
pdf booklet,3.0,3.0,1.0
receptor human,3.0,3.0,1.0
friend read,3.0,3.0,1.0
male fertility,3.0,3.0,1.0
cancer overwhelming,3.0,3.0,1.0
contralateral kidney,3.0,3.0,1.0
application genomic,3.0,3.0,1.0
medulloblastoma adult,3.0,3.0,1.0
new ovarian,3.0,3.0,1.0
drug pathway,3.0,3.0,1.0
drug strong,3.0,3.0,1.0
talk friend,3.0,3.0,1.0
management young,3.0,3.0,1.0
relapse complete,3.0,3.0,1.0
metastasis advanced,3.0,3.0,1.0
genitourinary anomaly,3.0,3.0,1.0
tumor intensity,3.0,3.0,1.0
plan molecular,3.0,3.0,1.0
intense therapy,3.0,3.0,1.0
diarrhea frequent,3.0,3.0,1.0
experience chemotherapy,3.0,3.0,1.0
datum preventive,3.0,3.0,1.0
castration sensitive,3.0,3.0,1.0
point week,3.0,3.0,1.0
surgery day,3.0,3.0,1.0
11p15 paternal,3.0,3.0,1.0
addendum counselor,3.0,3.0,1.0
bashford addendum,3.0,3.0,1.0
mechanism protein,3.0,3.0,1.0
cancer medulloblastoma,3.0,3.0,1.0
chairs trans,3.0,3.0,1.0
addition chairs,3.0,3.0,1.0
agent toxicity,3.0,3.0,1.0
negative mutation,3.0,3.0,1.0
imaging additional,3.0,3.0,1.0
delay syndrome,3.0,3.0,1.0
smoke lung,3.0,3.0,1.0
time debate,3.0,3.0,1.0
kid time,3.0,3.0,1.0
variant elevated,3.0,3.0,1.0
cssi tactic,3.0,3.0,1.0
committee cssi,3.0,3.0,1.0
trans advisory,3.0,3.0,1.0
local environment,3.0,3.0,1.0
hospital strategy,3.0,3.0,1.0
wagr spectrum,3.0,3.0,1.0
importance datum,3.0,3.0,1.0
analysis informatic,3.0,3.0,1.0
blood participant,3.0,3.0,1.0
omic analysis,3.0,3.0,1.0
molecular gene,3.0,3.0,1.0
number candidate,3.0,3.0,1.0
insufficient support,3.0,3.0,1.0
company cigarette,3.0,3.0,1.0
college semester,3.0,3.0,1.0
subtype wnt,3.0,3.0,1.0
agent expression,3.0,3.0,1.0
reason chemotherapy,3.0,3.0,1.0
good estimate,3.0,3.0,1.0
cancer identifie,3.0,3.0,1.0
variety cell,3.0,3.0,1.0
lesion normal,3.0,3.0,1.0
medulloblastoma jude,3.0,3.0,1.0
status woman,3.0,3.0,1.0
option neuroendocrine,3.0,3.0,1.0
rare little,3.0,3.0,1.0
keen interest,3.0,3.0,1.0
weight diet,3.0,3.0,1.0
molecular generation,3.0,3.0,1.0
adult surgery,3.0,3.0,1.0
correlation rate,3.0,3.0,1.0
genomic epigenetic,3.0,3.0,1.0
men1 gene,3.0,3.0,1.0
cell overall,3.0,3.0,1.0
negative remission,3.0,3.0,1.0
strategy practice,3.0,3.0,1.0
pathogenic alteration,3.0,3.0,1.0
body hormone,3.0,3.0,1.0
epidemiological trend,3.0,3.0,1.0
form net,3.0,3.0,1.0
course time,3.0,3.0,1.0
institution nonprofit,3.0,3.0,1.0
gene single,3.0,3.0,1.0
regimen low,3.0,3.0,1.0
mutation solitary,3.0,3.0,1.0
community vice,3.0,3.0,1.0
initiative advisory,3.0,3.0,1.0
htan collaborative,3.0,3.0,1.0
web customer,3.0,3.0,1.0
institution commercial,3.0,3.0,1.0
cholesterol drug,3.0,3.0,1.0
world gastroenterology,3.0,3.0,1.0
burden time,3.0,3.0,1.0
optimism cancer,3.0,3.0,1.0
finding high,3.0,3.0,1.0
number investigator,3.0,3.0,1.0
significant small,3.0,3.0,1.0
collaborative disease,3.0,3.0,1.0
time meta,3.0,3.0,1.0
reduction significant,3.0,3.0,1.0
production pml,3.0,3.0,1.0
evolution metastatic,3.0,3.0,1.0
menopause hot,3.0,3.0,1.0
metastasis example,3.0,3.0,1.0
ovary cancer,3.0,3.0,1.0
method datum,3.0,3.0,1.0
carcinoma previous,3.0,3.0,1.0
hour period,3.0,3.0,1.0
communicable disease,3.0,3.0,1.0
cancer shield,3.0,3.0,1.0
diet example,3.0,3.0,1.0
small similar,3.0,3.0,1.0
portal late,3.0,3.0,1.0
data portal,3.0,3.0,1.0
cancer sep,3.0,3.0,1.0
potential future,3.0,3.0,1.0
adrenal involvement,3.0,3.0,1.0
atlas human,3.0,3.0,1.0
molecule clue,3.0,3.0,1.0
keto molecule,3.0,3.0,1.0
drug clinic,3.0,3.0,1.0
variant benign,3.0,3.0,1.0
increase blood,3.0,3.0,1.0
cancer spatial,3.0,3.0,1.0
loss half,3.0,3.0,1.0
series unilateral,3.0,3.0,1.0
unilateral disease,3.0,3.0,1.0
cell fat,3.0,3.0,1.0
conventional method,3.0,3.0,1.0
explore tumor,3.0,3.0,1.0
woman premenopausal,3.0,3.0,1.0
raloxifene tamoxifen,3.0,3.0,1.0
rate bone,3.0,3.0,1.0
need strategy,3.0,3.0,1.0
difference prevalence,3.0,3.0,1.0
remove breast,3.0,3.0,1.0
great sensitivity,3.0,3.0,1.0
carcinoma bad,3.0,3.0,1.0
age immune,3.0,3.0,1.0
underserved cancer,3.0,3.0,1.0
problem task,3.0,3.0,1.0
time classification,3.0,3.0,1.0
biochemical pathway,3.0,3.0,1.0
multi dimensional,3.0,3.0,1.0
woman pregnant,3.0,3.0,1.0
cycle breast,3.0,3.0,1.0
explore cancer,3.0,3.0,1.0
cessation cost,3.0,3.0,1.0
planning support,3.0,3.0,1.0
test vaccine,3.0,3.0,1.0
sequential analysis,3.0,3.0,1.0
loss development,3.0,3.0,1.0
participant adt,3.0,3.0,1.0
complete loss,3.0,3.0,1.0
gene pten,3.0,3.0,1.0
refractory alk,3.0,3.0,1.0
dna mechanism,3.0,3.0,1.0
support method,3.0,3.0,1.0
cessation support,3.0,3.0,1.0
poverty area,3.0,3.0,1.0
therapy close,3.0,3.0,1.0
dietary habit,3.0,3.0,1.0
decrease incidence,3.0,3.0,1.0
cancer geographic,3.0,3.0,1.0
immune modulator,3.0,3.0,1.0
polycythemia vera,3.0,3.0,1.0
analysis trend,3.0,3.0,1.0
dynamic evolution,3.0,3.0,1.0
genomic alk,3.0,3.0,1.0
clinic support,3.0,3.0,1.0
density breast,3.0,3.0,1.0
united young,3.0,3.0,1.0
metastatic high,3.0,3.0,1.0
cancer descriptive,3.0,3.0,1.0
frequent ras,3.0,3.0,1.0
lesson cancer,3.0,3.0,1.0
opportunity engage,3.0,3.0,1.0
breast dense,3.0,3.0,1.0
neuroblastoma frequent,3.0,3.0,1.0
difference genomic,3.0,3.0,1.0
cohort young,3.0,3.0,1.0
therapy double,3.0,3.0,1.0
analysis addition,3.0,3.0,1.0
kidney damage,3.0,3.0,1.0
cell tool,3.0,3.0,1.0
syndrome option,3.0,3.0,1.0
immediate implication,3.0,3.0,1.0
time pain,3.0,3.0,1.0
placebo abiraterone,3.0,3.0,1.0
diagnosis mutation,3.0,3.0,1.0
survey respondent,3.0,3.0,1.0
reliable assessment,3.0,3.0,1.0
preference goal,3.0,3.0,1.0
fresh look,3.0,3.0,1.0
atlas project,3.0,3.0,1.0
example prevention,3.0,3.0,1.0
diagnostic special,3.0,3.0,1.0
medicine precancerous,3.0,3.0,1.0
lifestyle habit,3.0,3.0,1.0
growth prostate,3.0,3.0,1.0
neuroblastoma clin,3.0,3.0,1.0
frequency deletion,3.0,3.0,1.0
experience participant,3.0,3.0,1.0
cancer lifestyle,3.0,3.0,1.0
diarrhea abdominal,3.0,3.0,1.0
precancer invasive,3.0,3.0,1.0
fatal form,3.0,3.0,1.0
opdivo immunotherapy,3.0,3.0,1.0
nivolumab esophageal,3.0,3.0,1.0
collaboration pharmaceutical,3.0,3.0,1.0
effect fatigue,3.0,3.0,1.0
symptom positive,3.0,3.0,1.0
nirogacestat hope,3.0,3.0,1.0
atezolizumab rare,3.0,3.0,1.0
effectiveness atezolizumab,3.0,3.0,1.0
drug exposure,3.0,3.0,1.0
team preclinical,3.0,3.0,1.0
senior cancer,3.0,3.0,1.0
point datum,3.0,3.0,1.0
improvement opportunity,3.0,3.0,1.0
xiao nan,3.0,3.0,1.0
favorable year,3.0,3.0,1.0
pattern predictor,3.0,3.0,1.0
instability phenotype,3.0,3.0,1.0
economic factor,3.0,3.0,1.0
prevention private,3.0,3.0,1.0
overview palliative,3.0,3.0,1.0
inhibitor low,3.0,3.0,1.0
limited activity,3.0,3.0,1.0
model finding,3.0,3.0,1.0
compartment cell,3.0,3.0,1.0
mitochondrion compartment,3.0,3.0,1.0
novel feature,3.0,3.0,1.0
oncology compr,3.0,3.0,1.0
progress budget,3.0,3.0,1.0
drug duodenal,3.0,3.0,1.0
symptom outcome,3.0,3.0,1.0
angle cancer,3.0,3.0,1.0
able field,3.0,3.0,1.0
budget cancer,3.0,3.0,1.0
line tumor,3.0,3.0,1.0
model test,3.0,3.0,1.0
well animal,3.0,3.0,1.0
ctdna sample,3.0,3.0,1.0
classification task,3.0,3.0,1.0
myc expression,3.0,3.0,1.0
activity single,3.0,3.0,1.0
testing pptp,3.0,3.0,1.0
datum animal,3.0,3.0,1.0
cancer reliable,3.0,3.0,1.0
prostate high,3.0,3.0,1.0
progress insight,3.0,3.0,1.0
community diverse,3.0,3.0,1.0
sustained investment,3.0,3.0,1.0
sustained commitment,3.0,3.0,1.0
year sustained,3.0,3.0,1.0
dominant disorder,3.0,3.0,1.0
response support,3.0,3.0,1.0
discus area,3.0,3.0,1.0
leader discus,3.0,3.0,1.0
year translational,3.0,3.0,1.0
therapy attack,3.0,3.0,1.0
priority initiative,3.0,3.0,1.0
overall target,3.0,3.0,1.0
person makeup,3.0,3.0,1.0
prevention addition,3.0,3.0,1.0
imaging brain,3.0,3.0,1.0
naaccr cancer,3.0,3.0,1.0
adult overall,3.0,3.0,1.0
defense old,3.0,3.0,1.0
good defense,3.0,3.0,1.0
fibrous histiocytoma,3.0,3.0,1.0
community engage,3.0,3.0,1.0
sequencing alteration,3.0,3.0,1.0
sample neuroblastoma,3.0,3.0,1.0
retrospective variant,3.0,3.0,1.0
m.d cancer,3.0,3.0,1.0
sharpless m.d,3.0,3.0,1.0
year symptomatic,3.0,3.0,1.0
weight physical,3.0,3.0,1.0
year knowledge,3.0,3.0,1.0
native hispanic,3.0,3.0,1.0
islander api,3.0,3.0,1.0
woman addition,3.0,3.0,1.0
finding incidence,3.0,3.0,1.0
chordoma rare,3.0,3.0,1.0
great woman,3.0,3.0,1.0
gene ras,3.0,3.0,1.0
bronchus breast,3.0,3.0,1.0
mortality datum,3.0,3.0,1.0
datum cdc,3.0,3.0,1.0
detection overall,3.0,3.0,1.0
tumor adverse,3.0,3.0,1.0
placebo tumor,3.0,3.0,1.0
chondrosarcoma periosteal,3.0,3.0,1.0
therapy ability,3.0,3.0,1.0
genomic tissue,3.0,3.0,1.0
importance genomic,3.0,3.0,1.0
aggressive skin,3.0,3.0,1.0
ethnic man,3.0,3.0,1.0
join form,3.0,3.0,1.0
eligible join,3.0,3.0,1.0
provider test,3.0,3.0,1.0
variant diagnosis,3.0,3.0,1.0
variant limited,3.0,3.0,1.0
adamantinoma chordoma,3.0,3.0,1.0
close relative,3.0,3.0,1.0
late achievement,3.0,3.0,1.0
female old,3.0,3.0,1.0
issue feature,3.0,3.0,1.0
ceritinib alk,3.0,3.0,1.0
pembrolizumab therapy,3.0,3.0,1.0
compare pembrolizumab,3.0,3.0,1.0
familial disease,3.0,3.0,1.0
men2a familial,3.0,3.0,1.0
medicine therapy,3.0,3.0,1.0
status diagnostic,3.0,3.0,1.0
variant oncogenic,3.0,3.0,1.0
small few,3.0,3.0,1.0
disease criterion,3.0,3.0,1.0
potential morbidity,3.0,3.0,1.0
melanoma participant,3.0,3.0,1.0
old impact,3.0,3.0,1.0
therapy related,3.0,3.0,1.0
tool time,3.0,3.0,1.0
disease world,3.0,3.0,1.0
multiple disease,3.0,3.0,1.0
variant factor,3.0,3.0,1.0
responder tumor,3.0,3.0,1.0
datum exome,3.0,3.0,1.0
belief finding,3.0,3.0,1.0
malignancy radiation,3.0,3.0,1.0
germline gene,3.0,3.0,1.0
immunotherapy adjuvant,3.0,3.0,1.0
protein small,3.0,3.0,1.0
structural mutation,3.0,3.0,1.0
structure structural,3.0,3.0,1.0
exome wes,3.0,3.0,1.0
cell refractory,3.0,3.0,1.0
stimulation test,3.0,3.0,1.0
pentagastrin stimulation,3.0,3.0,1.0
working good,3.0,3.0,1.0
cancer type,3.0,3.0,1.0
regimen paclitaxel,3.0,3.0,1.0
related imat,3.0,3.0,1.0
sequence genome,3.0,3.0,1.0
therapy intensive,3.0,3.0,1.0
variant pheochromocytoma,3.0,3.0,1.0
alteration short,3.0,3.0,1.0
dna code,3.0,3.0,1.0
repair cell,3.0,3.0,1.0
feature dna,3.0,3.0,1.0
long metastatic,3.0,3.0,1.0
comparison genomic,3.0,3.0,1.0
normal cellular,3.0,3.0,1.0
sample tcga,3.0,3.0,1.0
high microsatellite,3.0,3.0,1.0
large adult,3.0,3.0,1.0
year moderate,3.0,3.0,1.0
keytruda adult,3.0,3.0,1.0
interact drug,3.0,3.0,1.0
mutation impact,3.0,3.0,1.0
conjunction annual,3.0,3.0,1.0
addition rate,3.0,3.0,1.0
significance cancer,3.0,3.0,1.0
reproductive tissue,3.0,3.0,1.0
comparable rate,3.0,3.0,1.0
reduction phase,3.0,3.0,1.0
adult phase,3.0,3.0,1.0
avelumab bavencio,3.0,3.0,1.0
age adolescent,3.0,3.0,1.0
year proportion,3.0,3.0,1.0
old forecast,3.0,3.0,1.0
core cancer,3.0,3.0,1.0
r21 optional,3.0,3.0,1.0
delay surgery,3.0,3.0,1.0
brain nausea,3.0,3.0,1.0
receptor abundant,3.0,3.0,1.0
pra seminar,3.0,3.0,1.0
chemotherapy problem,3.0,3.0,1.0
tumor microscope,3.0,3.0,1.0
leg trouble,3.0,3.0,1.0
pain leg,3.0,3.0,1.0
body probe,3.0,3.0,1.0
target receptor,3.0,3.0,1.0
ama pra,3.0,3.0,1.0
activity ama,3.0,3.0,1.0
calendar activity,3.0,3.0,1.0
outlook calendar,3.0,3.0,1.0
virtual outlook,3.0,3.0,1.0
variant man,3.0,3.0,1.0
dose child,3.0,3.0,1.0
bacteria response,3.0,3.0,1.0
real advance,3.0,3.0,1.0
model immunotherapy,3.0,3.0,1.0
immunotherapy area,3.0,3.0,1.0
clear immune,3.0,3.0,1.0
grantee mentor,3.0,3.0,1.0
proximal distal,3.0,3.0,1.0
expression chromosomal,3.0,3.0,1.0
telomerase high,3.0,3.0,1.0
mechanism telomere,3.0,3.0,1.0
cancer build,3.0,3.0,1.0
collaboration discipline,3.0,3.0,1.0
cohort endocrine,3.0,3.0,1.0
metastasis time,3.0,3.0,1.0
expertise area,3.0,3.0,1.0
little activity,3.0,3.0,1.0
cancer improved,3.0,3.0,1.0
long high,3.0,3.0,1.0
medal innovation,3.0,3.0,1.0
fistula formation,3.0,3.0,1.0
university minnesota,3.0,3.0,1.0
kind immunotherapy,3.0,3.0,1.0
goal project,3.0,3.0,1.0
favorable feature,3.0,3.0,1.0
day dose,3.0,3.0,1.0
randomized prospective,3.0,3.0,1.0
molecule epidermal,3.0,3.0,1.0
vicleucel abecma,3.0,3.0,1.0
high multiple,3.0,3.0,1.0
protein brachyury,3.0,3.0,1.0
practice reason,3.0,3.0,1.0
fatigue infection,3.0,3.0,1.0
thing bad,3.0,3.0,1.0
immunotherapy long,3.0,3.0,1.0
self assemble,3.0,3.0,1.0
single protein,3.0,3.0,1.0
present large,3.0,3.0,1.0
therapy history,3.0,3.0,1.0
cancer merkel,3.0,3.0,1.0
disease stable,3.0,3.0,1.0
tumor estrogen,3.0,3.0,1.0
regimen rate,3.0,3.0,1.0
distant failure,3.0,3.0,1.0
high stomach,3.0,3.0,1.0
experience hospital,3.0,3.0,1.0
appropriate dose,3.0,3.0,1.0
importance appropriate,3.0,3.0,1.0
strong genotype,3.0,3.0,1.0
lump symptom,3.0,3.0,1.0
symptom cell,3.0,3.0,1.0
pathologist classification,3.0,3.0,1.0
low- high,3.0,3.0,1.0
classification pathologist,3.0,3.0,1.0
gene ovarian,3.0,3.0,1.0
country significant,3.0,3.0,1.0
pancreaticoduodenectomy whipple,3.0,3.0,1.0
appropriate surgical,3.0,3.0,1.0
reaction high,3.0,3.0,1.0
outcome collaboration,3.0,3.0,1.0
loss poor,3.0,3.0,1.0
cancer asymptomatic,3.0,3.0,1.0
dci noninvasive,3.0,3.0,1.0
analyze tumor,3.0,3.0,1.0
relaxation cognitive,3.0,3.0,1.0
project early,3.0,3.0,1.0
field high,3.0,3.0,1.0
heart protein,3.0,3.0,1.0
analysis intermediate,3.0,3.0,1.0
development vaccine,3.0,3.0,1.0
hpv development,3.0,3.0,1.0
analysis subgroup,3.0,3.0,1.0
consecutive cog,3.0,3.0,1.0
rate multivariable,3.0,3.0,1.0
team drs,3.0,3.0,1.0
lesion invasive,3.0,3.0,1.0
tissue time,3.0,3.0,1.0
triplet multiple,3.0,3.0,1.0
focus strategy,3.0,3.0,1.0
pain swelling,3.0,3.0,1.0
healthy person,3.0,3.0,1.0
analysis aged,3.0,3.0,1.0
tumor data,3.0,3.0,1.0
ability bind,3.0,3.0,1.0
protein brake,3.0,3.0,1.0
public need,3.0,3.0,1.0
critical importance,3.0,3.0,1.0
outcome irrespective,3.0,3.0,1.0
single double,3.0,3.0,1.0
old unresectable,3.0,3.0,1.0
chemotherapy carboplatin,3.0,3.0,1.0
abdel azim,3.0,3.0,1.0
target immunotherapy,3.0,3.0,1.0
screen stage,3.0,3.0,1.0
university maryland,3.0,3.0,1.0
medicine rare,3.0,3.0,1.0
outcome presence,3.0,3.0,1.0
relapse poor,3.0,3.0,1.0
award critical,3.0,3.0,1.0
cancer relaxation,3.0,3.0,1.0
subtype characteristic,3.0,3.0,1.0
award significant,3.0,3.0,1.0
tumor tetraploid,3.0,3.0,1.0
surgery molecular,3.0,3.0,1.0
test small,3.0,3.0,1.0
biopsy molecular,3.0,3.0,1.0
able small,3.0,3.0,1.0
advance melanoma,3.0,3.0,1.0
drug thyroid,3.0,3.0,1.0
series incidence,3.0,3.0,1.0
atezolizumab immune,3.0,3.0,1.0
particular therapy,3.0,3.0,1.0
flow cytometric,3.0,3.0,1.0
model analysis,3.0,3.0,1.0
finding large,3.0,3.0,1.0
careful observation,3.0,3.0,1.0
dna cervical,3.0,3.0,1.0
death well,3.0,3.0,1.0
neuroblastoma molecular,3.0,3.0,1.0
young tumor,3.0,3.0,1.0
manufacturer novartis,3.0,3.0,1.0
datum present,3.0,3.0,1.0
diagnosis thyroid,3.0,3.0,1.0
cancer king,3.0,3.0,1.0
likely response,3.0,3.0,1.0
braf melanoma,3.0,3.0,1.0
severe therapy,3.0,3.0,1.0
gland hormone,3.0,3.0,1.0
adult drug,3.0,3.0,1.0
depression addition,3.0,3.0,1.0
diagnosis period,3.0,3.0,1.0
gland thyroidectomy,3.0,3.0,1.0
analysis previous,3.0,3.0,1.0
pathway inhibition,3.0,3.0,1.0
few drug,3.0,3.0,1.0
cancer couple,3.0,3.0,1.0
relationship strong,3.0,3.0,1.0
severe withdrawal,3.0,3.0,1.0
benefit thyroid,3.0,3.0,1.0
problem nausea,3.0,3.0,1.0
positive stage,3.0,3.0,1.0
prognosis breast,3.0,3.0,1.0
woman problem,3.0,3.0,1.0
large difference,3.0,3.0,1.0
cycle arrest,3.0,3.0,1.0
genome protein,3.0,3.0,1.0
initiative investigator,3.0,3.0,1.0
age analysis,3.0,3.0,1.0
braf advanced,3.0,3.0,1.0
melanoma engl,3.0,3.0,1.0
kind immune,3.0,3.0,1.0
melanoma decade,3.0,3.0,1.0
age immunotherapy,3.0,3.0,1.0
responder molecular,3.0,3.0,1.0
mutation example,3.0,3.0,1.0
gene defective,3.0,3.0,1.0
gene advanced,3.0,3.0,1.0
man small,3.0,3.0,1.0
jama internal,3.0,3.0,1.0
hard black,3.0,3.0,1.0
pertuzumab perjeta,3.0,3.0,1.0
instability mutation,3.0,3.0,1.0
median cancer,3.0,3.0,1.0
immunity immune,3.0,3.0,1.0
difference able,3.0,3.0,1.0
analysis pulmonary,3.0,3.0,1.0
green cell,3.0,3.0,1.0
initiative number,3.0,3.0,1.0
datum request,3.0,3.0,1.0
able datum,3.0,3.0,1.0
mutation development,3.0,3.0,1.0
drug alive,3.0,3.0,1.0
immunology immunotherapy,3.0,3.0,1.0
benefit immune,3.0,3.0,1.0
yervoy immune,3.0,3.0,1.0
disease men2a,3.0,3.0,1.0
trametinib cobimetinib,3.0,3.0,1.0
vemurafenib zelboraf,3.0,3.0,1.0
afatinib gilotrif,3.0,3.0,1.0
tarceva afatinib,3.0,3.0,1.0
egfr erlotinib,3.0,3.0,1.0
datum major,3.0,3.0,1.0
tool high,3.0,3.0,1.0
alteration time,3.0,3.0,1.0
syndrome men2b,3.0,3.0,1.0
bladder carcinoma,3.0,3.0,1.0
chemotherapy cyclophosphamide,3.0,3.0,1.0
mutation significant,3.0,3.0,1.0
drug variety,3.0,3.0,1.0
good support,3.0,3.0,1.0
stress good,3.0,3.0,1.0
georgetown lombardi,3.0,3.0,1.0
tumor basket,3.0,3.0,1.0
selective kinase,3.0,3.0,1.0
incidence bilateral,3.0,3.0,1.0
commercial test,3.0,3.0,1.0
major advantage,3.0,3.0,1.0
phase adult,3.0,3.0,1.0
therapeutic stage,3.0,3.0,1.0
effectiveness surgery,3.0,3.0,1.0
public idea,3.0,3.0,1.0
vision goal,3.0,3.0,1.0
leader advocate,3.0,3.0,1.0
good advanced,3.0,3.0,1.0
cell sensitivity,3.0,3.0,1.0
period incidence,3.0,3.0,1.0
quality reliability,3.0,3.0,1.0
separate test,3.0,3.0,1.0
difficult tissue,3.0,3.0,1.0
sample difficult,3.0,3.0,1.0
lot single,3.0,3.0,1.0
target relevant,3.0,3.0,1.0
inhibitor tki,3.0,3.0,1.0
pembrolizumab similar,3.0,3.0,1.0
rate kidney,3.0,3.0,1.0
rate biochemical,3.0,3.0,1.0
generation test,3.0,3.0,1.0
pursue test,3.0,3.0,1.0
cancer univ,3.0,3.0,1.0
keytruda cancer,3.0,3.0,1.0
breast chemotherapy,3.0,3.0,1.0
culture advocate,3.0,3.0,1.0
sodium hepatic,3.0,3.0,1.0
cancer defibrotide,3.0,3.0,1.0
tip child,3.0,3.0,1.0
feature young,3.0,3.0,1.0
additional partial,3.0,3.0,1.0
time subsequent,3.0,3.0,1.0
phase cabozantinib,3.0,3.0,1.0
malignancy chemotherapy,3.0,3.0,1.0
association lifestyle,3.0,3.0,1.0
cancer aortic,3.0,3.0,1.0
major initiative,3.0,3.0,1.0
response grade,3.0,3.0,1.0
toll number,3.0,3.0,1.0
cancer ncab,3.0,3.0,1.0
cancer steady,3.0,3.0,1.0
imagery exercise,3.0,3.0,1.0
venclexta chronic,3.0,3.0,1.0
problem stem,3.0,3.0,1.0
range variant,3.0,3.0,1.0
english monday,3.0,3.0,1.0
strategy screening,3.0,3.0,1.0
advocate oar,3.0,3.0,1.0
tumor cytotoxic,3.0,3.0,1.0
age datum,3.0,3.0,1.0
series efficacy,3.0,3.0,1.0
adult melanoma,3.0,3.0,1.0
new venetoclax,3.0,3.0,1.0
topic integrative,3.0,3.0,1.0
material tobacco,3.0,3.0,1.0
tumor controversial,3.0,3.0,1.0
pathway adult,3.0,3.0,1.0
support universal,3.0,3.0,1.0
tumor surprise,3.0,3.0,1.0
cancer elderly,3.0,3.0,1.0
benefit placebo,3.0,3.0,1.0
stabilize cancer,3.0,3.0,1.0
year radical,3.0,3.0,1.0
incidence stabilize,3.0,3.0,1.0
vulnerable cancer,3.0,3.0,1.0
cell infected,3.0,3.0,1.0
number immune,3.0,3.0,1.0
count platelet,3.0,3.0,1.0
disease early,3.0,3.0,1.0
disease marker,3.0,3.0,1.0
blood minimal,3.0,3.0,1.0
diagnostic workup,3.0,3.0,1.0
endocrine neoplasia,3.0,3.0,1.0
activation elevated,3.0,3.0,1.0
remission length,3.0,3.0,1.0
variant papillary,3.0,3.0,1.0
disease bladder,3.0,3.0,1.0
effectiveness immune,3.0,3.0,1.0
substantial difference,3.0,3.0,1.0
subtype noninvasive,3.0,3.0,1.0
cost physician,3.0,3.0,1.0
secretory phenotype,3.0,3.0,1.0
large therapy,3.0,3.0,1.0
adolescent advanced,3.0,3.0,1.0
nodule problem,3.0,3.0,1.0
small centimeter,3.0,3.0,1.0
long thyroid,3.0,3.0,1.0
responsive chemotherapy,3.0,3.0,1.0
apoptosis cell,3.0,3.0,1.0
lesion variant,3.0,3.0,1.0
measure functional,3.0,3.0,1.0
country limited,3.0,3.0,1.0
senescence secretory,3.0,3.0,1.0
cell senescence,3.0,3.0,1.0
gland problem,3.0,3.0,1.0
physician finding,3.0,3.0,1.0
potential small,3.0,3.0,1.0
analysis incidence,3.0,3.0,1.0
decade incidence,3.0,3.0,1.0
series positive,3.0,3.0,1.0
allele cell,3.0,3.0,1.0
potential partnership,3.0,3.0,1.0
light tumor,3.0,3.0,1.0
therapeutic hopeful,3.0,3.0,1.0
antibody recurrent,3.0,3.0,1.0
skin immune,3.0,3.0,1.0
inhibitor aromatase,3.0,3.0,1.0
correlate presence,3.0,3.0,1.0
step child,3.0,3.0,1.0
pomalidomide pomalyst,3.0,3.0,1.0
long distance,3.0,3.0,1.0
special surgical,3.0,3.0,1.0
fat tendon,3.0,3.0,1.0
limitation step,3.0,3.0,1.0
antibody multiple,3.0,3.0,1.0
significant response,3.0,3.0,1.0
subsequent presence,3.0,3.0,1.0
california colleague,3.0,3.0,1.0
cancer trial,3.0,3.0,1.0
molecular pediatric,3.0,3.0,1.0
cancer extent,3.0,3.0,1.0
response investigator,3.0,3.0,1.0
lump skin,3.0,3.0,1.0
adult middle,3.0,3.0,1.0
cancer induction,3.0,3.0,1.0
sarcoma young,3.0,3.0,1.0
ligament lymph,3.0,3.0,1.0
subtype irrespective,3.0,3.0,1.0
agaram laquaglia,3.0,3.0,1.0
neutropenia participant,3.0,3.0,1.0
finding well,3.0,3.0,1.0
computer datum,3.0,3.0,1.0
compliance regulation,3.0,3.0,1.0
hybridization cancer,3.0,3.0,1.0
concern adult,3.0,3.0,1.0
likely reason,3.0,3.0,1.0
blood progenitor,3.0,3.0,1.0
indelicato rotondo,3.0,3.0,1.0
pet tumor,3.0,3.0,1.0
therapy hospital,3.0,3.0,1.0
solution cancer,3.0,3.0,1.0
collaborative design,3.0,3.0,1.0
bioinformatic big,3.0,3.0,1.0
tumor minimal,3.0,3.0,1.0
restrain immune,3.0,3.0,1.0
high severity,3.0,3.0,1.0
factor strategy,3.0,3.0,1.0
radiation new,3.0,3.0,1.0
rhabdomyosarcoma intergroup,3.0,3.0,1.0
identification strategy,3.0,3.0,1.0
dicer1 identification,3.0,3.0,1.0
kamihara dicer1,3.0,3.0,1.0
kap kamihara,3.0,3.0,1.0
cancer hopeful,3.0,3.0,1.0
oncology surg,3.0,3.0,1.0
community collaboration,3.0,3.0,1.0
response week,3.0,3.0,1.0
person assessment,3.0,3.0,1.0
inhibit activity,3.0,3.0,1.0
team diagnosis,3.0,3.0,1.0
phenotype pathogenic,3.0,3.0,1.0
table hereditary,3.0,3.0,1.0
test real,3.0,3.0,1.0
procedure abnormal,3.0,3.0,1.0
opportunity lead,3.0,3.0,1.0
world practice,3.0,3.0,1.0
setting appropriate,3.0,3.0,1.0
potential effectiveness,3.0,3.0,1.0
gist therapy,3.0,3.0,1.0
cancer wikimedia,3.0,3.0,1.0
light potential,3.0,3.0,1.0
tobacco death,3.0,3.0,1.0
screening smoking,3.0,3.0,1.0
cellular imaging,3.0,3.0,1.0
initiative pilot,3.0,3.0,1.0
goal precision,3.0,3.0,1.0
therapy present,3.0,3.0,1.0
precursor cancer,3.0,3.0,1.0
large reduction,3.0,3.0,1.0
gene eligible,3.0,3.0,1.0
strategy uspstf,3.0,3.0,1.0
alteration axis,3.0,3.0,1.0
test cobas,3.0,3.0,1.0
rash osimertinib,3.0,3.0,1.0
diarrhea skin,3.0,3.0,1.0
testing surgery,3.0,3.0,1.0
benefit analysis,3.0,3.0,1.0
increase lung,3.0,3.0,1.0
landscape alteration,3.0,3.0,1.0
rhabdomyosarcoma landscape,3.0,3.0,1.0
chemotherapy impact,3.0,3.0,1.0
progress drug,3.0,3.0,1.0
cell bypass,3.0,3.0,1.0
stiff matrix,3.0,3.0,1.0
drug tki,3.0,3.0,1.0
positive fusion,3.0,3.0,1.0
axis fusion,3.0,3.0,1.0
cell dependent,3.0,3.0,1.0
proposal classification,3.0,3.0,1.0
cisplatin initial,3.0,3.0,1.0
method testing,3.0,3.0,1.0
metabolism long,3.0,3.0,1.0
gist cancer,3.0,3.0,1.0
status unfavorable,3.0,3.0,1.0
unable blood,3.0,3.0,1.0
cholesterol high,3.0,3.0,1.0
death screening,3.0,3.0,1.0
random sample,3.0,3.0,1.0
constant supply,3.0,3.0,1.0
problem major,3.0,3.0,1.0
contrast tumor,3.0,3.0,1.0
low jaw,3.0,3.0,1.0
critical structure,3.0,3.0,1.0
growth lot,3.0,3.0,1.0
protein oncogene,3.0,3.0,1.0
exciting novel,3.0,3.0,1.0
disease her2,3.0,3.0,1.0
total cholesterol,3.0,3.0,1.0
environment brain,3.0,3.0,1.0
mutation brain,3.0,3.0,1.0
knowledge year,3.0,3.0,1.0
little improvement,3.0,3.0,1.0
glucose cell,3.0,3.0,1.0
regular schedule,3.0,3.0,1.0
human testing,3.0,3.0,1.0
prospective incidence,3.0,3.0,1.0
cell negative,3.0,3.0,1.0
few protein,3.0,3.0,1.0
single datum,3.0,3.0,1.0
presentation variant,3.0,3.0,1.0
well management,3.0,3.0,1.0
cell set,3.0,3.0,1.0
drug right,3.0,3.0,1.0
experiment tumor,3.0,3.0,1.0
diagnosis single,3.0,3.0,1.0
cohort tumor,3.0,3.0,1.0
factor psychological,3.0,3.0,1.0
agent therapeutic,3.0,3.0,1.0
medicine ucla,3.0,3.0,1.0
line experiment,3.0,3.0,1.0
test addition,3.0,3.0,1.0
light finding,3.0,3.0,1.0
party university,3.0,3.0,1.0
collaboration partnership,3.0,3.0,1.0
thought experience,3.0,3.0,1.0
psychiatric history,3.0,3.0,1.0
prior time,3.0,3.0,1.0
sac exosome,3.0,3.0,1.0
unknown route,3.0,3.0,1.0
consistent drug,3.0,3.0,1.0
plan space,3.0,3.0,1.0
positive median,3.0,3.0,1.0
cost similar,3.0,3.0,1.0
fit brain,3.0,3.0,1.0
brain toxicity,3.0,3.0,1.0
small volume,3.0,3.0,1.0
difficult know,3.0,3.0,1.0
cell clear,3.0,3.0,1.0
immune molecule,3.0,3.0,1.0
lesion benign,3.0,3.0,1.0
retrospective similar,3.0,3.0,1.0
therapeutic relevance,3.0,3.0,1.0
function testing,3.0,3.0,1.0
testing routine,3.0,3.0,1.0
great uptake,3.0,3.0,1.0
cell need,3.0,3.0,1.0
symposium support,3.0,3.0,1.0
exosome cell,3.0,3.0,1.0
broad cellular,3.0,3.0,1.0
form ewing,3.0,3.0,1.0
deletion 1p36,3.0,3.0,1.0
fli1 fusion,3.0,3.0,1.0
example blood,3.0,3.0,1.0
cell secrete,3.0,3.0,1.0
cancer mill,3.0,3.0,1.0
tumour poor,3.0,3.0,1.0
registry young,3.0,3.0,1.0
long chemotherapy,3.0,3.0,1.0
pancreatic prostate,3.0,3.0,1.0
analysis sleep,3.0,3.0,1.0
autoimmune response,3.0,3.0,1.0
handful small,3.0,3.0,1.0
business aspect,3.0,3.0,1.0
analysis time,3.0,3.0,1.0
request budget,3.0,3.0,1.0
interval incidence,3.0,3.0,1.0
example lab,3.0,3.0,1.0
variant gastrointestinal,3.0,3.0,1.0
progress management,3.0,3.0,1.0
gene association,3.0,3.0,1.0
annual datum,3.0,3.0,1.0
slow movement,3.0,3.0,1.0
nodule lung,3.0,3.0,1.0
sample lung,3.0,3.0,1.0
uptake lung,3.0,3.0,1.0
low initial,3.0,3.0,1.0
guide therapy,3.0,3.0,1.0
subscribe cancer,3.0,3.0,1.0
xerostomia dental,3.0,3.0,1.0
incidence retinoblastoma,3.0,3.0,1.0
bone tumour,3.0,3.0,1.0
time pediatric,3.0,3.0,1.0
carrier prospective,3.0,3.0,1.0
cancer menopause,3.0,3.0,1.0
increase cervical,3.0,3.0,1.0
osteogenic sarcoma,3.0,3.0,1.0
cardiac factor,3.0,3.0,1.0
project woman,3.0,3.0,1.0
production blood,3.0,3.0,1.0
deleterious mutation,3.0,3.0,1.0
clin sander,3.0,3.0,1.0
diabetes drug,3.0,3.0,1.0
multicenter analysis,3.0,3.0,1.0
application tool,3.0,3.0,1.0
ribociclib letrozole,3.0,3.0,1.0
neck pet,3.0,3.0,1.0
arm variant,3.0,3.0,1.0
branch conduct,3.0,3.0,1.0
focus support,3.0,3.0,1.0
mtor pathway,3.0,3.0,1.0
genomic pediatric,3.0,3.0,1.0
model key,3.0,3.0,1.0
slight difference,3.0,3.0,1.0
ethnic geographic,3.0,3.0,1.0
model relevant,3.0,3.0,1.0
talent development,3.0,3.0,1.0
lymph high,3.0,3.0,1.0
factor major,3.0,3.0,1.0
rhabdomyosarcoma pediatric,3.0,3.0,1.0
datum racial,3.0,3.0,1.0
outcome adjuvant,3.0,3.0,1.0
woman loss,3.0,3.0,1.0
dna ecdna,3.0,3.0,1.0
response stage,3.0,3.0,1.0
dream challenge,3.0,3.0,1.0
quality biospeciman,3.0,3.0,1.0
year senior,3.0,3.0,1.0
15–20 year,3.0,3.0,1.0
gdc team,3.0,3.0,1.0
agent refractory,3.0,3.0,1.0
unresectable tumor,3.0,3.0,1.0
year unresectable,3.0,3.0,1.0
collaborator overview,3.0,3.0,1.0
rate prevalence,3.0,3.0,1.0
obstruction symptom,3.0,3.0,1.0
presence high,3.0,3.0,1.0
proportion breast,3.0,3.0,1.0
cumulative age,3.0,3.0,1.0
testing limited,3.0,3.0,1.0
conflict interest,3.0,3.0,1.0
investigator plan,3.0,3.0,1.0
development potential,3.0,3.0,1.0
implementation community,3.0,3.0,1.0
colleague launch,3.0,3.0,1.0
m.p.h colleague,3.0,3.0,1.0
project challenge,3.0,3.0,1.0
participant eligible,3.0,3.0,1.0
pembrolizumab large,3.0,3.0,1.0
announcement spotlight,3.0,3.0,1.0
chemotherapy surgical,3.0,3.0,1.0
histology low,3.0,3.0,1.0
rare fusion,3.0,3.0,1.0
economic cooperation,3.0,3.0,1.0
pacific economic,3.0,3.0,1.0
hospital community,3.0,3.0,1.0
incidence invasive,3.0,3.0,1.0
head cancer,3.0,3.0,1.0
medicine development,3.0,3.0,1.0
high short,3.0,3.0,1.0
small healthy,3.0,3.0,1.0
planning child,3.0,3.0,1.0
property accountability,3.0,3.0,1.0
cartilaginous differentiation,3.0,3.0,1.0
histological pattern,3.0,3.0,1.0
share goal,3.0,3.0,1.0
country outcome,3.0,3.0,1.0
future datum,3.0,3.0,1.0
movement stomach,3.0,3.0,1.0
indication testing,3.0,3.0,1.0
annual public,3.0,3.0,1.0
light colored,3.0,3.0,1.0
chemotherapeutic regimen,3.0,3.0,1.0
strategy implementation,3.0,3.0,1.0
initiation maintenance,3.0,3.0,1.0
creation cancer,3.0,3.0,1.0
uterine corpus,3.0,3.0,1.0
administrative function,3.0,3.0,1.0
additional child,3.0,3.0,1.0
cervical breast,3.0,3.0,1.0
surgical strategy,3.0,3.0,1.0
high probability,3.0,3.0,1.0
year pancreatic,3.0,3.0,1.0
third tumor,3.0,3.0,1.0
analysis management,3.0,3.0,1.0
analysis cog,3.0,3.0,1.0
status range,3.0,3.0,1.0
child pathogenic,3.0,3.0,1.0
example advance,3.0,3.0,1.0
pain headache,3.0,3.0,1.0
organ abdomen,3.0,3.0,1.0
cancer dissemination,3.0,3.0,1.0
impact long,3.0,3.0,1.0
model chemotherapy,3.0,3.0,1.0
placebo participant,3.0,3.0,1.0
derive benefit,3.0,3.0,1.0
hiv disease,3.0,3.0,1.0
structure influence,3.0,3.0,1.0
track movement,3.0,3.0,1.0
detail cell,3.0,3.0,1.0
experience recurrence,3.0,3.0,1.0
potential advantage,3.0,3.0,1.0
mechanism chromosome,3.0,3.0,1.0
old long,3.0,3.0,1.0
fellowship prior,3.0,3.0,1.0
imaging cell,3.0,3.0,1.0
marker chromosome,3.0,3.0,1.0
protein location,3.0,3.0,1.0
ability high,3.0,3.0,1.0
screen gene,3.0,3.0,1.0
apoptosis cancer,3.0,3.0,1.0
procedure retrospective,3.0,3.0,1.0
placebo low,3.0,3.0,1.0
learning outcome,3.0,3.0,1.0
organizational learning,3.0,3.0,1.0
proteogenomic organizational,3.0,3.0,1.0
deficient dmmr,3.0,3.0,1.0
bad platinum,3.0,3.0,1.0
fgfr4 pik3ca,3.0,3.0,1.0
significance pathogenic,3.0,3.0,1.0
development transdisciplinary,3.0,3.0,1.0
area potential,3.0,3.0,1.0
cssi mission,3.0,3.0,1.0
hra fgfr4,3.0,3.0,1.0
course low,3.0,3.0,1.0
old agent,3.0,3.0,1.0
cancer variety,3.0,3.0,1.0
fund nucleome,3.0,3.0,1.0
challenge human,3.0,3.0,1.0
cruk cancer,3.0,3.0,1.0
innovative partnership,3.0,3.0,1.0
mutation brca2,3.0,3.0,1.0
defining extent,3.0,3.0,1.0
status benefit,3.0,3.0,1.0
pfs chemotherapy,3.0,3.0,1.0
instance investigator,3.0,3.0,1.0
transdisciplinary collaboration,3.0,3.0,1.0
idea concept,3.0,3.0,1.0
oncology advocate,3.0,3.0,1.0
invasion cancer,3.0,3.0,1.0
prevalence mutation,3.0,3.0,1.0
transplant lymphoma,3.0,3.0,1.0
sarcoma new,3.0,3.0,1.0
cancer practical,3.0,3.0,1.0
medicine opioid,3.0,3.0,1.0
hand drug,3.0,3.0,1.0
drug severe,3.0,3.0,1.0
europe asia,3.0,3.0,1.0
number germline,3.0,3.0,1.0
rate ovarian,3.0,3.0,1.0
line recurrent,3.0,3.0,1.0
cervix addition,3.0,3.0,1.0
ethnic example,3.0,3.0,1.0
examination history,3.0,3.0,1.0
testing cell,3.0,3.0,1.0
share audience,3.0,3.0,1.0
frameshift missense,3.0,3.0,1.0
registry age,3.0,3.0,1.0
prospective datum,3.0,3.0,1.0
expression therapeutic,3.0,3.0,1.0
factor difference,3.0,3.0,1.0
tissue diagnosis,3.0,3.0,1.0
normal feeling,3.0,3.0,1.0
concern participant,3.0,3.0,1.0
hope physician,3.0,3.0,1.0
variant participant,3.0,3.0,1.0
rare gene,3.0,3.0,1.0
institution high,3.0,3.0,1.0
ihc tumor,3.0,3.0,1.0
expression immune,3.0,3.0,1.0
cell loss,3.0,3.0,1.0
clear child,3.0,3.0,1.0
nivolumab bladder,3.0,3.0,1.0
response negative,3.0,3.0,1.0
duration week,3.0,3.0,1.0
significant large,3.0,3.0,1.0
gene join,3.0,3.0,1.0
pattern cell,3.0,3.0,1.0
medicine hospital,3.0,3.0,1.0
deal thing,3.0,3.0,1.0
time energy,3.0,3.0,1.0
method analysis,3.0,3.0,1.0
diet active,3.0,3.0,1.0
cancer energy,3.0,3.0,1.0
factor table,3.0,3.0,1.0
need hospice,3.0,3.0,1.0
early disease,3.0,3.0,1.0
strong rationale,3.0,3.0,1.0
progress chief,3.0,3.0,1.0
plan discussion,3.0,3.0,1.0
syndrome rothmund,3.0,3.0,1.0
problem cataract,3.0,3.0,1.0
challenge concern,3.0,3.0,1.0
gene ewing,3.0,3.0,1.0
mole nevus,3.0,3.0,1.0
retrospective survey,3.0,3.0,1.0
annual mammography,3.0,3.0,1.0
experience class,3.0,3.0,1.0
profile drug,3.0,3.0,1.0
diagnosis colleague,3.0,3.0,1.0
point door,3.0,3.0,1.0
skin problem,3.0,3.0,1.0
syndrome development,3.0,3.0,1.0
pencil eraser,3.0,3.0,1.0
imaging characteristic,3.0,3.0,1.0
sound useful,3.0,3.0,1.0
sparse hair,3.0,3.0,1.0
chief pathology,3.0,3.0,1.0
sarcoma tp53,3.0,3.0,1.0
gene bone,3.0,3.0,1.0
fraumeni syndrome,3.0,3.0,1.0
ontario cancer,3.0,3.0,1.0
ependymoma year,3.0,3.0,1.0
sarah year,3.0,3.0,1.0
medicine phase,3.0,3.0,1.0
radiation plan,3.0,3.0,1.0
period initial,3.0,3.0,1.0
lotsa hand,3.0,3.0,1.0
high usual,3.0,3.0,1.0
provider talk,3.0,3.0,1.0
bone formation,3.0,3.0,1.0
breakdown bone,3.0,3.0,1.0
week exercise,3.0,3.0,1.0
participant female,3.0,3.0,1.0
participant significant,3.0,3.0,1.0
bowel habit,3.0,3.0,1.0
clin park,3.0,3.0,1.0
test clear,3.0,3.0,1.0
assessment baseline,3.0,3.0,1.0
heavy alcohol,3.0,3.0,1.0
survivor tip,3.0,3.0,1.0
making cancer,3.0,3.0,1.0
feature flat,3.0,3.0,1.0
facial feature,3.0,3.0,1.0
activator nuclear,3.0,3.0,1.0
receptor activator,3.0,3.0,1.0
syndrome description,3.0,3.0,1.0
disease osteosarcoma,3.0,3.0,1.0
disorder short,3.0,3.0,1.0
person number,3.0,3.0,1.0
interested able,3.0,3.0,1.0
relapse death,3.0,3.0,1.0
cancer effectiveness,3.0,3.0,1.0
breast area,3.0,3.0,1.0
prevention therapy,3.0,3.0,1.0
lead institution,3.0,3.0,1.0
development structure,3.0,3.0,1.0
kappa beta,3.0,3.0,1.0
carcinoma epithelial,3.0,3.0,1.0
factor carcinoma,3.0,3.0,1.0
medicine test,3.0,3.0,1.0
osteosarcoma sarcoma,3.0,3.0,1.0
tp53 germline,3.0,3.0,1.0
young variant,3.0,3.0,1.0
hospice worker,3.0,3.0,1.0
cbt session,3.0,3.0,1.0
individualized plan,3.0,3.0,1.0
delay cancer,3.0,3.0,1.0
exam year,3.0,3.0,1.0
time easy,3.0,3.0,1.0
cancer dangerous,3.0,3.0,1.0
high pregnancy,3.0,3.0,1.0
datum little,3.0,3.0,1.0
activity helpful,3.0,3.0,1.0
familial predisposition,3.0,3.0,1.0
skin addition,3.0,3.0,1.0
defect cancer,3.0,3.0,1.0
well day,3.0,3.0,1.0
day low,3.0,3.0,1.0
frequency cancer,3.0,3.0,1.0
gene frequency,3.0,3.0,1.0
variant autosomal,3.0,3.0,1.0
support strong,3.0,3.0,1.0
kindle book,3.0,3.0,1.0
protein parp,3.0,3.0,1.0
olaparib drug,3.0,3.0,1.0
history cns,3.0,3.0,1.0
hallucination thing,3.0,3.0,1.0
therapy predisposition,3.0,3.0,1.0
difference datum,3.0,3.0,1.0
associated presence,3.0,3.0,1.0
int gynecol,3.0,3.0,1.0
biopsy routine,3.0,3.0,1.0
drug liquid,3.0,3.0,1.0
color size,3.0,3.0,1.0
hand sol,3.0,3.0,1.0
skin aware,3.0,3.0,1.0
quarter man,3.0,3.0,1.0
atrx genomic,3.0,3.0,1.0
water body,3.0,3.0,1.0
drug act,3.0,3.0,1.0
loss sleep,3.0,3.0,1.0
deleterious variant,3.0,3.0,1.0
benefit active,3.0,3.0,1.0
small person,3.0,3.0,1.0
analysis index,3.0,3.0,1.0
gastrointest surg,3.0,3.0,1.0
cordeiro advocacy,3.0,3.0,1.0
investigator need,3.0,3.0,1.0
mutation subgroup,3.0,3.0,1.0
birth outcome,3.0,3.0,1.0
modality management,3.0,3.0,1.0
krapcho cancer,3.0,3.0,1.0
repair activity,3.0,3.0,1.0
talk discussion,3.0,3.0,1.0
tumor computational,3.0,3.0,1.0
mutation man,3.0,3.0,1.0
variant ovarian,3.0,3.0,1.0
choice therapy,3.0,3.0,1.0
cbt cognitive,3.0,3.0,1.0
key observation,3.0,3.0,1.0
tumor ependymoma,3.0,3.0,1.0
drug finding,3.0,3.0,1.0
assessment benefit,3.0,3.0,1.0
number rare,3.0,3.0,1.0
megabase high,3.0,3.0,1.0
benefit day,3.0,3.0,1.0
blind randomised,3.0,3.0,1.0
recurrence benefit,3.0,3.0,1.0
surgical hereditary,3.0,3.0,1.0
prediction cancer,3.0,3.0,1.0
share good,3.0,3.0,1.0
oncologist pineal,3.0,3.0,1.0
tip self,3.0,3.0,1.0
carcinoma sarcoma,3.0,3.0,1.0
death medicine,3.0,3.0,1.0
high structural,3.0,3.0,1.0
osteosarcoma high,3.0,3.0,1.0
observation genomic,3.0,3.0,1.0
light skin,3.0,3.0,1.0
area light,3.0,3.0,1.0
promoter somatic,3.0,3.0,1.0
glioma multiple,3.0,3.0,1.0
agent toxic,3.0,3.0,1.0
cancer minimize,3.0,3.0,1.0
talk concern,3.0,3.0,1.0
severe drug,3.0,3.0,1.0
preneoplastic lesion,3.0,3.0,1.0
feature osteosarcoma,3.0,3.0,1.0
advance child,3.0,3.0,1.0
prognosis time,3.0,3.0,1.0
aggressive liver,3.0,3.0,1.0
point chemotherapy,3.0,3.0,1.0
tissue age,3.0,3.0,1.0
kinase akt,3.0,3.0,1.0
hepatoblastoma cancer,3.0,3.0,1.0
microcarcinoma thyroid,3.0,3.0,1.0
clinic hospital,3.0,3.0,1.0
active day,3.0,3.0,1.0
well mental,3.0,3.0,1.0
therapy subgroup,3.0,3.0,1.0
epigenetic subgroup,3.0,3.0,1.0
atrt shh,3.0,3.0,1.0
cancer uncommon,3.0,3.0,1.0
example progress,3.0,3.0,1.0
immune profiling,3.0,3.0,1.0
therapy liquid,3.0,3.0,1.0
subgroup future,3.0,3.0,1.0
hospice support,3.0,3.0,1.0
diagnosis outcome,3.0,3.0,1.0
share community,3.0,3.0,1.0
disease psychological,3.0,3.0,1.0
catalytic domain,3.0,3.0,1.0
testing reason,3.0,3.0,1.0
history participant,3.0,3.0,1.0
syndrome person,3.0,3.0,1.0
potential recurrence,3.0,3.0,1.0
enteral nutrition,3.0,3.0,1.0
goal symptom,3.0,3.0,1.0
adult deletion,3.0,3.0,1.0
agent investigation,3.0,3.0,1.0
boost cancer,3.0,3.0,1.0
benefit person,3.0,3.0,1.0
drug friend,3.0,3.0,1.0
cancer antibiotic,3.0,3.0,1.0
support benefit,3.0,3.0,1.0
tube stomach,3.0,3.0,1.0
child histopathological,3.0,3.0,1.0
blond hair,3.0,3.0,1.0
red blond,3.0,3.0,1.0
eye red,3.0,3.0,1.0
similar trend,3.0,3.0,1.0
impact scale,3.0,3.0,1.0
likely high,3.0,3.0,1.0
exposure great,3.0,3.0,1.0
distress low,3.0,3.0,1.0
period factor,3.0,3.0,1.0
high variant,3.0,3.0,1.0
carcinoma exome,3.0,3.0,1.0
goal long,3.0,3.0,1.0
hard tell,3.0,3.0,1.0
precancerous colorectal,3.0,3.0,1.0
fetal liver,3.0,3.0,1.0
person team,3.0,3.0,1.0
chemotherapy severe,3.0,3.0,1.0
thing datum,3.0,3.0,1.0
support long,3.0,3.0,1.0
machine ventilator,3.0,3.0,1.0
finding genomic,3.0,3.0,1.0
liver development,3.0,3.0,1.0
epigenomic profiling,3.0,3.0,1.0
culture belief,3.0,3.0,1.0
diagnosis hepatoblastoma,3.0,3.0,1.0
cell favorable,3.0,3.0,1.0
priscilla brastianos,3.0,3.0,1.0
small subgroup,3.0,3.0,1.0
space able,3.0,3.0,1.0
hepatoblastoma tumor,3.0,3.0,1.0
skin sensitive,3.0,3.0,1.0
extent resection,3.0,3.0,1.0
surgery benefit,3.0,3.0,1.0
hour cancer,3.0,3.0,1.0
benign brain,3.0,3.0,1.0
disease discussion,3.0,3.0,1.0
additional step,3.0,3.0,1.0
locus gene,3.0,3.0,1.0
fiber diet,3.0,3.0,1.0
vulnerable radiation,3.0,3.0,1.0
factor good,3.0,3.0,1.0
diagnosis score,3.0,3.0,1.0
initial step,3.0,3.0,1.0
apc familial,3.0,3.0,1.0
chief mission,3.0,3.0,1.0
rna high,3.0,3.0,1.0
ability tool,3.0,3.0,1.0
tool space,3.0,3.0,1.0
cord ependymoma,3.0,3.0,1.0
world year,3.0,3.0,1.0
issue example,3.0,3.0,1.0
frequent cancer,3.0,3.0,1.0
proportion child,3.0,3.0,1.0
counseling test,3.0,3.0,1.0
disease area,3.0,3.0,1.0
technique single,3.0,3.0,1.0
cancer accuracy,3.0,3.0,1.0
progress development,3.0,3.0,1.0
fast progress,3.0,3.0,1.0
woman symptom,3.0,3.0,1.0
diagnosis cross,3.0,3.0,1.0
lab tumor,3.0,3.0,1.0
chromosomal imbalance,3.0,3.0,1.0
fellowship field,3.0,3.0,1.0
rate smoker,3.0,3.0,1.0
smoker tobacco,3.0,3.0,1.0
melanoma diagnosis,3.0,3.0,1.0
psychosocial consequence,3.0,3.0,1.0
dismal prognosis,3.0,3.0,1.0
particular focus,3.0,3.0,1.0
electronic datum,3.0,3.0,1.0
able position,3.0,3.0,1.0
right cancer,3.0,3.0,1.0
motivated quit,3.0,3.0,1.0
breath test,3.0,3.0,1.0
ependymoma diagnosis,3.0,3.0,1.0
psychological consequence,3.0,3.0,1.0
phd georgetown,3.0,3.0,1.0
collaborative environment,3.0,3.0,1.0
oncology advocacy,3.0,3.0,1.0
old nanoparticle,3.0,3.0,1.0
know mutation,3.0,3.0,1.0
ependymoma cancer,3.0,3.0,1.0
irradiation posterior,3.0,3.0,1.0
imaging screening,3.0,3.0,1.0
screen breast,3.0,3.0,1.0
agn faan,3.0,3.0,1.0
phd agn,3.0,3.0,1.0
diagnosis screening,3.0,3.0,1.0
confidence cancer,3.0,3.0,1.0
therapeutic impact,3.0,3.0,1.0
united example,3.0,3.0,1.0
medication smoking,3.0,3.0,1.0
line somatic,3.0,3.0,1.0
cgc university,3.0,3.0,1.0
ricker cgc,3.0,3.0,1.0
charite ricker,3.0,3.0,1.0
mph charite,3.0,3.0,1.0
university phd,3.0,3.0,1.0
disease average,3.0,3.0,1.0
cancer consideration,3.0,3.0,1.0
inhibitor analysis,3.0,3.0,1.0
piece puzzle,3.0,3.0,1.0
colon prostate,3.0,3.0,1.0
new tool,3.0,3.0,1.0
place high,3.0,3.0,1.0
provider place,3.0,3.0,1.0
provider time,3.0,3.0,1.0
addition number,3.0,3.0,1.0
cancer liu,3.0,3.0,1.0
resistance model,3.0,3.0,1.0
cell recognize,3.0,3.0,1.0
novel tumor,3.0,3.0,1.0
ray high,3.0,3.0,1.0
water fat,3.0,3.0,1.0
survivor multidisciplinary,3.0,3.0,1.0
implication young,3.0,3.0,1.0
carcinoma late,3.0,3.0,1.0
mutation jak2,3.0,3.0,1.0
support growth,3.0,3.0,1.0
cancer unusual,3.0,3.0,1.0
profile analysis,3.0,3.0,1.0
#NAME?,3.0,3.0,1.0
clinicopathological entity,3.0,3.0,1.0
unique tumor,3.0,3.0,1.0
egg embryo,3.0,3.0,1.0
year multiple,3.0,3.0,1.0
new radiation,3.0,3.0,1.0
response average,3.0,3.0,1.0
active enhancer,3.0,3.0,1.0
area active,3.0,3.0,1.0
structure chromatin,3.0,3.0,1.0
normal human,3.0,3.0,1.0
istock drug,3.0,3.0,1.0
pediatric pediatr,3.0,3.0,1.0
psychiatry jul,3.0,3.0,1.0
marker potential,3.0,3.0,1.0
drive growth,3.0,3.0,1.0
dna development,3.0,3.0,1.0
drug find,3.0,3.0,1.0
cancer month,3.0,3.0,1.0
thyroid cytopathology,3.0,3.0,1.0
retrospective molecular,3.0,3.0,1.0
medulloblastoma therapy,3.0,3.0,1.0
year mutation,3.0,3.0,1.0
quarter tumor,3.0,3.0,1.0
suppresse immune,3.0,3.0,1.0
analysis subtype,3.0,3.0,1.0
subset tumor,3.0,3.0,1.0
death undergone,3.0,3.0,1.0
cessation low,3.0,3.0,1.0
opportunity smoking,3.0,3.0,1.0
physical illness,3.0,3.0,1.0
body stem,3.0,3.0,1.0
expression development,3.0,3.0,1.0
testing thing,3.0,3.0,1.0
careful planning,3.0,3.0,1.0
tumor hot,3.0,3.0,1.0
bacterium colorectal,3.0,3.0,1.0
tumor recognition,3.0,3.0,1.0
issue financial,3.0,3.0,1.0
class immunotherapy,3.0,3.0,1.0
tumor class,3.0,3.0,1.0
opportunity new,3.0,3.0,1.0
community tobacco,3.0,3.0,1.0
income poverty,3.0,3.0,1.0
college degree,3.0,3.0,1.0
adult target,3.0,3.0,1.0
rectum metastatic,3.0,3.0,1.0
close tumor,3.0,3.0,1.0
continued tobacco,3.0,3.0,1.0
community key,3.0,3.0,1.0
surgery well,3.0,3.0,1.0
method functional,3.0,3.0,1.0
frequent screening,3.0,3.0,1.0
woman frequent,3.0,3.0,1.0
area working,3.0,3.0,1.0
tobacco landscape,3.0,3.0,1.0
disease tobacco,3.0,3.0,1.0
potential tobacco,3.0,3.0,1.0
human stomach,3.0,3.0,1.0
growth previous,3.0,3.0,1.0
tumor specie,3.0,3.0,1.0
priority future,3.0,3.0,1.0
disease procedure,3.0,3.0,1.0
well screening,3.0,3.0,1.0
proliferation tobacco,3.0,3.0,1.0
cost productivity,3.0,3.0,1.0
financial toll,3.0,3.0,1.0
smoker lot,3.0,3.0,1.0
stool softener,3.0,3.0,1.0
team genome,3.0,3.0,1.0
spread team,3.0,3.0,1.0
squamous cancer,3.0,3.0,1.0
promising cancer,3.0,3.0,1.0
gdc genomic,3.0,3.0,1.0
lung organ,3.0,3.0,1.0
sequence drug,3.0,3.0,1.0
number lymphocyte,3.0,3.0,1.0
anemia low,3.0,3.0,1.0
beneficial tumor,3.0,3.0,1.0
field exciting,3.0,3.0,1.0
deep durable,3.0,3.0,1.0
time metric,3.0,3.0,1.0
sporadic gastric,3.0,3.0,1.0
microbiome bacteria,3.0,3.0,1.0
proliferation tumor,3.0,3.0,1.0
potential antibiotic,3.0,3.0,1.0
disease harm,3.0,3.0,1.0
subtype able,3.0,3.0,1.0
slow growing,3.0,3.0,1.0
datum significant,3.0,3.0,1.0
beneficial small,3.0,3.0,1.0
brentuximab radiation,3.0,3.0,1.0
tremendous impact,3.0,3.0,1.0
dataset world,3.0,3.0,1.0
cmml decitabine,3.0,3.0,1.0
investigator ccr,3.0,3.0,1.0
decitabine adult,3.0,3.0,1.0
brief decitabine,3.0,3.0,1.0
deh tuh,3.0,3.0,1.0
slot deh,3.0,3.0,1.0
decitabine placeholder,3.0,3.0,1.0
medicine decitabine,3.0,3.0,1.0
clinic sample,3.0,3.0,1.0
agent immunotherapy,3.0,3.0,1.0
thing hard,3.0,3.0,1.0
osteonecrosis year,3.0,3.0,1.0
positive sample,3.0,3.0,1.0
relapse ability,3.0,3.0,1.0
remission today,3.0,3.0,1.0
universal myeloma,3.0,3.0,1.0
infection stomach,3.0,3.0,1.0
pain joint,3.0,3.0,1.0
investigator example,3.0,3.0,1.0
breast form,3.0,3.0,1.0
addition brentuximab,3.0,3.0,1.0
brentuximab hodgkin,3.0,3.0,1.0
new unique,3.0,3.0,1.0
pre conference,3.0,3.0,1.0
benefit ph.d,3.0,3.0,1.0
size scope,3.0,3.0,1.0
k00 k99,3.0,3.0,1.0
discipline stage,3.0,3.0,1.0
active physical,3.0,3.0,1.0
investigator mentor,3.0,3.0,1.0
therapy detection,3.0,3.0,1.0
problem unmet,3.0,3.0,1.0
significant burden,3.0,3.0,1.0
progress potential,3.0,3.0,1.0
focus datum,3.0,3.0,1.0
blood aid,3.0,3.0,1.0
natural compound,3.0,3.0,1.0
leukemia drug,3.0,3.0,1.0
molecular outcome,3.0,3.0,1.0
person lot,3.0,3.0,1.0
distress normal,3.0,3.0,1.0
number game,3.0,3.0,1.0
mutation drive,3.0,3.0,1.0
pastoral counselor,3.0,3.0,1.0
target year,3.0,3.0,1.0
abemaciclib advanced,3.0,3.0,1.0
inhibition cancer,3.0,3.0,1.0
drug healthy,3.0,3.0,1.0
harbor cancer,3.0,3.0,1.0
tumor progressing,3.0,3.0,1.0
additional mutation,3.0,3.0,1.0
dose reduced,3.0,3.0,1.0
money problem,3.0,3.0,1.0
year problem,3.0,3.0,1.0
mechanism response,3.0,3.0,1.0
response disease,3.0,3.0,1.0
dna therapy,3.0,3.0,1.0
anxiety nausea,3.0,3.0,1.0
opportunity fundamental,3.0,3.0,1.0
cancer caregiving,3.0,3.0,1.0
mole cancer,3.0,3.0,1.0
variant clin,3.0,3.0,1.0
analysis transcriptome,3.0,3.0,1.0
experienced cancer,3.0,3.0,1.0
activity long,3.0,3.0,1.0
collaborative opportunity,3.0,3.0,1.0
procedure example,3.0,3.0,1.0
cancer unable,3.0,3.0,1.0
test coauthor,3.0,3.0,1.0
molecular child,3.0,3.0,1.0
electrolyte imbalance,3.0,3.0,1.0
clin tarbell,3.0,3.0,1.0
outcome medulloblastoma,3.0,3.0,1.0
counseling depression,3.0,3.0,1.0
child teenager,3.0,3.0,1.0
fear cancer,3.0,3.0,1.0
therapy relaxation,3.0,3.0,1.0
experiment day,3.0,3.0,1.0
support testing,3.0,3.0,1.0
pharmacologic therapy,3.0,3.0,1.0
today prostate,3.0,3.0,1.0
frontier cancer,3.0,3.0,1.0
situation example,3.0,3.0,1.0
inhibitor pediatric,3.0,3.0,1.0
cohort prostate,3.0,3.0,1.0
cell distinct,3.0,3.0,1.0
hpv factor,3.0,3.0,1.0
analysis absence,3.0,3.0,1.0
exciting discovery,3.0,3.0,1.0
prostate cell,3.0,3.0,1.0
direct relationship,3.0,3.0,1.0
sequence protein,3.0,3.0,1.0
aggressive pediatric,3.0,3.0,1.0
addition hpv,3.0,3.0,1.0
gene nuclear,3.0,3.0,1.0
subtype potential,3.0,3.0,1.0
receptor little,3.0,3.0,1.0
protein lead,3.0,3.0,1.0
protein regulate,3.0,3.0,1.0
colleague protein,3.0,3.0,1.0
resistance colleague,3.0,3.0,1.0
act u.s.c,3.0,3.0,1.0
detection dna,3.0,3.0,1.0
great odd,3.0,3.0,1.0
sample great,3.0,3.0,1.0
sample oral,3.0,3.0,1.0
screening cohort,3.0,3.0,1.0
nervous tumour,3.0,3.0,1.0
variant form,3.0,3.0,1.0
therapy pivotal,3.0,3.0,1.0
drug enzalutamide,3.0,3.0,1.0
prostate androgen,3.0,3.0,1.0
initial prostate,3.0,3.0,1.0
quarterly cancer,3.0,3.0,1.0
hpv diagnosis,3.0,3.0,1.0
drug outcome,3.0,3.0,1.0
globocan incidence,3.0,3.0,1.0
statistic globocan,3.0,3.0,1.0
cell melanocyte,3.0,3.0,1.0
drug nature,3.0,3.0,1.0
form prostate,3.0,3.0,1.0
potential activity,3.0,3.0,1.0
week single,3.0,3.0,1.0
comparison significant,3.0,3.0,1.0
expensive drug,3.0,3.0,1.0
novel class,3.0,3.0,1.0
association high,3.0,3.0,1.0
pipeline quarterly,3.0,3.0,1.0
dctd pipeline,3.0,3.0,1.0
direct observation,3.0,3.0,1.0
bad chemotherapy,3.0,3.0,1.0
bias example,3.0,3.0,1.0
monitoring total,3.0,3.0,1.0
tumor steroid,3.0,3.0,1.0
cell increase,3.0,3.0,1.0
activity collaboration,3.0,3.0,1.0
profile mutation,3.0,3.0,1.0
distinct dna,3.0,3.0,1.0
resistant mantle,3.0,3.0,1.0
hope new,3.0,3.0,1.0
delay relapse,3.0,3.0,1.0
probe amplification,3.0,3.0,1.0
characteristic diagnostic,3.0,3.0,1.0
acalabrutinib calquence,3.0,3.0,1.0
fever flu,3.0,3.0,1.0
chemotherapy additional,3.0,3.0,1.0
vincristine chemotherapy,3.0,3.0,1.0
etoposide gemcitabine,3.0,3.0,1.0
cyclophosphamide etoposide,3.0,3.0,1.0
option phase,3.0,3.0,1.0
lifetime somatic,3.0,3.0,1.0
oga principal,3.0,3.0,1.0
molecular characterisation,3.0,3.0,1.0
immunity cancer,3.0,3.0,1.0
abnormal blood,3.0,3.0,1.0
disease well,3.0,3.0,1.0
disease line,3.0,3.0,1.0
ethnic african,3.0,3.0,1.0
neuropathy low,3.0,3.0,1.0
old decade,3.0,3.0,1.0
age advance,3.0,3.0,1.0
colleague journal,3.0,3.0,1.0
healthy liver,3.0,3.0,1.0
entire liver,3.0,3.0,1.0
difficult form,3.0,3.0,1.0
regular aspirin,3.0,3.0,1.0
subject variety,3.0,3.0,1.0
good surgery,3.0,3.0,1.0
authority broad,3.0,3.0,1.0
legal authority,3.0,3.0,1.0
variety legal,3.0,3.0,1.0
requirement variety,3.0,3.0,1.0
variety requirement,3.0,3.0,1.0
drug imatinib,3.0,3.0,1.0
strategy child,3.0,3.0,1.0
amazing moment,3.0,3.0,1.0
infected abnormal,3.0,3.0,1.0
target blood,3.0,3.0,1.0
light target,3.0,3.0,1.0
cut tissue,3.0,3.0,1.0
tissue laser,3.0,3.0,1.0
african young,3.0,3.0,1.0
ajnr neuroradiol,3.0,3.0,1.0
u.s constitution,3.0,3.0,1.0
tumor beta,3.0,3.0,1.0
skin topical,3.0,3.0,1.0
prognosis woman,3.0,3.0,1.0
year hormonal,3.0,3.0,1.0
young colorectal,3.0,3.0,1.0
white team,3.0,3.0,1.0
time resistance,3.0,3.0,1.0
tumor plan,3.0,3.0,1.0
broad u.s,3.0,3.0,1.0
chemotherapy quality,3.0,3.0,1.0
error dna,3.0,3.0,1.0
repair error,3.0,3.0,1.0
surgeon pediatric,3.0,3.0,1.0
test human,3.0,3.0,1.0
placebo therapy,3.0,3.0,1.0
special tool,3.0,3.0,1.0
disease cure,3.0,3.0,1.0
great young,3.0,3.0,1.0
datum experiment,3.0,3.0,1.0
medicine liquid,3.0,3.0,1.0
hospital university,3.0,3.0,1.0
consultation cancer,3.0,3.0,1.0
ray chest,3.0,3.0,1.0
rapid diagnosis,3.0,3.0,1.0
complication disease,3.0,3.0,1.0
sample example,3.0,3.0,1.0
prc2 function,3.0,3.0,1.0
neural crest,3.0,3.0,1.0
profit incidence,3.0,3.0,1.0
eye symptom,3.0,3.0,1.0
trouble breathing,3.0,3.0,1.0
difficult diagnose,3.0,3.0,1.0
unclear factor,3.0,3.0,1.0
minimal benefit,3.0,3.0,1.0
chemotherapy minimal,3.0,3.0,1.0
hope rare,3.0,3.0,1.0
physician ability,3.0,3.0,1.0
convenience sample,3.0,3.0,1.0
management datum,3.0,3.0,1.0
margin negative,3.0,3.0,1.0
rodriguez gutierrez,3.0,3.0,1.0
cns grade,3.0,3.0,1.0
place tumor,3.0,3.0,1.0
byram ozer,3.0,3.0,1.0
world tumor,3.0,3.0,1.0
seibel cancer,3.0,3.0,1.0
black difference,3.0,3.0,1.0
tumor account,3.0,3.0,1.0
tumor raise,3.0,3.0,1.0
prevalence rare,3.0,3.0,1.0
measure overall,3.0,3.0,1.0
long piece,3.0,3.0,1.0
abnormal number,3.0,3.0,1.0
genomic hybridisation,3.0,3.0,1.0
analysis paediatric,3.0,3.0,1.0
bilateral lymph,3.0,3.0,1.0
new course,3.0,3.0,1.0
old tool,3.0,3.0,1.0
practice colorectal,3.0,3.0,1.0
well position,3.0,3.0,1.0
old onset,3.0,3.0,1.0
organ human,3.0,3.0,1.0
molecular entity,3.0,3.0,1.0
jones molecular,3.0,3.0,1.0
likely malignant,3.0,3.0,1.0
impact woman,3.0,3.0,1.0
field biomedical,3.0,3.0,1.0
outreach activity,3.0,3.0,1.0
hpv year,3.0,3.0,1.0
deletion translocation,3.0,3.0,1.0
cancer value,3.0,3.0,1.0
uterus colon,3.0,3.0,1.0
exception cancer,3.0,3.0,1.0
year covid-19,3.0,3.0,1.0
symptom cognitive,3.0,3.0,1.0
pain inflammation,3.0,3.0,1.0
datum hpv,3.0,3.0,1.0
pathology cancer,3.0,3.0,1.0
interested opinion,3.0,3.0,1.0
causal factor,3.0,3.0,1.0
native woman,3.0,3.0,1.0
high indian,3.0,3.0,1.0
ethnic time,3.0,3.0,1.0
north east,3.0,3.0,1.0
function complicated,3.0,3.0,1.0
infection surgery,3.0,3.0,1.0
curative palliative,3.0,3.0,1.0
sensitivity test,3.0,3.0,1.0
example cervical,3.0,3.0,1.0
hpv disease,3.0,3.0,1.0
quality cognitive,3.0,3.0,1.0
optimistic project,3.0,3.0,1.0
cell purple,3.0,3.0,1.0
difference number,3.0,3.0,1.0
magnitude decline,3.0,3.0,1.0
pandemic magnitude,3.0,3.0,1.0
pre pandemic,3.0,3.0,1.0
disruption pre,3.0,3.0,1.0
vaccine previous,3.0,3.0,1.0
man major,3.0,3.0,1.0
covid-19 restriction,3.0,3.0,1.0
variation covid-19,3.0,3.0,1.0
similar variation,3.0,3.0,1.0
decline similar,3.0,3.0,1.0
east asia,3.0,3.0,1.0
return tumor,3.0,3.0,1.0
present percent,3.0,3.0,1.0
efficacy single,3.0,3.0,1.0
dose participant,3.0,3.0,1.0
time vaccination,3.0,3.0,1.0
loss weight,3.0,3.0,1.0
likely disruption,3.0,3.0,1.0
incidence likely,3.0,3.0,1.0
clinic partnership,3.0,3.0,1.0
diarrhea upper,3.0,3.0,1.0
initial high,3.0,3.0,1.0
vital brain,3.0,3.0,1.0
priority clinic,3.0,3.0,1.0
tumor nasopharyngeal,3.0,3.0,1.0
datum critical,3.0,3.0,1.0
cancer walker,3.0,3.0,1.0
testing team,3.0,3.0,1.0
imaging feature,3.0,3.0,1.0
disease chance,3.0,3.0,1.0
technique precision,3.0,3.0,1.0
share technique,3.0,3.0,1.0
late diagnose,3.0,3.0,1.0
aldape late,3.0,3.0,1.0
discus plan,3.0,3.0,1.0
talk history,3.0,3.0,1.0
good team,3.0,3.0,1.0
lifespan cancer,3.0,3.0,1.0
plan clinic,3.0,3.0,1.0
artery vein,3.0,3.0,1.0
difficult target,3.0,3.0,1.0
cancer master,3.0,3.0,1.0
progress new,3.0,3.0,1.0
engineering physic,3.0,3.0,1.0
year final,3.0,3.0,1.0
student opportunity,3.0,3.0,1.0
physician good,3.0,3.0,1.0
appropriate test,3.0,3.0,1.0
environment cell,3.0,3.0,1.0
difficulty hoarseness,3.0,3.0,1.0
function neoadjuvant,3.0,3.0,1.0
skill physician,3.0,3.0,1.0
lesion year,3.0,3.0,1.0
polish pediatric,3.0,3.0,1.0
implication understanding,3.0,3.0,1.0
idh1 mutation,3.0,3.0,1.0
rare median,3.0,3.0,1.0
accomplishment challenge,3.0,3.0,1.0
project child,3.0,3.0,1.0
cancer watson,3.0,3.0,1.0
neck rare,3.0,3.0,1.0
histology adult,3.0,3.0,1.0
tract skin,3.0,3.0,1.0
seh tayt,3.0,3.0,1.0
acetate placeholder,3.0,3.0,1.0
gene p53,3.0,3.0,1.0
resistant low,3.0,3.0,1.0
normal flow,3.0,3.0,1.0
function ability,3.0,3.0,1.0
child congenital,3.0,3.0,1.0
malignant nodule,3.0,3.0,1.0
marrow fat,3.0,3.0,1.0
cancer acetate,3.0,3.0,1.0
child relapse,3.0,3.0,1.0
head radiation,3.0,3.0,1.0
frame skull,3.0,3.0,1.0
radiation day,3.0,3.0,1.0
rapid translation,3.0,3.0,1.0
problem area,3.0,3.0,1.0
syndrome test,3.0,3.0,1.0
brain liver,3.0,3.0,1.0
sample cluster,3.0,3.0,1.0
prognosis challenge,3.0,3.0,1.0
stereotaxic radiosurgery,3.0,3.0,1.0
response transient,3.0,3.0,1.0
etoposide chemotherapy,3.0,3.0,1.0
medicine well,3.0,3.0,1.0
cancer beginning,3.0,3.0,1.0
metastatic pediatr,3.0,3.0,1.0
shamberger pediatric,3.0,3.0,1.0
tumor pulmonary,3.0,3.0,1.0
child metastatic,3.0,3.0,1.0
history testing,3.0,3.0,1.0
activation protein,3.0,3.0,1.0
fusion pathway,3.0,3.0,1.0
pediatric gastric,3.0,3.0,1.0
surface lesion,3.0,3.0,1.0
issue advanced,3.0,3.0,1.0
cancer exception,3.0,3.0,1.0
overall small,3.0,3.0,1.0
skin internal,3.0,3.0,1.0
chemotherapy likely,3.0,3.0,1.0
model able,3.0,3.0,1.0
mark cell,3.0,3.0,1.0
area head,3.0,3.0,1.0
cancer digestive,3.0,3.0,1.0
rare radiation,3.0,3.0,1.0
memory loss,3.0,3.0,1.0
potential contribution,3.0,3.0,1.0
complete assessment,3.0,3.0,1.0
week course,3.0,3.0,1.0
pain istock,3.0,3.0,1.0
participant underwent,3.0,3.0,1.0
ependymoma high,3.0,3.0,1.0
lens eye,3.0,3.0,1.0
measure potential,3.0,3.0,1.0
focus behavior,3.0,3.0,1.0
self symptom,3.0,3.0,1.0
tumor medicine,3.0,3.0,1.0
skin rare,3.0,3.0,1.0
week birth,3.0,3.0,1.0
radiation targeted,3.0,3.0,1.0
tissue diagnose,3.0,3.0,1.0
surgery neuropathologist,3.0,3.0,1.0
efficacy thyroid,3.0,3.0,1.0
addition aml,3.0,3.0,1.0
germline biallelic,3.0,3.0,1.0
pigment cell,3.0,3.0,1.0
melanoma deadly,3.0,3.0,1.0
old olaparib,3.0,3.0,1.0
healthy eating,3.0,3.0,1.0
signature chromosome,3.0,3.0,1.0
disease aml,3.0,3.0,1.0
defense mechanism,3.0,3.0,1.0
lab small,3.0,3.0,1.0
drug early,3.0,3.0,1.0
possibility drug,3.0,3.0,1.0
picture chest,3.0,3.0,1.0
thing need,3.0,3.0,1.0
low symptom,3.0,3.0,1.0
body magnetic,3.0,3.0,1.0
picture scan,3.0,3.0,1.0
liver problem,3.0,3.0,1.0
myeloid new,3.0,3.0,1.0
pattern loss,3.0,3.0,1.0
lot colon,3.0,3.0,1.0
sarcoma stromal,3.0,3.0,1.0
multicenter clin,3.0,3.0,1.0
surgery preoperative,3.0,3.0,1.0
kind stage,3.0,3.0,1.0
team novel,3.0,3.0,1.0
central line,3.0,3.0,1.0
burden variant,3.0,3.0,1.0
gene sequencing,3.0,3.0,1.0
profiling gene,3.0,3.0,1.0
adult choice,3.0,3.0,1.0
undergo bone,3.0,3.0,1.0
myc activation,3.0,3.0,1.0
knee hip,3.0,3.0,1.0
therapy implication,3.0,3.0,1.0
professor small,3.0,3.0,1.0
understand factor,3.0,3.0,1.0
distinct variant,3.0,3.0,1.0
cell salvage,3.0,3.0,1.0
screening option,3.0,3.0,1.0
disturbance cognitive,3.0,3.0,1.0
remove lymph,3.0,3.0,1.0
issue addition,3.0,3.0,1.0
automatic year,3.0,3.0,1.0
eligible automatic,3.0,3.0,1.0
birth eligible,3.0,3.0,1.0
guide future,3.0,3.0,1.0
high leukemia,3.0,3.0,1.0
imaging genomic,3.0,3.0,1.0
percent pancreatic,3.0,3.0,1.0
rate pnet,3.0,3.0,1.0
frequent severe,3.0,3.0,1.0
window childbirth,3.0,3.0,1.0
extension eligibility,3.0,3.0,1.0
active extension,3.0,3.0,1.0
therapy alteration,3.0,3.0,1.0
appropriate testing,3.0,3.0,1.0
number screening,3.0,3.0,1.0
birth extension,3.0,3.0,1.0
small liberal,3.0,3.0,1.0
subtype diagnosis,3.0,3.0,1.0
brain primitive,3.0,3.0,1.0
form project,3.0,3.0,1.0
library book,3.0,3.0,1.0
status large,3.0,3.0,1.0
year blinatumomab,3.0,3.0,1.0
key driver,3.0,3.0,1.0
cancer barrier,3.0,3.0,1.0
acid cancer,3.0,3.0,1.0
future interested,3.0,3.0,1.0
interview talk,3.0,3.0,1.0
tissue removed,3.0,3.0,1.0
tool small,3.0,3.0,1.0
tisagenlecleucel kymriah,3.0,3.0,1.0
example colorectal,3.0,3.0,1.0
direct support,3.0,3.0,1.0
critical diagnosis,3.0,3.0,1.0
appropriate diagnosis,3.0,3.0,1.0
great awareness,3.0,3.0,1.0
onset breast,3.0,3.0,1.0
neuroepithelial brain,3.0,3.0,1.0
factor strong,3.0,3.0,1.0
screen high,3.0,3.0,1.0
world similar,3.0,3.0,1.0
promoter high,3.0,3.0,1.0
human neuroblastoma,3.0,3.0,1.0
quality small,3.0,3.0,1.0
expression mutant,3.0,3.0,1.0
multiple example,3.0,3.0,1.0
genomic omic,3.0,3.0,1.0
adult colorectal,3.0,3.0,1.0
multicenter cancer,3.0,3.0,1.0
rapid test,3.0,3.0,1.0
pnet diagnostic,3.0,3.0,1.0
form experience,3.0,3.0,1.0
conjugate drug,3.0,3.0,1.0
red flag,3.0,3.0,1.0
antibody portion,3.0,3.0,1.0
effectiveness self,3.0,3.0,1.0
negative cell,3.0,3.0,1.0
time oncologist,3.0,3.0,1.0
scenario chemotherapy,3.0,3.0,1.0
diagnosis medulloblastoma,3.0,3.0,1.0
understanding structure,3.0,3.0,1.0
factor diet,3.0,3.0,1.0
cancer invade,3.0,3.0,1.0
brain drug,3.0,3.0,1.0
low metastasis,3.0,3.0,1.0
project initiative,3.0,3.0,1.0
experience support,3.0,3.0,1.0
award eligibility,3.0,3.0,1.0
single alteration,3.0,3.0,1.0
prognosis true,3.0,3.0,1.0
cell foothold,3.0,3.0,1.0
cancer daunting,3.0,3.0,1.0
development infrastructure,3.0,3.0,1.0
cross validation,3.0,3.0,1.0
present blood,3.0,3.0,1.0
cancer astrazeneca,3.0,3.0,1.0
outstanding cancer,3.0,3.0,1.0
proposal extramural,3.0,3.0,1.0
place interested,3.0,3.0,1.0
soh dee,3.0,3.0,1.0
damage breast,3.0,3.0,1.0
pain long,3.0,3.0,1.0
collaboration dozen,3.0,3.0,1.0
cancer functional,3.0,3.0,1.0
great failure,3.0,3.0,1.0
favorable child,3.0,3.0,1.0
few conventional,3.0,3.0,1.0
thing clear,3.0,3.0,1.0
downstream protein,3.0,3.0,1.0
age body,3.0,3.0,1.0
factor man,3.0,3.0,1.0
pain chronic,3.0,3.0,1.0
screen compound,3.0,3.0,1.0
team significant,3.0,3.0,1.0
disability cancer,3.0,3.0,1.0
decrease pain,3.0,3.0,1.0
adult germline,3.0,3.0,1.0
pharmaceutical cancer,3.0,3.0,1.0
cancer moderate,3.0,3.0,1.0
community problem,3.0,3.0,1.0
testicular ovarian,3.0,3.0,1.0
management person,3.0,3.0,1.0
body urine,3.0,3.0,1.0
exclusive tp53,3.0,3.0,1.0
quality mood,3.0,3.0,1.0
model biological,3.0,3.0,1.0
opportunity guide,3.0,3.0,1.0
related collaboration,3.0,3.0,1.0
outcome step,3.0,3.0,1.0
likely tumor,3.0,3.0,1.0
minority strong,3.0,3.0,1.0
immunotherapy inhibition,3.0,3.0,1.0
year detection,3.0,3.0,1.0
performance senior,3.0,3.0,1.0
team additional,3.0,3.0,1.0
lot model,3.0,3.0,1.0
cell property,3.0,3.0,1.0
phase team,3.0,3.0,1.0
phase biomarker,3.0,3.0,1.0
low suspicious,3.0,3.0,1.0
adolescence adulthood,3.0,3.0,1.0
calgb alliance,3.0,3.0,1.0
year oral,3.0,3.0,1.0
biomarker track,3.0,3.0,1.0
protein biomarker,3.0,3.0,1.0
test consistent,3.0,3.0,1.0
neurological disorder,3.0,3.0,1.0
cancer funded,3.0,3.0,1.0
large mass,3.0,3.0,1.0
score biomarker,3.0,3.0,1.0
screening additional,3.0,3.0,1.0
dampen immune,3.0,3.0,1.0
inhibition potential,3.0,3.0,1.0
gustave roussy,3.0,3.0,1.0
bacteria high,3.0,3.0,1.0
mix bacteria,3.0,3.0,1.0
low specificity,3.0,3.0,1.0
outcome central,3.0,3.0,1.0
joint terese,3.0,3.0,1.0
datum healthcare,3.0,3.0,1.0
cancer shift,3.0,3.0,1.0
advance ovarian,3.0,3.0,1.0
response journal,3.0,3.0,1.0
inhibitor ovarian,3.0,3.0,1.0
ability dna,3.0,3.0,1.0
oncology previous,3.0,3.0,1.0
cancer maintenance,3.0,3.0,1.0
ability parp,3.0,3.0,1.0
duloxetine cymbalta,3.0,3.0,1.0
pressure fever,3.0,3.0,1.0
drug need,3.0,3.0,1.0
desperate need,3.0,3.0,1.0
force thyroid,3.0,3.0,1.0
award specialist,3.0,3.0,1.0
serous epithelial,3.0,3.0,1.0
palpitation nausea,3.0,3.0,1.0
strategy critical,3.0,3.0,1.0
year k08,3.0,3.0,1.0
award mpi,3.0,3.0,1.0
cipn chemotherapy,3.0,3.0,1.0
neuropathy cipn,3.0,3.0,1.0
operation cancer,3.0,3.0,1.0
mutation median,3.0,3.0,1.0
strategy parent,3.0,3.0,1.0
hormone finding,3.0,3.0,1.0
nucleus gene,3.0,3.0,1.0
unknown mechanism,3.0,3.0,1.0
domain tumor,3.0,3.0,1.0
activity award,3.0,3.0,1.0
analogous mechanism,3.0,3.0,1.0
marker parp,3.0,3.0,1.0
institutional support,3.0,3.0,1.0
addition single,3.0,3.0,1.0
year medicine,3.0,3.0,1.0
somatic brca,3.0,3.0,1.0
inhibitor mechanism,3.0,3.0,1.0
additional biomarker,3.0,3.0,1.0
tumor glioblastoma,3.0,3.0,1.0
drug maintenance,3.0,3.0,1.0
mutation parp,3.0,3.0,1.0
prime suspect,3.0,3.0,1.0
tumor place,3.0,3.0,1.0
significant impairment,3.0,3.0,1.0
assessment method,3.0,3.0,1.0
cancer unanswered,3.0,3.0,1.0
short steroid,3.0,3.0,1.0
small nuclear,3.0,3.0,1.0
variant nucleotide,3.0,3.0,1.0
gene activation,3.0,3.0,1.0
size datum,3.0,3.0,1.0
size chemotherapy,3.0,3.0,1.0
length cell,3.0,3.0,1.0
gene regulatory,3.0,3.0,1.0
chemical cancer,3.0,3.0,1.0
growth genomic,3.0,3.0,1.0
regulatory region,3.0,3.0,1.0
advanced practice,3.0,3.0,1.0
university dna,3.0,3.0,1.0
datum statistic,3.0,3.0,1.0
activity potential,3.0,3.0,1.0
pain sensory,3.0,3.0,1.0
steroid response,3.0,3.0,1.0
behave human,3.0,3.0,1.0
chemistry biochemistry,3.0,3.0,1.0
benefit hpv,3.0,3.0,1.0
association prospective,3.0,3.0,1.0
shh tumor,3.0,3.0,1.0
heterozygous deleterious,3.0,3.0,1.0
overall finding,3.0,3.0,1.0
skill datum,3.0,3.0,1.0
mutation idh,3.0,3.0,1.0
genomic mutation,3.0,3.0,1.0
drs finding,3.0,3.0,1.0
gene instance,3.0,3.0,1.0
target downstream,3.0,3.0,1.0
fiber tumor,3.0,3.0,1.0
spread metastasized,3.0,3.0,1.0
investigator opportunity,3.0,3.0,1.0
testing method,3.0,3.0,1.0
value genome,3.0,3.0,1.0
particular molecule,3.0,3.0,1.0
development animal,3.0,3.0,1.0
surgery successful,3.0,3.0,1.0
cancer strict,3.0,3.0,1.0
iii medicine,3.0,3.0,1.0
canadian cancer,3.0,3.0,1.0
inhibitor tazemetostat,3.0,3.0,1.0
activity preclinical,3.0,3.0,1.0
regimen significant,3.0,3.0,1.0
complexity therapy,3.0,3.0,1.0
discussion region,3.0,3.0,1.0
analysis reliable,3.0,3.0,1.0
wnt gene,3.0,3.0,1.0
impact trend,3.0,3.0,1.0
goal method,3.0,3.0,1.0
positive old,3.0,3.0,1.0
factor incidence,3.0,3.0,1.0
year distinct,3.0,3.0,1.0
iii outcome,3.0,3.0,1.0
surgery arm,3.0,3.0,1.0
expression myc,3.0,3.0,1.0
subgroup subtype,3.0,3.0,1.0
quality similar,3.0,3.0,1.0
function cognitive,3.0,3.0,1.0
acupuncture joint,3.0,3.0,1.0
rapid pace,3.0,3.0,1.0
blood liquid,3.0,3.0,1.0
accrual goal,3.0,3.0,1.0
lifetime ovarian,3.0,3.0,1.0
percent therapy,3.0,3.0,1.0
failure rate,3.0,3.0,1.0
grade abnormal,3.0,3.0,1.0
talk step,3.0,3.0,1.0
disease indolent,3.0,3.0,1.0
pancrea stomach,3.0,3.0,1.0
drive floor,3.0,3.0,1.0
mutation nivolumab,3.0,3.0,1.0
gene woman,3.0,3.0,1.0
management direct,3.0,3.0,1.0
catheter thin,3.0,3.0,1.0
calmette guérin,3.0,3.0,1.0
number committee,3.0,3.0,1.0
alteration brca,3.0,3.0,1.0
knowledge skill,3.0,3.0,1.0
stage long,3.0,3.0,1.0
great public,3.0,3.0,1.0
testing young,3.0,3.0,1.0
mutation likely,3.0,3.0,1.0
testing strong,3.0,3.0,1.0
legal battle,3.0,3.0,1.0
year legal,3.0,3.0,1.0
breast percent,3.0,3.0,1.0
affected breast,3.0,3.0,1.0
breast bilateral,3.0,3.0,1.0
influence implication,3.0,3.0,1.0
cell decrease,3.0,3.0,1.0
tumor increase,3.0,3.0,1.0
cancer lecture,3.0,3.0,1.0
quality significant,3.0,3.0,1.0
socioeconomic background,3.0,3.0,1.0
mutation preventive,3.0,3.0,1.0
testing physician,3.0,3.0,1.0
gene consideration,3.0,3.0,1.0
woman alteration,3.0,3.0,1.0
issue illness,3.0,3.0,1.0
upcoming cancer,3.0,3.0,1.0
cancer asco,3.0,3.0,1.0
improved woman,3.0,3.0,1.0
well low,3.0,3.0,1.0
hour measure,3.0,3.0,1.0
test urine,3.0,3.0,1.0
pembrolizumab response,3.0,3.0,1.0
tumor atrt,3.0,3.0,1.0
promote genomic,3.0,3.0,1.0
pharmacologic agent,3.0,3.0,1.0
assessment prevention,3.0,3.0,1.0
dna molecular,3.0,3.0,1.0
cell parp,3.0,3.0,1.0
related gene,3.0,3.0,1.0
private collaboration,3.0,3.0,1.0
variety discipline,3.0,3.0,1.0
long tradition,3.0,3.0,1.0
cell scan,3.0,3.0,1.0
picture sugar,3.0,3.0,1.0
death advance,3.0,3.0,1.0
year maintenance,3.0,3.0,1.0
meningioma oligodendroglioma,3.0,3.0,1.0
gliosarcoma medulloblastoma,3.0,3.0,1.0
expression form,3.0,3.0,1.0
dna virus,3.0,3.0,1.0
method collaboration,3.0,3.0,1.0
referral partnership,3.0,3.0,1.0
today annual,3.0,3.0,1.0
great hope,3.0,3.0,1.0
challenge annual,3.0,3.0,1.0
vhl gene,3.0,3.0,1.0
public challenge,3.0,3.0,1.0
syndrome neuroendocrine,3.0,3.0,1.0
diarrhea gastrointestinal,3.0,3.0,1.0
fever nausea,3.0,3.0,1.0
county rural,3.0,3.0,1.0
progressive decline,3.0,3.0,1.0
wide cancer,3.0,3.0,1.0
tumor talk,3.0,3.0,1.0
goal community,3.0,3.0,1.0
future step,3.0,3.0,1.0
investigator hypothesis,3.0,3.0,1.0
classification define,3.0,3.0,1.0
investigator overall,3.0,3.0,1.0
year option,3.0,3.0,1.0
live transition,3.0,3.0,1.0
appendix appendectomy,3.0,3.0,1.0
discus testing,3.0,3.0,1.0
benefit counselor,3.0,3.0,1.0
child benefit,3.0,3.0,1.0
screening experience,3.0,3.0,1.0
mechanism therapeutic,3.0,3.0,1.0
prevention drug,3.0,3.0,1.0
impact genome,3.0,3.0,1.0
cell neuronal,3.0,3.0,1.0
likelihood child,3.0,3.0,1.0
cancer ultrasonography,3.0,3.0,1.0
chemotherapy prediction,3.0,3.0,1.0
child form,3.0,3.0,1.0
eastern europe,3.0,3.0,1.0
reality focus,3.0,3.0,1.0
overall number,3.0,3.0,1.0
radiation significant,3.0,3.0,1.0
anemia fatigue,3.0,3.0,1.0
lesion present,3.0,3.0,1.0
aggressive chemotherapy,3.0,3.0,1.0
collaboration progress,3.0,3.0,1.0
tumor pilocytic,3.0,3.0,1.0
field recognition,3.0,3.0,1.0
participant day,3.0,3.0,1.0
success challenge,3.0,3.0,1.0
age systematic,3.0,3.0,1.0
death new,3.0,3.0,1.0
tumor maintenance,3.0,3.0,1.0
strong collaboration,3.0,3.0,1.0
person colorectal,3.0,3.0,1.0
outcome baseline,3.0,3.0,1.0
scale outcome,3.0,3.0,1.0
novel assess,3.0,3.0,1.0
survivor example,3.0,3.0,1.0
fossa brain,3.0,3.0,1.0
delay tumor,3.0,3.0,1.0
rapid increase,3.0,3.0,1.0
anemia abdominal,3.0,3.0,1.0
great percentage,3.0,3.0,1.0
time happen,3.0,3.0,1.0
vaccination high,3.0,3.0,1.0
interim cancer,3.0,3.0,1.0
new message,3.0,3.0,1.0
profile low,3.0,3.0,1.0
chemical harmful,3.0,3.0,1.0
chemotherapy aggressive,3.0,3.0,1.0
score participant,3.0,3.0,1.0
finding insight,3.0,3.0,1.0
method algorithm,3.0,3.0,1.0
sleep loss,3.0,3.0,1.0
therapy castration,3.0,3.0,1.0
drug improvement,3.0,3.0,1.0
sperm egg,3.0,3.0,1.0
time pass,3.0,3.0,1.0
loss typical,3.0,3.0,1.0
scope project,3.0,3.0,1.0
fusion molecular,3.0,3.0,1.0
cadmium toxic,3.0,3.0,1.0
man long,3.0,3.0,1.0
worthless suicide,3.0,3.0,1.0
early phase,3.0,3.0,1.0
tumor androgen,3.0,3.0,1.0
cancer castration,3.0,3.0,1.0
benefit old,3.0,3.0,1.0
time advance,3.0,3.0,1.0
ability daily,3.0,3.0,1.0
religious background,3.0,3.0,1.0
performance age,3.0,3.0,1.0
criterion test,3.0,3.0,1.0
exposure time,3.0,3.0,1.0
hazardous gas,3.0,3.0,1.0
butadiene hazardous,3.0,3.0,1.0
macrophage endothelial,3.0,3.0,1.0
bladder liver,3.0,3.0,1.0
cancer delay,3.0,3.0,1.0
normal survivor,3.0,3.0,1.0
history support,3.0,3.0,1.0
preventable death,3.0,3.0,1.0
vinyl chloride,3.0,3.0,1.0
gas cadmium,3.0,3.0,1.0
medicine montefiore,3.0,3.0,1.0
cml imatinib,3.0,3.0,1.0
man great,3.0,3.0,1.0
death syndrome,3.0,3.0,1.0
sudden infant,3.0,3.0,1.0
variant v600e,3.0,3.0,1.0
disease cooperative,3.0,3.0,1.0
barrier cell,3.0,3.0,1.0
loss man,3.0,3.0,1.0
loss skill,3.0,3.0,1.0
responder response,3.0,3.0,1.0
toxicology surgeon,3.0,3.0,1.0
protection toxicology,3.0,3.0,1.0
mainstream smoke,3.0,3.0,1.0
tobacco mainstream,3.0,3.0,1.0
physical financial,3.0,3.0,1.0
datum intramural,3.0,3.0,1.0
drug antidepressant,3.0,3.0,1.0
bad cell,3.0,3.0,1.0
year bad,3.0,3.0,1.0
body antibody,3.0,3.0,1.0
smoke involuntary,3.0,3.0,1.0
smoke environmental,3.0,3.0,1.0
early death,3.0,3.0,1.0
oncology activity,3.0,3.0,1.0
imaging appearance,3.0,3.0,1.0
year characteristic,3.0,3.0,1.0
smoke stroke,3.0,3.0,1.0
person heart,3.0,3.0,1.0
immediate harmful,3.0,3.0,1.0
team antibody,3.0,3.0,1.0
time span,3.0,3.0,1.0
nonsmoker united,3.0,3.0,1.0
adult nonsmoker,3.0,3.0,1.0
smoke human,3.0,3.0,1.0
gene her2,3.0,3.0,1.0
married child,3.0,3.0,1.0
cell potent,3.0,3.0,1.0
bereavement child,3.0,3.0,1.0
overall immune,3.0,3.0,1.0
smoke airway,3.0,3.0,1.0
cold pneumonia,3.0,3.0,1.0
infection cold,3.0,3.0,1.0
budget applicant,3.0,3.0,1.0
wheeze breathless,3.0,3.0,1.0
lung cough,3.0,3.0,1.0
smoke growth,3.0,3.0,1.0
asthma secondhand,3.0,3.0,1.0
airway immediate,3.0,3.0,1.0
cancer residual,3.0,3.0,1.0
response able,3.0,3.0,1.0
array tumor,3.0,3.0,1.0
child previous,3.0,3.0,1.0
sure story,3.0,3.0,1.0
memory parent,3.0,3.0,1.0
need talk,3.0,3.0,1.0
option physician,3.0,3.0,1.0
livehelp instant,3.0,3.0,1.0
person tobacco,3.0,3.0,1.0
additional personnel,3.0,3.0,1.0
snuff tobacco,3.0,3.0,1.0
disease diffuse,3.0,3.0,1.0
outline progress,3.0,3.0,1.0
therapy comparison,3.0,3.0,1.0
provider close,3.0,3.0,1.0
pipe hookah,3.0,3.0,1.0
great challenge,3.0,3.0,1.0
brain kind,3.0,3.0,1.0
child midline,3.0,3.0,1.0
pathological diagnosis,3.0,3.0,1.0
adult single,3.0,3.0,1.0
viral load,3.0,3.0,1.0
disease allogeneic,3.0,3.0,1.0
central number,3.0,3.0,1.0
dose phase,3.0,3.0,1.0
mouth intravenous,3.0,3.0,1.0
example mouth,3.0,3.0,1.0
youth young,3.0,3.0,1.0
small difference,3.0,3.0,1.0
investigator option,3.0,3.0,1.0
benefit small,3.0,3.0,1.0
compare example,3.0,3.0,1.0
field drug,3.0,3.0,1.0
test safe,3.0,3.0,1.0
cancer box,3.0,3.0,1.0
supratentorial location,3.0,3.0,1.0
institution letter,3.0,3.0,1.0
measure physical,3.0,3.0,1.0
therapy pediatr,3.0,3.0,1.0
city country,3.0,3.0,1.0
area zip,3.0,3.0,1.0
facility hospital,3.0,3.0,1.0
number relevant,3.0,3.0,1.0
cohort rate,3.0,3.0,1.0
present moment,3.0,3.0,1.0
keyword phrase,3.0,3.0,1.0
field relevant,3.0,3.0,1.0
option subtype,3.0,3.0,1.0
stage drug,3.0,3.0,1.0
chemotherapy oncology,3.0,3.0,1.0
situation relevant,3.0,3.0,1.0
function year,3.0,3.0,1.0
cohort favorable,3.0,3.0,1.0
outcome genomic,3.0,3.0,1.0
datum create,3.0,3.0,1.0
mile radius,3.0,3.0,1.0
feature form,3.0,3.0,1.0
variant egfr,3.0,3.0,1.0
rate loss,3.0,3.0,1.0
nature tumor,3.0,3.0,1.0
form keyword,3.0,3.0,1.0
helpful provider,3.0,3.0,1.0
able child,3.0,3.0,1.0
development awardee,3.0,3.0,1.0
disease behavioral,3.0,3.0,1.0
smoking—50 year,3.0,3.0,1.0
consequence smoking—50,3.0,3.0,1.0
finding analysis,3.0,3.0,1.0
datum country,3.0,3.0,1.0
velcade dexamethasone,3.0,3.0,1.0
skill interest,3.0,3.0,1.0
person virtual,3.0,3.0,1.0
annual progress,3.0,3.0,1.0
capecitabine drug,3.0,3.0,1.0
form adjuvant,3.0,3.0,1.0
function area,3.0,3.0,1.0
factor dental,3.0,3.0,1.0
university south,3.0,3.0,1.0
smoking attributable,3.0,3.0,1.0
behavioral smoking,3.0,3.0,1.0
tumor histone,3.0,3.0,1.0
public toxicology,3.0,3.0,1.0
carcinogen public,3.0,3.0,1.0
workshop opportunity,3.0,3.0,1.0
video recording,3.0,3.0,1.0
workshop session,3.0,3.0,1.0
showcase cancer,3.0,3.0,1.0
prospective applicant,3.0,3.0,1.0
interest physical,3.0,3.0,1.0
aortic lymph,3.0,3.0,1.0
discussion workshop,3.0,3.0,1.0
likely drug,3.0,3.0,1.0
year frequent,3.0,3.0,1.0
classification histological,3.0,3.0,1.0
toxicology tobacco,3.0,3.0,1.0
promotion chronic,3.0,3.0,1.0
involuntary exposure,3.0,3.0,1.0
inhibitor multiple,3.0,3.0,1.0
limitation physical,3.0,3.0,1.0
building momentum,3.0,3.0,1.0
protocol cancer,3.0,3.0,1.0
frequency spectrum,3.0,3.0,1.0
cohort frequency,3.0,3.0,1.0
attributable disease,3.0,3.0,1.0
analysis positive,3.0,3.0,1.0
cohort variant,3.0,3.0,1.0
sequence mutation,3.0,3.0,1.0
sample target,3.0,3.0,1.0
physical fitness,3.0,3.0,1.0
assessment development,3.0,3.0,1.0
environmental assessment,3.0,3.0,1.0
vol 100e,3.0,3.0,1.0
human vol,3.0,3.0,1.0
combustion human,3.0,3.0,1.0
tobacco personal,3.0,3.0,1.0
smoking hand,3.0,3.0,1.0
keynote speaker,3.0,3.0,1.0
universal cancer,3.0,3.0,1.0
datum initial,3.0,3.0,1.0
cohort somatic,3.0,3.0,1.0
investigator advanced,3.0,3.0,1.0
grade difference,3.0,3.0,1.0
phenotype frequent,3.0,3.0,1.0
protection environmental,3.0,3.0,1.0
disorder environmental,3.0,3.0,1.0
respiratory passive,3.0,3.0,1.0
community tissue,3.0,3.0,1.0
rate adolescent,3.0,3.0,1.0
protection respiratory,3.0,3.0,1.0
100e cancer,3.0,3.0,1.0
cancer scholar,3.0,3.0,1.0
rate glioma,3.0,3.0,1.0
response protocol,3.0,3.0,1.0
place long,3.0,3.0,1.0
investigator broad,3.0,3.0,1.0
tobacco chemical,3.0,3.0,1.0
glioma outcome,3.0,3.0,1.0
united morbidity,3.0,3.0,1.0
attitude belief,3.0,3.0,1.0
participant verbal,3.0,3.0,1.0
quality disease,3.0,3.0,1.0
period rapid,3.0,3.0,1.0
well adherence,3.0,3.0,1.0
significant time,3.0,3.0,1.0
aml kidney,3.0,3.0,1.0
adult affected,3.0,3.0,1.0
highlight contribution,3.0,3.0,1.0
screening incidental,3.0,3.0,1.0
annual lung,3.0,3.0,1.0
adjuvant capecitabine,3.0,3.0,1.0
mutant brain,3.0,3.0,1.0
complexity challenge,3.0,3.0,1.0
project veteran,3.0,3.0,1.0
left lung,3.0,3.0,1.0
trend pediatric,3.0,3.0,1.0
rate presence,3.0,3.0,1.0
addison disease,3.0,3.0,1.0
medicine idh,3.0,3.0,1.0
carcinoma special,3.0,3.0,1.0
promotion disease,3.0,3.0,1.0
brain heart,3.0,3.0,1.0
quality survey,3.0,3.0,1.0
surgery young,3.0,3.0,1.0
failure prognosis,3.0,3.0,1.0
field human,3.0,3.0,1.0
support aya,3.0,3.0,1.0
frequency radiation,3.0,3.0,1.0
therapy focus,3.0,3.0,1.0
carcinoma association,3.0,3.0,1.0
surgery bad,3.0,3.0,1.0
vessel wall,3.0,3.0,1.0
country north,3.0,3.0,1.0
long objective,3.0,3.0,1.0
leader crchd,3.0,3.0,1.0
mutation tp53,3.0,3.0,1.0
example mutation,3.0,3.0,1.0
winslow large,3.0,3.0,1.0
college time,3.0,3.0,1.0
substantial increase,3.0,3.0,1.0
pattern low,3.0,3.0,1.0
agent doxorubicin,3.0,3.0,1.0
medicine unique,3.0,3.0,1.0
big barrier,3.0,3.0,1.0
rate positive,3.0,3.0,1.0
potential reason,3.0,3.0,1.0
retrospective tumor,3.0,3.0,1.0
video game,3.0,3.0,1.0
scheduling appointment,3.0,3.0,1.0
carcinoma seibel,3.0,3.0,1.0
biological distinction,3.0,3.0,1.0
smoker benefit,3.0,3.0,1.0
prognosis classification,3.0,3.0,1.0
day drug,3.0,3.0,1.0
erlotinib egfr,3.0,3.0,1.0
year midline,3.0,3.0,1.0
number age,3.0,3.0,1.0
paper pediatric,3.0,3.0,1.0
ice cream,3.0,3.0,1.0
symptom phase,3.0,3.0,1.0
clear tip,3.0,3.0,1.0
breeze clear,3.0,3.0,1.0
supplement breeze,3.0,3.0,1.0
datum clear,3.0,3.0,1.0
adult subgroup,3.0,3.0,1.0
heterogeneous entity,3.0,3.0,1.0
start community,3.0,3.0,1.0
nutrition supplement,3.0,3.0,1.0
clear nutrition,3.0,3.0,1.0
supplement clear,3.0,3.0,1.0
conventional regimen,3.0,3.0,1.0
seamless transition,3.0,3.0,1.0
digest high,3.0,3.0,1.0
body need,3.0,3.0,1.0
characteristic genomic,3.0,3.0,1.0
future focus,3.0,3.0,1.0
illness young,3.0,3.0,1.0
improvement cognitive,3.0,3.0,1.0
severe damage,3.0,3.0,1.0
advantage therapy,3.0,3.0,1.0
investigator note,3.0,3.0,1.0
operation committee,3.0,3.0,1.0
translational operation,3.0,3.0,1.0
country great,3.0,3.0,1.0
public concern,3.0,3.0,1.0
responsible death,3.0,3.0,1.0
progress tobacco,3.0,3.0,1.0
project experience,3.0,3.0,1.0
schlegel cancer,3.0,3.0,1.0
interview schlegel,3.0,3.0,1.0
myb fusion,3.0,3.0,1.0
long issue,3.0,3.0,1.0
advanced field,3.0,3.0,1.0
welcome ceremony,3.0,3.0,1.0
accelerate development,3.0,3.0,1.0
glioma angiocentric,3.0,3.0,1.0
cancer aspect,3.0,3.0,1.0
gain cancer,3.0,3.0,1.0
sense cancer,3.0,3.0,1.0
xerostomia salivary,3.0,3.0,1.0
statistic stage,3.0,3.0,1.0
therapist physical,3.0,3.0,1.0
lymphoma mucosa,3.0,3.0,1.0
organizational structure,3.0,3.0,1.0
rare genomic,3.0,3.0,1.0
additional oncogenic,3.0,3.0,1.0
skill cancer,3.0,3.0,1.0
time cohort,3.0,3.0,1.0
participant week,3.0,3.0,1.0
form area,3.0,3.0,1.0
everolimus afinitor,3.0,3.0,1.0
driver alteration,3.0,3.0,1.0
agent overall,3.0,3.0,1.0
underwent gross,3.0,3.0,1.0
child wild,3.0,3.0,1.0
similar normal,3.0,3.0,1.0
creative writing,3.0,3.0,1.0
grateful day,3.0,3.0,1.0
diet breast,3.0,3.0,1.0
goal strategy,3.0,3.0,1.0
difficult interpret,3.0,3.0,1.0
point body,3.0,3.0,1.0
team discussion,3.0,3.0,1.0
diagnosis person,3.0,3.0,1.0
material body,3.0,3.0,1.0
waste material,3.0,3.0,1.0
likelihood cell,3.0,3.0,1.0
burden great,3.0,3.0,1.0
complex genome,3.0,3.0,1.0
deficiency bmmrd,3.0,3.0,1.0
nutrient waste,3.0,3.0,1.0
gland function,3.0,3.0,1.0
pharynx throat,3.0,3.0,1.0
provider rare,3.0,3.0,1.0
tract organ,3.0,3.0,1.0
multiple copy,3.0,3.0,1.0
tumor amenable,3.0,3.0,1.0
issue stomach,3.0,3.0,1.0
commercial company,3.0,3.0,1.0
experience benefit,3.0,3.0,1.0
additional dataset,3.0,3.0,1.0
oncologist perceive,3.0,3.0,1.0
nf1 investigator,3.0,3.0,1.0
ophthalmologic examination,3.0,3.0,1.0
tumor tuberous,3.0,3.0,1.0
significant morbidity,3.0,3.0,1.0
assay development,3.0,3.0,1.0
problem short,3.0,3.0,1.0
minimal impact,3.0,3.0,1.0
smoker old,3.0,3.0,1.0
expression feature,3.0,3.0,1.0
pathway inhibitor,3.0,3.0,1.0
rearrangement myb,3.0,3.0,1.0
new kid,3.0,3.0,1.0
child southwestern,3.0,3.0,1.0
mortality difference,3.0,3.0,1.0
finding highlight,3.0,3.0,1.0
predictor response,3.0,3.0,1.0
hot cold,3.0,3.0,1.0
cancer peripheral,3.0,3.0,1.0
metabolic disease,3.0,3.0,1.0
diffuse astrocytoma,3.0,3.0,1.0
meet need,3.0,3.0,1.0
previous classification,3.0,3.0,1.0
tcga history,3.0,3.0,1.0
advance molecular,3.0,3.0,1.0
cancer accessible,3.0,3.0,1.0
physical psychosocial,3.0,3.0,1.0
survivor physical,3.0,3.0,1.0
exposure sun,3.0,3.0,1.0
repository dctd,3.0,3.0,1.0
tissue donation,3.0,3.0,1.0
clinic model,3.0,3.0,1.0
pineal tumor,3.0,3.0,1.0
damage sun,3.0,3.0,1.0
sample skin,3.0,3.0,1.0
notice unusual,3.0,3.0,1.0
photo skin,3.0,3.0,1.0
notice skin,3.0,3.0,1.0
cancer firm,3.0,3.0,1.0
detection symptom,3.0,3.0,1.0
course illness,3.0,3.0,1.0
plan priority,3.0,3.0,1.0
skin sore,3.0,3.0,1.0
disease form,3.0,3.0,1.0
gene mirna,3.0,3.0,1.0
limited copy,3.0,3.0,1.0
alteration molecular,3.0,3.0,1.0
rich large,3.0,3.0,1.0
form crust,3.0,3.0,1.0
sore heal,3.0,3.0,1.0
tsunami cancer,3.0,3.0,1.0
survivor arch,3.0,3.0,1.0
surface body,3.0,3.0,1.0
woman few,3.0,3.0,1.0
psychosocial spiritual,3.0,3.0,1.0
disease lymphocyte,3.0,3.0,1.0
breast factor,3.0,3.0,1.0
phase breast,3.0,3.0,1.0
correlation outcome,3.0,3.0,1.0
similar reduction,3.0,3.0,1.0
today future,3.0,3.0,1.0
datum annual,3.0,3.0,1.0
advance skin,3.0,3.0,1.0
breast size,3.0,3.0,1.0
silver tsunami,3.0,3.0,1.0
forecast silver,3.0,3.0,1.0
future breast,3.0,3.0,1.0
step mechanism,3.0,3.0,1.0
inhibitor team,3.0,3.0,1.0
dna die,3.0,3.0,1.0
transplant multiple,3.0,3.0,1.0
complex need,3.0,3.0,1.0
interval child,3.0,3.0,1.0
therapy topoisomerase,3.0,3.0,1.0
btk present,3.0,3.0,1.0
protein btk,3.0,3.0,1.0
lymphoma chronic,3.0,3.0,1.0
cancer schmidt,3.0,3.0,1.0
ability child,3.0,3.0,1.0
corticosteroid ibrutinib,3.0,3.0,1.0
drug previous,3.0,3.0,1.0
dna genetic,3.0,3.0,1.0
cuccaro tumor,3.0,3.0,1.0
bruscaggin cuccaro,3.0,3.0,1.0
complex class,3.0,3.0,1.0
comparison age,3.0,3.0,1.0
median percent,3.0,3.0,1.0
disease classical,3.0,3.0,1.0
evolution residual,3.0,3.0,1.0
medicine option,3.0,3.0,1.0
drug toxic,3.0,3.0,1.0
genetic clonal,3.0,3.0,1.0
improvement tumor,3.0,3.0,1.0
sample ovarian,3.0,3.0,1.0
cell resolution,3.0,3.0,1.0
marrow single,3.0,3.0,1.0
time median,3.0,3.0,1.0
time multiple,3.0,3.0,1.0
coalition cancer,3.0,3.0,1.0
high pain,3.0,3.0,1.0
expression correlation,3.0,3.0,1.0
improvement gvhd,3.0,3.0,1.0
half ibrutinib,3.0,3.0,1.0
limb joint,3.0,3.0,1.0
breath limb,3.0,3.0,1.0
painful mouth,3.0,3.0,1.0
addition brca,3.0,3.0,1.0
provider concern,3.0,3.0,1.0
prevention pancreatic,3.0,3.0,1.0
plant accident,3.0,3.0,1.0
antibody addition,3.0,3.0,1.0
medicine strategy,3.0,3.0,1.0
inhibitor brca,3.0,3.0,1.0
cell region,3.0,3.0,1.0
key dna,3.0,3.0,1.0
repair damage,3.0,3.0,1.0
drug shortage,3.0,3.0,1.0
specificity phosphatase,3.0,3.0,1.0
dual specificity,3.0,3.0,1.0
development team,3.0,3.0,1.0
thiosulfate cisplatin,3.0,3.0,1.0
application precision,3.0,3.0,1.0
translation cancer,3.0,3.0,1.0
sel brief,3.0,3.0,1.0
loo sel,3.0,3.0,1.0
good scenario,3.0,3.0,1.0
drug recombinant,3.0,3.0,1.0
therapy shrank,3.0,3.0,1.0
sarcoma therapy,3.0,3.0,1.0
positive presence,3.0,3.0,1.0
presence somatic,3.0,3.0,1.0
increase rate,3.0,3.0,1.0
therapy systematic,3.0,3.0,1.0
sample dna,3.0,3.0,1.0
team retrospective,3.0,3.0,1.0
mass cell,3.0,3.0,1.0
percentage malignant,3.0,3.0,1.0
right need,3.0,3.0,1.0
marrow high,3.0,3.0,1.0
inactivation gene,3.0,3.0,1.0
multiple prior,3.0,3.0,1.0
sarcoma multiple,3.0,3.0,1.0
rate race,3.0,3.0,1.0
rate 1990,3.0,3.0,1.0
disease systemic,3.0,3.0,1.0
dlbcl follicular,3.0,3.0,1.0
problem cell,3.0,3.0,1.0
multiple variable,3.0,3.0,1.0
age bad,3.0,3.0,1.0
minimal therapy,3.0,3.0,1.0
chernobyl nuclear,3.0,3.0,1.0
cyst cancer,3.0,3.0,1.0
child consistent,3.0,3.0,1.0
critical datum,3.0,3.0,1.0
cell engineering,3.0,3.0,1.0
finding test,3.0,3.0,1.0
cross blood,3.0,3.0,1.0
noncancerous pancreatic,3.0,3.0,1.0
surgery regular,3.0,3.0,1.0
period therapy,3.0,3.0,1.0
priority advance,3.0,3.0,1.0
budget fiscal,3.0,3.0,1.0
initiative competitive,3.0,3.0,1.0
large year,3.0,3.0,1.0
priority activity,3.0,3.0,1.0
disease genome,3.0,3.0,1.0
thank investment,3.0,3.0,1.0
practice molecular,3.0,3.0,1.0
outcome multiple,3.0,3.0,1.0
collaborative activity,3.0,3.0,1.0
spot dna,3.0,3.0,1.0
alteration cfdna,3.0,3.0,1.0
response notice,3.0,3.0,1.0
status expression,3.0,3.0,1.0
subtype hormone,3.0,3.0,1.0
north cancer,3.0,3.0,1.0
high surgery,3.0,3.0,1.0
oncology initiative,3.0,3.0,1.0
infection additional,3.0,3.0,1.0
tobacco obesity,3.0,3.0,1.0
datum lifestyle,3.0,3.0,1.0
drug abnormality,3.0,3.0,1.0
increase support,3.0,3.0,1.0
major obstacle,3.0,3.0,1.0
benefit practice,3.0,3.0,1.0
subset drug,3.0,3.0,1.0
degree breast,3.0,3.0,1.0
chemical modification,3.0,3.0,1.0
factor rare,3.0,3.0,1.0
method drug,3.0,3.0,1.0
microenvironment initiative,3.0,3.0,1.0
activity advance,3.0,3.0,1.0
support advance,3.0,3.0,1.0
therapy knowledge,3.0,3.0,1.0
therapy traditional,3.0,3.0,1.0
team immune,3.0,3.0,1.0
characterization genomic,3.0,3.0,1.0
expression epigenetic,3.0,3.0,1.0
lymphoma immune,3.0,3.0,1.0
related thyroid,3.0,3.0,1.0
goiter thyroid,3.0,3.0,1.0
tumor late,3.0,3.0,1.0
tool lot,3.0,3.0,1.0
quantitative imaging,3.0,3.0,1.0
tcga applicable,3.0,3.0,1.0
atc medullary,3.0,3.0,1.0
muscle tissue,3.0,3.0,1.0
cell difficult,3.0,3.0,1.0
brain mri,3.0,3.0,1.0
ultrasound mri,3.0,3.0,1.0
disease topic,3.0,3.0,1.0
reduction cost,3.0,3.0,1.0
quality reduction,3.0,3.0,1.0
paraganglioma rare,3.0,3.0,1.0
tumor paraganglioma,3.0,3.0,1.0
diversity tumor,3.0,3.0,1.0
rna human,3.0,3.0,1.0
lymphoma project,3.0,3.0,1.0
landscape somatic,3.0,3.0,1.0
lymphoma impact,3.0,3.0,1.0
acc anaplastic,3.0,3.0,1.0
lymphoma frequent,3.0,3.0,1.0
lung carcinoma,3.0,3.0,1.0
emergency surgery,3.0,3.0,1.0
nausea abdominal,3.0,3.0,1.0
couple place,3.0,3.0,1.0
characterization tcga,3.0,3.0,1.0
radiation scan,3.0,3.0,1.0
lymphoma candidate,3.0,3.0,1.0
expectancy hospice,3.0,3.0,1.0
genome analysis,3.0,3.0,1.0
area intense,3.0,3.0,1.0
cornerstone cancer,3.0,3.0,1.0
pediatric precursor,3.0,3.0,1.0
sanchez vega,3.0,3.0,1.0
symptom abdominal,3.0,3.0,1.0
option low,3.0,3.0,1.0
sensitive imaging,3.0,3.0,1.0
damaging radiation,3.0,3.0,1.0
mibg scintigraphy,3.0,3.0,1.0
symptom goal,3.0,3.0,1.0
analysis low,3.0,3.0,1.0
profound commitment,3.0,3.0,1.0
mediastinal lymphoma,3.0,3.0,1.0
pattern molecular,3.0,3.0,1.0
describe disease,3.0,3.0,1.0
coefficient confidence,3.0,3.0,1.0
pediatric mature,3.0,3.0,1.0
characterization cell,3.0,3.0,1.0
significant advance,3.0,3.0,1.0
community today,3.0,3.0,1.0
comparison pediatric,3.0,3.0,1.0
inhibitor short,3.0,3.0,1.0
sensitivity mri,3.0,3.0,1.0
tumor disorder,3.0,3.0,1.0
tumor mibg,3.0,3.0,1.0
datum dave,3.0,3.0,1.0
area discipline,3.0,3.0,1.0
infrastructure big,3.0,3.0,1.0
adult mature,3.0,3.0,1.0
molecular distinction,3.0,3.0,1.0
prospective blood,3.0,3.0,1.0
suite tool,3.0,3.0,1.0
mean child,3.0,3.0,1.0
cutting theme,3.0,3.0,1.0
course short,3.0,3.0,1.0
lymphoma prospective,3.0,3.0,1.0
cell transfusion,3.0,3.0,1.0
factor occurrence,3.0,3.0,1.0
proliferation index,3.0,3.0,1.0
high proliferation,3.0,3.0,1.0
blood mile,3.0,3.0,1.0
antigen tumor,3.0,3.0,1.0
factor course,3.0,3.0,1.0
chronic poor,3.0,3.0,1.0
objective assessment,3.0,3.0,1.0
tool pipeline,3.0,3.0,1.0
observational internal,3.0,3.0,1.0
goal benefit,3.0,3.0,1.0
feature response,3.0,3.0,1.0
development imaging,3.0,3.0,1.0
unique development,3.0,3.0,1.0
knowledge video,3.0,3.0,1.0
syndrome neurofibromatosis,3.0,3.0,1.0
instrumental development,3.0,3.0,1.0
therapy innovative,3.0,3.0,1.0
cancer neurocognitive,3.0,3.0,1.0
surgery invasive,3.0,3.0,1.0
exemplary public,3.0,3.0,1.0
white eye,3.0,3.0,1.0
composition tumor,3.0,3.0,1.0
genetics tumour,3.0,3.0,1.0
pathology genetics,3.0,3.0,1.0
stomach acid,3.0,3.0,1.0
key measure,3.0,3.0,1.0
relief pain,3.0,3.0,1.0
understanding human,3.0,3.0,1.0
translational application,3.0,3.0,1.0
issue datum,3.0,3.0,1.0
account tumor,3.0,3.0,1.0
acetic acid,3.0,3.0,1.0
symptom hormone,3.0,3.0,1.0
cathy oncology,3.0,3.0,1.0
year cathy,3.0,3.0,1.0
pillar year,3.0,3.0,1.0
servant pillar,3.0,3.0,1.0
annette cathy,3.0,3.0,1.0
servant annette,3.0,3.0,1.0
tanzania cathy,3.0,3.0,1.0
reproducible strategy,3.0,3.0,1.0
diagnostic reproducible,3.0,3.0,1.0
cancer itcr,3.0,3.0,1.0
symptom imaging,3.0,3.0,1.0
culture animal,3.0,3.0,1.0
tissue culture,3.0,3.0,1.0
span preclinical,3.0,3.0,1.0
suppressive therapy,3.0,3.0,1.0
new extensive,3.0,3.0,1.0
biomarker development,3.0,3.0,1.0
illustrate improvement,3.0,3.0,1.0
data illustrate,3.0,3.0,1.0
discovery somatic,3.0,3.0,1.0
wide discovery,3.0,3.0,1.0
learning problem,3.0,3.0,1.0
reduction score,3.0,3.0,1.0
screening mutation,3.0,3.0,1.0
gerhard genome,3.0,3.0,1.0
cathy exemplary,3.0,3.0,1.0
cancer cathy,3.0,3.0,1.0
m.s.n year,3.0,3.0,1.0
muha m.s.n,3.0,3.0,1.0
pathway pathogenesis,3.0,3.0,1.0
infection progress,3.0,3.0,1.0
biomarker mutation,3.0,3.0,1.0
find association,3.0,3.0,1.0
ability human,3.0,3.0,1.0
potent cancer,3.0,3.0,1.0
country team,3.0,3.0,1.0
outcome surg,3.0,3.0,1.0
immunohistochemical expression,3.0,3.0,1.0
biomedical fnlcr,3.0,3.0,1.0
cancer concerned,3.0,3.0,1.0
summit cancer,3.0,3.0,1.0
structural racism,3.0,3.0,1.0
potential advance,3.0,3.0,1.0
idea great,3.0,3.0,1.0
decade new,3.0,3.0,1.0
overview breast,3.0,3.0,1.0
example person,3.0,3.0,1.0
woman similar,3.0,3.0,1.0
cin cancer,3.0,3.0,1.0
far cancer,3.0,3.0,1.0
receiving dose,3.0,3.0,1.0
present pediatric,3.0,3.0,1.0
track progress,3.0,3.0,1.0
european series,3.0,3.0,1.0
microbiology university,3.0,3.0,1.0
bulb thin,3.0,3.0,1.0
lobule bulb,3.0,3.0,1.0
milk lobule,3.0,3.0,1.0
bulb milk,3.0,3.0,1.0
tiny bulb,3.0,3.0,1.0
dozen tiny,3.0,3.0,1.0
lobule dozen,3.0,3.0,1.0
small lobule,3.0,3.0,1.0
lobe small,3.0,3.0,1.0
tumor oxygen,3.0,3.0,1.0
cell oncogene,3.0,3.0,1.0
finding cell,3.0,3.0,1.0
hpv16 cancer,3.0,3.0,1.0
axilla arm,3.0,3.0,1.0
node bean,3.0,3.0,1.0
colorless lymph,3.0,3.0,1.0
lobe duct,3.0,3.0,1.0
lymph filter,3.0,3.0,1.0
lymphatic lymph,3.0,3.0,1.0
support lymphatic,3.0,3.0,1.0
wall support,3.0,3.0,1.0
shape muscle,3.0,3.0,1.0
lymphoma prognosis,3.0,3.0,1.0
cancer educ,3.0,3.0,1.0
cancer internal,3.0,3.0,1.0
pediatric anaplastic,3.0,3.0,1.0
breast shape,3.0,3.0,1.0
nipple fatty,3.0,3.0,1.0
transport milk,3.0,3.0,1.0
enlarge female,3.0,3.0,1.0
tube duct,3.0,3.0,1.0
viral gene,3.0,3.0,1.0
cisplatin line,3.0,3.0,1.0
round cancer,3.0,3.0,1.0
syndrome surgery,3.0,3.0,1.0
stressful situation,3.0,3.0,1.0
immunohistochemical pattern,3.0,3.0,1.0
quality relevant,3.0,3.0,1.0
vessel colorless,3.0,3.0,1.0
test quality,3.0,3.0,1.0
quality screening,3.0,3.0,1.0
lobule transport,3.0,3.0,1.0
labile blood,3.0,3.0,1.0
age metastatic,3.0,3.0,1.0
difference statistical,3.0,3.0,1.0
relapse great,3.0,3.0,1.0
trigger normal,3.0,3.0,1.0
regardless race,3.0,3.0,1.0
immunotherapy method,3.0,3.0,1.0
project focus,3.0,3.0,1.0
problem datum,3.0,3.0,1.0
pregnancy male,3.0,3.0,1.0
initial subsequent,3.0,3.0,1.0
test therapeutic,3.0,3.0,1.0
agent biomarker,3.0,3.0,1.0
microscopy cryo,3.0,3.0,1.0
variety disease,3.0,3.0,1.0
disease variety,3.0,3.0,1.0
cancer cohen,3.0,3.0,1.0
factor discussion,3.0,3.0,1.0
leukemia wikimedia,3.0,3.0,1.0
spread liver,3.0,3.0,1.0
association stage,3.0,3.0,1.0
little agent,3.0,3.0,1.0
percentage alive,3.0,3.0,1.0
placebo percentage,3.0,3.0,1.0
cancer picture,3.0,3.0,1.0
recovery well,3.0,3.0,1.0
genomic gdc,3.0,3.0,1.0
gdc knowledge,3.0,3.0,1.0
tumor excellent,3.0,3.0,1.0
datum double,3.0,3.0,1.0
hematologic neoplasm,3.0,3.0,1.0
united country,3.0,3.0,1.0
aml midostaurin,3.0,3.0,1.0
major drug,3.0,3.0,1.0
labeling drug,3.0,3.0,1.0
regular testing,3.0,3.0,1.0
support intensive,3.0,3.0,1.0
area annual,3.0,3.0,1.0
medicine match,3.0,3.0,1.0
major response,3.0,3.0,1.0
drug investigator,3.0,3.0,1.0
week remission,3.0,3.0,1.0
passion cancer,3.0,3.0,1.0
gene prevention,3.0,3.0,1.0
ability conduct,3.0,3.0,1.0
predictor cancer,3.0,3.0,1.0
decrease time,3.0,3.0,1.0
pain decrease,3.0,3.0,1.0
cell cml,3.0,3.0,1.0
cml cancer,3.0,3.0,1.0
death mortality,3.0,3.0,1.0
difference matter,3.0,3.0,1.0
video feature,3.0,3.0,1.0
idea future,3.0,3.0,1.0
additional drug,3.0,3.0,1.0
effectiveness radiation,3.0,3.0,1.0
cancer gross,3.0,3.0,1.0
young new,3.0,3.0,1.0
time remission,3.0,3.0,1.0
pill number,3.0,3.0,1.0
great team,3.0,3.0,1.0
serf special,3.0,3.0,1.0
application strong,3.0,3.0,1.0
support consideration,3.0,3.0,1.0
pharmacology therapeutic,3.0,3.0,1.0
cancer pharmacology,3.0,3.0,1.0
welcome chief,3.0,3.0,1.0
team therapy,3.0,3.0,1.0
hematologic solid,3.0,3.0,1.0
focus tumor,3.0,3.0,1.0
collaboration advocacy,3.0,3.0,1.0
adult hematologic,3.0,3.0,1.0
reason brain,3.0,3.0,1.0
series interactive,3.0,3.0,1.0
united low,3.0,3.0,1.0
direction old,3.0,3.0,1.0
activity datum,3.0,3.0,1.0
kid leukemia,3.0,3.0,1.0
young kid,3.0,3.0,1.0
unique rare,3.0,3.0,1.0
brave pediatric,3.0,3.0,1.0
area big,3.0,3.0,1.0
disease spread,3.0,3.0,1.0
leukemia big,3.0,3.0,1.0
right leukemia,3.0,3.0,1.0
mission branch,3.0,3.0,1.0
neurofibromatosis cancer,3.0,3.0,1.0
tumor nf1,3.0,3.0,1.0
regular biopsy,3.0,3.0,1.0
spectrum benign,3.0,3.0,1.0
magnet computer,3.0,3.0,1.0
direction sure,3.0,3.0,1.0
regimen high,3.0,3.0,1.0
reason able,3.0,3.0,1.0
biopsy invasive,3.0,3.0,1.0
metastatic refractory,3.0,3.0,1.0
thing meaningful,3.0,3.0,1.0
field conversation,3.0,3.0,1.0
quality right,3.0,3.0,1.0
gene history,3.0,3.0,1.0
high gene,3.0,3.0,1.0
difference diagnosis,3.0,3.0,1.0
year justification,3.0,3.0,1.0
indication year,3.0,3.0,1.0
support course,3.0,3.0,1.0
number benign,3.0,3.0,1.0
adult number,3.0,3.0,1.0
sarcoma low,3.0,3.0,1.0
sound exciting,3.0,3.0,1.0
potential prevention,3.0,3.0,1.0
point rare,3.0,3.0,1.0
institution number,3.0,3.0,1.0
ccdi initiative,3.0,3.0,1.0
outcome braf,3.0,3.0,1.0
allegra head,3.0,3.0,1.0
lump cancer,3.0,3.0,1.0
nurse profound,3.0,3.0,1.0
central eastern,3.0,3.0,1.0
goal time,3.0,3.0,1.0
able future,3.0,3.0,1.0
year tremendous,3.0,3.0,1.0
positive experience,3.0,3.0,1.0
headache dizziness,3.0,3.0,1.0
iib tumor,3.0,3.0,1.0
institution impact,3.0,3.0,1.0
hospice experience,3.0,3.0,1.0
direction pediatric,3.0,3.0,1.0
university glasgow,3.0,3.0,1.0
mentor interested,3.0,3.0,1.0
finding breast,3.0,3.0,1.0
woman average,3.0,3.0,1.0
university connecticut,3.0,3.0,1.0
availability option,3.0,3.0,1.0
recurrent progressive,3.0,3.0,1.0
experience field,3.0,3.0,1.0
situation person,3.0,3.0,1.0
year plan,3.0,3.0,1.0
therapy harmful,3.0,3.0,1.0
european background,3.0,3.0,1.0
medicine path,3.0,3.0,1.0
amazing mentor,3.0,3.0,1.0
medicine mind,3.0,3.0,1.0
figure medicine,3.0,3.0,1.0
benefit experience,3.0,3.0,1.0
challenge pathway,3.0,3.0,1.0
inhibitor limited,3.0,3.0,1.0
tumor lead,3.0,3.0,1.0
rest great,3.0,3.0,1.0
chemotherapy toxic,3.0,3.0,1.0
privilege able,3.0,3.0,1.0
step fellowship,3.0,3.0,1.0
tumor mortality,3.0,3.0,1.0
screening ultrasound,3.0,3.0,1.0
procedure tissue,3.0,3.0,1.0
nausea fever,3.0,3.0,1.0
therapy hepatic,3.0,3.0,1.0
salt pepper,3.0,3.0,1.0
path great,3.0,3.0,1.0
great medicine,3.0,3.0,1.0
grade oligodendroglioma,3.0,3.0,1.0
reliable method,3.0,3.0,1.0
share book,3.0,3.0,1.0
cancer item,3.0,3.0,1.0
talk lot,3.0,3.0,1.0
oncologist talk,3.0,3.0,1.0
share friend,3.0,3.0,1.0
form metastatic,3.0,3.0,1.0
chemotherapy lead,3.0,3.0,1.0
tumor stability,3.0,3.0,1.0
obstruction surgical,3.0,3.0,1.0
provider sample,3.0,3.0,1.0
professor chairman,3.0,3.0,1.0
cluster resistant,3.0,3.0,1.0
blue cluster,3.0,3.0,1.0
green blue,3.0,3.0,1.0
tumor green,3.0,3.0,1.0
additional quality,3.0,3.0,1.0
presenting symptom,3.0,3.0,1.0
woman mammography,3.0,3.0,1.0
sample valuable,3.0,3.0,1.0
atp cassette,3.0,3.0,1.0
toxic agent,3.0,3.0,1.0
failure death,3.0,3.0,1.0
influence symptom,3.0,3.0,1.0
function well,3.0,3.0,1.0
year resistance,3.0,3.0,1.0
test biopsy,3.0,3.0,1.0
statistical year,3.0,3.0,1.0
particular mechanism,3.0,3.0,1.0
step novel,3.0,3.0,1.0
factor single,3.0,3.0,1.0
tumor broad,3.0,3.0,1.0
testing idea,3.0,3.0,1.0
conduction abnormality,3.0,3.0,1.0
local surgical,3.0,3.0,1.0
syndrome heart,3.0,3.0,1.0
effectiveness fine,3.0,3.0,1.0
code molecular,3.0,3.0,1.0
chemotherapy expression,3.0,3.0,1.0
medicine inhibitor,3.0,3.0,1.0
loss toxicity,3.0,3.0,1.0
bubble cell,3.0,3.0,1.0
cassette transporter,3.0,3.0,1.0
breast screening,3.0,3.0,1.0
tumor substance,3.0,3.0,1.0
sample human,3.0,3.0,1.0
presentation management,3.0,3.0,1.0
small limited,3.0,3.0,1.0
normal immune,3.0,3.0,1.0
death small,3.0,3.0,1.0
surgical speciman,3.0,3.0,1.0
drive resistance,3.0,3.0,1.0
alteration drive,3.0,3.0,1.0
structure dna,3.0,3.0,1.0
compact structure,3.0,3.0,1.0
red human,3.0,3.0,1.0
dna compact,3.0,3.0,1.0
d43 kimambo,3.0,3.0,1.0
tanzania d43,3.0,3.0,1.0
relevant implementation,3.0,3.0,1.0
diagnostic relevant,3.0,3.0,1.0
commitment quality,3.0,3.0,1.0
year colleague,3.0,3.0,1.0
surgical surgery,3.0,3.0,1.0
hormone estrogen,3.0,3.0,1.0
woman false,3.0,3.0,1.0
spotlight kimambo,3.0,3.0,1.0
elimination trainee,3.0,3.0,1.0
acceleration cervical,3.0,3.0,1.0
devoted acceleration,3.0,3.0,1.0
consortium investigator,3.0,3.0,1.0
microenvironment immunotherapy,3.0,3.0,1.0
great abundance,3.0,3.0,1.0
radiation factor,3.0,3.0,1.0
skill knowledge,3.0,3.0,1.0
cell endothelial,3.0,3.0,1.0
specialist discus,3.0,3.0,1.0
likely noncancer,3.0,3.0,1.0
year aggressive,3.0,3.0,1.0
base tumor,3.0,3.0,1.0
activity advanced,3.0,3.0,1.0
anxiety pain,3.0,3.0,1.0
therapy panel,3.0,3.0,1.0
screen lung,3.0,3.0,1.0
inhibitor resistant,3.0,3.0,1.0
cell bearing,3.0,3.0,1.0
throughput screening,3.0,3.0,1.0
strong commitment,3.0,3.0,1.0
scholar strong,3.0,3.0,1.0
kimambo scholar,3.0,3.0,1.0
kind therapy,3.0,3.0,1.0
alternate pathway,3.0,3.0,1.0
mri small,3.0,3.0,1.0
development organ,3.0,3.0,1.0
project ccdi,3.0,3.0,1.0
function body,3.0,3.0,1.0
agent company,3.0,3.0,1.0
analysis physician,3.0,3.0,1.0
few physician,3.0,3.0,1.0
ability drug,3.0,3.0,1.0
head oncology,3.0,3.0,1.0
signal drug,3.0,3.0,1.0
average drug,3.0,3.0,1.0
metastasis gene,3.0,3.0,1.0
management metastatic,3.0,3.0,1.0
wrist ankle,3.0,3.0,1.0
tool project,3.0,3.0,1.0
easy investigator,3.0,3.0,1.0
agent related,3.0,3.0,1.0
survey response,3.0,3.0,1.0
additional survey,3.0,3.0,1.0
investigational agent,3.0,3.0,1.0
practice chronic,3.0,3.0,1.0
contributor breast,3.0,3.0,1.0
great understanding,3.0,3.0,1.0
cell kind,3.0,3.0,1.0
body previous,3.0,3.0,1.0
tissue team,3.0,3.0,1.0
bacterial toxin,3.0,3.0,1.0
assess outcome,3.0,3.0,1.0
honest prognosis,3.0,3.0,1.0
resident county,3.0,3.0,1.0
country decade,3.0,3.0,1.0
tip stress,3.0,3.0,1.0
tumor residual,3.0,3.0,1.0
time focus,3.0,3.0,1.0
normal biological,3.0,3.0,1.0
molecular chromosomal,3.0,3.0,1.0
leukemia molecular,3.0,3.0,1.0
lymphoma positive,3.0,3.0,1.0
variant comparable,3.0,3.0,1.0
average cancer,3.0,3.0,1.0
determinant outcome,3.0,3.0,1.0
oncologist chemotherapy,3.0,3.0,1.0
advance finding,3.0,3.0,1.0
download template,3.0,3.0,1.0
metastasis unclear,3.0,3.0,1.0
data participant,3.0,3.0,1.0
year impact,3.0,3.0,1.0
reason year,3.0,3.0,1.0
cancer ipilimumab,3.0,3.0,1.0
success drug,3.0,3.0,1.0
week old,3.0,3.0,1.0
exciting possibility,3.0,3.0,1.0
activity emotional,3.0,3.0,1.0
technique old,3.0,3.0,1.0
challenge datum,3.0,3.0,1.0
prevention quality,3.0,3.0,1.0
cure intramural,3.0,3.0,1.0
workshop focus,3.0,3.0,1.0
inhibitor ctla-4,3.0,3.0,1.0
week dose,3.0,3.0,1.0
university institution,3.0,3.0,1.0
impact pediatric,3.0,3.0,1.0
announce cohort,3.0,3.0,1.0
icure annual,3.0,3.0,1.0
university puerto,3.0,3.0,1.0
mri picture,3.0,3.0,1.0
proposal annual,3.0,3.0,1.0
melanoma great,3.0,3.0,1.0
similar lung,3.0,3.0,1.0
ethnicity sex,3.0,3.0,1.0
dialogue subscribe,3.0,3.0,1.0
grove rockville,3.0,3.0,1.0
harmful bacteria,3.0,3.0,1.0
perspective advance,3.0,3.0,1.0
inhibitor addition,3.0,3.0,1.0
time assessment,3.0,3.0,1.0
old metastatic,3.0,3.0,1.0
cancer surprising,3.0,3.0,1.0
regimen bad,3.0,3.0,1.0
limited tumor,3.0,3.0,1.0
difficult distinguish,3.0,3.0,1.0
tumor mediastinum,3.0,3.0,1.0
pembrolizumab low,3.0,3.0,1.0
new biomarker,3.0,3.0,1.0
cancer promoter,3.0,3.0,1.0
alteration immunotherapy,3.0,3.0,1.0
lot focus,3.0,3.0,1.0
cell robust,3.0,3.0,1.0
surgery size,3.0,3.0,1.0
body well,3.0,3.0,1.0
lung imaging,3.0,3.0,1.0
present human,3.0,3.0,1.0
datum impact,3.0,3.0,1.0
cava large,3.0,3.0,1.0
negative additional,3.0,3.0,1.0
cancer net,3.0,3.0,1.0
cystic fibrosis,3.0,3.0,1.0
pain chemotherapy,3.0,3.0,1.0
impact pain,3.0,3.0,1.0
formation cancer,3.0,3.0,1.0
participant point,3.0,3.0,1.0
variant growth,3.0,3.0,1.0
variant chromosome,3.0,3.0,1.0
heterogeneous disease,3.0,3.0,1.0
brain initiative,3.0,3.0,1.0
response right,3.0,3.0,1.0
lymphoma gcb,3.0,3.0,1.0
wrong cell,3.0,3.0,1.0
gene wrong,3.0,3.0,1.0
discovery immunotherapy,3.0,3.0,1.0
public analyst,3.0,3.0,1.0
enzyme body,3.0,3.0,1.0
team enzyme,3.0,3.0,1.0
data old,3.0,3.0,1.0
sc.d m.p.h,3.0,3.0,1.0
kimambo cost,3.0,3.0,1.0
few metastasis,3.0,3.0,1.0
detectable metastasis,3.0,3.0,1.0
nanoparticle team,3.0,3.0,1.0
metastasis novel,3.0,3.0,1.0
tobacco region,3.0,3.0,1.0
tobacco survey,3.0,3.0,1.0
coding rna,3.0,3.0,1.0
university speaker,3.0,3.0,1.0
brigatinib alunbrig,3.0,3.0,1.0
spectrum disorder,3.0,3.0,1.0
heterogeneity cell,3.0,3.0,1.0
value drug,3.0,3.0,1.0
variable pediatric,3.0,3.0,1.0
subtype continuous,3.0,3.0,1.0
alteration unique,3.0,3.0,1.0
limited disease,3.0,3.0,1.0
chromosome confirm,3.0,3.0,1.0
contrast adult,3.0,3.0,1.0
model year,3.0,3.0,1.0
lesion participant,3.0,3.0,1.0
abdomen high,3.0,3.0,1.0
expression large,3.0,3.0,1.0
diagnosis infection,3.0,3.0,1.0
representative real,3.0,3.0,1.0
loss lymphoma,3.0,3.0,1.0
support notion,3.0,3.0,1.0
quarter lung,3.0,3.0,1.0
disease congestive,3.0,3.0,1.0
civil devoted,3.0,3.0,1.0
application programming,3.0,3.0,1.0
severity impact,3.0,3.0,1.0
onset pulmonary,3.0,3.0,1.0
layer cancer,3.0,3.0,1.0
poor factor,3.0,3.0,1.0
oncology diverse,3.0,3.0,1.0
lady biden,3.0,3.0,1.0
cancer mind,3.0,3.0,1.0
identification subtype,3.0,3.0,1.0
subtype alteration,3.0,3.0,1.0
leukemia subtype,3.0,3.0,1.0
programming interface,3.0,3.0,1.0
alliance collaboration,3.0,3.0,1.0
lung medullary,3.0,3.0,1.0
tech cancer,3.0,3.0,1.0
cancer tech,3.0,3.0,1.0
trend analysis,3.0,3.0,1.0
subtype young,3.0,3.0,1.0
trend death,3.0,3.0,1.0
issue lack,3.0,3.0,1.0
liver pancreatic,3.0,3.0,1.0
hepatitis viral,3.0,3.0,1.0
detection colorectal,3.0,3.0,1.0
critical opportunity,3.0,3.0,1.0
dotatate lutathera,3.0,3.0,1.0
development spread,3.0,3.0,1.0
amplification oncogene,3.0,3.0,1.0
measure addition,3.0,3.0,1.0
cellular proliferation,3.0,3.0,1.0
assessment pain,3.0,3.0,1.0
cancer tiny,3.0,3.0,1.0
effectiveness screening,3.0,3.0,1.0
computational pipeline,3.0,3.0,1.0
clinic medullary,3.0,3.0,1.0
sarcoma alliance,3.0,3.0,1.0
quality strong,3.0,3.0,1.0
cartagena forum,3.0,3.0,1.0
forum cartagena,3.0,3.0,1.0
elimination forum,3.0,3.0,1.0
significant commitment,3.0,3.0,1.0
mutation syndrome,3.0,3.0,1.0
industry interference,3.0,3.0,1.0
epidemic tobacco,3.0,3.0,1.0
wntd trajectory,3.0,3.0,1.0
recognition wntd,3.0,3.0,1.0
epidemic recognition,3.0,3.0,1.0
body metastasized,3.0,3.0,1.0
rare thyroid,3.0,3.0,1.0
tumor driver,3.0,3.0,1.0
subtype prognosis,3.0,3.0,1.0
therapy mortality,3.0,3.0,1.0
mouth dry,3.0,3.0,1.0
step tumor,3.0,3.0,1.0
gene ret,3.0,3.0,1.0
alteration papillary,3.0,3.0,1.0
addition alteration,3.0,3.0,1.0
seizure present,3.0,3.0,1.0
rarity cancer,3.0,3.0,1.0
m.p.h significant,3.0,3.0,1.0
elimination m.p.h,3.0,3.0,1.0
forum commitment,3.0,3.0,1.0
interference forum,3.0,3.0,1.0
diffuse large,3.0,3.0,1.0
target form,3.0,3.0,1.0
fatigue cough,3.0,3.0,1.0
return woman,3.0,3.0,1.0
tosylate nexavar,3.0,3.0,1.0
sorafenib tosylate,3.0,3.0,1.0
genet chen,3.0,3.0,1.0
history transient,3.0,3.0,1.0
north intergroup,3.0,3.0,1.0
cancer hub,3.0,3.0,1.0
trioxide trans,3.0,3.0,1.0
chronic heart,3.0,3.0,1.0
highlight investment,3.0,3.0,1.0
white likely,3.0,3.0,1.0
tumor university,3.0,3.0,1.0
characteristic blood,3.0,3.0,1.0
hormone rest,3.0,3.0,1.0
low serum,3.0,3.0,1.0
adolescent statistic,3.0,3.0,1.0
chemotherapy unlikely,3.0,3.0,1.0
potential cure,3.0,3.0,1.0
decade advanced,3.0,3.0,1.0
thyroid fine,3.0,3.0,1.0
therapy palliation,3.0,3.0,1.0
chest discomfort,3.0,3.0,1.0
lymphoma systemic,3.0,3.0,1.0
malignant lymphoma,3.0,3.0,1.0
opportunity fiscal,3.0,3.0,1.0
appearance cell,3.0,3.0,1.0
investigator rate,3.0,3.0,1.0
tumor adjuvant,3.0,3.0,1.0
leukemic blast,3.0,3.0,1.0
screening neck,3.0,3.0,1.0
reduction number,3.0,3.0,1.0
decade major,3.0,3.0,1.0
immune antigen,3.0,3.0,1.0
mutant form,3.0,3.0,1.0
kras inhibitor,3.0,3.0,1.0
development relevant,3.0,3.0,1.0
awareness year,3.0,3.0,1.0
application institution,3.0,3.0,1.0
cytogenetic diagnosis,3.0,3.0,1.0
disease chest,3.0,3.0,1.0
measure extent,3.0,3.0,1.0
capacity low,3.0,3.0,1.0
ccr genitourinary,3.0,3.0,1.0
stroma chemotherapy,3.0,3.0,1.0
forum civil,3.0,3.0,1.0
tumor agent,3.0,3.0,1.0
cell stroma,3.0,3.0,1.0
virus infect,3.0,3.0,1.0
advance community,3.0,3.0,1.0
day chance,3.0,3.0,1.0
country progress,3.0,3.0,1.0
agent addition,3.0,3.0,1.0
vaccine phase,3.0,3.0,1.0
lymphoma breast,3.0,3.0,1.0
radiation cardiac,3.0,3.0,1.0
underwent radiation,3.0,3.0,1.0
symptom normal,3.0,3.0,1.0
direct extension,3.0,3.0,1.0
analysis anti,3.0,3.0,1.0
appetite loss,3.0,3.0,1.0
unique pathway,3.0,3.0,1.0
overlap cebpa,3.0,3.0,1.0
degree overlap,3.0,3.0,1.0
country old,3.0,3.0,1.0
body adolescent,3.0,3.0,1.0
cigarette brand,3.0,3.0,1.0
opportunity close,3.0,3.0,1.0
enzyme activity,3.0,3.0,1.0
positive surgical,3.0,3.0,1.0
united tobacco,3.0,3.0,1.0
tremendous opportunity,3.0,3.0,1.0
equality woman,3.0,3.0,1.0
remarkable achievement,3.0,3.0,1.0
pod style,3.0,3.0,1.0
adolescent pod,3.0,3.0,1.0
istock cigarette,3.0,3.0,1.0
commission remarkable,3.0,3.0,1.0
quality length,3.0,3.0,1.0
method application,3.0,3.0,1.0
muscle weak,3.0,3.0,1.0
high lesion,3.0,3.0,1.0
function impair,3.0,3.0,1.0
team commission,3.0,3.0,1.0
market consumer,3.0,3.0,1.0
youth nicotine,3.0,3.0,1.0
acting commissioner,3.0,3.0,1.0
sharpless acting,3.0,3.0,1.0
outcome methylation,3.0,3.0,1.0
impairment memory,3.0,3.0,1.0
step position,3.0,3.0,1.0
build awareness,3.0,3.0,1.0
globe build,3.0,3.0,1.0
wntd annual,3.0,3.0,1.0
day wntd,3.0,3.0,1.0
wcd initiative,3.0,3.0,1.0
day wcd,3.0,3.0,1.0
monday world,3.0,3.0,1.0
day monday,3.0,3.0,1.0
clin wagner,3.0,3.0,1.0
frequent alteration,3.0,3.0,1.0
status blood,3.0,3.0,1.0
high local,3.0,3.0,1.0
cancer jul,3.0,3.0,1.0
community large,3.0,3.0,1.0
overall improvement,3.0,3.0,1.0
world intensity,3.0,3.0,1.0
team physic,3.0,3.0,1.0
pathologic feature,3.0,3.0,1.0
analysis epigenomic,3.0,3.0,1.0
activity loss,3.0,3.0,1.0
daily day,3.0,3.0,1.0
chemotherapy modality,3.0,3.0,1.0
cancer loss,3.0,3.0,1.0
third tongue,3.0,3.0,1.0
score overall,3.0,3.0,1.0
strong positive,3.0,3.0,1.0
cis retinoic,3.0,3.0,1.0
harboring mutation,3.0,3.0,1.0
feature inferior,3.0,3.0,1.0
disease biopsy,3.0,3.0,1.0
expression single,3.0,3.0,1.0
trachea right,3.0,3.0,1.0
pediatric practice,3.0,3.0,1.0
respiratory symptom,3.0,3.0,1.0
imrt middle,3.0,3.0,1.0
cancer somatic,3.0,3.0,1.0
clinic long,3.0,3.0,1.0
recurrence rare,3.0,3.0,1.0
mutation broad,3.0,3.0,1.0
collaboration analysis,3.0,3.0,1.0
practice pediatric,3.0,3.0,1.0
long symptom,3.0,3.0,1.0
planning translation,3.0,3.0,1.0
exchange good,3.0,3.0,1.0
failure analysis,3.0,3.0,1.0
dream cancer,3.0,3.0,1.0
project dream,3.0,3.0,1.0
leukemia proc,3.0,3.0,1.0
cancer spring,3.0,3.0,1.0
session unique,3.0,3.0,1.0
need surgery,3.0,3.0,1.0
biomarker tobacco,3.0,3.0,1.0
novel pathway,3.0,3.0,1.0
analysis novel,3.0,3.0,1.0
option brain,3.0,3.0,1.0
metastatic central,3.0,3.0,1.0
biological molecule,3.0,3.0,1.0
cornell university,3.0,3.0,1.0
marker target,3.0,3.0,1.0
measure antitumor,3.0,3.0,1.0
surgery medication,3.0,3.0,1.0
youth cigarette,3.0,3.0,1.0
datum novel,3.0,3.0,1.0
tumor oncologist,3.0,3.0,1.0
gene exome,3.0,3.0,1.0
cell limited,3.0,3.0,1.0
counseling screening,3.0,3.0,1.0
nra mutation,3.0,3.0,1.0
m.p.h friday,3.0,3.0,1.0
epidemic m.p.h,3.0,3.0,1.0
country trajectory,3.0,3.0,1.0
impact dissemination,3.0,3.0,1.0
echo impact,3.0,3.0,1.0
cira project,3.0,3.0,1.0
unc project,3.0,3.0,1.0
participation unc,3.0,3.0,1.0
scholar oncology,3.0,3.0,1.0
m.b.b.s scholar,3.0,3.0,1.0
spotlight m.b.b.s,3.0,3.0,1.0
cell evolution,3.0,3.0,1.0
cancer excited,3.0,3.0,1.0
counseling future,3.0,3.0,1.0
clinic example,3.0,3.0,1.0
outcome finding,3.0,3.0,1.0
sequence disease,3.0,3.0,1.0
rare diagnosis,3.0,3.0,1.0
oncology protocol,3.0,3.0,1.0
finding investigator,3.0,3.0,1.0
company united,3.0,3.0,1.0
finding hpv,3.0,3.0,1.0
tcga sample,3.0,3.0,1.0
addition molecular,3.0,3.0,1.0
dose human,3.0,3.0,1.0
dataset example,3.0,3.0,1.0
example single,3.0,3.0,1.0
dose finding,3.0,3.0,1.0
therapy androgen,3.0,3.0,1.0
rna single,3.0,3.0,1.0
country knowledge,3.0,3.0,1.0
planning project,3.0,3.0,1.0
gardasil hpv,3.0,3.0,1.0
similar woman,3.0,3.0,1.0
conference africa,3.0,3.0,1.0
cancer gray,3.0,3.0,1.0
pathway pediatric,3.0,3.0,1.0
transduction pathway,3.0,3.0,1.0
identification subgroup,3.0,3.0,1.0
protocol aaml0531,3.0,3.0,1.0
aortic large,3.0,3.0,1.0
finding year,3.0,3.0,1.0
model disease,3.0,3.0,1.0
biopsy blood,3.0,3.0,1.0
need goal,3.0,3.0,1.0
rna cell,3.0,3.0,1.0
pathway potential,3.0,3.0,1.0
metastasis bilateral,3.0,3.0,1.0
bioinformatics method,3.0,3.0,1.0
cancer devastating,3.0,3.0,1.0
new artificial,3.0,3.0,1.0
harm adolescent,3.0,3.0,1.0
cigarette harm,3.0,3.0,1.0
expression correlate,3.0,3.0,1.0
mirna expression,3.0,3.0,1.0
candidate driver,3.0,3.0,1.0
rearrangement copy,3.0,3.0,1.0
disease regional,3.0,3.0,1.0
decrease morbidity,3.0,3.0,1.0
aml protocol,3.0,3.0,1.0
outcome tool,3.0,3.0,1.0
protein potential,3.0,3.0,1.0
rearrangement fusion,3.0,3.0,1.0
age difference,3.0,3.0,1.0
young myeloid,3.0,3.0,1.0
decrease frequency,3.0,3.0,1.0
coding region,3.0,3.0,1.0
rate leukemia,3.0,3.0,1.0
frequency timing,3.0,3.0,1.0
foundational knowledge,3.0,3.0,1.0
application support,3.0,3.0,1.0
modeling tumor,3.0,3.0,1.0
cancer trainee,3.0,3.0,1.0
cancer minor,3.0,3.0,1.0
key biological,3.0,3.0,1.0
cancer bioinformatic,3.0,3.0,1.0
major support,3.0,3.0,1.0
test rectal,3.0,3.0,1.0
infant aml,3.0,3.0,1.0
genomic tcga,3.0,3.0,1.0
alchemist stage,3.0,3.0,1.0
insight metabolic,3.0,3.0,1.0
multiple biopsy,3.0,3.0,1.0
tumor oncology,3.0,3.0,1.0
focused cancer,3.0,3.0,1.0
cancer merck,3.0,3.0,1.0
subtype stomach,3.0,3.0,1.0
cancer straightforward,3.0,3.0,1.0
community genomic,3.0,3.0,1.0
invaluable cancer,3.0,3.0,1.0
partnership future,3.0,3.0,1.0
m.p.h accomplishment,3.0,3.0,1.0
period m.p.h,3.0,3.0,1.0
friday world,3.0,3.0,1.0
normal lesion,3.0,3.0,1.0
collaboration crchd,3.0,3.0,1.0
genomic collaboration,3.0,3.0,1.0
gdc genome,3.0,3.0,1.0
pembrolizumab indication,3.0,3.0,1.0
gdan gdc,3.0,3.0,1.0
genomics gdan,3.0,3.0,1.0
rate method,3.0,3.0,1.0
spirit strive,3.0,3.0,1.0
lyn spirit,3.0,3.0,1.0
expression pediatric,3.0,3.0,1.0
her2 -negative,3.0,3.0,1.0
diagnose small,3.0,3.0,1.0
routine practice,3.0,3.0,1.0
dose pain,3.0,3.0,1.0
datum european,3.0,3.0,1.0
positive likely,3.0,3.0,1.0
heerema mckenney,3.0,3.0,1.0
quality person,3.0,3.0,1.0
world equitable,3.0,3.0,1.0
strive world,3.0,3.0,1.0
injustice future,3.0,3.0,1.0
firm injustice,3.0,3.0,1.0
lyn firm,3.0,3.0,1.0
therapy method,3.0,3.0,1.0
tumor substantial,3.0,3.0,1.0
atlas tumor,3.0,3.0,1.0
mid stage,3.0,3.0,1.0
ramucirumab cyramza,3.0,3.0,1.0
reduction overall,3.0,3.0,1.0
chemotherapy definitive,3.0,3.0,1.0
mild depression,3.0,3.0,1.0
interest time,3.0,3.0,1.0
active gastric,3.0,3.0,1.0
early pembrolizumab,3.0,3.0,1.0
tamp immune,3.0,3.0,1.0
pharmacological symptom,3.0,3.0,1.0
tumor treatable,3.0,3.0,1.0
woman lyn,3.0,3.0,1.0
moderate bone,3.0,3.0,1.0
multidisciplinary management,3.0,3.0,1.0
year nonprofit,3.0,3.0,1.0
investigator interview,3.0,3.0,1.0
descriptive pattern,3.0,3.0,1.0
test agent,3.0,3.0,1.0
design good,3.0,3.0,1.0
therapy dietary,3.0,3.0,1.0
anemia dehydration,3.0,3.0,1.0
drug stomach,3.0,3.0,1.0
criterion time,3.0,3.0,1.0
comfort plan,3.0,3.0,1.0
cancer comfort,3.0,3.0,1.0
table criterion,3.0,3.0,1.0
design internal,3.0,3.0,1.0
modality cancer,3.0,3.0,1.0
relative benefit,3.0,3.0,1.0
objective datum,3.0,3.0,1.0
conditioning chemotherapy,3.0,3.0,1.0
old extensive,3.0,3.0,1.0
figure therapy,3.0,3.0,1.0
depression woman,3.0,3.0,1.0
town lyn,3.0,3.0,1.0
cape town,3.0,3.0,1.0
saidu cape,3.0,3.0,1.0
rakiya saidu,3.0,3.0,1.0
m.b.ch.b rakiya,3.0,3.0,1.0
nomonde m.b.ch.b,3.0,3.0,1.0
woman nomonde,3.0,3.0,1.0
world renew,3.0,3.0,1.0
need team,3.0,3.0,1.0
disease diabete,3.0,3.0,1.0
development key,3.0,3.0,1.0
disease functional,3.0,3.0,1.0
note datum,3.0,3.0,1.0
support history,3.0,3.0,1.0
domestic institution,3.0,3.0,1.0
tumor squamous,3.0,3.0,1.0
structure institution,3.0,3.0,1.0
salary structure,3.0,3.0,1.0
technician lab,3.0,3.0,1.0
prevention m.p.h,3.0,3.0,1.0
strategy symptom,3.0,3.0,1.0
drink clear,3.0,3.0,1.0
cost line,3.0,3.0,1.0
responsibility department,3.0,3.0,1.0
synthesis gene,3.0,3.0,1.0
score positive,3.0,3.0,1.0
histology large,3.0,3.0,1.0
precancer elimination,3.0,3.0,1.0
thermocoagulator development,3.0,3.0,1.0
cancer thermocoagulator,3.0,3.0,1.0
zambia cancer,3.0,3.0,1.0
hospital zambia,3.0,3.0,1.0
response increase,3.0,3.0,1.0
rank responsibility,3.0,3.0,1.0
qualification rank,3.0,3.0,1.0
equivalent qualification,3.0,3.0,1.0
fund equivalent,3.0,3.0,1.0
institution fund,3.0,3.0,1.0
salary institution,3.0,3.0,1.0
institution salary,3.0,3.0,1.0
mortality heart,3.0,3.0,1.0
harm note,3.0,3.0,1.0
overview benefit,3.0,3.0,1.0
screening late,3.0,3.0,1.0
screening testicular,3.0,3.0,1.0
support analysis,3.0,3.0,1.0
chemotherapy investigator,3.0,3.0,1.0
cetuximab platinum,3.0,3.0,1.0
irb award,3.0,3.0,1.0
number door,3.0,3.0,1.0
institution assurance,3.0,3.0,1.0
burden partnership,3.0,3.0,1.0
easy cervical,3.0,3.0,1.0
portable easy,3.0,3.0,1.0
goal illness,3.0,3.0,1.0
goal conversation,3.0,3.0,1.0
opportune time,3.0,3.0,1.0
postdoctoral applicant,3.0,3.0,1.0
long complete,3.0,3.0,1.0
counseling psychological,3.0,3.0,1.0
severe covid-19,3.0,3.0,1.0
death black,3.0,3.0,1.0
interest disease,3.0,3.0,1.0
death large,3.0,3.0,1.0
median interquartile,3.0,3.0,1.0
relaxation counseling,3.0,3.0,1.0
man disease,3.0,3.0,1.0
validity incidence,3.0,3.0,1.0
cancer recognition,3.0,3.0,1.0
novel prognostic,3.0,3.0,1.0
genomic subset,3.0,3.0,1.0
intestinal perforation,3.0,3.0,1.0
annual increase,3.0,3.0,1.0
man annual,3.0,3.0,1.0
rate white,3.0,3.0,1.0
strong plan,3.0,3.0,1.0
aml phase,3.0,3.0,1.0
cohort normal,3.0,3.0,1.0
regimen oral,3.0,3.0,1.0
man racial,3.0,3.0,1.0
multivariate model,3.0,3.0,1.0
disease prospective,3.0,3.0,1.0
tumor kind,3.0,3.0,1.0
myeloid high,3.0,3.0,1.0
microrna expression,3.0,3.0,1.0
number total,3.0,3.0,1.0
institution unique,3.0,3.0,1.0
position note,3.0,3.0,1.0
cell subtype,3.0,3.0,1.0
age rare,3.0,3.0,1.0
cell glioblastoma,3.0,3.0,1.0
bone abnormal,3.0,3.0,1.0
calcium blood,3.0,3.0,1.0
therapy incidence,3.0,3.0,1.0
pelvic region,3.0,3.0,1.0
diagnosis male,3.0,3.0,1.0
feature anaplastic,3.0,3.0,1.0
officer senior,3.0,3.0,1.0
background branch,3.0,3.0,1.0
depression bad,3.0,3.0,1.0
diagnosis major,3.0,3.0,1.0
active participation,3.0,3.0,1.0
extraskeletal chondrosarcoma,3.0,3.0,1.0
stigma topic,3.0,3.0,1.0
vanderpool significant,3.0,3.0,1.0
spine young,3.0,3.0,1.0
weak form,3.0,3.0,1.0
mutation predictive,3.0,3.0,1.0
exon mutation,3.0,3.0,1.0
quality major,3.0,3.0,1.0
mitotic activity,3.0,3.0,1.0
characteristic great,3.0,3.0,1.0
agreement metastasis,3.0,3.0,1.0
nurse experience,3.0,3.0,1.0
multi centre,3.0,3.0,1.0
team idea,3.0,3.0,1.0
related tumor,3.0,3.0,1.0
protein immunotherapy,3.0,3.0,1.0
well immune,3.0,3.0,1.0
pain high,3.0,3.0,1.0
child myeloablative,3.0,3.0,1.0
efficacy brain,3.0,3.0,1.0
precancer f.r.c.o.g,3.0,3.0,1.0
reflect community,3.0,3.0,1.0
committee reflect,3.0,3.0,1.0
discussion community,3.0,3.0,1.0
problem tribute,3.0,3.0,1.0
old female,3.0,3.0,1.0
leukemia japanese,3.0,3.0,1.0
datum rigor,3.0,3.0,1.0
depression severe,3.0,3.0,1.0
unclear extent,3.0,3.0,1.0
powerful magnet,3.0,3.0,1.0
large survivor,3.0,3.0,1.0
time white,3.0,3.0,1.0
disease inhibitor,3.0,3.0,1.0
therapy north,3.0,3.0,1.0
inhibitor hope,3.0,3.0,1.0
goal challenge,3.0,3.0,1.0
short expectancy,3.0,3.0,1.0
dendritic neoplasm,3.0,3.0,1.0
tumour dendritic,3.0,3.0,1.0
solary edition,3.0,3.0,1.0
cancer warrant,3.0,3.0,1.0
bipolar disorder,3.0,3.0,1.0
asian man,3.0,3.0,1.0
mortality great,3.0,3.0,1.0
leukemia mutational,3.0,3.0,1.0
cancer preferred,3.0,3.0,1.0
example number,3.0,3.0,1.0
assess drug,3.0,3.0,1.0
male gonadal,3.0,3.0,1.0
premature mortality,3.0,3.0,1.0
participant nivolumab,3.0,3.0,1.0
characteristic prognostic,3.0,3.0,1.0
diagnosis thought,3.0,3.0,1.0
optimal timing,3.0,3.0,1.0
age mutational,3.0,3.0,1.0
alteration age,3.0,3.0,1.0
therapy radiotherapy,3.0,3.0,1.0
aml cog,3.0,3.0,1.0
request justification,3.0,3.0,1.0
burden affordable,3.0,3.0,1.0
germline variation,3.0,3.0,1.0
nature chen,3.0,3.0,1.0
clin von,3.0,3.0,1.0
disease crohn,3.0,3.0,1.0
attack body,3.0,3.0,1.0
longitudinal relationship,3.0,3.0,1.0
thing mind,3.0,3.0,1.0
cancer likelihood,3.0,3.0,1.0
favorable overall,3.0,3.0,1.0
disease lack,3.0,3.0,1.0
overactive immune,3.0,3.0,1.0
discussion surrogate,3.0,3.0,1.0
normal healthy,3.0,3.0,1.0
palliative survey,3.0,3.0,1.0
associated development,3.0,3.0,1.0
mammography cancer,3.0,3.0,1.0
position applicant,3.0,3.0,1.0
disease problem,3.0,3.0,1.0
virus gene,3.0,3.0,1.0
microenvironment team,3.0,3.0,1.0
exhausted cell,3.0,3.0,1.0
high area,3.0,3.0,1.0
nivolumab melanoma,3.0,3.0,1.0
cancer supplement,3.0,3.0,1.0
college postdoctoral,3.0,3.0,1.0
lafayette college,3.0,3.0,1.0
disease african,3.0,3.0,1.0
therapy preserve,3.0,3.0,1.0
rna molecule,3.0,3.0,1.0
little team,3.0,3.0,1.0
fast pace,3.0,3.0,1.0
radiotherapy eur,3.0,3.0,1.0
supplement fund,3.0,3.0,1.0
doubt time,3.0,3.0,1.0
time merit,3.0,3.0,1.0
colleague additional,3.0,3.0,1.0
rate virus,3.0,3.0,1.0
aggressive pancreatic,3.0,3.0,1.0
model aggressive,3.0,3.0,1.0
panel overview,3.0,3.0,1.0
ready testing,3.0,3.0,1.0
thymidylate synthase,3.0,3.0,1.0
glutathione transferase,3.0,3.0,1.0
proliferation cell,3.0,3.0,1.0
investigator esis,3.0,3.0,1.0
goal stage,3.0,3.0,1.0
year steady,3.0,3.0,1.0
breadth scope,3.0,3.0,1.0
therapy morbidity,3.0,3.0,1.0
year fund,3.0,3.0,1.0
dm1 few,3.0,3.0,1.0
significant negative,3.0,3.0,1.0
complete morphologic,3.0,3.0,1.0
association mechanism,3.0,3.0,1.0
biological significance,3.0,3.0,1.0
dore breast,3.0,3.0,1.0
symptom concern,3.0,3.0,1.0
distress physical,3.0,3.0,1.0
severe distress,3.0,3.0,1.0
low performance,3.0,3.0,1.0
cancer aware,3.0,3.0,1.0
initiative aim,3.0,3.0,1.0
working company,3.0,3.0,1.0
cancer error,3.0,3.0,1.0
oncogene expression,3.0,3.0,1.0
experience german,3.0,3.0,1.0
dm1 antibody,3.0,3.0,1.0
cancer surv,3.0,3.0,1.0
chemotherapy goal,3.0,3.0,1.0
cholangiocarcinoma cancer,3.0,3.0,1.0
ability attack,3.0,3.0,1.0
test lab,3.0,3.0,1.0
muscle cancer,3.0,3.0,1.0
united man,3.0,3.0,1.0
country long,3.0,3.0,1.0
profiling breast,3.0,3.0,1.0
time previous,3.0,3.0,1.0
project large,3.0,3.0,1.0
high density,3.0,3.0,1.0
routine physical,3.0,3.0,1.0
therapy bispecific,3.0,3.0,1.0
benefit positive,3.0,3.0,1.0
tumor ecosystem,3.0,3.0,1.0
addition strong,3.0,3.0,1.0
urologic cancer,3.0,3.0,1.0
prostate urologic,3.0,3.0,1.0
datum measure,3.0,3.0,1.0
node prostate,3.0,3.0,1.0
abiraterone median,3.0,3.0,1.0
steroid prednisone,3.0,3.0,1.0
relapse autologous,3.0,3.0,1.0
rna cancer,3.0,3.0,1.0
team analysis,3.0,3.0,1.0
treatable stage,3.0,3.0,1.0
impact public,3.0,3.0,1.0
high morbidity,3.0,3.0,1.0
malignant high,3.0,3.0,1.0
immunosuppressive drug,3.0,3.0,1.0
large funder,3.0,3.0,1.0
infection tumor,3.0,3.0,1.0
therapy precision,3.0,3.0,1.0
few physical,3.0,3.0,1.0
holy grail,3.0,3.0,1.0
infusion week,3.0,3.0,1.0
definitive conclusion,3.0,3.0,1.0
sensitive disease,3.0,3.0,1.0
pressure low,3.0,3.0,1.0
improvement metastatic,3.0,3.0,1.0
area progress,3.0,3.0,1.0
screening underserved,3.0,3.0,1.0
mortality decrease,3.0,3.0,1.0
low activity,3.0,3.0,1.0
cellular response,3.0,3.0,1.0
critical cellular,3.0,3.0,1.0
disease definitive,3.0,3.0,1.0
comparison docetaxel,3.0,3.0,1.0
participant arm,3.0,3.0,1.0
surgery radiotherapy,3.0,3.0,1.0
poverty initiative,3.0,3.0,1.0
transplant donor,3.0,3.0,1.0
awareness alcohol,3.0,3.0,1.0
attach receptor,3.0,3.0,1.0
hormone attach,3.0,3.0,1.0
old trastuzumab,3.0,3.0,1.0
population old,3.0,3.0,1.0
investigator langone,3.0,3.0,1.0
growth lead,3.0,3.0,1.0
cell separate,3.0,3.0,1.0
need great,3.0,3.0,1.0
drug infection,3.0,3.0,1.0
essential function,3.0,3.0,1.0
doctoral candidate,3.0,3.0,1.0
survivor advance,3.0,3.0,1.0
build cell,3.0,3.0,1.0
body bloodstream,3.0,3.0,1.0
place time,3.0,3.0,1.0
cell amino,3.0,3.0,1.0
african low,3.0,3.0,1.0
child sibling,3.0,3.0,1.0
therapy production,3.0,3.0,1.0
year likely,3.0,3.0,1.0
year odd,3.0,3.0,1.0
future investigation,3.0,3.0,1.0
actual tumor,3.0,3.0,1.0
adaptation cancer,3.0,3.0,1.0
neurosurgeon share,3.0,3.0,1.0
drug liver,3.0,3.0,1.0
child lump,3.0,3.0,1.0
cell building,3.0,3.0,1.0
superfluous toxic,3.0,3.0,1.0
tip specialized,3.0,3.0,1.0
disease active,3.0,3.0,1.0
applicant f99,3.0,3.0,1.0
lymphoma bendamustine,3.0,3.0,1.0
inhibitor pancreatic,3.0,3.0,1.0
low nutrient,3.0,3.0,1.0
stromal cancer,3.0,3.0,1.0
time limited,3.0,3.0,1.0
armstrong cancer,3.0,3.0,1.0
cell rev,3.0,3.0,1.0
duplication substantial,3.0,3.0,1.0
plan duplication,3.0,3.0,1.0
contribution project,3.0,3.0,1.0
intellectual contribution,3.0,3.0,1.0
significant intellectual,3.0,3.0,1.0
candidate significant,3.0,3.0,1.0
sponsor award,3.0,3.0,1.0
scope sponsor,3.0,3.0,1.0
f99 project,3.0,3.0,1.0
cancer spine,3.0,3.0,1.0
rare midline,3.0,3.0,1.0
josé midline,3.0,3.0,1.0
join josé,3.0,3.0,1.0
sponsor f99,3.0,3.0,1.0
collaboration sponsor,3.0,3.0,1.0
interested applicant,3.0,3.0,1.0
active application,3.0,3.0,1.0
light knife,3.0,3.0,1.0
adult oral,3.0,3.0,1.0
easy friend,3.0,3.0,1.0
disease dependent,3.0,3.0,1.0
visa application,3.0,3.0,1.0
aim sponsor,3.0,3.0,1.0
distinct aim,3.0,3.0,1.0
substantial duplication,3.0,3.0,1.0
adult support,3.0,3.0,1.0
kinase fusion,3.0,3.0,1.0
subscribe ph.d,3.0,3.0,1.0
f99 applicant,3.0,3.0,1.0
specialized tumor,3.0,3.0,1.0
blood attack,3.0,3.0,1.0
multiply blood,3.0,3.0,1.0
attack protein,3.0,3.0,1.0
new novel,3.0,3.0,1.0
variant cluster,3.0,3.0,1.0
variant idh2,3.0,3.0,1.0
applicant postdoctoral,3.0,3.0,1.0
applicant visa,3.0,3.0,1.0
old future,3.0,3.0,1.0
woman abdomen,3.0,3.0,1.0
predictor pediatric,3.0,3.0,1.0
acting old,3.0,3.0,1.0
effusion heart,3.0,3.0,1.0
evolutionary dynamic,3.0,3.0,1.0
series adult,3.0,3.0,1.0
diagnostic accuracy,3.0,3.0,1.0
refractory line,3.0,3.0,1.0
bereavement key,3.0,3.0,1.0
pet staging,3.0,3.0,1.0
cancer belief,3.0,3.0,1.0
time intensive,3.0,3.0,1.0
present advanced,3.0,3.0,1.0
community goal,3.0,3.0,1.0
ready cancer,3.0,3.0,1.0
therapy delivery,3.0,3.0,1.0
stipend tuition,3.0,3.0,1.0
cancer hospitalization,3.0,3.0,1.0
lymphoma palliative,3.0,3.0,1.0
exciting ready,3.0,3.0,1.0
day intensive,3.0,3.0,1.0
metastatic surgery,3.0,3.0,1.0
value fdg,3.0,3.0,1.0
transplant proton,3.0,3.0,1.0
opdivo keytruda,3.0,3.0,1.0
f31 nrsa,3.0,3.0,1.0
tissue immune,3.0,3.0,1.0
line talk,3.0,3.0,1.0
drug kind,3.0,3.0,1.0
long possibility,3.0,3.0,1.0
lymphoblastic high,3.0,3.0,1.0
staging disease,3.0,3.0,1.0
therapy minimal,3.0,3.0,1.0
strahlenther onkol,3.0,3.0,1.0
cost phase,3.0,3.0,1.0
real opportunity,3.0,3.0,1.0
clot blood,3.0,3.0,1.0
money pain,3.0,3.0,1.0
ifosfamide vincristine,3.0,3.0,1.0
tumor routine,3.0,3.0,1.0
initial drug,3.0,3.0,1.0
cell brca,3.0,3.0,1.0
iii enlarge,3.0,3.0,1.0
mass size,3.0,3.0,1.0
cost application,3.0,3.0,1.0
problem low,3.0,3.0,1.0
able act,3.0,3.0,1.0
spine csf,3.0,3.0,1.0
procedure cerebrospinal,3.0,3.0,1.0
nmri lumbar,3.0,3.0,1.0
vision progress,3.0,3.0,1.0
pediatric progenitor,3.0,3.0,1.0
ethnicity poor,3.0,3.0,1.0
latino ethnicity,3.0,3.0,1.0
crlf2 associated,3.0,3.0,1.0
chance benefit,3.0,3.0,1.0
adolescent lymphoblastic,3.0,3.0,1.0
symptom old,3.0,3.0,1.0
sponsor instruction,3.0,3.0,1.0
letter instruction,3.0,3.0,1.0
pain upper,3.0,3.0,1.0
kinase cytokine,3.0,3.0,1.0
alteration kinase,3.0,3.0,1.0
prognosis lymphoblastic,3.0,3.0,1.0
ikzf1 prognosis,3.0,3.0,1.0
blood child,3.0,3.0,1.0
origin mixed,3.0,3.0,1.0
fellowship support,3.0,3.0,1.0
application additional,3.0,3.0,1.0
diagnose hodgkin,3.0,3.0,1.0
disease plan,3.0,3.0,1.0
procedure mri,3.0,3.0,1.0
harm radiation,3.0,3.0,1.0
immune meaning,3.0,3.0,1.0
clear justification,3.0,3.0,1.0
support phd,3.0,3.0,1.0
big decade,3.0,3.0,1.0
cell brand,3.0,3.0,1.0
referral issue,3.0,3.0,1.0
environment commitment,3.0,3.0,1.0
institutional environment,3.0,3.0,1.0
background goal,3.0,3.0,1.0
fellowship instruction,3.0,3.0,1.0
distress counseling,3.0,3.0,1.0
factor pain,3.0,3.0,1.0
race socioeconomic,3.0,3.0,1.0
phenotype leukaemia,3.0,3.0,1.0
well team,3.0,3.0,1.0
mentee relationship,3.0,3.0,1.0
experience relationship,3.0,3.0,1.0
problem strategy,3.0,3.0,1.0
plan time,3.0,3.0,1.0
honor award,3.0,3.0,1.0
alteration characteristic,3.0,3.0,1.0
correlation genome,3.0,3.0,1.0
profiling correlation,3.0,3.0,1.0
cluster pediatric,3.0,3.0,1.0
novel cluster,3.0,3.0,1.0
intensive year,3.0,3.0,1.0
activity application,3.0,3.0,1.0
schedule application,3.0,3.0,1.0
challenge application,3.0,3.0,1.0
microscope lymph,3.0,3.0,1.0
marrow missing,3.0,3.0,1.0
great area,3.0,3.0,1.0
later year,3.0,3.0,1.0
disease minimal,3.0,3.0,1.0
drug period,3.0,3.0,1.0
toxin cell,3.0,3.0,1.0
alleviate symptom,3.0,3.0,1.0
award adequate,3.0,3.0,1.0
application postdoctoral,3.0,3.0,1.0
cell immunohistochemistry,3.0,3.0,1.0
protein abundance,3.0,3.0,1.0
week president,3.0,3.0,1.0
initiative president,3.0,3.0,1.0
marker hepatitis,3.0,3.0,1.0
project narrative,3.0,3.0,1.0
sponsor project,3.0,3.0,1.0
f99 sponsor,3.0,3.0,1.0
place interruption,3.0,3.0,1.0
phase place,3.0,3.0,1.0
virus antibody,3.0,3.0,1.0
early point,3.0,3.0,1.0
woman period,3.0,3.0,1.0
decline man,3.0,3.0,1.0
finalist cancer,3.0,3.0,1.0
committee finalist,3.0,3.0,1.0
screening survey,3.0,3.0,1.0
antibody hepatitis,3.0,3.0,1.0
node angle,3.0,3.0,1.0
pelvis lymph,3.0,3.0,1.0
damage lymphoma,3.0,3.0,1.0
team bold,3.0,3.0,1.0
bold cancer,3.0,3.0,1.0
sound fun,3.0,3.0,1.0
united major,3.0,3.0,1.0
cigarette market,3.0,3.0,1.0
year lymphoblastic,3.0,3.0,1.0
leukaemia cancer,3.0,3.0,1.0
lactic dehydrogenase,3.0,3.0,1.0
measure lactic,3.0,3.0,1.0
ldh test,3.0,3.0,1.0
disease ldh,3.0,3.0,1.0
vaccination susceptible,3.0,3.0,1.0
prior infection,3.0,3.0,1.0
practice pattern,3.0,3.0,1.0
tumor fast,3.0,3.0,1.0
modern therapy,3.0,3.0,1.0
lot mentorship,3.0,3.0,1.0
virus antigen,3.0,3.0,1.0
measure hepatitis,3.0,3.0,1.0
blood measure,3.0,3.0,1.0
hepatitis test,3.0,3.0,1.0
disease hepatitis,3.0,3.0,1.0
prevalence association,3.0,3.0,1.0
great detail,3.0,3.0,1.0
outcome team,3.0,3.0,1.0
disease bcr,3.0,3.0,1.0
abnormal cervical,3.0,3.0,1.0
quantitative reverse,3.0,3.0,1.0
muscle myocarditis,3.0,3.0,1.0
track mentor,3.0,3.0,1.0
lymphoma addition,3.0,3.0,1.0
additional aberration,3.0,3.0,1.0
mean day,3.0,3.0,1.0
old prior,3.0,3.0,1.0
induction child,3.0,3.0,1.0
diagnosis critical,3.0,3.0,1.0
community application,3.0,3.0,1.0
consultation provider,3.0,3.0,1.0
leukemia relationship,3.0,3.0,1.0
woman minority,3.0,3.0,1.0
protection human,3.0,3.0,1.0
inhibitor chronic,3.0,3.0,1.0
syndrome autoimmune,3.0,3.0,1.0
disorder disease,3.0,3.0,1.0
lymphoma hiv,3.0,3.0,1.0
rash hypothyroidism,3.0,3.0,1.0
low hpv,3.0,3.0,1.0
epub guide,3.0,3.0,1.0
authentication key,3.0,3.0,1.0
application f99,3.0,3.0,1.0
faq overview,3.0,3.0,1.0
area datum,3.0,3.0,1.0
chronic area,3.0,3.0,1.0
palliative setting,3.0,3.0,1.0
diabetes addition,3.0,3.0,1.0
status assurance,3.0,3.0,1.0
institution candidate,3.0,3.0,1.0
resident institution,3.0,3.0,1.0
success fellowship,3.0,3.0,1.0
foundation success,3.0,3.0,1.0
inflammation pituitary,3.0,3.0,1.0
variable outcome,3.0,3.0,1.0
year measure,3.0,3.0,1.0
annual summit,3.0,3.0,1.0
faculty department,3.0,3.0,1.0
low minimal,3.0,3.0,1.0
community entire,3.0,3.0,1.0
bone skin,3.0,3.0,1.0
lymphoma protein,3.0,3.0,1.0
lymph bone,3.0,3.0,1.0
major tumor,3.0,3.0,1.0
jaw bone,3.0,3.0,1.0
benefit outweigh,3.0,3.0,1.0
point benefit,3.0,3.0,1.0
chronic quality,3.0,3.0,1.0
chronic severe,3.0,3.0,1.0
repository accessible,3.0,3.0,1.0
consortium institution,3.0,3.0,1.0
collaborative consortium,3.0,3.0,1.0
cptac collaborative,3.0,3.0,1.0
transplantation poor,3.0,3.0,1.0
value dna,3.0,3.0,1.0
high price,3.0,3.0,1.0
sample investigator,3.0,3.0,1.0
cptac project,3.0,3.0,1.0
molecular medicine,3.0,3.0,1.0
prayer meditation,3.0,3.0,1.0
protein low,3.0,3.0,1.0
purchase cigarette,3.0,3.0,1.0
therapy heart,3.0,3.0,1.0
subclone diagnosis,3.0,3.0,1.0
fall subclone,3.0,3.0,1.0
mutation infant,3.0,3.0,1.0
number strategy,3.0,3.0,1.0
public school,3.0,3.0,1.0
variety factor,3.0,3.0,1.0
importance mentorship,3.0,3.0,1.0
score quality,3.0,3.0,1.0
etiology oncogenic,3.0,3.0,1.0
like lymphoblastic,3.0,3.0,1.0
lesion like,3.0,3.0,1.0
distinct pattern,3.0,3.0,1.0
kinase lesion,3.0,3.0,1.0
commun zhang,3.0,3.0,1.0
factor activity,3.0,3.0,1.0
kra pik3ca,3.0,3.0,1.0
signature mutation,3.0,3.0,1.0
index high,3.0,3.0,1.0
smoking high,3.0,3.0,1.0
exposure lung,3.0,3.0,1.0
large epidemiologic,3.0,3.0,1.0
detection lung,3.0,3.0,1.0
lymphoma woman,3.0,3.0,1.0
body lymphoma,3.0,3.0,1.0
rare indolent,3.0,3.0,1.0
cd30 surface,3.0,3.0,1.0
symptom large,3.0,3.0,1.0
cancer nodule,3.0,3.0,1.0
number decade,3.0,3.0,1.0
public problem,3.0,3.0,1.0
lymphoma malt,3.0,3.0,1.0
depression drug,3.0,3.0,1.0
radiation kid,3.0,3.0,1.0
leader radiation,3.0,3.0,1.0
kid radiation,3.0,3.0,1.0
large kid,3.0,3.0,1.0
large stage,3.0,3.0,1.0
association significant,3.0,3.0,1.0
mds aml,3.0,3.0,1.0
finding subsequent,3.0,3.0,1.0
normal infant,3.0,3.0,1.0
team dose,3.0,3.0,1.0
intensity child,3.0,3.0,1.0
area journal,3.0,3.0,1.0
child breast,3.0,3.0,1.0
test parp,3.0,3.0,1.0
numbness hand,3.0,3.0,1.0
award mentorship,3.0,3.0,1.0
large protein,3.0,3.0,1.0
symptom provider,3.0,3.0,1.0
therapy plan,3.0,3.0,1.0
boost ability,3.0,3.0,1.0
decline score,3.0,3.0,1.0
area radiation,3.0,3.0,1.0
loss small,3.0,3.0,1.0
rate hearing,3.0,3.0,1.0
initial attempt,3.0,3.0,1.0
breastbone tonsil,3.0,3.0,1.0
adult pregnancy,3.0,3.0,1.0
bronchus skin,3.0,3.0,1.0
tract bronchus,3.0,3.0,1.0
participant series,3.0,3.0,1.0
hearing memory,3.0,3.0,1.0
therapy numerous,3.0,3.0,1.0
support small,3.0,3.0,1.0
damage child,3.0,3.0,1.0
final datum,3.0,3.0,1.0
cigarette student,3.0,3.0,1.0
subtype example,3.0,3.0,1.0
papillomavirus cancer,3.0,3.0,1.0
overtreatment small,3.0,3.0,1.0
restriction growth,3.0,3.0,1.0
pediatric additional,3.0,3.0,1.0
throat bone,3.0,3.0,1.0
enhance growth,3.0,3.0,1.0
causative variant,3.0,3.0,1.0
investigator outcome,3.0,3.0,1.0
hispanic ethnicity,3.0,3.0,1.0
ultraviolet light,3.0,3.0,1.0
bind target,3.0,3.0,1.0
bad subtype,3.0,3.0,1.0
year concern,3.0,3.0,1.0
nra gene,3.0,3.0,1.0
groin spleen,3.0,3.0,1.0
depression quality,3.0,3.0,1.0
leukemia response,3.0,3.0,1.0
citizen artificial,3.0,3.0,1.0
panel pathogenic,3.0,3.0,1.0
biomedical citizen,3.0,3.0,1.0
hematopoietic immune,3.0,3.0,1.0
infection fungal,3.0,3.0,1.0
small qualitative,3.0,3.0,1.0
therapeutic outcome,3.0,3.0,1.0
half child,3.0,3.0,1.0
expression hypermethylation,3.0,3.0,1.0
advance hodgkin,3.0,3.0,1.0
therapy contrast,3.0,3.0,1.0
small portion,3.0,3.0,1.0
penetrance variant,3.0,3.0,1.0
characteristic factor,3.0,3.0,1.0
issue cigarette,3.0,3.0,1.0
rate hospitalization,3.0,3.0,1.0
finding difference,3.0,3.0,1.0
hoifung poon,3.0,3.0,1.0
engineering generative,3.0,3.0,1.0
count diagnosis,3.0,3.0,1.0
old large,3.0,3.0,1.0
symptom ill,3.0,3.0,1.0
disease scan,3.0,3.0,1.0
problem trouble,3.0,3.0,1.0
couple hour,3.0,3.0,1.0
picture thing,3.0,3.0,1.0
status variant,3.0,3.0,1.0
advance biomedical,3.0,3.0,1.0
optimal output,3.0,3.0,1.0
tool optimal,3.0,3.0,1.0
generative tool,3.0,3.0,1.0
problem talk,3.0,3.0,1.0
activity heart,3.0,3.0,1.0
stress factor,3.0,3.0,1.0
long hospital,3.0,3.0,1.0
input generative,3.0,3.0,1.0
addiction cigarette,3.0,3.0,1.0
advance mission,3.0,3.0,1.0
alteration old,3.0,3.0,1.0
relevant understanding,3.0,3.0,1.0
cancer utilization,3.0,3.0,1.0
rate single,3.0,3.0,1.0
good knowledge,3.0,3.0,1.0
project r01,3.0,3.0,1.0
tumor sunitinib,3.0,3.0,1.0
analysis similar,3.0,3.0,1.0
cigarette example,3.0,3.0,1.0
point emphasis,3.0,3.0,1.0
cigarette adolescent,3.0,3.0,1.0
high cigarette,3.0,3.0,1.0
genet molecular,3.0,3.0,1.0
child sample,3.0,3.0,1.0
monocytic leukemia,3.0,3.0,1.0
project step,3.0,3.0,1.0
precision tumor,3.0,3.0,1.0
syndrome nature,3.0,3.0,1.0
disease thymic,3.0,3.0,1.0
block hormone,3.0,3.0,1.0
specialist surgery,3.0,3.0,1.0
malignancy long,3.0,3.0,1.0
cancer geriatr,3.0,3.0,1.0
cigarette teen,3.0,3.0,1.0
data management,3.0,3.0,1.0
series variant,3.0,3.0,1.0
variant secondary,3.0,3.0,1.0
variant figure,3.0,3.0,1.0
transcriptional activation,3.0,3.0,1.0
transplant enlarge,3.0,3.0,1.0
addition bad,3.0,3.0,1.0
quality concern,3.0,3.0,1.0
distribution pattern,3.0,3.0,1.0
mood day,3.0,3.0,1.0
symptom mood,3.0,3.0,1.0
relapse addition,3.0,3.0,1.0
molecular relapse,3.0,3.0,1.0
variant sensitivity,3.0,3.0,1.0
hospital development,3.0,3.0,1.0
long decline,3.0,3.0,1.0
cell emission,3.0,3.0,1.0
benign lesion,3.0,3.0,1.0
mass response,3.0,3.0,1.0
phenotype similar,3.0,3.0,1.0
blood neutrophil,3.0,3.0,1.0
cell functional,3.0,3.0,1.0
tomography mri,3.0,3.0,1.0
body scan,3.0,3.0,1.0
symptom physician,3.0,3.0,1.0
thymus thymoma,3.0,3.0,1.0
year aml,3.0,3.0,1.0
variant code,3.0,3.0,1.0
variant absent,3.0,3.0,1.0
molecule high,3.0,3.0,1.0
number limit,3.0,3.0,1.0
revision award,3.0,3.0,1.0
project stage,3.0,3.0,1.0
project molecular,3.0,3.0,1.0
project imat,3.0,3.0,1.0
repository project,3.0,3.0,1.0
trouble symptom,3.0,3.0,1.0
pace cancer,3.0,3.0,1.0
entire field,3.0,3.0,1.0
genomic genomics,3.0,3.0,1.0
structural abnormality,3.0,3.0,1.0
number criterion,3.0,3.0,1.0
profiling cancer,3.0,3.0,1.0
contraceptive cancer,3.0,3.0,1.0
blood response,3.0,3.0,1.0
human today,3.0,3.0,1.0
clinic advanced,3.0,3.0,1.0
time wonderful,3.0,3.0,1.0
cancer imat,3.0,3.0,1.0
card cancer,3.0,3.0,1.0
smoking behavior,3.0,3.0,1.0
eol cancer,3.0,3.0,1.0
trouble dyspnea,3.0,3.0,1.0
tool outcome,3.0,3.0,1.0
particular postdoc,3.0,3.0,1.0
friend breast,3.0,3.0,1.0
adult prevalence,3.0,3.0,1.0
computer application,3.0,3.0,1.0
genetic age,3.0,3.0,1.0
tcrb support,3.0,3.0,1.0
time uncertainty,3.0,3.0,1.0
hard right,3.0,3.0,1.0
year majority,3.0,3.0,1.0
participant undergone,3.0,3.0,1.0
outcome efs,3.0,3.0,1.0
community survey,3.0,3.0,1.0
aml significance,3.0,3.0,1.0
disorder germline,3.0,3.0,1.0
right idea,3.0,3.0,1.0
incidence fold,3.0,3.0,1.0
good environment,3.0,3.0,1.0
heart time,3.0,3.0,1.0
legacy thing,3.0,3.0,1.0
cost concern,3.0,3.0,1.0
team sure,3.0,3.0,1.0
societal factor,3.0,3.0,1.0
line woman,3.0,3.0,1.0
palliative screening,3.0,3.0,1.0
credible cancer,3.0,3.0,1.0
young datum,3.0,3.0,1.0
paper right,3.0,3.0,1.0
nature paper,3.0,3.0,1.0
shift perspective,3.0,3.0,1.0
chromosome del,3.0,3.0,1.0
daryl mcgrath,3.0,3.0,1.0
surgery institution,3.0,3.0,1.0
neoplasm adult,3.0,3.0,1.0
telephone counseling,3.0,3.0,1.0
a3973 phase,3.0,3.0,1.0
cog a3973,3.0,3.0,1.0
prevention genetic,3.0,3.0,1.0
phosphoinositide kinase,3.0,3.0,1.0
sarcoma person,3.0,3.0,1.0
cancer presurgical,3.0,3.0,1.0
purged peripheral,3.0,3.0,1.0
seeger purged,3.0,3.0,1.0
tell difference,3.0,3.0,1.0
deletion loss,3.0,3.0,1.0
lab colleague,3.0,3.0,1.0
slight male,3.0,3.0,1.0
prognosis atypical,3.0,3.0,1.0
encode transcription,3.0,3.0,1.0
plasma membrane,3.0,3.0,1.0
contribution field,3.0,3.0,1.0
cancer oncogene,3.0,3.0,1.0
medicine associate,3.0,3.0,1.0
medicine cell,3.0,3.0,1.0
stage optimal,3.0,3.0,1.0
lymphoma refractory,3.0,3.0,1.0
transplant cure,3.0,3.0,1.0
biological cell,3.0,3.0,1.0
piw single,3.0,3.0,1.0
discovery molecular,3.0,3.0,1.0
matter great,3.0,3.0,1.0
great insight,3.0,3.0,1.0
death pathway,3.0,3.0,1.0
molecule detail,3.0,3.0,1.0
difference reduction,3.0,3.0,1.0
evaluate effectiveness,3.0,3.0,1.0
prospective evaluate,3.0,3.0,1.0
drop white,3.0,3.0,1.0
substantial drop,3.0,3.0,1.0
example diarrhea,3.0,3.0,1.0
lab good,3.0,3.0,1.0
biological concept,3.0,3.0,1.0
pathway dna,3.0,3.0,1.0
double strand,3.0,3.0,1.0
extracranial metastatic,3.0,3.0,1.0
nervous germ,3.0,3.0,1.0
dna double,3.0,3.0,1.0
cell dataset,3.0,3.0,1.0
clinic bench,3.0,3.0,1.0
cancer fundamental,3.0,3.0,1.0
pain low,3.0,3.0,1.0
unknown factor,3.0,3.0,1.0
strong support,3.0,3.0,1.0
long monitoring,3.0,3.0,1.0
age well,3.0,3.0,1.0
school old,3.0,3.0,1.0
light drug,3.0,3.0,1.0
tumor indication,3.0,3.0,1.0
cavity pleural,3.0,3.0,1.0
neuroblastoma recurrent,3.0,3.0,1.0
challenge oncologist,3.0,3.0,1.0
alexandra richardson,3.0,3.0,1.0
music alexandra,3.0,3.0,1.0
diffuse high,3.0,3.0,1.0
responsive tumor,3.0,3.0,1.0
papillomavirus infection,3.0,3.0,1.0
time professor,3.0,3.0,1.0
thing sure,3.0,3.0,1.0
undergraduate project,3.0,3.0,1.0
therapy accessible,3.0,3.0,1.0
incredible experience,3.0,3.0,1.0
gateway big,3.0,3.0,1.0
chemotherapy lung,3.0,3.0,1.0
guide library,3.0,3.0,1.0
tip guide,3.0,3.0,1.0
guide tip,3.0,3.0,1.0
place world,3.0,3.0,1.0
molecule area,3.0,3.0,1.0
major public,3.0,3.0,1.0
difference example,3.0,3.0,1.0
datum gateway,3.0,3.0,1.0
potential data,3.0,3.0,1.0
richardson power,3.0,3.0,1.0
course data,3.0,3.0,1.0
video course,3.0,3.0,1.0
data video,3.0,3.0,1.0
data problem,3.0,3.0,1.0
datum predictive,3.0,3.0,1.0
quick gathering,3.0,3.0,1.0
tool quick,3.0,3.0,1.0
toolbox cancer,3.0,3.0,1.0
easy toolbox,3.0,3.0,1.0
contrast chemotherapy,3.0,3.0,1.0
library easy,3.0,3.0,1.0
visualization datum,3.0,3.0,1.0
adolescence poor,3.0,3.0,1.0
form kind,3.0,3.0,1.0
recipient opportunity,3.0,3.0,1.0
mgh cancer,3.0,3.0,1.0
award successful,3.0,3.0,1.0
cancer break,3.0,3.0,1.0
focus pancreatic,3.0,3.0,1.0
cancer ask,3.0,3.0,1.0
counselor worker,3.0,3.0,1.0
skill coding,3.0,3.0,1.0
data skill,3.0,3.0,1.0
method choice,3.0,3.0,1.0
focus large,3.0,3.0,1.0
breakthrough biomedical,3.0,3.0,1.0
application breakthrough,3.0,3.0,1.0
support leader,3.0,3.0,1.0
project fit,3.0,3.0,1.0
lifecycle project,3.0,3.0,1.0
project lifecycle,3.0,3.0,1.0
biostatistic cancer,3.0,3.0,1.0
learning biostatistic,3.0,3.0,1.0
coding machine,3.0,3.0,1.0
granulocyte colony,3.0,3.0,1.0
today music,3.0,3.0,1.0
head today,3.0,3.0,1.0
day good,3.0,3.0,1.0
burden low,3.0,3.0,1.0
opportunity k99,3.0,3.0,1.0
cancer curious,3.0,3.0,1.0
nanoparticle delivery,3.0,3.0,1.0
time applicant,3.0,3.0,1.0
project lot,3.0,3.0,1.0
therapy class,3.0,3.0,1.0
neuropathy pain,3.0,3.0,1.0
alteration secondary,3.0,3.0,1.0
cell neural,3.0,3.0,1.0
support administrative,3.0,3.0,1.0
nanoparticle time,3.0,3.0,1.0
citizen application,3.0,3.0,1.0
lymphoma significant,3.0,3.0,1.0
regimen bleomycin,3.0,3.0,1.0
abemaciclib addition,3.0,3.0,1.0
prednisone cyclophosphamide,3.0,3.0,1.0
etoposide prednisone,3.0,3.0,1.0
year brentuximab,3.0,3.0,1.0
cell indication,3.0,3.0,1.0
rib thoracoscope,3.0,3.0,1.0
cut rib,3.0,3.0,1.0
chest abnormal,3.0,3.0,1.0
phase brentuximab,3.0,3.0,1.0
project equivalent,3.0,3.0,1.0
participant project,3.0,3.0,1.0
period experience,3.0,3.0,1.0
person successful,3.0,3.0,1.0
old practice,3.0,3.0,1.0
local hospital,3.0,3.0,1.0
tube feeding,3.0,3.0,1.0
retrospective present,3.0,3.0,1.0
person personal,3.0,3.0,1.0
personal relationship,3.0,3.0,1.0
period support,3.0,3.0,1.0
academic mentor,3.0,3.0,1.0
child therapy,3.0,3.0,1.0
time hour,3.0,3.0,1.0
interested time,3.0,3.0,1.0
subset aml,3.0,3.0,1.0
person friend,3.0,3.0,1.0
couch cancer,3.0,3.0,1.0
cancer near,3.0,3.0,1.0
experience distress,3.0,3.0,1.0
familiar concept,3.0,3.0,1.0
year gene,3.0,3.0,1.0
variant double,3.0,3.0,1.0
variant stratification,3.0,3.0,1.0
sound fascinating,3.0,3.0,1.0
specialized cell,3.0,3.0,1.0
neural cell,3.0,3.0,1.0
activity impact,3.0,3.0,1.0
cultural perspective,3.0,3.0,1.0
absence young,3.0,3.0,1.0
little minute,3.0,3.0,1.0
good friend,3.0,3.0,1.0
survivor challenge,3.0,3.0,1.0
protection affordable,3.0,3.0,1.0
addition thing,3.0,3.0,1.0
person income,3.0,3.0,1.0
parent stress,3.0,3.0,1.0
composition cell,3.0,3.0,1.0
interesting listener,3.0,3.0,1.0
love fantastic,3.0,3.0,1.0
favorable impact,3.0,3.0,1.0
depression person,3.0,3.0,1.0
aml single,3.0,3.0,1.0
rate occurrence,3.0,3.0,1.0
metastasis immune,3.0,3.0,1.0
insight thank,3.0,3.0,1.0
cancer invasion,3.0,3.0,1.0
useful example,3.0,3.0,1.0
massage therapy,3.0,3.0,1.0
positive child,3.0,3.0,1.0
impact today,3.0,3.0,1.0
variant abrogate,3.0,3.0,1.0
cancer distressing,3.0,3.0,1.0
variant prognostic,3.0,3.0,1.0
addition dna,3.0,3.0,1.0
disproportionate number,3.0,3.0,1.0
human herpesvirus,3.0,3.0,1.0
thing particular,3.0,3.0,1.0
symposium year,3.0,3.0,1.0
cell deep,3.0,3.0,1.0
enable cell,3.0,3.0,1.0
mind day,3.0,3.0,1.0
setting advanced,3.0,3.0,1.0
country low,3.0,3.0,1.0
lot interesting,3.0,3.0,1.0
read book,3.0,3.0,1.0
cancer expensive,3.0,3.0,1.0
physician option,3.0,3.0,1.0
light microscope,3.0,3.0,1.0
impact adult,3.0,3.0,1.0
cardiac injury,3.0,3.0,1.0
damage heart,3.0,3.0,1.0
option therapeutic,3.0,3.0,1.0
useful assessment,3.0,3.0,1.0
hospital step,3.0,3.0,1.0
cancer hematology,3.0,3.0,1.0
financial counselor,3.0,3.0,1.0
oncologist nurse,3.0,3.0,1.0
spotlight crucial,3.0,3.0,1.0
financial matter,3.0,3.0,1.0
cancer aggarwal,3.0,3.0,1.0
demographic tumor,3.0,3.0,1.0
tumor light,3.0,3.0,1.0
multiple discipline,3.0,3.0,1.0
marrow stem,3.0,3.0,1.0
makeup tumor,3.0,3.0,1.0
mentorship experience,3.0,3.0,1.0
positive subtype,3.0,3.0,1.0
president ceo,3.0,3.0,1.0
physical appearance,3.0,3.0,1.0
hpv point,3.0,3.0,1.0
classification disease,3.0,3.0,1.0
tissue somatic,3.0,3.0,1.0
microenvironment chemotherapy,3.0,3.0,1.0
method multiscale,3.0,3.0,1.0
mathematical method,3.0,3.0,1.0
branch development,3.0,3.0,1.0
couch lead,3.0,3.0,1.0
surgery complication,3.0,3.0,1.0
discus importance,3.0,3.0,1.0
scale large,3.0,3.0,1.0
detection low,3.0,3.0,1.0
community inclusive,3.0,3.0,1.0
couch chief,3.0,3.0,1.0
wound healing,3.0,3.0,1.0
school postdoctoral,3.0,3.0,1.0
point diagnosis,3.0,3.0,1.0
burden symptom,3.0,3.0,1.0
financial challenge,3.0,3.0,1.0
challenge large,3.0,3.0,1.0
expertise artificial,3.0,3.0,1.0
couch area,3.0,3.0,1.0
data couch,3.0,3.0,1.0
citizen data,3.0,3.0,1.0
bioinformatics citizen,3.0,3.0,1.0
modeling bioinformatics,3.0,3.0,1.0
working piwg,3.0,3.0,1.0
implementation working,3.0,3.0,1.0
imag genomic,3.0,3.0,1.0
analysis imag,3.0,3.0,1.0
modeling analysis,3.0,3.0,1.0
interagency modeling,3.0,3.0,1.0
trans interagency,3.0,3.0,1.0
couch trans,3.0,3.0,1.0
responsibility couch,3.0,3.0,1.0
biotechnology responsibility,3.0,3.0,1.0
structural biotechnology,3.0,3.0,1.0
environmental stimulus,3.0,3.0,1.0
citizen crowdsourcing,3.0,3.0,1.0
team citizen,3.0,3.0,1.0
interest chairs,3.0,3.0,1.0
nbib interest,3.0,3.0,1.0
working nbib,3.0,3.0,1.0
biomaterial cancer,3.0,3.0,1.0
symptom short,3.0,3.0,1.0
advisory tag,3.0,3.0,1.0
problem measure,3.0,3.0,1.0
diagnosis oral,3.0,3.0,1.0
piwg sbir,3.0,3.0,1.0
lens pupil,3.0,3.0,1.0
pupil exam,3.0,3.0,1.0
rice university,3.0,3.0,1.0
community societal,3.0,3.0,1.0
initiative community,3.0,3.0,1.0
congressional initiative,3.0,3.0,1.0
coordinator congressional,3.0,3.0,1.0
crowdsourcing coordinator,3.0,3.0,1.0
cancer showing,3.0,3.0,1.0
citizen working,3.0,3.0,1.0
tag citizen,3.0,3.0,1.0
application structural,3.0,3.0,1.0
intelligence molecular,3.0,3.0,1.0
societal need,3.0,3.0,1.0
community big,3.0,3.0,1.0
mental quality,3.0,3.0,1.0
retina eye,3.0,3.0,1.0
pupil retina,3.0,3.0,1.0
drop lens,3.0,3.0,1.0
eye pupil,3.0,3.0,1.0
tony dickherber,3.0,3.0,1.0
genomic ccg,3.0,3.0,1.0
cancer announcement,3.0,3.0,1.0
nerve eye,3.0,3.0,1.0
body light,3.0,3.0,1.0
key thing,3.0,3.0,1.0
opportunity passion,3.0,3.0,1.0
person molecular,3.0,3.0,1.0
cancer couch,3.0,3.0,1.0
innovation advance,3.0,3.0,1.0
associate diversity,3.0,3.0,1.0
team representative,3.0,3.0,1.0
pelvis angle,3.0,3.0,1.0
hospital outpatient,3.0,3.0,1.0
team physical,3.0,3.0,1.0
fluid flow,3.0,3.0,1.0
impact body,3.0,3.0,1.0
sure lot,3.0,3.0,1.0
kind physical,3.0,3.0,1.0
temporal dynamic,3.0,3.0,1.0
underlie cancer,3.0,3.0,1.0
able helpful,3.0,3.0,1.0
story collaboration,3.0,3.0,1.0
marine organism,3.0,3.0,1.0
initiative translational,3.0,3.0,1.0
validation biomarker,3.0,3.0,1.0
datum sufficient,3.0,3.0,1.0
able lab,3.0,3.0,1.0
molecule interest,3.0,3.0,1.0
kind paper,3.0,3.0,1.0
big drawback,3.0,3.0,1.0
disease fantastic,3.0,3.0,1.0
academic lab,3.0,3.0,1.0
critical lot,3.0,3.0,1.0
biomarker validation,3.0,3.0,1.0
relevant biological,3.0,3.0,1.0
cancer radioactive,3.0,3.0,1.0
radiotherapy radiation,3.0,3.0,1.0
plaque radiotherapy,3.0,3.0,1.0
prevention issue,3.0,3.0,1.0
opportunity intramural,3.0,3.0,1.0
big goal,3.0,3.0,1.0
large difficult,3.0,3.0,1.0
kind collaboration,3.0,3.0,1.0
lab field,3.0,3.0,1.0
perspective kind,3.0,3.0,1.0
workshop perspective,3.0,3.0,1.0
age small,3.0,3.0,1.0
waiting surgery,3.0,3.0,1.0
method field,3.0,3.0,1.0
chemistry physic,3.0,3.0,1.0
creative solution,3.0,3.0,1.0
campus investigator,3.0,3.0,1.0
body physical,3.0,3.0,1.0
college university,3.0,3.0,1.0
drink water,3.0,3.0,1.0
pathway example,3.0,3.0,1.0
valent hpv,3.0,3.0,1.0
analogue scale,3.0,3.0,1.0
delivery hdrp,3.0,3.0,1.0
able key,3.0,3.0,1.0
progress idea,3.0,3.0,1.0
delivery old,3.0,3.0,1.0
model triple,3.0,3.0,1.0
high doxorubicin,3.0,3.0,1.0
widget maintenance,3.0,3.0,1.0
path fantastic,3.0,3.0,1.0
thing love,3.0,3.0,1.0
award guide,3.0,3.0,1.0
disease low-,3.0,3.0,1.0
application quantitative,3.0,3.0,1.0
present palpable,3.0,3.0,1.0
day highlight,3.0,3.0,1.0
kind biomedical,3.0,3.0,1.0
biomarker diagnosis,3.0,3.0,1.0
happy excited,3.0,3.0,1.0
engineering biomaterial,3.0,3.0,1.0
physical principle,3.0,3.0,1.0
physiological complication,3.0,3.0,1.0
major problem,3.0,3.0,1.0
prostate colorectal,3.0,3.0,1.0
calcium diet,3.0,3.0,1.0
clear year,3.0,3.0,1.0
management workforce,3.0,3.0,1.0
range curious,3.0,3.0,1.0
real cancer,3.0,3.0,1.0
scale thinking,3.0,3.0,1.0
iodine metaiodobenzylguanidine,3.0,3.0,1.0
quantitative performance,3.0,3.0,1.0
cancer distribution,3.0,3.0,1.0
ability step,3.0,3.0,1.0
essential development,3.0,3.0,1.0
therapy essential,3.0,3.0,1.0
increase efficiency,3.0,3.0,1.0
variation outcome,3.0,3.0,1.0
quality example,3.0,3.0,1.0
young love,3.0,3.0,1.0
young team,3.0,3.0,1.0
progress thank,3.0,3.0,1.0
biologist engineer,3.0,3.0,1.0
separate thing,3.0,3.0,1.0
sort problem,3.0,3.0,1.0
physic chemistry,3.0,3.0,1.0
iarc world,3.0,3.0,1.0
lmic child,3.0,3.0,1.0
strategy diagnostic,3.0,3.0,1.0
country opportunity,3.0,3.0,1.0
responsible cervical,3.0,3.0,1.0
gene classic,3.0,3.0,1.0
thing challenge,3.0,3.0,1.0
table promise,3.0,3.0,1.0
matter team,3.0,3.0,1.0
matter right,3.0,3.0,1.0
vaccine hepatitis,3.0,3.0,1.0
cohort chronic,3.0,3.0,1.0
lmic institution,3.0,3.0,1.0
problem unique,3.0,3.0,1.0
look lot,3.0,3.0,1.0
great attention,3.0,3.0,1.0
drug palbociclib,3.0,3.0,1.0
drug likely,3.0,3.0,1.0
systemic symptom,3.0,3.0,1.0
design development,3.0,3.0,1.0
gland men2a,3.0,3.0,1.0
mutation responsible,3.0,3.0,1.0
normal gene,3.0,3.0,1.0
lesion association,3.0,3.0,1.0
previous tumor,3.0,3.0,1.0
medulloblastoma poor,3.0,3.0,1.0
disease subtype,3.0,3.0,1.0
challenge lack,3.0,3.0,1.0
relative year,3.0,3.0,1.0
little mortality,3.0,3.0,1.0
personnel development,3.0,3.0,1.0
strategy quality,3.0,3.0,1.0
profile molecular,3.0,3.0,1.0
delay onset,3.0,3.0,1.0
supply cancer,3.0,3.0,1.0
tool gene,3.0,3.0,1.0
easy remove,3.0,3.0,1.0
drug istock,3.0,3.0,1.0
aml genomic,3.0,3.0,1.0
biomarker future,3.0,3.0,1.0
frequency observation,3.0,3.0,1.0
syndrome progressive,3.0,3.0,1.0
scale molecular,3.0,3.0,1.0
generation large,3.0,3.0,1.0
multiple biological,3.0,3.0,1.0
tumor tool,3.0,3.0,1.0
nucleus tumor,3.0,3.0,1.0
nanotechnology therapy,3.0,3.0,1.0
frequency diagnosis,3.0,3.0,1.0
fund broad,3.0,3.0,1.0
great confidence,3.0,3.0,1.0
commonality difference,3.0,3.0,1.0
biomarker protein,3.0,3.0,1.0
fy26 annual,3.0,3.0,1.0
depression score,3.0,3.0,1.0
r43 r44,3.0,3.0,1.0
r42 r43,3.0,3.0,1.0
r41 r42,3.0,3.0,1.0
range gene,3.0,3.0,1.0
adult chromosomal,3.0,3.0,1.0
aml example,3.0,3.0,1.0
physiological function,3.0,3.0,1.0
systemic disease,3.0,3.0,1.0
cord surgery,3.0,3.0,1.0
polymorphic variant,3.0,3.0,1.0
metabolism toxicity,3.0,3.0,1.0
pattern tobacco,3.0,3.0,1.0
therapy tool,3.0,3.0,1.0
abnormality diagnostic,3.0,3.0,1.0
cell conventional,3.0,3.0,1.0
age spectrum,3.0,3.0,1.0
importance team,3.0,3.0,1.0
polymorphism analysis,3.0,3.0,1.0
polymorphism genome,3.0,3.0,1.0
unc lineberger,3.0,3.0,1.0
clinic appointment,3.0,3.0,1.0
critical consideration,3.0,3.0,1.0
decade substantial,3.0,3.0,1.0
outcome real,3.0,3.0,1.0
frequent dose,3.0,3.0,1.0
time decade,3.0,3.0,1.0
good body,3.0,3.0,1.0
variant east,3.0,3.0,1.0
hematologic toxicity,3.0,3.0,1.0
disease genomic,3.0,3.0,1.0
impact low,3.0,3.0,1.0
human animal,3.0,3.0,1.0
biological obesity,3.0,3.0,1.0
human potential,3.0,3.0,1.0
validation utility,3.0,3.0,1.0
extensive infrastructure,3.0,3.0,1.0
cancer leverage,3.0,3.0,1.0
key issue,3.0,3.0,1.0
infection malignancy,3.0,3.0,1.0
complex metastatic,3.0,3.0,1.0
cell evade,3.0,3.0,1.0
year metab,3.0,3.0,1.0
innovative key,3.0,3.0,1.0
umar d.v.m,3.0,3.0,1.0
asad umar,3.0,3.0,1.0
response number,3.0,3.0,1.0
stress response,3.0,3.0,1.0
reaction cell,3.0,3.0,1.0
biopsy factor,3.0,3.0,1.0
cell location,3.0,3.0,1.0
genomic team,3.0,3.0,1.0
world remarkable,3.0,3.0,1.0
chief gastrointestinal,3.0,3.0,1.0
d.v.m chief,3.0,3.0,1.0
similar participant,3.0,3.0,1.0
application rfa,3.0,3.0,1.0
tool advanced,3.0,3.0,1.0
impair ability,3.0,3.0,1.0
progressing placebo,3.0,3.0,1.0
cancer squibb,3.0,3.0,1.0
extend advanced,3.0,3.0,1.0
cancer returning,3.0,3.0,1.0
line pembrolizumab,3.0,3.0,1.0
impact line,3.0,3.0,1.0
thought death,3.0,3.0,1.0
placebo immunotherapy,3.0,3.0,1.0
prognosis instance,3.0,3.0,1.0
characteristic prognosis,3.0,3.0,1.0
pain pressure,3.0,3.0,1.0
nature biotechnology,3.0,3.0,1.0
factor metastatic,3.0,3.0,1.0
shrink cancer,3.0,3.0,1.0
insight breast,3.0,3.0,1.0
adenocarcinoma esophagus,3.0,3.0,1.0
therapy esmo,3.0,3.0,1.0
able line,3.0,3.0,1.0
cell induction,3.0,3.0,1.0
initial induction,3.0,3.0,1.0
nanoparticle doxorubicin,3.0,3.0,1.0
oncologist university,3.0,3.0,1.0
esophageal tumor,3.0,3.0,1.0
surgery initial,3.0,3.0,1.0
bad inhibitor,3.0,3.0,1.0
story immunotherapy,3.0,3.0,1.0
cell dissemination,3.0,3.0,1.0
rate germline,3.0,3.0,1.0
discussion session,3.0,3.0,1.0
metabolic profile,3.0,3.0,1.0
upper abdomen,3.0,3.0,1.0
medicine concept,3.0,3.0,1.0
chemotherapy esophageal,3.0,3.0,1.0
istock pembrolizumab,3.0,3.0,1.0
tumor active,3.0,3.0,1.0
special concern,3.0,3.0,1.0
large esophageal,3.0,3.0,1.0
preference percentage,3.0,3.0,1.0
editor note,3.0,3.0,1.0
management refractory,3.0,3.0,1.0
tumor ewing,3.0,3.0,1.0
finding drug,3.0,3.0,1.0
sarcoma day,3.0,3.0,1.0
year liquid,3.0,3.0,1.0
preservation safe,3.0,3.0,1.0
old medulloblastoma,3.0,3.0,1.0
norm cancer,3.0,3.0,1.0
tumor circulation,3.0,3.0,1.0
focus identification,3.0,3.0,1.0
tumor focus,3.0,3.0,1.0
circulation key,3.0,3.0,1.0
technique woman,3.0,3.0,1.0
sufficient quality,3.0,3.0,1.0
reality sure,3.0,3.0,1.0
thing comfortable,3.0,3.0,1.0
hippel lindau,3.0,3.0,1.0
chaperone protein,3.0,3.0,1.0
shock protein,3.0,3.0,1.0
heat shock,3.0,3.0,1.0
von hippel,3.0,3.0,1.0
sure provider,3.0,3.0,1.0
cellular stress,3.0,3.0,1.0
lump pain,3.0,3.0,1.0
heart electrical,3.0,3.0,1.0
distribution high,3.0,3.0,1.0
aberrant activity,3.0,3.0,1.0
characterization child,3.0,3.0,1.0
adult glioma,3.0,3.0,1.0
exam cancer,3.0,3.0,1.0
noncoding rna,3.0,3.0,1.0
model lot,3.0,3.0,1.0
development expensive,3.0,3.0,1.0
goal immunotherapy,3.0,3.0,1.0
outcome concurrent,3.0,3.0,1.0
enhance cell,3.0,3.0,1.0
cell enhance,3.0,3.0,1.0
medicine infection,3.0,3.0,1.0
time extreme,3.0,3.0,1.0
immunotherapy form,3.0,3.0,1.0
child immunotherapy,3.0,3.0,1.0
inhibitor time,3.0,3.0,1.0
tumor mild,3.0,3.0,1.0
colleague human,3.0,3.0,1.0
incidence persistent,3.0,3.0,1.0
pancreatic small,3.0,3.0,1.0
microscopic disease,3.0,3.0,1.0
age aggressive,3.0,3.0,1.0
chemical body,3.0,3.0,1.0
screening new,3.0,3.0,1.0
mechanism rise,3.0,3.0,1.0
therapy medication,3.0,3.0,1.0
year hormone,3.0,3.0,1.0
acceleration ntap,3.0,3.0,1.0
therapeutic acceleration,3.0,3.0,1.0
pathogenic high,3.0,3.0,1.0
tumor piece,3.0,3.0,1.0
local systemic,3.0,3.0,1.0
tumor angle,3.0,3.0,1.0
intensity tumor,3.0,3.0,1.0
thin beam,3.0,3.0,1.0
high complication,3.0,3.0,1.0
metachronous disease,3.0,3.0,1.0
adult nf1,3.0,3.0,1.0
valid reliable,3.0,3.0,1.0
amplification gene,3.0,3.0,1.0
focus cell,3.0,3.0,1.0
potential financial,3.0,3.0,1.0
variant chinese,3.0,3.0,1.0
advance colorectal,3.0,3.0,1.0
pregnancy baby,3.0,3.0,1.0
status excellent,3.0,3.0,1.0
hypoparathyroidism recurrent,3.0,3.0,1.0
preclinical translational,3.0,3.0,1.0
microenvironment tme,3.0,3.0,1.0
datum disparate,3.0,3.0,1.0
high surgical,3.0,3.0,1.0
time thyroid,3.0,3.0,1.0
significance multiple,3.0,3.0,1.0
chest arm,3.0,3.0,1.0
quality data,3.0,3.0,1.0
hospital tumor,3.0,3.0,1.0
trend breast,3.0,3.0,1.0
feature myeloid,3.0,3.0,1.0
integration datum,3.0,3.0,1.0
microenvironment dynamic,3.0,3.0,1.0
child therapeutic,3.0,3.0,1.0
datum weak,3.0,3.0,1.0
selumetinib tumor,3.0,3.0,1.0
company manufacture,3.0,3.0,1.0
impressive efficacy,3.0,3.0,1.0
old osimertinib,3.0,3.0,1.0
metastasis investigator,3.0,3.0,1.0
aberration biophysic,3.0,3.0,1.0
etiology dna,3.0,3.0,1.0
picture size,3.0,3.0,1.0
fit tumor,3.0,3.0,1.0
pathway half,3.0,3.0,1.0
relevance finding,3.0,3.0,1.0
exploration dave,3.0,3.0,1.0
gdc cancer,3.0,3.0,1.0
shape radiation,3.0,3.0,1.0
nontumor cell,3.0,3.0,1.0
alteration tp53,3.0,3.0,1.0
discovery strategy,3.0,3.0,1.0
reduction proportion,3.0,3.0,1.0
increase decade,3.0,3.0,1.0
team selumetinib,3.0,3.0,1.0
number invasive,3.0,3.0,1.0
team woman,3.0,3.0,1.0
oncogenic protein,3.0,3.0,1.0
activity figure,3.0,3.0,1.0
stress diagnosis,3.0,3.0,1.0
cancer shape,3.0,3.0,1.0
datum proteomic,3.0,3.0,1.0
disease illness,3.0,3.0,1.0
history focus,3.0,3.0,1.0
child analysis,3.0,3.0,1.0
diagnosis regimen,3.0,3.0,1.0
woman datum,3.0,3.0,1.0
beam fit,3.0,3.0,1.0
radiation beam,3.0,3.0,1.0
able good,3.0,3.0,1.0
option positive,3.0,3.0,1.0
headache nausea,3.0,3.0,1.0
test number,3.0,3.0,1.0
growth colleague,3.0,3.0,1.0
tumor signal,3.0,3.0,1.0
good balance,3.0,3.0,1.0
regimen initial,3.0,3.0,1.0
option fertility,3.0,3.0,1.0
sex man,3.0,3.0,1.0
cancer involved,3.0,3.0,1.0
incidence decade,3.0,3.0,1.0
financial stability,3.0,3.0,1.0
new yield,3.0,3.0,1.0
exercise day,3.0,3.0,1.0
therapy infant,3.0,3.0,1.0
likely child,3.0,3.0,1.0
cdc hpv,3.0,3.0,1.0
production fusion,3.0,3.0,1.0
number prognosis,3.0,3.0,1.0
prognosis limited,3.0,3.0,1.0
inhibitor benefit,3.0,3.0,1.0
tumor thin,3.0,3.0,1.0
participant chest,3.0,3.0,1.0
death participant,3.0,3.0,1.0
position cell,3.0,3.0,1.0
leukemia target,3.0,3.0,1.0
tcga human,3.0,3.0,1.0
impact child,3.0,3.0,1.0
gene set,3.0,3.0,1.0
team discovery,3.0,3.0,1.0
strategy high,3.0,3.0,1.0
dimensional picture,3.0,3.0,1.0
favorable old,3.0,3.0,1.0
efficacy number,3.0,3.0,1.0
previous analysis,3.0,3.0,1.0
team multi,3.0,3.0,1.0
useful team,3.0,3.0,1.0
microenvironment growth,3.0,3.0,1.0
tissue disease,3.0,3.0,1.0
field year,3.0,3.0,1.0
time rare,3.0,3.0,1.0
favorable rate,3.0,3.0,1.0
barrier brain,3.0,3.0,1.0
adult hiv,3.0,3.0,1.0
weak immune,3.0,3.0,1.0
cancer hpv16,3.0,3.0,1.0
throat cancer,3.0,3.0,1.0
hpv virus,3.0,3.0,1.0
prevention annual,3.0,3.0,1.0
deletion genomic,3.0,3.0,1.0
sensitive detection,3.0,3.0,1.0
physical limitation,3.0,3.0,1.0
metastatic bone,3.0,3.0,1.0
tumor interact,3.0,3.0,1.0
fatigue trouble,3.0,3.0,1.0
pain time,3.0,3.0,1.0
measure efficacy,3.0,3.0,1.0
datum utility,3.0,3.0,1.0
university school,3.0,3.0,1.0
time money,3.0,3.0,1.0
tumor neurofibromatosis,3.0,3.0,1.0
potential false,3.0,3.0,1.0
tumor cancerous,3.0,3.0,1.0
nf1 disease,3.0,3.0,1.0
chromosome 1q21,3.0,3.0,1.0
cancer later,3.0,3.0,1.0
tissue response,3.0,3.0,1.0
function immune,3.0,3.0,1.0
detect presence,3.0,3.0,1.0
tumor shape,3.0,3.0,1.0
small conventional,3.0,3.0,1.0
fusion small,3.0,3.0,1.0
major progress,3.0,3.0,1.0
year birth,3.0,3.0,1.0
signature gene,3.0,3.0,1.0
variant signature,3.0,3.0,1.0
branch year,3.0,3.0,1.0
diagnosis piece,3.0,3.0,1.0
tissue finding,3.0,3.0,1.0
receptor region,3.0,3.0,1.0
benefit nicotine,3.0,3.0,1.0
store datum,3.0,3.0,1.0
bioinformatics data,3.0,3.0,1.0
surrogate disease,3.0,3.0,1.0
consequence smoking,3.0,3.0,1.0
tumor vein,3.0,3.0,1.0
aya adult,3.0,3.0,1.0
status cohort,3.0,3.0,1.0
high status,3.0,3.0,1.0
recipient development,3.0,3.0,1.0
great increase,3.0,3.0,1.0
therapy analysis,3.0,3.0,1.0
overcome challenge,3.0,3.0,1.0
disease terese,3.0,3.0,1.0
rate smoking,3.0,3.0,1.0
rate drop,3.0,3.0,1.0
development precision,3.0,3.0,1.0
palliative cardiopulmonary,3.0,3.0,1.0
size drug,3.0,3.0,1.0
chromosome alteration,3.0,3.0,1.0
development single,3.0,3.0,1.0
quit individualized,3.0,3.0,1.0
year dramatic,3.0,3.0,1.0
possibility progress,3.0,3.0,1.0
clinic advocate,3.0,3.0,1.0
collaboration clinic,3.0,3.0,1.0
tumor problem,3.0,3.0,1.0
pembrolizumab target,3.0,3.0,1.0
prevalence loss,3.0,3.0,1.0
development fusion,3.0,3.0,1.0
fludeoxyglucose positron,3.0,3.0,1.0
high rare,3.0,3.0,1.0
widespread disease,3.0,3.0,1.0
nicotine harmful,3.0,3.0,1.0
large rapid,3.0,3.0,1.0
concern issue,3.0,3.0,1.0
additional confirm,3.0,3.0,1.0
personal issue,3.0,3.0,1.0
able intensive,3.0,3.0,1.0
requirement legal,3.0,3.0,1.0
discus need,3.0,3.0,1.0
smoker disease,3.0,3.0,1.0
advance personal,3.0,3.0,1.0
multiple adverse,3.0,3.0,1.0
syndrome elevated,3.0,3.0,1.0
model collaboration,3.0,3.0,1.0
forum omf,3.0,3.0,1.0
therapy equal,3.0,3.0,1.0
age smoker,3.0,3.0,1.0
good colon,3.0,3.0,1.0
cancer hearing,3.0,3.0,1.0
leukemia age,3.0,3.0,1.0
stomach cervix,3.0,3.0,1.0
lung esophagus,3.0,3.0,1.0
syndrome uncommon,3.0,3.0,1.0
trouble chest,3.0,3.0,1.0
child key,3.0,3.0,1.0
metastasis body,3.0,3.0,1.0
interpretation observation,3.0,3.0,1.0
status stratification,3.0,3.0,1.0
drug break,3.0,3.0,1.0
variant upstream,3.0,3.0,1.0
transcriptional cell,3.0,3.0,1.0
lesion syndrome,3.0,3.0,1.0
participant disease,3.0,3.0,1.0
cancer midline,3.0,3.0,1.0
support investment,3.0,3.0,1.0
aspiration year,3.0,3.0,1.0
course bone,3.0,3.0,1.0
tobacco act,3.0,3.0,1.0
harm organ,3.0,3.0,1.0
great lung,3.0,3.0,1.0
late series,3.0,3.0,1.0
hiv low,3.0,3.0,1.0
virus aid,3.0,3.0,1.0
alteration pten,3.0,3.0,1.0
metnet advance,3.0,3.0,1.0
investigator fred,3.0,3.0,1.0
overall chemotherapy,3.0,3.0,1.0
gene regular,3.0,3.0,1.0
participant annual,3.0,3.0,1.0
provision tobacco,3.0,3.0,1.0
cell major,3.0,3.0,1.0
need therapy,3.0,3.0,1.0
nausea infection,3.0,3.0,1.0
cigarette design,3.0,3.0,1.0
model ngcms,3.0,3.0,1.0
microenvironment time,3.0,3.0,1.0
fluid body,3.0,3.0,1.0
surgery blood,3.0,3.0,1.0
experience strategy,3.0,3.0,1.0
vaccine protein,3.0,3.0,1.0
ribociclib inhibitor,3.0,3.0,1.0
imatinib dasatinib,3.0,3.0,1.0
small homogeneous,3.0,3.0,1.0
significant contributor,3.0,3.0,1.0
tumor anticancer,3.0,3.0,1.0
fuse gene,3.0,3.0,1.0
support productivity,3.0,3.0,1.0
heterogeneous molecular,3.0,3.0,1.0
pediatric associazione,3.0,3.0,1.0
tumor mrna,3.0,3.0,1.0
therapy ribociclib,3.0,3.0,1.0
provider addition,3.0,3.0,1.0
gene harbor,3.0,3.0,1.0
haploinsufficient tumor,3.0,3.0,1.0
mild symptom,3.0,3.0,1.0
surgery watchful,3.0,3.0,1.0
problem test,3.0,3.0,1.0
spatial feature,3.0,3.0,1.0
drug reaction,3.0,3.0,1.0
face challenge,3.0,3.0,1.0
support genomic,3.0,3.0,1.0
genomic support,3.0,3.0,1.0
absence biallelic,3.0,3.0,1.0
syndrome key,3.0,3.0,1.0
trouble blood,3.0,3.0,1.0
critical function,3.0,3.0,1.0
religious need,3.0,3.0,1.0
mesylate chemotherapy,3.0,3.0,1.0
benefit additional,3.0,3.0,1.0
model addition,3.0,3.0,1.0
discus provider,3.0,3.0,1.0
ray mri,3.0,3.0,1.0
consistent diagnosis,3.0,3.0,1.0
chest angle,3.0,3.0,1.0
nmri ultrasound,3.0,3.0,1.0
right team,3.0,3.0,1.0
prevention major,3.0,3.0,1.0
oncotarget tumor,3.0,3.0,1.0
immunoprevention strategy,3.0,3.0,1.0
underlie fundamental,3.0,3.0,1.0
pathway polymorphism,3.0,3.0,1.0
overexpression amplification,3.0,3.0,1.0
mechanistic diet,3.0,3.0,1.0
growth dlt,3.0,3.0,1.0
imaging ccbir,3.0,3.0,1.0
direction right,3.0,3.0,1.0
high measure,3.0,3.0,1.0
lung colon,3.0,3.0,1.0
epidermoid carcinoma,3.0,3.0,1.0
stadtman investigator,3.0,3.0,1.0
thing guest,3.0,3.0,1.0
tissue needle,3.0,3.0,1.0
virus hcv,3.0,3.0,1.0
,,46.0,
,,45.0,
,,13.0,
,,0.0,
,,3.0,
